Ticker,Exchange,Company,Sector,Industry,Employees,Currency,Metric,2015,2016,2017,2018,2019,2020,2021,2022,2023,2024,2025,2026,TTM
1A1,XSES,Wong Fong Industries Ltd,Industrials,Farm & Heavy Construction Machinery,,SGD,Operating Cash Flow Growth % YOY,,-63.69,126.65,-77.58,183.12,0.68,16.7,-79.71,698.68,3.81,0.73,,-
1A1,XSES,Wong Fong Industries Ltd,Industrials,Farm & Heavy Construction Machinery,,SGD,Free Cash Flow Growth % YOY,,-83.47,488.0,-82.42,224.95,17.64,-7.2,-,-,13.72,6.92,,-
1A1,XSES,Wong Fong Industries Ltd,Industrials,Farm & Heavy Construction Machinery,,SGD,Free Cash Flow/Sales %,,1.91,11.72,2.46,8.26,10.76,7.56,-3.14,11.07,14.95,13.71,,13.71
1A1,XSES,Wong Fong Industries Ltd,Industrials,Farm & Heavy Construction Machinery,,SGD,Free Cash Flow/Net Income,,0.37,1.86,0.61,1.99,2.56,1.48,-1.08,2.34,2.71,2.17,,2.17
1A1,XSES,Wong Fong Industries Ltd,Industrials,Farm & Heavy Construction Machinery,,SGD,Free Cash Flow/Share,,0.09,0.03,0.02,0.04,0.0,0.02,0.00,0.02,0.03,0.03,,0.03
1AZ,XSES,Audience Analytics Ltd Ordinary Shares,Industrials,Consulting Services,,SGD,Operating Cash Flow Growth % YOY,,,,-,172.10,-0.26,-0.38,92.66,-37.3,35.77,-25.37,,-
1AZ,XSES,Audience Analytics Ltd Ordinary Shares,Industrials,Consulting Services,,SGD,Free Cash Flow Growth % YOY,,,,-,187.17,-0.98,0.37,83.17,-36.74,32.12,-22.02,,-
1AZ,XSES,Audience Analytics Ltd Ordinary Shares,Industrials,Consulting Services,,SGD,Free Cash Flow/Sales %,,,,18.19,44.94,48.77,37.77,48.33,29.54,36.66,27.9,,27.90
1AZ,XSES,Audience Analytics Ltd Ordinary Shares,Industrials,Consulting Services,,SGD,Free Cash Flow/Net Income,,,,0.62,1.64,1.26,0.89,1.2,0.93,0.96,1.01,,1.01
1AZ,XSES,Audience Analytics Ltd Ordinary Shares,Industrials,Consulting Services,,SGD,Free Cash Flow/Share,,,,-,-,-,0.02,0.02,0.03,0.02,0.03,,0.03
1B0,XSES,mm2 Asia Ltd,Communication Services,Entertainment,,SGD,Operating Cash Flow Growth % YOY,-,-,-,-92.92,2067.02,125.45,-93.39,1116.71,-66.13,-45.03,,,-
1B0,XSES,mm2 Asia Ltd,Communication Services,Entertainment,,SGD,Free Cash Flow Growth % YOY,-,-,-,-,-,-,-,-,-57.46,-93.72,,,-
1B0,XSES,mm2 Asia Ltd,Communication Services,Entertainment,,SGD,Free Cash Flow/Sales %,-11.02,-12.29,-0.74,-6.80,-12.96,3.22,-11.21,16.38,5.86,0.25,,,-15.12
1B0,XSES,mm2 Asia Ltd,Communication Services,Entertainment,,SGD,Free Cash Flow/Net Income,-0.53,-0.58,-0.04,-0.49,-1.80,2.28,0.09,-0.53,-0.07,-0.09,,,0.13
1B0,XSES,mm2 Asia Ltd,Communication Services,Entertainment,,SGD,Free Cash Flow/Share,-,0.00,0.00,0.01,0.00,-0.02,0.01,0.00,0.0,0.01,,,0.00
1B1,XSES,HC Surgical Specialists Ltd,Healthcare,Diagnostics & Research,,SGD,Operating Cash Flow Growth % YOY,,-24.11,-72.17,631.15,10.46,-4.34,66.3,-33.75,1.23,-12.71,14.73,,-
1B1,XSES,HC Surgical Specialists Ltd,Healthcare,Diagnostics & Research,,SGD,Free Cash Flow Growth % YOY,,-21.09,-,-,10.26,-19.65,97.29,-32.6,-5.77,-4.35,8.27,,-
1B1,XSES,HC Surgical Specialists Ltd,Healthcare,Diagnostics & Research,,SGD,Free Cash Flow/Sales %,,32.13,-2.73,36.62,35.31,31.08,43.9,35.79,34.14,33.12,35.3,,36.67
1B1,XSES,HC Surgical Specialists Ltd,Healthcare,Diagnostics & Research,,SGD,Free Cash Flow/Net Income,,0.82,-0.20,1.31,0.9,1.49,1.28,1.08,2.23,1.62,0.8,,0.77
1B1,XSES,HC Surgical Specialists Ltd,Healthcare,Diagnostics & Research,,SGD,Free Cash Flow/Share,,-,0.02,0.03,0.04,0.04,0.04,0.07,0.04,0.04,0.05,,0.04
1B6,XSES,Ocean Sky International Ltd,Industrials,Engineering & Construction,,SGD,Operating Cash Flow Growth % YOY,,-,-,-,-,-,-,-,-,-,78.72,,-
1B6,XSES,Ocean Sky International Ltd,Industrials,Engineering & Construction,,SGD,Free Cash Flow Growth % YOY,,-,-,-,-,-,-,-,-,-,45.96,,-
1B6,XSES,Ocean Sky International Ltd,Industrials,Engineering & Construction,,SGD,Free Cash Flow/Sales %,,-53.20,-27.59,-6.95,-7.04,32.67,-13.69,-11.12,-3.31,0.77,0.89,,0.89
1B6,XSES,Ocean Sky International Ltd,Industrials,Engineering & Construction,,SGD,Free Cash Flow/Net Income,,-1.47,-1.61,0.16,0.20,-1.83,-4.74,4.64,0.39,-2.67,0.22,,0.22
1B6,XSES,Ocean Sky International Ltd,Industrials,Engineering & Construction,,SGD,Free Cash Flow/Share,,0.00,-0.02,0.00,-0.01,0.00,0.00,0.00,-0.01,0.00,0.0,,0.00
1D0,XSES,Kimly Ltd,Consumer Cyclical,Restaurants,,SGD,Operating Cash Flow Growth % YOY,,15.50,2.21,-75.05,403.52,105.56,20.31,-3.53,1.63,-0.74,-2.77,,-
1D0,XSES,Kimly Ltd,Consumer Cyclical,Restaurants,,SGD,Free Cash Flow Growth % YOY,,14.56,-7.65,-98.47,8223.67,-40.04,362.03,-5.35,1.57,-1.64,-32.58,,-
1D0,XSES,Kimly Ltd,Consumer Cyclical,Restaurants,,SGD,Free Cash Flow/Sales %,,15.49,12.82,0.19,15.03,8.9,36.33,25.83,26.56,25.67,17.16,,15.32
1D0,XSES,Kimly Ltd,Consumer Cyclical,Restaurants,,SGD,Free Cash Flow/Net Income,,1.11,1.15,0.02,1.56,0.74,2.21,2.41,2.29,2.48,1.66,,1.43
1D0,XSES,Kimly Ltd,Consumer Cyclical,Restaurants,,SGD,Free Cash Flow/Share,,-,0.02,0.02,0.01,0.01,0.05,0.07,0.06,0.07,0.06,,0.04
1D1,XSES,UnUsUaL Ltd,Communication Services,Advertising Agencies,,SGD,Operating Cash Flow Growth % YOY,,,,-,-,-,-,-,6350.44,24.54,-50.04,,-
1D1,XSES,UnUsUaL Ltd,Communication Services,Advertising Agencies,,SGD,Free Cash Flow Growth % YOY,,,,-,-,-,-,-,6003.57,2.67,-57.6,,-
1D1,XSES,UnUsUaL Ltd,Communication Services,Advertising Agencies,,SGD,Free Cash Flow/Sales %,,,,-19.97,-32.76,-11.03,-518.05,4.58,34.37,13.86,8.22,,7.08
1D1,XSES,UnUsUaL Ltd,Communication Services,Advertising Agencies,,SGD,Free Cash Flow/Net Income,,,,-0.93,-1.41,-1.13,0.82,-0.04,5.51,1.33,-0.19,,-0.22
1D1,XSES,UnUsUaL Ltd,Communication Services,Advertising Agencies,,SGD,Free Cash Flow/Share,,,,0.00,-0.01,-0.02,0.00,0.00,0.0,0.03,-0.01,,0.00
1D4,XSES,Aoxin Q & M Dental Group Ltd,Healthcare,Medical Care Facilities,,SGD,Operating Cash Flow Growth % YOY,,-32.45,51.76,-,-,21.27,-91.15,1354.64,11.75,69.15,-86.29,,-
1D4,XSES,Aoxin Q & M Dental Group Ltd,Healthcare,Medical Care Facilities,,SGD,Free Cash Flow Growth % YOY,,-65.03,345.8,-,-,-,-,-,17.05,100.48,-93.11,,-
1D4,XSES,Aoxin Q & M Dental Group Ltd,Healthcare,Medical Care Facilities,,SGD,Free Cash Flow/Sales %,,1.92,7.38,-29.25,-3.61,6.77,-3.53,8.55,7.89,15.26,1.13,,1.13
1D4,XSES,Aoxin Q & M Dental Group Ltd,Healthcare,Medical Care Facilities,,SGD,Free Cash Flow/Net Income,,0.18,1.48,76.91,0.38,-0.74,0.77,-0.18,-0.3,-15.92,0.28,,0.28
1D4,XSES,Aoxin Q & M Dental Group Ltd,Healthcare,Medical Care Facilities,,SGD,Free Cash Flow/Share,,-,0.01,-0.01,-0.01,0.00,0.00,0.00,0.0,0.01,0.01,,0.01
1D5,XSES,Capital World Ltd,Real Estate,Real Estate - Development,,SGD,Operating Cash Flow Growth % YOY,,-,-,-86.52,718.61,-,-,-,-,-,-,,-
1D5,XSES,Capital World Ltd,Real Estate,Real Estate - Development,,SGD,Free Cash Flow Growth % YOY,,-,-,-83.1,-,-,-,-,-,-,-,,-
1D5,XSES,Capital World Ltd,Real Estate,Real Estate - Development,,SGD,Free Cash Flow/Sales %,,-17.47,7.10,1.55,-0.67,-69.34,-8.09,-95.29,165.74,1150.06,165.78,,81.36
1D5,XSES,Capital World Ltd,Real Estate,Real Estate - Development,,SGD,Free Cash Flow/Net Income,,0.49,0.19,0.04,0.02,0.01,0.00,-0.06,-0.14,0.67,0.43,,0.15
1D5,XSES,Capital World Ltd,Real Estate,Real Estate - Development,,SGD,Free Cash Flow/Share,,-0.02,-0.01,0.0,0.01,-,-,-,-,0.00,0.00,,0.00
1F0,XSES,shopper360 Ltd,Communication Services,Advertising Agencies,,SGD,Operating Cash Flow Growth % YOY,,122.01,-54.86,63.5,-31.49,16.47,125.91,-90.75,-80.78,430.93,-,,-
1F0,XSES,shopper360 Ltd,Communication Services,Advertising Agencies,,SGD,Free Cash Flow Growth % YOY,,117.57,-63.65,196.43,-43.4,35.55,143.72,-,-,-,-,,-
1F0,XSES,shopper360 Ltd,Communication Services,Advertising Agencies,,SGD,Free Cash Flow/Sales %,,5.19,1.62,4.46,2.23,2.99,7.75,-0.14,-0.37,-0.22,-5.22,,-
1F0,XSES,shopper360 Ltd,Communication Services,Advertising Agencies,,SGD,Free Cash Flow/Net Income,,0.44,0.42,1.06,0.69,1.64,2.04,-0.06,-0.05,-0.14,0.71,,-
1F0,XSES,shopper360 Ltd,Communication Services,Advertising Agencies,,SGD,Free Cash Flow/Share,,-,-,0.01,0.0,0.03,0.04,0.01,-0.03,0.00,0.00,,0.00
1F1,XSES,Y Ventures Group Ltd,Consumer Cyclical,Internet Retail,,SGD,Operating Cash Flow Growth % YOY,,268.41,-,-,-,-,-51.82,-,-,-,-,,-
1F1,XSES,Y Ventures Group Ltd,Consumer Cyclical,Internet Retail,,SGD,Free Cash Flow Growth % YOY,,271.21,-,-,-,-,-52.03,-,-,-,-,,-
1F1,XSES,Y Ventures Group Ltd,Consumer Cyclical,Internet Retail,,SGD,Free Cash Flow/Sales %,,21.02,-31.44,-15.17,-0.93,2.62,1.44,-2.41,-1.28,-0.37,-4.80,,-4.80
1F1,XSES,Y Ventures Group Ltd,Consumer Cyclical,Internet Retail,,SGD,Free Cash Flow/Net Income,,1.66,5.64,0.74,0.14,1.24,-0.28,0.38,0.71,0.22,1.58,,1.58
1F1,XSES,Y Ventures Group Ltd,Consumer Cyclical,Internet Retail,,SGD,Free Cash Flow/Share,,-,0.02,-0.03,0.00,0.00,-0.01,0.00,0.00,0.00,0.00,,0.00
1F2,XSES,Union Gas Holdings Ltd,Consumer Cyclical,Specialty Retail,,SGD,Operating Cash Flow Growth % YOY,,21.42,-21.12,137.16,46.35,58.5,-45.59,0.14,71.75,22.78,5.02,,-
1F2,XSES,Union Gas Holdings Ltd,Consumer Cyclical,Specialty Retail,,SGD,Free Cash Flow Growth % YOY,,-36.63,-17.7,192.85,135.12,76.84,-,-,166.0,-20.9,40.87,,-
1F2,XSES,Union Gas Holdings Ltd,Consumer Cyclical,Specialty Retail,,SGD,Free Cash Flow/Sales %,,5.23,3.93,8.0,13.45,21.74,-7.61,3.80,10.57,8.58,11.0,,11.00
1F2,XSES,Union Gas Holdings Ltd,Consumer Cyclical,Specialty Retail,,SGD,Free Cash Flow/Net Income,,0.47,0.44,0.7,1.26,1.35,-0.63,0.98,1.11,0.86,1.44,,1.44
1F2,XSES,Union Gas Holdings Ltd,Consumer Cyclical,Specialty Retail,,SGD,Free Cash Flow/Share,,-,-0.03,0.05,0.01,0.08,0.00,-0.04,0.04,0.04,0.03,,0.03
1F3,XSES,Aspen (Group) Holdings Ltd,Real Estate,Real Estate - Development,,SGD,Operating Cash Flow Growth % YOY,,372.22,-,-,-,-,3549.31,,-30.7,-33.74,-,,-
1F3,XSES,Aspen (Group) Holdings Ltd,Real Estate,Real Estate - Development,,SGD,Free Cash Flow Growth % YOY,,-,-,-,-,-,3879.09,,-31.13,-33.7,-,,-
1F3,XSES,Aspen (Group) Holdings Ltd,Real Estate,Real Estate - Development,,SGD,Free Cash Flow/Sales %,,79.16,-13.16,-3.51,-100.35,2.03,123.56,,48.48,35.36,-27.06,,26.02
1F3,XSES,Aspen (Group) Holdings Ltd,Real Estate,Real Estate - Development,,SGD,Free Cash Flow/Net Income,,-257.79,-0.70,-0.49,-17.25,0.08,-3.03,,-0.67,2.27,-1.01,,-7.14
1F3,XSES,Aspen (Group) Holdings Ltd,Real Estate,Real Estate - Development,,SGD,Free Cash Flow/Share,,-,0.01,-0.02,-0.10,-0.04,0.03,,0.06,0.03,-0.01,,-0.02
1H2,XSES,Olive Tree Estates Ltd,Real Estate,Real Estate - Diversified,,SGD,Operating Cash Flow Growth % YOY,,-,-,-,-,222.54,-80.92,-,-,-,-,,-
1H2,XSES,Olive Tree Estates Ltd,Real Estate,Real Estate - Diversified,,SGD,Free Cash Flow Growth % YOY,,-,-,-,-,222.96,-80.92,-,-,-,-,,-
1H2,XSES,Olive Tree Estates Ltd,Real Estate,Real Estate - Diversified,,SGD,Free Cash Flow/Sales %,,-,100.08,-7.75,68.35,65.46,17.9,-44.85,-29.19,-13.86,-23.82,,-23.82
1H2,XSES,Olive Tree Estates Ltd,Real Estate,Real Estate - Diversified,,SGD,Free Cash Flow/Net Income,,0.00,-4.10,0.54,-0.62,-1.51,-0.41,0.31,0.46,0.33,0.21,,0.21
1H2,XSES,Olive Tree Estates Ltd,Real Estate,Real Estate - Diversified,,SGD,Free Cash Flow/Share,,-,0.00,0.02,0.04,0.0,0.05,-0.01,0.00,0.00,0.00,,0.00
1H3,XSES,Clearbridge Health Ltd,Healthcare,Diagnostics & Research,,SGD,Operating Cash Flow Growth % YOY,,-,-,-,-,-,-,-,-,-,-,,-
1H3,XSES,Clearbridge Health Ltd,Healthcare,Diagnostics & Research,,SGD,Free Cash Flow Growth % YOY,,-,-,-,-,-,-,-,-,-,-,,-
1H3,XSES,Clearbridge Health Ltd,Healthcare,Diagnostics & Research,,SGD,Free Cash Flow/Sales %,,-6119.40,-3271.53,-193.79,-48.12,4.22,-11.21,-16.24,-35.87,-21.26,-28.26,,-28.26
1H3,XSES,Clearbridge Health Ltd,Healthcare,Diagnostics & Research,,SGD,Free Cash Flow/Net Income,,3.86,1.26,0.64,0.99,2.49,0.19,0.24,0.13,0.58,0.22,,0.22
1H3,XSES,Clearbridge Health Ltd,Healthcare,Diagnostics & Research,,SGD,Free Cash Flow/Share,,-,-0.01,-0.02,-0.01,0.00,-0.01,0.00,0.00,0.00,0.00,,0.00
1H8,XSES,LY Corp Ltd Ordinary Shares,Consumer Cyclical,"Furnishings, Fixtures & Appliances",,SGD,Operating Cash Flow Growth % YOY,,-29.55,224.58,-83.62,-61.58,-,-,355.28,114.09,-,-,,-
1H8,XSES,LY Corp Ltd Ordinary Shares,Consumer Cyclical,"Furnishings, Fixtures & Appliances",,SGD,Free Cash Flow Growth % YOY,,-40.17,180.25,-86.86,-,-,-,-,177.6,-,-,,-
1H8,XSES,LY Corp Ltd Ordinary Shares,Consumer Cyclical,"Furnishings, Fixtures & Appliances",,SGD,Free Cash Flow/Sales %,,10.38,7.86,4.17,-5.21,-12.83,-7.47,7.08,23.19,-12.48,4.39,,4.39
1H8,XSES,LY Corp Ltd Ordinary Shares,Consumer Cyclical,"Furnishings, Fixtures & Appliances",,SGD,Free Cash Flow/Net Income,,0.69,0.54,0.74,-4.16,-6.34,1.97,1.35,-5.66,3.99,-0.46,,-0.46
1H8,XSES,LY Corp Ltd Ordinary Shares,Consumer Cyclical,"Furnishings, Fixtures & Appliances",,SGD,Free Cash Flow/Share,,-,-,0.04,0.00,-0.02,-0.02,-0.01,0.03,0.00,0.00,,0.00
1J4,XSES,JEP Holdings Ltd,Industrials,Aerospace & Defense,,SGD,Operating Cash Flow Growth % YOY,,-,-,80.97,71.07,-37.24,13.64,63.5,-83.20,78.00,156.53,,-
1J4,XSES,JEP Holdings Ltd,Industrials,Aerospace & Defense,,SGD,Free Cash Flow Growth % YOY,,-,-,-,145.81,-46.66,-16.05,27.49,-,-,-,,-
1J4,XSES,JEP Holdings Ltd,Industrials,Aerospace & Defense,,SGD,Free Cash Flow/Sales %,,-8.33,-5.05,7.75,18.39,11.9,9.65,11.31,-3.96,-1.02,-8.90,,-8.90
1J4,XSES,JEP Holdings Ltd,Industrials,Aerospace & Defense,,SGD,Free Cash Flow/Net Income,,-38.93,-5.27,3.03,2.51,40.02,0.93,1.23,-1.37,-0.19,-1.43,,-1.43
1J4,XSES,JEP Holdings Ltd,Industrials,Aerospace & Defense,,SGD,Free Cash Flow/Share,,0.00,-0.01,-0.01,0.03,0.03,0.02,0.04,-0.01,0.01,-0.01,,-0.01
1J5,XSES,Hyphens Pharma International Ltd Ordinary Shares,Healthcare,Medical Distribution,,SGD,Operating Cash Flow Growth % YOY,,2.73,-33.54,74.93,25.44,-56.31,46.2,179.51,-66.55,-98.94,-,,-
1J5,XSES,Hyphens Pharma International Ltd Ordinary Shares,Healthcare,Medical Distribution,,SGD,Free Cash Flow Growth % YOY,,4.19,-30.61,0.51,112.77,-66.88,77.58,199.1,-71.44,-,-,,-
1J5,XSES,Hyphens Pharma International Ltd Ordinary Shares,Healthcare,Medical Distribution,,SGD,Free Cash Flow/Sales %,,5.90,3.66,3.44,7.41,2.37,4.13,9.59,2.61,-1.60,9.86,,9.86
1J5,XSES,Hyphens Pharma International Ltd Ordinary Shares,Healthcare,Medical Distribution,,SGD,Free Cash Flow/Net Income,,1.14,0.68,0.77,1.35,0.48,0.76,1.37,0.52,-0.31,2.99,,2.99
1J5,XSES,Hyphens Pharma International Ltd Ordinary Shares,Healthcare,Medical Distribution,,SGD,Free Cash Flow/Share,,-,-,0.0,0.03,0.01,0.02,0.02,0.03,0.00,0.02,,0.02
1L2,XSES,Hiap Seng Industries Ltd,Industrials,Engineering & Construction,,SGD,Operating Cash Flow Growth % YOY,,-95.28,18.45,-,-,-,-,71.81,-43.64,-,-,,-
1L2,XSES,Hiap Seng Industries Ltd,Industrials,Engineering & Construction,,SGD,Free Cash Flow Growth % YOY,,-,-,-,-,-,-,82.42,-44.04,-,-,,-
1L2,XSES,Hiap Seng Industries Ltd,Industrials,Engineering & Construction,,SGD,Free Cash Flow/Sales %,,-0.69,-0.24,-8.42,-9.53,-2.51,14.54,28.43,23.45,-3.44,11.19,,3.21
1L2,XSES,Hiap Seng Industries Ltd,Industrials,Engineering & Construction,,SGD,Free Cash Flow/Net Income,,-0.19,-0.15,0.49,0.36,0.16,-0.85,1.21,-1.71,-0.04,0.41,,0.20
1L2,XSES,Hiap Seng Industries Ltd,Industrials,Engineering & Construction,,SGD,Free Cash Flow/Share,,0.03,-0.01,-0.02,-0.02,-,-,-,-,0.00,0.00,,0.00
1MZ,XSES,Nam Cheong Ltd,Industrials,Aerospace & Defense,,SGD,Operating Cash Flow Growth % YOY,,-,-,-,-,-,1829.34,3.08,-60.16,686.21,-32.89,,-
1MZ,XSES,Nam Cheong Ltd,Industrials,Aerospace & Defense,,SGD,Free Cash Flow Growth % YOY,,-,-,-,-,-,-,-,-,-,-52.17,,-
1MZ,XSES,Nam Cheong Ltd,Industrials,Aerospace & Defense,,SGD,Free Cash Flow/Sales %,,-170.80,14.44,-43.17,-22.31,-2.16,12.58,-8.90,-11.35,13.56,7.16,,4.34
1MZ,XSES,Nam Cheong Ltd,Industrials,Aerospace & Defense,,SGD,Free Cash Flow/Net Income,,6.93,-0.02,-0.14,-0.99,0.02,0.41,-0.50,-0.34,0.12,0.15,,0.08
1MZ,XSES,Nam Cheong Ltd,Industrials,Aerospace & Defense,,SGD,Free Cash Flow/Share,,-3.61,-,-1.86,-0.34,-,-,-,-,0.02,0.04,,0.04
1R6,XSES,Avi-Tech Holdings Ltd,Technology,Semiconductor Equipment & Materials,,SGD,Operating Cash Flow Growth % YOY,,,,,,,-,43.35,76.25,103.71,-73.54,,-
1R6,XSES,Avi-Tech Holdings Ltd,Technology,Semiconductor Equipment & Materials,,SGD,Free Cash Flow Growth % YOY,,,,,,,-,-58.14,454.74,178.84,-73.99,,-
1R6,XSES,Avi-Tech Holdings Ltd,Technology,Semiconductor Equipment & Materials,,SGD,Free Cash Flow/Sales %,,,,,,,4.21,1.68,8.22,31.89,9.63,,3.65
1R6,XSES,Avi-Tech Holdings Ltd,Technology,Semiconductor Equipment & Materials,,SGD,Free Cash Flow/Net Income,,,,,,,0.35,0.16,0.88,2.84,3.14,,-8.11
1R6,XSES,Avi-Tech Holdings Ltd,Technology,Semiconductor Equipment & Materials,,SGD,Free Cash Flow/Share,,,,,,,-,0.01,0.0,0.04,0.02,,0.01
1V3,XSES,Mooreast Holdings Ltd,Industrials,Aerospace & Defense,,SGD,Operating Cash Flow Growth % YOY,,,,,,-,1154.23,-45.93,-84.96,355.75,220.78,,-
1V3,XSES,Mooreast Holdings Ltd,Industrials,Aerospace & Defense,,SGD,Free Cash Flow Growth % YOY,,,,,,-,-,-,-,-,246.46,,-
1V3,XSES,Mooreast Holdings Ltd,Industrials,Aerospace & Defense,,SGD,Free Cash Flow/Sales %,,,,,,0.58,-95.06,5.96,-1.36,6.54,14.83,,14.83
1V3,XSES,Mooreast Holdings Ltd,Industrials,Aerospace & Defense,,SGD,Free Cash Flow/Net Income,,,,,,0.03,5.88,1.21,0.21,-0.71,1.56,,1.56
1V3,XSES,Mooreast Holdings Ltd,Industrials,Aerospace & Defense,,SGD,Free Cash Flow/Share,,,,,,-,-,-0.05,-0.01,0.00,0.03,,0.03
1Y1,XSES,9R Ltd,Technology,Computer Hardware,,SGD,Operating Cash Flow Growth % YOY,,-,16.49,-34.55,-90.11,502.61,-,-,-,,,,-
1Y1,XSES,9R Ltd,Technology,Computer Hardware,,SGD,Free Cash Flow Growth % YOY,,-,29.58,-37.36,-90.27,535.49,-,-,-,,,,-
1Y1,XSES,9R Ltd,Technology,Computer Hardware,,SGD,Free Cash Flow/Sales %,,4.96,7.71,6.19,0.77,6.72,-41.67,-155.34,-90.69,,,,-46.18
1Y1,XSES,9R Ltd,Technology,Computer Hardware,,SGD,Free Cash Flow/Net Income,,-0.14,-0.23,-0.07,-0.01,-0.04,-0.29,2.58,1.13,,,,0.70
1Y1,XSES,9R Ltd,Technology,Computer Hardware,,SGD,Free Cash Flow/Share,,-0.02,0.13,-0.03,-,-,-0.01,0.00,0.00,,,,-0.01
40N,XSES,Versalink Holdings Ltd,Industrials,Business Equipment & Supplies,,SGD,Operating Cash Flow Growth % YOY,,167.11,-,-,-,-72.39,-,-,2.22,-54.34,-,,-
40N,XSES,Versalink Holdings Ltd,Industrials,Business Equipment & Supplies,,SGD,Free Cash Flow Growth % YOY,,423.31,-,-,-,-,-,-,27.12,-50.53,-,,-
40N,XSES,Versalink Holdings Ltd,Industrials,Business Equipment & Supplies,,SGD,Free Cash Flow/Sales %,,7.55,-16.01,-3.86,-0.55,0.02,-6.19,8.33,8.92,5.24,-3.39,,4.15
40N,XSES,Versalink Holdings Ltd,Industrials,Business Equipment & Supplies,,SGD,Free Cash Flow/Net Income,,0.61,4.29,0.96,0.04,-0.01,0.52,-1.34,0.25,-0.28,0.51,,-0.26
40N,XSES,Versalink Holdings Ltd,Industrials,Business Equipment & Supplies,,SGD,Free Cash Flow/Share,,-0.02,0.01,-0.01,-0.01,-,0.00,0.00,0.02,0.0,0.00,,0.00
40T,XSES,ISEC Healthcare Ltd,Healthcare,Medical Care Facilities,,SGD,Operating Cash Flow Growth % YOY,,52.06,13.56,26.59,11.15,-32.49,56.21,45.11,-3.79,2.74,7.55,,-
40T,XSES,ISEC Healthcare Ltd,Healthcare,Medical Care Facilities,,SGD,Free Cash Flow Growth % YOY,,56.74,22.42,26.78,7.27,-47.04,110.98,5.42,12.54,-59.17,-,,-
40T,XSES,ISEC Healthcare Ltd,Healthcare,Medical Care Facilities,,SGD,Free Cash Flow/Sales %,,20.1,20.48,23.74,24.03,15.02,28.44,19.27,19.51,7.52,-0.81,,-4.30
40T,XSES,ISEC Healthcare Ltd,Healthcare,Medical Care Facilities,,SGD,Free Cash Flow/Net Income,,0.96,0.96,1.14,1.38,1.16,1.67,0.97,1.05,0.43,-0.05,,-0.26
40T,XSES,ISEC Healthcare Ltd,Healthcare,Medical Care Facilities,,SGD,Free Cash Flow/Share,,0.01,0.01,0.02,0.02,0.01,0.02,0.03,0.02,0.02,0.00,,0.00
40V,XSES,Alset International Ltd,Real Estate,Real Estate - Development,,SGD,Operating Cash Flow Growth % YOY,,-,-,-,-21.25,-74.17,-,-,-,-24.0,-62.38,,-
40V,XSES,Alset International Ltd,Real Estate,Real Estate - Development,,SGD,Free Cash Flow Growth % YOY,,-,-,-,-21.01,-74.6,-,-,-,-22.79,-62.81,,-
40V,XSES,Alset International Ltd,Real Estate,Real Estate - Development,,SGD,Free Cash Flow/Sales %,,-1464.36,-66.26,43.48,28.59,9.38,-10.76,-753.84,76.73,67.4,2089.96,,2089.96
40V,XSES,Alset International Ltd,Real Estate,Real Estate - Development,,SGD,Free Cash Flow/Net Income,,3.50,1.56,-1.41,-0.71,0.04,0.06,0.49,-4.29,-0.88,-0.31,,-0.31
40V,XSES,Alset International Ltd,Real Estate,Real Estate - Development,,SGD,Free Cash Flow/Share,,-0.10,-0.04,0.00,0.02,0.0,0.00,0.00,0.00,0.0,0.0,,0.00
40W,XSES,ZICO Holdings Inc,Industrials,Specialty Business Services,,SGD,Operating Cash Flow Growth % YOY,,-,-,-,71.78,-,-,46.79,-71.27,-,-,,-
40W,XSES,ZICO Holdings Inc,Industrials,Specialty Business Services,,SGD,Free Cash Flow Growth % YOY,,-,-,-,252.92,-,-,31.93,-73.07,-,-,,-
40W,XSES,ZICO Holdings Inc,Industrials,Specialty Business Services,,SGD,Free Cash Flow/Sales %,,-15.28,-19.10,2.10,8.58,-4.03,9.83,14.67,4.65,-14.43,-3.52,,-20.98
40W,XSES,ZICO Holdings Inc,Industrials,Specialty Business Services,,SGD,Free Cash Flow/Net Income,,-2.38,-2.76,0.58,-0.87,0.35,7.69,-11.02,-0.11,0.45,-0.49,,-10.12
40W,XSES,ZICO Holdings Inc,Industrials,Specialty Business Services,,SGD,Free Cash Flow/Share,,-0.01,-0.02,0.00,0.0,0.01,0.00,0.0,0.01,0.00,0.00,,0.00
41B,XSES,Huationg Global Ltd,Industrials,Engineering & Construction,,SGD,Operating Cash Flow Growth % YOY,,-0.19,-,-,148.21,56.81,-41.55,124.15,75.71,3.92,-54.99,,-
41B,XSES,Huationg Global Ltd,Industrials,Engineering & Construction,,SGD,Free Cash Flow Growth % YOY,,23.57,-,-,138.38,101.19,-45.75,128.25,77.39,-38.55,-76.65,,-
41B,XSES,Huationg Global Ltd,Industrials,Engineering & Construction,,SGD,Free Cash Flow/Sales %,,13.13,-10.37,3.65,11.58,27.04,9.98,25.59,39.44,18.7,3.31,,3.31
41B,XSES,Huationg Global Ltd,Industrials,Engineering & Construction,,SGD,Free Cash Flow/Net Income,,3.78,-2.06,1.23,3.94,-4.2,3.19,3.8,4.82,2.59,0.52,,0.52
41B,XSES,Huationg Global Ltd,Industrials,Engineering & Construction,,SGD,Free Cash Flow/Share,,0.12,-0.01,0.02,0.02,0.18,0.14,0.1,0.3,0.54,-0.05,,-0.05
41F,XSES,GSS Energy Ltd,Technology,Electronic Components,,SGD,Operating Cash Flow Growth % YOY,,-,-1.98,11.00,10.15,-,-,1097.65,-,-,-21.46,,-
41F,XSES,GSS Energy Ltd,Technology,Electronic Components,,SGD,Free Cash Flow Growth % YOY,,-,-,-,-,-,-,2103.21,-,-,-20.92,,-
41F,XSES,GSS Energy Ltd,Technology,Electronic Components,,SGD,Free Cash Flow/Sales %,,1.04,-12.02,-5.14,-0.72,-6.84,0.53,10.6,-5.44,6.74,3.36,,3.36
41F,XSES,GSS Energy Ltd,Technology,Electronic Components,,SGD,Free Cash Flow/Net Income,,0.06,-2.60,-2.24,-0.35,-1.30,0.12,-0.92,0.73,-0.43,-0.69,,-0.69
41F,XSES,GSS Energy Ltd,Technology,Electronic Components,,SGD,Free Cash Flow/Share,,-,-0.01,-0.01,0.00,0.00,-0.02,0.0,0.00,0.02,0.01,,0.01
41O,XSES,LHN Ltd,Real Estate,Real Estate Services,,SGD,Operating Cash Flow Growth % YOY,,74.92,-35.42,19.42,66.05,183.38,17.2,-27.56,31.15,-47.46,140.1,,-
41O,XSES,LHN Ltd,Real Estate,Real Estate Services,,SGD,Free Cash Flow Growth % YOY,,-,-57.46,-11.71,-,-,41.04,-9.87,6.39,-33.26,172.48,,-
41O,XSES,LHN Ltd,Real Estate,Real Estate Services,,SGD,Free Cash Flow/Sales %,,8.19,3.43,2.95,-2.20,19.42,30.39,29.65,37.65,19.44,48.75,,41.59
41O,XSES,LHN Ltd,Real Estate,Real Estate Services,,SGD,Free Cash Flow/Net Income,,0.57,1.58,0.6,-0.30,1.08,1.31,0.72,0.92,0.5,3.19,,2.23
41O,XSES,LHN Ltd,Real Estate,Real Estate Services,,SGD,Free Cash Flow/Share,,0.00,0.03,0.0,0.00,0.00,0.12,0.07,0.1,0.07,0.11,,0.15
41T,XSES,GCCP Resources Ltd,Basic Materials,Building Materials,,SGD,Operating Cash Flow Growth % YOY,-,-,-,-57.26,-35.65,-,-,-,-,-,,,-
41T,XSES,GCCP Resources Ltd,Basic Materials,Building Materials,,SGD,Free Cash Flow Growth % YOY,-,-,-,-24.5,-34.99,-,-,-,-,-,,,-
41T,XSES,GCCP Resources Ltd,Basic Materials,Building Materials,,SGD,Free Cash Flow/Sales %,-1601.98,-15.71,19.16,15.89,21.47,-15.51,-89.05,-23.22,-1370.38,-451.27,,,13.84
41T,XSES,GCCP Resources Ltd,Basic Materials,Building Materials,,SGD,Free Cash Flow/Net Income,2.56,0.19,-0.61,-0.37,-0.22,0.10,0.65,0.31,-2.22,0.58,,,-0.11
41T,XSES,GCCP Resources Ltd,Basic Materials,Building Materials,,SGD,Free Cash Flow/Share,-0.01,-0.01,0.01,0.0,0.0,0.00,0.00,0.00,0.00,0.00,,,0.00
42C,XSES,iX Biopharma Ltd,Healthcare,Drug Manufacturers - Specialty & Generic,,SGD,Operating Cash Flow Growth % YOY,,-,-,-,-,-,-,-,-,-,-,,-
42C,XSES,iX Biopharma Ltd,Healthcare,Drug Manufacturers - Specialty & Generic,,SGD,Free Cash Flow Growth % YOY,,-,-,-,-,-,-,-,-,-,-,,-
42C,XSES,iX Biopharma Ltd,Healthcare,Drug Manufacturers - Specialty & Generic,,SGD,Free Cash Flow/Sales %,,-177.45,-82.70,-146.15,-2323.25,-945.58,-510.32,20.31,-141.30,-114.75,-50.97,,-82.80
42C,XSES,iX Biopharma Ltd,Healthcare,Drug Manufacturers - Specialty & Generic,,SGD,Free Cash Flow/Net Income,,1.34,0.71,0.63,5.21,0.89,1.08,-0.64,0.87,0.63,0.39,,1.24
42C,XSES,iX Biopharma Ltd,Healthcare,Drug Manufacturers - Specialty & Generic,,SGD,Free Cash Flow/Share,,-0.02,-0.01,-0.01,-0.02,-0.02,-0.01,0.00,-0.01,-0.01,-0.01,,0.00
42E,XSES,Choo Chiang Holdings Ltd,Technology,Electronics & Computer Distribution,,SGD,Operating Cash Flow Growth % YOY,,4.24,18.34,-10.31,16.35,-62.25,244.98,-10.97,54.26,-25.39,22.5,,-
42E,XSES,Choo Chiang Holdings Ltd,Technology,Electronics & Computer Distribution,,SGD,Free Cash Flow Growth % YOY,,-26.36,61.74,-15.25,0.0,-50.0,254.5,-15.67,55.12,-27.47,29.77,,-
42E,XSES,Choo Chiang Holdings Ltd,Technology,Electronics & Computer Distribution,,SGD,Free Cash Flow/Sales %,,6.24,10.39,8.54,8.57,5.19,12.21,9.33,13.93,10.26,12.82,,12.82
42E,XSES,Choo Chiang Holdings Ltd,Technology,Electronics & Computer Distribution,,SGD,Free Cash Flow/Net Income,,0.74,1.31,1.13,1.08,0.92,1.13,0.91,1.2,0.78,1.25,,1.25
42E,XSES,Choo Chiang Holdings Ltd,Technology,Electronics & Computer Distribution,,SGD,Free Cash Flow/Share,,0.02,0.02,0.03,0.03,0.0,0.04,0.05,0.05,0.04,0.06,,0.06
42F,XSES,Totm Technologies Ltd,Technology,Software - Infrastructure,,SGD,Operating Cash Flow Growth % YOY,,-,-,-,-,-,-,-,-,-,-,,-
42F,XSES,Totm Technologies Ltd,Technology,Software - Infrastructure,,SGD,Free Cash Flow Growth % YOY,,-,-,-,-,-,-,-,-,-,-,,-
42F,XSES,Totm Technologies Ltd,Technology,Software - Infrastructure,,SGD,Free Cash Flow/Sales %,,-7.13,-17.99,-20.39,-10.36,5.43,-33.12,-76.93,-32.57,-96.95,-10.81,,-22.78
42F,XSES,Totm Technologies Ltd,Technology,Software - Infrastructure,,SGD,Free Cash Flow/Net Income,,0.87,0.59,1.40,-2.50,-0.20,0.24,0.81,0.56,0.54,0.03,,0.04
42F,XSES,Totm Technologies Ltd,Technology,Software - Infrastructure,,SGD,Free Cash Flow/Share,,0.00,-0.02,-,-0.02,-,0.00,-0.03,0.01,-0.01,0.00,,0.00
42L,XSES,Taka Jewellery Holdings Ltd,Consumer Cyclical,Luxury Goods,,SGD,Operating Cash Flow Growth % YOY,,61.89,-96.99,2891.67,-,,-,-87.09,-,-,-,,-
42L,XSES,Taka Jewellery Holdings Ltd,Consumer Cyclical,Luxury Goods,,SGD,Free Cash Flow Growth % YOY,,67.1,-,-,-,,-,-88.68,-,-,-,,-
42L,XSES,Taka Jewellery Holdings Ltd,Consumer Cyclical,Luxury Goods,,SGD,Free Cash Flow/Sales %,,1.62,-0.79,2.10,-17.70,,18.35,1.93,-5.18,1.28,-9.83,,-10.50
42L,XSES,Taka Jewellery Holdings Ltd,Consumer Cyclical,Luxury Goods,,SGD,Free Cash Flow/Net Income,,0.38,-0.41,0.68,-6.02,,7.35,0.34,-0.84,0.18,-1.40,,-1.37
42L,XSES,Taka Jewellery Holdings Ltd,Consumer Cyclical,Luxury Goods,,SGD,Free Cash Flow/Share,,0.0,0.00,0.01,-0.02,,-0.03,0.02,-0.02,-0.01,-0.01,,-0.03
42N,XSES,IPS Securex Holdings Ltd,Industrials,Security & Protection Services,,SGD,Operating Cash Flow Growth % YOY,,15.8,117.11,-90.96,174.78,-,-,622.88,73.43,-,-,,-
42N,XSES,IPS Securex Holdings Ltd,Industrials,Security & Protection Services,,SGD,Free Cash Flow Growth % YOY,,-32.44,214.71,-93.99,356.39,-,-,849.21,49.12,-,-,,-
42N,XSES,IPS Securex Holdings Ltd,Industrials,Security & Protection Services,,SGD,Free Cash Flow/Sales %,,6.76,23.45,1.5,8.28,-1.84,0.91,4.77,9.71,-22.61,-4.51,,-14.77
42N,XSES,IPS Securex Holdings Ltd,Industrials,Security & Protection Services,,SGD,Free Cash Flow/Net Income,,0.38,-1.09,-0.13,-0.61,-0.18,0.83,2.85,-0.56,-29.86,0.34,,6.96
42N,XSES,IPS Securex Holdings Ltd,Industrials,Security & Protection Services,,SGD,Free Cash Flow/Share,,0.0,0.0,0.0,0.0,0.00,0.00,0.0,0.0,0.00,0.00,,0.00
42R,XSES,Jumbo Group Ltd,Consumer Cyclical,Restaurants,,SGD,Operating Cash Flow Growth % YOY,,32.9,-41.72,39.73,-9.95,-64.05,-10.08,335.23,124.85,-19.04,-40.9,,-
42R,XSES,Jumbo Group Ltd,Consumer Cyclical,Restaurants,,SGD,Free Cash Flow Growth % YOY,,26.33,-52.41,74.75,-15.23,-,-,-,145.42,-19.2,-59.82,,-
42R,XSES,Jumbo Group Ltd,Consumer Cyclical,Restaurants,,SGD,Free Cash Flow/Sales %,,8.78,3.94,6.53,5.51,-2.31,-0.38,12.76,20.25,15.36,6.18,,9.54
42R,XSES,Jumbo Group Ltd,Consumer Cyclical,Restaurants,,SGD,Free Cash Flow/Net Income,,0.77,0.39,0.91,0.73,0.28,0.03,-162.07,2.48,2.14,1.36,,2.74
42R,XSES,Jumbo Group Ltd,Consumer Cyclical,Restaurants,,SGD,Free Cash Flow/Share,,0.02,0.01,0.01,0.01,0.00,0.01,0.00,0.04,0.05,0.04,,0.02
42T,XSES,The Trendlines Group Ltd,Financial Services,Asset Management,,SGD,Operating Cash Flow Growth % YOY,,-,-,-,-,-,-,-,-,-,-,,-
42T,XSES,The Trendlines Group Ltd,Financial Services,Asset Management,,SGD,Free Cash Flow Growth % YOY,,-,-,-,-,-,-,-,-,-,-,,-
42T,XSES,The Trendlines Group Ltd,Financial Services,Asset Management,,SGD,Free Cash Flow/Sales %,,-124.34,-148.93,-114.71,-106.46,-88.55,3.30,-420.29,-142.82,-515.59,-2579.71,,-2579.71
42T,XSES,The Trendlines Group Ltd,Financial Services,Asset Management,,SGD,Free Cash Flow/Net Income,,1.36,-2.01,1.40,12.93,0.91,0.01,1.04,0.19,0.94,-4.71,,-4.71
42T,XSES,The Trendlines Group Ltd,Financial Services,Asset Management,,SGD,Free Cash Flow/Share,,-0.03,-0.02,-0.02,-0.01,-0.02,-0.01,0.00,-0.02,-0.01,-0.01,,-0.01
42W,XSES,Zixin Group Holdings Ltd,Consumer Defensive,Packaged Foods,,SGD,Operating Cash Flow Growth % YOY,,-45.42,-76.89,169.80,-,-,-,-,-,29.1,63.63,,-
42W,XSES,Zixin Group Holdings Ltd,Consumer Defensive,Packaged Foods,,SGD,Free Cash Flow Growth % YOY,,-21.45,-,-,-,-,-,-,-,-7.4,229.42,,-
42W,XSES,Zixin Group Holdings Ltd,Consumer Defensive,Packaged Foods,,SGD,Free Cash Flow/Sales %,,13.65,-1.81,18.39,-22.42,-4.97,29.85,-20.38,8.33,5.32,13.14,,22.29
42W,XSES,Zixin Group Holdings Ltd,Consumer Defensive,Packaged Foods,,SGD,Free Cash Flow/Net Income,,3.94,-0.33,3.26,-3.38,2.48,-6.72,-16.13,-1.29,1.27,1.31,,2.14
42W,XSES,Zixin Group Holdings Ltd,Consumer Defensive,Packaged Foods,,SGD,Free Cash Flow/Share,,-,-0.01,0.01,0.04,0.00,0.00,0.01,-0.01,0.0,0.01,,0.01
42Z,XSES,Eindec Corp Ltd,Industrials,Specialty Industrial Machinery,,SGD,Operating Cash Flow Growth % YOY,,-,-,-,-,-,-,-,16.68,-78.36,-,,-
42Z,XSES,Eindec Corp Ltd,Industrials,Specialty Industrial Machinery,,SGD,Free Cash Flow Growth % YOY,,-,-,-,-,-,-,-,59.71,-82.37,-,,-
42Z,XSES,Eindec Corp Ltd,Industrials,Specialty Industrial Machinery,,SGD,Free Cash Flow/Sales %,,-22.78,-13.73,11.81,-15.75,13.50,-15.06,5.79,15.06,3.07,-2.51,,-2.51
42Z,XSES,Eindec Corp Ltd,Industrials,Specialty Industrial Machinery,,SGD,Free Cash Flow/Net Income,,4.52,1.05,-0.50,1.08,-4.54,2.66,0.93,11.19,-2.79,0.25,,0.25
42Z,XSES,Eindec Corp Ltd,Industrials,Specialty Industrial Machinery,,SGD,Free Cash Flow/Share,,0.05,-0.05,-,-0.01,-0.02,0.01,-0.01,0.03,0.0,0.01,,0.01
43A,XSES,Octopus (APAC) Holdings Ltd,Consumer Cyclical,Restaurants,,SGD,Operating Cash Flow Growth % YOY,-,-,-,-,734.98,-52.25,-,-,-7.78,-,,,-
43A,XSES,Octopus (APAC) Holdings Ltd,Consumer Cyclical,Restaurants,,SGD,Free Cash Flow Growth % YOY,-,-,-,-,757.95,-49.38,-,-,-,-,,,-
43A,XSES,Octopus (APAC) Holdings Ltd,Consumer Cyclical,Restaurants,,SGD,Free Cash Flow/Sales %,-183.59,-73.75,-20.23,6.78,13.77,18.32,-8.64,8.85,-0.38,-5.18,,,1.80
43A,XSES,Octopus (APAC) Holdings Ltd,Consumer Cyclical,Restaurants,,SGD,Free Cash Flow/Net Income,5.33,3.55,0.52,-0.16,0.38,3.79,0.06,-0.10,0.00,0.20,,,-0.08
43A,XSES,Octopus (APAC) Holdings Ltd,Consumer Cyclical,Restaurants,,SGD,Free Cash Flow/Share,-,-0.05,-0.03,0.00,0.0,0.01,0.01,0.00,0.00,0.00,,,0.00
43B,XSES,Secura Group Ltd,Industrials,Security & Protection Services,,SGD,Operating Cash Flow Growth % YOY,,105.34,-82.84,285.67,93.75,66.09,-57.1,-62.74,48.03,199.17,-75.79,,-
43B,XSES,Secura Group Ltd,Industrials,Security & Protection Services,,SGD,Free Cash Flow Growth % YOY,,-,-,-,96.89,73.97,-56.74,-70.52,77.26,203.12,-88.57,,-
43B,XSES,Secura Group Ltd,Industrials,Security & Protection Services,,SGD,Free Cash Flow/Sales %,,-42.61,-5.05,5.22,10.96,21.75,8.56,1.93,2.8,8.61,1.09,,1.09
43B,XSES,Secura Group Ltd,Industrials,Security & Protection Services,,SGD,Free Cash Flow/Net Income,,-16.15,1.18,1.15,-0.95,2.48,1.31,0.73,1.6,1.52,0.44,,0.44
43B,XSES,Secura Group Ltd,Industrials,Security & Protection Services,,SGD,Free Cash Flow/Share,,-0.05,-0.01,0.01,0.01,0.02,0.01,0.0,-0.01,0.02,0.01,,0.01
43E,XSES,VCPlus Ltd,Industrials,Consulting Services,,SGD,Operating Cash Flow Growth % YOY,,-,-,-,-,-,-,-,-,-,-,,-
43E,XSES,VCPlus Ltd,Industrials,Consulting Services,,SGD,Free Cash Flow Growth % YOY,,-,-,-,-,-,-,-,-,-,-,,-
43E,XSES,VCPlus Ltd,Industrials,Consulting Services,,SGD,Free Cash Flow/Sales %,,-793.75,-87.60,-546.46,-167.79,-4081.36,-966.77,-196.62,-420.10,-124.25,-726.70,,-726.70
43E,XSES,VCPlus Ltd,Industrials,Consulting Services,,SGD,Free Cash Flow/Net Income,,0.61,1.08,0.66,0.50,0.30,0.80,0.55,0.84,0.42,0.55,,0.55
43E,XSES,VCPlus Ltd,Industrials,Consulting Services,,SGD,Free Cash Flow/Share,,-0.03,-0.01,0.00,0.00,0.00,0.00,0.00,0.00,0.00,0.00,,0.00
43F,XSES,AcroMeta Group Ltd,Industrials,Engineering & Construction,,SGD,Operating Cash Flow Growth % YOY,,-,-,-,-,-,-,3.60,-51.17,-,-,,-
43F,XSES,AcroMeta Group Ltd,Industrials,Engineering & Construction,,SGD,Free Cash Flow Growth % YOY,,-,-,-,-,-,-,-,-54.54,-,-,,-
43F,XSES,AcroMeta Group Ltd,Industrials,Engineering & Construction,,SGD,Free Cash Flow/Sales %,,-7.19,10.13,-19.83,1.80,-27.25,-13.31,2.94,1.22,-52.76,11.15,,-148.30
43F,XSES,AcroMeta Group Ltd,Industrials,Engineering & Construction,,SGD,Free Cash Flow/Net Income,,5.42,-0.96,2.45,18.99,4.16,-44.74,1.16,-0.12,-1.60,-0.11,,1.38
43F,XSES,AcroMeta Group Ltd,Industrials,Engineering & Construction,,SGD,Free Cash Flow/Share,,0.04,-0.01,-0.04,-0.02,0.00,-0.03,-0.02,0.05,-0.01,0.01,,0.00
43Q,XSES,Advancer Global Ltd,Industrials,Staffing & Employment Services,,SGD,Operating Cash Flow Growth % YOY,,1.43,-32.69,-21.07,18.22,151.97,-39.63,-94.58,-,-,-55.25,,-
43Q,XSES,Advancer Global Ltd,Industrials,Staffing & Employment Services,,SGD,Free Cash Flow Growth % YOY,,-5.18,-47.26,-24.26,25.39,214.49,-38.07,-,-,-,-,,-
43Q,XSES,Advancer Global Ltd,Industrials,Staffing & Employment Services,,SGD,Free Cash Flow/Sales %,,7.55,3.11,2.28,2.71,10.74,6.24,-0.45,-4.05,3.99,-0.08,,-0.08
43Q,XSES,Advancer Global Ltd,Industrials,Staffing & Employment Services,,SGD,Free Cash Flow/Net Income,,1.44,0.66,1.15,4.09,1.34,-0.93,0.06,0.67,1.90,-0.04,,-0.04
43Q,XSES,Advancer Global Ltd,Industrials,Staffing & Employment Services,,SGD,Free Cash Flow/Share,,0.03,0.02,0.01,0.0,0.03,0.02,0.00,-0.01,0.00,0.00,,0.00
49B,XSES,AMOS Group Ltd,Energy,Oil & Gas Equipment & Services,,SGD,Operating Cash Flow Growth % YOY,,-,-,-22.11,-,-,-,-,-,98.19,-75.02,,-
49B,XSES,AMOS Group Ltd,Energy,Oil & Gas Equipment & Services,,SGD,Free Cash Flow Growth % YOY,,-,-,0.69,-,-,-,-,-,88.18,-71.55,,-
49B,XSES,AMOS Group Ltd,Energy,Oil & Gas Equipment & Services,,SGD,Free Cash Flow/Sales %,,-12.03,10.10,11.99,-22.90,-8.56,-0.88,-5.93,2.90,7.28,2.66,,7.66
49B,XSES,AMOS Group Ltd,Energy,Oil & Gas Equipment & Services,,SGD,Free Cash Flow/Net Income,,-8.94,-0.71,-0.16,0.86,0.99,0.05,0.42,-0.24,-0.22,-0.15,,-0.42
49B,XSES,AMOS Group Ltd,Energy,Oil & Gas Equipment & Services,,SGD,Free Cash Flow/Share,,-0.89,-0.29,0.82,-0.29,-0.12,-0.07,-0.02,0.01,0.02,-,,-
500,XSES,,,,,SGD,Operating Cash Flow Growth % YOY,,-75.5,344.39,-99.69,10120.69,179.22,-20.43,-,-,-85.60,-,,-
500,XSES,,,,,SGD,Free Cash Flow Growth % YOY,,-98.67,10296.71,-,-,6314.35,-32.29,-,-,-,-,,-
500,XSES,,,,,SGD,Free Cash Flow/Sales %,,0.09,11.3,-1.16,0.13,10.51,6.59,-3.16,3.10,-1.21,-2.07,,-2.74
500,XSES,,,,,SGD,Free Cash Flow/Net Income,,0.01,1.74,-0.24,0.04,2.99,1.14,-0.54,0.78,-0.33,-0.38,,-0.83
500,XSES,,,,,SGD,Free Cash Flow/Share,,0.01,0.06,0.02,0.00,0.06,0.07,-0.01,-0.02,0.04,0.01,,-0.02
504,XSES,HS Optimus Holdings Ltd,Consumer Cyclical,"Furnishings, Fixtures & Appliances",,SGD,Operating Cash Flow Growth % YOY,,-,734.30,-,-,-,-,-,-,-,-,,-
504,XSES,HS Optimus Holdings Ltd,Consumer Cyclical,"Furnishings, Fixtures & Appliances",,SGD,Free Cash Flow Growth % YOY,,-,-,-,-,-,-,-,-,-,-,,-
504,XSES,HS Optimus Holdings Ltd,Consumer Cyclical,"Furnishings, Fixtures & Appliances",,SGD,Free Cash Flow/Sales %,,-3.81,5.50,-108.81,-1.27,-26.40,-57.09,-11.61,-6.23,-20.96,-23.03,,-23.38
504,XSES,HS Optimus Holdings Ltd,Consumer Cyclical,"Furnishings, Fixtures & Appliances",,SGD,Free Cash Flow/Net Income,,-0.55,0.25,4.55,0.28,0.74,-4.93,1.00,0.09,1.58,1.27,,1.59
504,XSES,HS Optimus Holdings Ltd,Consumer Cyclical,"Furnishings, Fixtures & Appliances",,SGD,Free Cash Flow/Share,,0.00,0.00,-0.01,0.00,0.00,0.00,0.00,0.00,0.00,0.00,,0.00
505,XSES,AsiaMedic Ltd,Healthcare,Diagnostics & Research,,SGD,Operating Cash Flow Growth % YOY,,-31.95,-,-,-,2481.23,47.38,-64.11,176.73,-27.32,56.35,,-
505,XSES,AsiaMedic Ltd,Healthcare,Diagnostics & Research,,SGD,Free Cash Flow Growth % YOY,,-58.58,-,-,-,-,54.27,-92.35,319.99,-31.31,78.08,,-
505,XSES,AsiaMedic Ltd,Healthcare,Diagnostics & Research,,SGD,Free Cash Flow/Sales %,,3.0,-7.83,-14.90,-0.43,12.97,16.75,1.24,4.17,2.34,3.41,,3.41
505,XSES,AsiaMedic Ltd,Healthcare,Diagnostics & Research,,SGD,Free Cash Flow/Net Income,,-0.38,0.35,0.59,0.14,-0.46,4.28,0.11,0.51,0.67,0.59,,0.59
505,XSES,AsiaMedic Ltd,Healthcare,Diagnostics & Research,,SGD,Free Cash Flow/Share,,0.0,0.00,-0.01,0.00,0.00,0.0,0.0,0.0,0.0,0.0,,0.00
508,XSES,Fuji Offset Plates Manufacturing Ltd,Industrials,Specialty Industrial Machinery,,SGD,Operating Cash Flow Growth % YOY,,-,-,-,-,-,-,-,-,-,-,,-
508,XSES,Fuji Offset Plates Manufacturing Ltd,Industrials,Specialty Industrial Machinery,,SGD,Free Cash Flow Growth % YOY,,-,-,-,-,-,-,-,-,-,-,,-
508,XSES,Fuji Offset Plates Manufacturing Ltd,Industrials,Specialty Industrial Machinery,,SGD,Free Cash Flow/Sales %,,-8.94,-18.93,5.10,-5.91,-13.92,-30.84,-31.67,-10.53,-10.83,-7.12,,-7.12
508,XSES,Fuji Offset Plates Manufacturing Ltd,Industrials,Specialty Industrial Machinery,,SGD,Free Cash Flow/Net Income,,2.31,0.70,0.08,-0.20,-0.52,-1.33,-0.23,-0.32,-0.41,-0.28,,-0.28
508,XSES,Fuji Offset Plates Manufacturing Ltd,Industrials,Specialty Industrial Machinery,,SGD,Free Cash Flow/Share,,-0.05,0.00,-0.01,0.00,0.00,-0.03,-0.02,-0.01,-0.02,-0.01,,-0.01
532,XSES,DISA Ltd,Technology,Software - Application,,SGD,Operating Cash Flow Growth % YOY,,-,-,-,-,-,-,-,-,-,-,,-
532,XSES,DISA Ltd,Technology,Software - Application,,SGD,Free Cash Flow Growth % YOY,,-,-,-,-,-,-,-,-,-,-,,-
532,XSES,DISA Ltd,Technology,Software - Application,,SGD,Free Cash Flow/Sales %,,-374.91,-630.20,-3451.88,-1271.26,-93.39,-3.02,-3.92,-10.18,-13.51,-31.44,,-73.42
532,XSES,DISA Ltd,Technology,Software - Application,,SGD,Free Cash Flow/Net Income,,0.29,0.34,0.76,0.38,0.45,0.19,0.48,0.45,0.53,0.75,,0.77
532,XSES,DISA Ltd,Technology,Software - Application,,SGD,Free Cash Flow/Share,,0.00,0.00,0.00,0.00,0.00,0.00,0.00,0.00,0.00,0.00,,0.00
533,XSES,ABR Holdings Ltd,Consumer Cyclical,Restaurants,,SGD,Operating Cash Flow Growth % YOY,,-9.9,-8.77,-10.38,216.06,8.69,-27.82,13.5,-9.11,41.77,-7.34,,-
533,XSES,ABR Holdings Ltd,Consumer Cyclical,Restaurants,,SGD,Free Cash Flow Growth % YOY,,-51.38,14.6,35.73,264.95,26.72,-38.57,26.54,-19.9,26.93,5.47,,-
533,XSES,ABR Holdings Ltd,Consumer Cyclical,Restaurants,,SGD,Free Cash Flow/Sales %,,3.38,3.41,4.37,16.47,29.4,20.81,19.31,13.47,14.73,14.73,,14.73
533,XSES,ABR Holdings Ltd,Consumer Cyclical,Restaurants,,SGD,Free Cash Flow/Net Income,,0.65,0.65,2.05,10.11,4.23,6.24,8.08,4.45,5.49,6.29,,6.29
533,XSES,ABR Holdings Ltd,Consumer Cyclical,Restaurants,,SGD,Free Cash Flow/Share,,0.02,0.02,0.02,0.09,0.09,0.1,0.1,0.08,0.1,0.1,,0.10
53W,XSES,Attika Group Ltd,Industrials,Engineering & Construction,,SGD,Operating Cash Flow Growth % YOY,,,,,,,-,-,101.84,67.92,-64.53,,-
53W,XSES,Attika Group Ltd,Industrials,Engineering & Construction,,SGD,Free Cash Flow Growth % YOY,,,,,,,-,-,-,-,-65.83,,-
53W,XSES,Attika Group Ltd,Industrials,Engineering & Construction,,SGD,Free Cash Flow/Sales %,,,,,,,-9.16,10.97,-18.62,16.85,8.51,,8.51
53W,XSES,Attika Group Ltd,Industrials,Engineering & Construction,,SGD,Free Cash Flow/Net Income,,,,,,,-1.64,1.32,-2.59,3.32,0.95,,0.95
53W,XSES,Attika Group Ltd,Industrials,Engineering & Construction,,SGD,Free Cash Flow/Share,,,,,,,-,-,-,0.00,-0.01,,-0.01
540,XSES,Tung Lok Restaurants(2000) Ltd,Consumer Cyclical,Restaurants,,SGD,Operating Cash Flow Growth % YOY,,316.83,-48.1,7.32,-,-,-25.71,-8.75,185.89,-23.27,-38.97,,-
540,XSES,Tung Lok Restaurants(2000) Ltd,Consumer Cyclical,Restaurants,,SGD,Free Cash Flow Growth % YOY,,-,-72.46,227.26,-,-,-10.0,-9.8,173.61,-23.47,-33.26,,-
540,XSES,Tung Lok Restaurants(2000) Ltd,Consumer Cyclical,Restaurants,,SGD,Free Cash Flow/Sales %,,1.77,0.49,1.6,-3.73,7.49,8.81,9.09,15.07,11.05,8.08,,7.91
540,XSES,Tung Lok Restaurants(2000) Ltd,Consumer Cyclical,Restaurants,,SGD,Free Cash Flow/Net Income,,2.49,0.99,-0.98,4.33,-2.27,5.24,-2.58,3.09,4.86,-3.74,,-3.85
540,XSES,Tung Lok Restaurants(2000) Ltd,Consumer Cyclical,Restaurants,,SGD,Free Cash Flow/Share,,-0.01,0.0,0.0,0.00,0.00,0.03,0.0,0.04,0.04,0.04,,0.02
541,XSES,Abundance International Ltd,Basic Materials,Chemicals,,SGD,Operating Cash Flow Growth % YOY,,-,-,-87.43,185.18,-,-,-,-93.02,-69.05,-,,-
541,XSES,Abundance International Ltd,Basic Materials,Chemicals,,SGD,Free Cash Flow Growth % YOY,,-,-,-91.29,-57.81,-,-,-,-92.74,-76.16,-,,-
541,XSES,Abundance International Ltd,Basic Materials,Chemicals,,SGD,Free Cash Flow/Sales %,,-7.87,0.56,0.06,0.03,-0.96,-0.25,0.78,0.05,0.01,-0.09,,-0.09
541,XSES,Abundance International Ltd,Basic Materials,Chemicals,,SGD,Free Cash Flow/Net Income,,16.26,-4.30,-0.34,-0.04,1.50,-0.36,3.12,-1.08,0.28,0.05,,0.05
541,XSES,Abundance International Ltd,Basic Materials,Chemicals,,SGD,Free Cash Flow/Share,,0.00,-0.01,0.01,0.0,0.01,0.00,0.00,0.0,0.0,0.00,,0.00
543,XSES,Noel Gifts International Ltd,Consumer Cyclical,Specialty Retail,,SGD,Operating Cash Flow Growth % YOY,,2715.58,-80.78,177.44,-91.35,512.00,103.49,-53.4,-,-,-,,-
543,XSES,Noel Gifts International Ltd,Consumer Cyclical,Specialty Retail,,SGD,Free Cash Flow Growth % YOY,,-,-86.83,284.13,-,-,116.83,-54.44,-,-,-,,-
543,XSES,Noel Gifts International Ltd,Consumer Cyclical,Specialty Retail,,SGD,Free Cash Flow/Sales %,,17.13,3.31,11.3,-0.29,8.31,18.97,7.9,-1.62,12.41,-286.50,,-217.79
543,XSES,Noel Gifts International Ltd,Consumer Cyclical,Specialty Retail,,SGD,Free Cash Flow/Net Income,,3.96,0.58,0.99,0.13,1.31,2.44,0.56,-1.33,0.15,-192.50,,-33.25
543,XSES,Noel Gifts International Ltd,Consumer Cyclical,Specialty Retail,,SGD,Free Cash Flow/Share,,0.05,0.02,0.03,0.01,0.02,0.04,0.02,-0.01,0.01,-0.02,,-0.49
544,XSES,CSE Global Ltd,Technology,Information Technology Services,,SGD,Operating Cash Flow Growth % YOY,,34.45,-,-,-75.08,238.93,-26.73,-99.97,-,-40.78,-,,-
544,XSES,CSE Global Ltd,Technology,Information Technology Services,,SGD,Free Cash Flow Growth % YOY,,37.52,-,-,-,-,-34.81,-,-,-66.81,-,,-
544,XSES,CSE Global Ltd,Technology,Information Technology Services,,SGD,Free Cash Flow/Sales %,,16.01,-8.65,10.84,-0.35,5.82,4.07,-2.87,5.11,1.43,-9.89,,-9.89
544,XSES,CSE Global Ltd,Technology,Information Technology Services,,SGD,Free Cash Flow/Net Income,,2.4,0.69,2.03,-0.07,1.05,1.27,-3.36,1.65,0.47,-2.56,,-2.56
544,XSES,CSE Global Ltd,Technology,Information Technology Services,,SGD,Free Cash Flow/Share,,0.19,-0.05,0.06,0.01,0.05,0.02,0.02,-0.03,0.08,-0.04,,-0.04
546,XSES,Medtecs International Corp Ltd,Healthcare,Medical Instruments & Supplies,,SGD,Operating Cash Flow Growth % YOY,,-32.1,-49.63,137.64,-22.31,2224.71,-70.71,-,-,-,-,,-
546,XSES,Medtecs International Corp Ltd,Healthcare,Medical Instruments & Supplies,,SGD,Free Cash Flow Growth % YOY,,-55.47,-45.83,-77.67,-,-,-85.64,-,-,-,-,,-
546,XSES,Medtecs International Corp Ltd,Healthcare,Medical Instruments & Supplies,,SGD,Free Cash Flow/Sales %,,4.54,2.29,0.46,-0.29,23.28,9.29,-42.37,-27.72,-1.86,-11.46,,-11.46
546,XSES,Medtecs International Corp Ltd,Healthcare,Medical Instruments & Supplies,,SGD,Free Cash Flow/Net Income,,2.56,1.6,0.35,-0.17,0.71,0.77,0.83,0.69,0.05,1.90,,1.90
546,XSES,Medtecs International Corp Ltd,Healthcare,Medical Instruments & Supplies,,SGD,Free Cash Flow/Share,,0.02,0.01,0.0,0.00,0.05,0.23,-0.05,-0.02,-0.02,-0.01,,-0.01
554,XSES,King Wan Corp Ltd,Industrials,Engineering & Construction,,SGD,Operating Cash Flow Growth % YOY,,-19.98,-,-,-,-,-,-,-,-,-,,-
554,XSES,King Wan Corp Ltd,Industrials,Engineering & Construction,,SGD,Free Cash Flow Growth % YOY,,-17.48,-,-,-,-,-,-,-,-,-,,-
554,XSES,King Wan Corp Ltd,Industrials,Engineering & Construction,,SGD,Free Cash Flow/Sales %,,11.15,-14.70,1.59,-2.22,9.54,-3.56,4.25,-7.72,2.88,-2.41,,-2.66
554,XSES,King Wan Corp Ltd,Industrials,Engineering & Construction,,SGD,Free Cash Flow/Net Income,,-0.63,-13.46,-0.24,-0.74,16.45,1.10,5.43,1.49,0.22,-0.61,,-0.94
554,XSES,King Wan Corp Ltd,Industrials,Engineering & Construction,,SGD,Free Cash Flow/Share,,0.04,-0.04,0.01,0.01,-0.01,0.00,0.00,-0.01,0.00,0.00,,0.00
558,XSES,,,,,SGD,Operating Cash Flow Growth % YOY,,-5.32,18.02,-3.26,38.61,5.18,17.35,39.63,-13.64,-29.26,-29.73,,-
558,XSES,,,,,SGD,Free Cash Flow Growth % YOY,,-0.16,-5.87,-21.84,123.6,-12.85,25.44,-30.84,28.93,-54.08,-95.47,,-
558,XSES,,,,,SGD,Free Cash Flow/Sales %,,29.98,18.1,17.99,39.01,27.24,20.75,10.45,16.74,9.53,0.42,,0.42
558,XSES,,,,,SGD,Free Cash Flow/Net Income,,1.38,0.57,0.53,1.53,1.23,1.06,0.4,0.84,0.57,0.03,,0.03
558,XSES,,,,,SGD,Free Cash Flow/Share,,0.03,0.04,0.02,0.05,0.06,0.06,0.05,0.05,0.02,0.02,,0.02
566,XSES,SHS Holdings Ltd,Industrials,Metal Fabrication,,SGD,Operating Cash Flow Growth % YOY,93.09,-,-,-,-,-,-,709.61,-,-,,,-
566,XSES,SHS Holdings Ltd,Industrials,Metal Fabrication,,SGD,Free Cash Flow Growth % YOY,96.41,-,-,-,-,-,-,1386.23,-,-,,,-
566,XSES,SHS Holdings Ltd,Industrials,Metal Fabrication,,SGD,Free Cash Flow/Sales %,31.17,-45.88,-91.94,-53.03,-50.37,-20.68,1.05,9.9,-19.37,3.33,,,1.61
566,XSES,SHS Holdings Ltd,Industrials,Metal Fabrication,,SGD,Free Cash Flow/Net Income,0.34,-2.18,1.90,2.21,0.59,0.38,-0.21,1.71,-6.38,0.86,,,-0.32
566,XSES,SHS Holdings Ltd,Industrials,Metal Fabrication,,SGD,Free Cash Flow/Share,0.02,-0.02,-0.06,-0.03,-0.02,-0.02,-0.02,0.01,0.02,-0.04,,,0.02
569,XSES,Vicplas International Ltd,Healthcare,Medical Devices,,SGD,Operating Cash Flow Growth % YOY,,54.96,-53.83,-77.08,70.04,485.72,-25.58,8.21,83.48,-62.42,-94.23,,-
569,XSES,Vicplas International Ltd,Healthcare,Medical Devices,,SGD,Free Cash Flow Growth % YOY,,95.14,-72.66,-,-,-,-30.14,-,-,-,-,,-
569,XSES,Vicplas International Ltd,Healthcare,Medical Devices,,SGD,Free Cash Flow/Sales %,,11.38,3.72,-7.82,-7.60,6.16,3.36,-2.38,9.70,-7.64,-5.21,,-2.36
569,XSES,Vicplas International Ltd,Healthcare,Medical Devices,,SGD,Free Cash Flow/Net Income,,1.61,0.74,-1.82,-1.44,1.10,0.37,-0.35,2.96,5.74,2.56,,0.48
569,XSES,Vicplas International Ltd,Healthcare,Medical Devices,,SGD,Free Cash Flow/Share,,0.01,0.02,0.00,-0.02,0.00,0.01,0.00,0.01,0.01,-0.01,,-0.01
570,XSES,Abundante Ltd,Industrials,Rental & Leasing Services,,SGD,Operating Cash Flow Growth % YOY,,26.85,-36.72,-33.44,-88.72,82.06,-18.03,85.72,-0.32,-40.60,-17.73,,-
570,XSES,Abundante Ltd,Industrials,Rental & Leasing Services,,SGD,Free Cash Flow Growth % YOY,,-3.57,-47.89,-16.32,-91.29,236.8,-37.16,118.24,12.66,-,-,,-
570,XSES,Abundante Ltd,Industrials,Rental & Leasing Services,,SGD,Free Cash Flow/Sales %,,20.07,15.49,16.82,2.78,9.25,10.54,14.0,16.57,-18.35,-19.74,,-28.39
570,XSES,Abundante Ltd,Industrials,Rental & Leasing Services,,SGD,Free Cash Flow/Net Income,,1.18,1.77,-0.62,-0.04,-0.51,-0.4,0.47,1.57,-1.28,-6.10,,-461.60
570,XSES,Abundante Ltd,Industrials,Rental & Leasing Services,,SGD,Free Cash Flow/Share,,0.11,0.07,0.05,0.03,0.0,0.02,0.0,0.02,-0.01,-,,0.00
575,XSES,Asti Holdings Ltd,Technology,Semiconductor Equipment & Materials,,SGD,Operating Cash Flow Growth % YOY,,-,-,-,-,-,-29.41,152.91,-2.40,-41.96,4.94,,-
575,XSES,Asti Holdings Ltd,Technology,Semiconductor Equipment & Materials,,SGD,Free Cash Flow Growth % YOY,,-,-,-,-,-,-,-,-,-,-30.87,,-
575,XSES,Asti Holdings Ltd,Technology,Semiconductor Equipment & Materials,,SGD,Free Cash Flow/Sales %,,-14.73,-7.53,-29.08,-16.57,2.18,-3.99,-8.44,-0.06,13.08,8.09,,8.09
575,XSES,Asti Holdings Ltd,Technology,Semiconductor Equipment & Materials,,SGD,Free Cash Flow/Net Income,,-20.14,2.12,-0.76,-1.52,0.59,0.30,-1.05,0.01,-0.26,3.57,,3.57
575,XSES,Asti Holdings Ltd,Technology,Semiconductor Equipment & Materials,,SGD,Free Cash Flow/Share,,-0.02,-0.03,-0.02,0.00,0.00,0.00,-,-,-,-,,-
579,XSES,Oceanus Group Ltd,Consumer Defensive,Food Distribution,,SGD,Operating Cash Flow Growth % YOY,,-,-,-,-,-,-,-,-,-,-,,-
579,XSES,Oceanus Group Ltd,Consumer Defensive,Food Distribution,,SGD,Free Cash Flow Growth % YOY,,-,-,-,-,-,-,-,-,-,-,,-
579,XSES,Oceanus Group Ltd,Consumer Defensive,Food Distribution,,SGD,Free Cash Flow/Sales %,,-24.09,-187.34,-134.08,-18.70,-22.36,-25.87,-15.50,-3.05,2.71,-6.82,,-6.82
579,XSES,Oceanus Group Ltd,Consumer Defensive,Food Distribution,,SGD,Free Cash Flow/Net Income,,0.04,-0.21,-0.58,0.44,-2.83,-5.15,2.76,5.59,3.23,2.48,,2.48
579,XSES,Oceanus Group Ltd,Consumer Defensive,Food Distribution,,SGD,Free Cash Flow/Share,,0.00,0.00,0.00,0.00,0.00,0.00,0.00,0.00,0.00,0.00,,0.00
580,XSES,Santak Holdings Ltd,Technology,Electronic Components,,SGD,Operating Cash Flow Growth % YOY,,-,-,-,-,67.93,-,-,-,-,-,,-
580,XSES,Santak Holdings Ltd,Technology,Electronic Components,,SGD,Free Cash Flow Growth % YOY,,-,-,-,-,-,-,-,-,-,-,,-
580,XSES,Santak Holdings Ltd,Technology,Electronic Components,,SGD,Free Cash Flow/Sales %,,23.65,-6.81,-18.16,-24.08,-0.75,-8.70,-7.25,-24.33,-11.72,-21.55,,-22.58
580,XSES,Santak Holdings Ltd,Technology,Electronic Components,,SGD,Free Cash Flow/Net Income,,-0.51,-2.28,1.45,2.13,0.12,0.69,0.84,1.03,0.35,0.66,,0.56
580,XSES,Santak Holdings Ltd,Technology,Electronic Components,,SGD,Free Cash Flow/Share,,-0.11,0.02,0.02,-0.04,-0.02,0.00,-0.01,-0.02,-0.01,-0.02,,-0.01
581,XSES,Sunrise Shares Holdings Ltd,Real Estate,Real Estate Services,,SGD,Operating Cash Flow Growth % YOY,,6.54,-,-,-,-,-,-,-,-,,,-
581,XSES,Sunrise Shares Holdings Ltd,Real Estate,Real Estate Services,,SGD,Free Cash Flow Growth % YOY,,-0.57,-,-,-,-,-,-,-,-,,,-
581,XSES,Sunrise Shares Holdings Ltd,Real Estate,Real Estate Services,,SGD,Free Cash Flow/Sales %,,4.25,-5.17,62.60,-169.12,-67.73,178.70,-518.37,-662.23,-21.21,,,-
581,XSES,Sunrise Shares Holdings Ltd,Real Estate,Real Estate Services,,SGD,Free Cash Flow/Net Income,,-1.37,18.75,-0.80,1.96,-5.19,15.19,1.11,1.62,0.46,,,-
581,XSES,Sunrise Shares Holdings Ltd,Real Estate,Real Estate Services,,SGD,Free Cash Flow/Share,,0.01,-0.01,0.00,-,0.00,0.00,0.01,-0.01,-0.01,,,-0.01
583,XSES,Progen Holdings Ltd,Industrials,Building Products & Equipment,,SGD,Operating Cash Flow Growth % YOY,,-,-,-,-,-,295.45,-,-,-,-,,-
583,XSES,Progen Holdings Ltd,Industrials,Building Products & Equipment,,SGD,Free Cash Flow Growth % YOY,,-,-,-,-,-,1875.0,-,-,-,-,,-
583,XSES,Progen Holdings Ltd,Industrials,Building Products & Equipment,,SGD,Free Cash Flow/Sales %,,-19.08,-67.54,-80.63,-4.53,0.13,2.0,-9.20,4.54,-3.35,-2.57,,-2.57
583,XSES,Progen Holdings Ltd,Industrials,Building Products & Equipment,,SGD,Free Cash Flow/Net Income,,1.18,0.46,0.71,0.19,0.00,-0.03,-0.29,-0.18,0.27,0.19,,0.19
583,XSES,Progen Holdings Ltd,Industrials,Building Products & Equipment,,SGD,Free Cash Flow/Share,,0.00,-0.01,-0.02,0.01,0.00,0.0,0.00,0.00,0.00,0.00,,0.00
584,XSES,AJJ Medtech Holdings Ltd,Healthcare,Medical Devices,,SGD,Operating Cash Flow Growth % YOY,,-,-,-,-,-,-,-,-,-,-,,-
584,XSES,AJJ Medtech Holdings Ltd,Healthcare,Medical Devices,,SGD,Free Cash Flow Growth % YOY,,-,-,-,-,-,-,-,-,-,-,,-
584,XSES,AJJ Medtech Holdings Ltd,Healthcare,Medical Devices,,SGD,Free Cash Flow/Sales %,,-148.89,-0.43,-62.74,-185.00,-171.60,-1894.67,-415.66,-110.71,-69.91,-38.10,,-38.10
584,XSES,AJJ Medtech Holdings Ltd,Healthcare,Medical Devices,,SGD,Free Cash Flow/Net Income,,0.24,0.01,0.89,0.35,0.43,3.56,0.76,0.71,0.42,0.41,,0.41
584,XSES,AJJ Medtech Holdings Ltd,Healthcare,Medical Devices,,SGD,Free Cash Flow/Share,,0.00,0.00,0.00,0.00,0.00,-0.01,0.00,0.00,0.00,0.00,,0.00
585,XSES,Asian Micro Holdings Ltd,Energy,Oil & Gas Midstream,,SGD,Operating Cash Flow Growth % YOY,,-1.39,-86.59,-,-,-,368.78,17.87,-,-,-,,-
585,XSES,Asian Micro Holdings Ltd,Energy,Oil & Gas Midstream,,SGD,Free Cash Flow Growth % YOY,,55.77,-,-,-,-,-,77.63,-,-,-,,-
585,XSES,Asian Micro Holdings Ltd,Energy,Oil & Gas Midstream,,SGD,Free Cash Flow/Sales %,,6.34,-36.68,-5.94,-7.30,-2.19,2.63,3.75,-17.21,-0.15,-0.81,,-12.84
585,XSES,Asian Micro Holdings Ltd,Energy,Oil & Gas Midstream,,SGD,Free Cash Flow/Net Income,,-8.1,2.82,0.45,1.34,-4.14,-0.17,-1.03,0.68,0.01,0.15,,3.06
585,XSES,Asian Micro Holdings Ltd,Energy,Oil & Gas Midstream,,SGD,Free Cash Flow/Share,,0.0,0.00,0.00,0.00,0.00,0.00,0.0,0.00,0.00,0.00,,0.00
594,XSES,CapAllianz Holdings Ltd Ordinary Shares,Energy,Oil & Gas E&P,,SGD,Operating Cash Flow Growth % YOY,,-,-,-78.69,5.23,-,-,-,-,-,-,,-
594,XSES,CapAllianz Holdings Ltd Ordinary Shares,Energy,Oil & Gas E&P,,SGD,Free Cash Flow Growth % YOY,,-,-,-,-,-,-,-,-,-,-,,-
594,XSES,CapAllianz Holdings Ltd Ordinary Shares,Energy,Oil & Gas E&P,,SGD,Free Cash Flow/Sales %,,-37.94,11.37,-7.86,-21.73,-52.66,-60.68,-44.90,-22.32,-25.72,-6.75,,-122.54
594,XSES,CapAllianz Holdings Ltd Ordinary Shares,Energy,Oil & Gas E&P,,SGD,Free Cash Flow/Net Income,,0.21,0.08,0.33,0.76,0.53,0.25,-0.09,0.45,1.89,0.05,,0.41
594,XSES,CapAllianz Holdings Ltd Ordinary Shares,Energy,Oil & Gas E&P,,SGD,Free Cash Flow/Share,,-0.01,0.00,0.00,0.00,0.00,0.00,0.00,0.00,0.00,0.00,,0.00
595,XSES,GKE Corp Ltd,Industrials,Integrated Freight & Logistics,,SGD,Operating Cash Flow Growth % YOY,,3.40,-27.01,21.88,7.72,277.85,7.45,3.3,-3.96,-12.86,3.31,,-
595,XSES,GKE Corp Ltd,Industrials,Integrated Freight & Logistics,,SGD,Free Cash Flow Growth % YOY,,-,-,-,-,455.06,-8.63,2.5,-7.38,3.96,-23.91,,-
595,XSES,GKE Corp Ltd,Industrials,Integrated Freight & Logistics,,SGD,Free Cash Flow/Sales %,,-13.10,-33.64,-18.99,4.39,20.06,16.52,19.22,17.13,17.55,11.67,,10.01
595,XSES,GKE Corp Ltd,Industrials,Integrated Freight & Logistics,,SGD,Free Cash Flow/Net Income,,-0.85,8.32,1.33,-2.01,4.58,1.7,4.28,4.77,4.51,1.67,,2.06
595,XSES,GKE Corp Ltd,Industrials,Integrated Freight & Logistics,,SGD,Free Cash Flow/Share,,0.00,-0.03,-0.04,0.01,0.0,0.04,0.02,0.03,0.02,0.02,,0.02
596,XSES,Pavillon Holdings Ltd,Consumer Cyclical,Restaurants,,SGD,Operating Cash Flow Growth % YOY,,-,-,-,405.41,-,-,-,205.0,-9.7,-93.90,,-
596,XSES,Pavillon Holdings Ltd,Consumer Cyclical,Restaurants,,SGD,Free Cash Flow Growth % YOY,,-,-,-,826.89,-,-,-,662.78,-5.14,-,,-
596,XSES,Pavillon Holdings Ltd,Consumer Cyclical,Restaurants,,SGD,Free Cash Flow/Sales %,,-117.86,-91.16,9.47,97.13,-16.91,-11.93,2.47,17.12,16.54,-11.70,,-11.70
596,XSES,Pavillon Holdings Ltd,Consumer Cyclical,Restaurants,,SGD,Free Cash Flow/Net Income,,-20.85,9.08,-0.12,37.54,0.35,0.07,-0.60,-0.66,0.9,0.16,,0.16
596,XSES,Pavillon Holdings Ltd,Consumer Cyclical,Restaurants,,SGD,Free Cash Flow/Share,,-0.03,-0.04,-0.05,0.04,0.00,0.00,0.00,0.0,0.0,0.00,,0.00
5AB,XSES,Trek 2000 International Ltd,Technology,Communication Equipment,,SGD,Operating Cash Flow Growth % YOY,,6.27,71.83,-,-,-,-,-,-,-,-,,-
5AB,XSES,Trek 2000 International Ltd,Technology,Communication Equipment,,SGD,Free Cash Flow Growth % YOY,,147.22,106.53,-,-,-,-,-,-,-,-,,-
5AB,XSES,Trek 2000 International Ltd,Technology,Communication Equipment,,SGD,Free Cash Flow/Sales %,,4.48,13.63,-24.64,6.59,-22.66,0.88,-51.29,17.12,-38.55,36.49,,36.49
5AB,XSES,Trek 2000 International Ltd,Technology,Communication Equipment,,SGD,Free Cash Flow/Net Income,,1.22,2.94,2.01,-1.22,4.53,-0.27,0.64,1.07,-22.87,1.56,,1.56
5AB,XSES,Trek 2000 International Ltd,Technology,Communication Equipment,,SGD,Free Cash Flow/Share,,-,0.06,-0.02,0.00,-0.01,0.00,-0.02,0.00,-0.03,0.04,,0.04
5AE,XSES,Pollux Properties Ltd,Real Estate,Real Estate Services,,SGD,Operating Cash Flow Growth % YOY,,-,-27.59,196.08,-87.59,96.23,-42.28,203.55,-2.87,-7.07,3.1,,-
5AE,XSES,Pollux Properties Ltd,Real Estate,Real Estate Services,,SGD,Free Cash Flow Growth % YOY,,-,-26.17,191.49,-87.45,96.53,-42.95,-,-,1.6,-34.92,,-
5AE,XSES,Pollux Properties Ltd,Real Estate,Real Estate Services,,SGD,Free Cash Flow/Sales %,,27.63,32.96,187.56,25.6,47.28,29.0,-79.48,50.20,52.55,33.76,,33.76
5AE,XSES,Pollux Properties Ltd,Real Estate,Real Estate Services,,SGD,Free Cash Flow/Net Income,,8.05,3.82,0.55,0.75,3.14,0.66,-1.69,3.52,17.7,2.52,,2.52
5AE,XSES,Pollux Properties Ltd,Real Estate,Real Estate Services,,SGD,Free Cash Flow/Share,,0.00,0.04,-0.01,0.02,0.0,0.0,0.00,-0.01,0.0,0.0,,0.00
5AI,XSES,H2G Green Ltd,Consumer Cyclical,"Furnishings, Fixtures & Appliances",,SGD,Operating Cash Flow Growth % YOY,,-,-,-,-,-,-,-,-,-,-,,-
5AI,XSES,H2G Green Ltd,Consumer Cyclical,"Furnishings, Fixtures & Appliances",,SGD,Free Cash Flow Growth % YOY,,-,-,-,-,-,-,-,-,-,-,,-
5AI,XSES,H2G Green Ltd,Consumer Cyclical,"Furnishings, Fixtures & Appliances",,SGD,Free Cash Flow/Sales %,,-6.60,-3.02,-25.80,-7.11,-18.25,-46.17,-30.02,-34.22,-102.40,-52.36,,-57.69
5AI,XSES,H2G Green Ltd,Consumer Cyclical,"Furnishings, Fixtures & Appliances",,SGD,Free Cash Flow/Net Income,,0.37,5.51,2.14,0.52,1.84,0.69,0.78,1.41,1.79,2.11,,1.43
5AI,XSES,H2G Green Ltd,Consumer Cyclical,"Furnishings, Fixtures & Appliances",,SGD,Free Cash Flow/Share,,0.00,-0.01,0.00,-0.01,0.00,0.00,-0.01,0.00,-0.01,-0.01,,-0.01
5AU,XSES,AP Oil International Ltd,Energy,Oil & Gas Refining & Marketing,,SGD,Operating Cash Flow Growth % YOY,,1377.40,-85.6,224.16,-57.23,110.29,-,-,31.61,-17.41,8.81,,-
5AU,XSES,AP Oil International Ltd,Energy,Oil & Gas Refining & Marketing,,SGD,Free Cash Flow Growth % YOY,,-,-90.33,88.3,-,-,-,-,-,209.73,74.26,,-
5AU,XSES,AP Oil International Ltd,Energy,Oil & Gas Refining & Marketing,,SGD,Free Cash Flow/Sales %,,8.93,0.74,1.64,-8.21,4.81,-2.61,-0.21,0.80,2.09,3.52,,3.52
5AU,XSES,AP Oil International Ltd,Energy,Oil & Gas Refining & Marketing,,SGD,Free Cash Flow/Net Income,,2.02,0.28,0.67,-2.20,1.28,-0.53,-0.12,0.71,0.56,1.26,,1.26
5AU,XSES,AP Oil International Ltd,Energy,Oil & Gas Refining & Marketing,,SGD,Free Cash Flow/Share,,0.03,0.02,0.0,-0.03,0.01,0.01,-0.01,0.00,0.02,0.01,,0.01
5BI,XSES,Polaris Ltd,Consumer Cyclical,Specialty Retail,,SGD,Operating Cash Flow Growth % YOY,,-21.62,-94.76,-,-,-,-,-,-,-,-,,-
5BI,XSES,Polaris Ltd,Consumer Cyclical,Specialty Retail,,SGD,Free Cash Flow Growth % YOY,,-21.11,-,-,-,-,-,-,-,-,-,,-
5BI,XSES,Polaris Ltd,Consumer Cyclical,Specialty Retail,,SGD,Free Cash Flow/Sales %,,4.66,-0.18,-3.44,-6.77,-0.98,-5.90,-9.29,-15.09,-4.84,-5.73,,-5.73
5BI,XSES,Polaris Ltd,Consumer Cyclical,Specialty Retail,,SGD,Free Cash Flow/Net Income,,3.95,-0.15,-3.49,-17.95,0.98,8.00,1.83,1.67,0.60,1.38,,1.38
5BI,XSES,Polaris Ltd,Consumer Cyclical,Specialty Retail,,SGD,Free Cash Flow/Share,,0.0,0.00,0.00,0.00,0.00,0.00,0.00,0.00,0.00,0.00,,0.00
5CF,XSES,OKP Holdings Ltd,Industrials,Engineering & Construction,,SGD,Operating Cash Flow Growth % YOY,,39.56,-38.11,-,-,-,-,-,-,-22.49,-25.62,,-
5CF,XSES,OKP Holdings Ltd,Industrials,Engineering & Construction,,SGD,Free Cash Flow Growth % YOY,,40.23,-44.72,-,-,-,-,-,-,-22.74,-25.21,,-
5CF,XSES,OKP Holdings Ltd,Industrials,Engineering & Construction,,SGD,Free Cash Flow/Sales %,,23.64,12.38,-4.53,-3.12,12.82,-10.45,-10.45,43.85,29.9,18.19,,18.19
5CF,XSES,OKP Holdings Ltd,Industrials,Engineering & Construction,,SGD,Free Cash Flow/Net Income,,1.83,1.14,-0.63,6.71,2.71,-6.21,12.07,1.58,1.61,0.92,,0.92
5CF,XSES,OKP Holdings Ltd,Industrials,Engineering & Construction,,SGD,Free Cash Flow/Share,,0.04,0.02,0.02,-0.02,0.02,-0.01,-0.02,0.08,0.07,0.09,,0.09
5CR,XSES,Asiatic Group (Holdings) Ltd,Utilities,Utilities - Independent Power Producers,,SGD,Operating Cash Flow Growth % YOY,,-54.46,143.45,-,-,-,51.11,-71.24,574.93,-44.29,37.29,,-
5CR,XSES,Asiatic Group (Holdings) Ltd,Utilities,Utilities - Independent Power Producers,,SGD,Free Cash Flow Growth % YOY,,-,188.54,-,-,-,40.97,-81.53,1037.08,-41.03,29.98,,-
5CR,XSES,Asiatic Group (Holdings) Ltd,Utilities,Utilities - Independent Power Producers,,SGD,Free Cash Flow/Sales %,,2.75,7.68,-4.04,-3.60,4.49,7.2,1.53,15.44,8.37,11.26,,10.51
5CR,XSES,Asiatic Group (Holdings) Ltd,Utilities,Utilities - Independent Power Producers,,SGD,Free Cash Flow/Net Income,,3.82,33.56,-1.66,0.07,-0.16,-0.82,-0.07,-1.21,3.4,2.47,,4.52
5CR,XSES,Asiatic Group (Holdings) Ltd,Utilities,Utilities - Independent Power Producers,,SGD,Free Cash Flow/Share,,0.00,0.0,0.00,0.00,0.00,0.0,0.0,0.0,0.0,0.0,,0.00
5DD,XSES,Micro-Mechanics (Holdings) Ltd,Technology,Semiconductor Equipment & Materials,,SGD,Operating Cash Flow Growth % YOY,,15.3,10.93,23.87,-14.04,-2.44,36.74,-1.86,-29.83,-17.64,25.4,,-
5DD,XSES,Micro-Mechanics (Holdings) Ltd,Technology,Semiconductor Equipment & Materials,,SGD,Free Cash Flow Growth % YOY,,32.33,6.42,-20.82,53.97,-4.78,25.39,7.37,-29.3,-15.65,38.95,,-
5DD,XSES,Micro-Mechanics (Holdings) Ltd,Technology,Semiconductor Equipment & Materials,,SGD,Free Cash Flow/Sales %,,23.84,22.72,15.81,26.27,23.5,25.66,24.64,21.43,20.93,25.82,,22.99
5DD,XSES,Micro-Mechanics (Holdings) Ltd,Technology,Semiconductor Equipment & Materials,,SGD,Free Cash Flow/Net Income,,1.03,0.88,0.6,1.22,1.03,1.05,1.03,1.47,1.51,1.36,,1.18
5DD,XSES,Micro-Mechanics (Holdings) Ltd,Technology,Semiconductor Equipment & Materials,,SGD,Free Cash Flow/Share,,0.08,0.09,0.08,0.11,0.09,0.14,0.14,0.12,0.08,0.11,,0.12
5DM,XSES,Ying Li International Real Estate Ltd,Real Estate,Real Estate Services,,SGD,Operating Cash Flow Growth % YOY,,-,-,887.32,-9.6,-,-,-,2205.79,-65.5,15.63,,-
5DM,XSES,Ying Li International Real Estate Ltd,Real Estate,Real Estate Services,,SGD,Free Cash Flow Growth % YOY,,-,-,895.3,-9.66,-,-,-,2362.17,-65.72,16.39,,-
5DM,XSES,Ying Li International Real Estate Ltd,Real Estate,Real Estate Services,,SGD,Free Cash Flow/Sales %,,-20.84,8.24,109.84,226.99,-54.64,-19.45,3.74,73.39,26.22,30.48,,30.48
5DM,XSES,Ying Li International Real Estate Ltd,Real Estate,Real Estate Services,,SGD,Free Cash Flow/Net Income,,-2.57,0.26,3.6,-1.56,0.67,0.18,-0.02,9.07,-0.29,9.48,,9.48
5DM,XSES,Ying Li International Real Estate Ltd,Real Estate,Real Estate Services,,SGD,Free Cash Flow/Share,,-0.05,0.01,0.06,0.06,-0.02,-0.01,-0.01,0.01,0.01,0.0,,0.00
5DO,XSES,Sakae Holdings Ltd,Consumer Cyclical,Restaurants,,SGD,Operating Cash Flow Growth % YOY,,-,,,-,-,-29.3,-70.04,65.46,-47.44,-81.33,,-
5DO,XSES,Sakae Holdings Ltd,Consumer Cyclical,Restaurants,,SGD,Free Cash Flow Growth % YOY,,-,,,-,-,-26.17,-79.59,122.72,-73.3,-,,-
5DO,XSES,Sakae Holdings Ltd,Consumer Cyclical,Restaurants,,SGD,Free Cash Flow/Sales %,,-5.84,,,-4.26,15.55,17.03,4.28,9.6,3.03,-0.77,,14.21
5DO,XSES,Sakae Holdings Ltd,Consumer Cyclical,Restaurants,,SGD,Free Cash Flow/Net Income,,0.40,,,0.14,-8.13,1.55,0.69,1.27,-0.13,0.02,,-0.42
5DO,XSES,Sakae Holdings Ltd,Consumer Cyclical,Restaurants,,SGD,Free Cash Flow/Share,,-0.07,,,-0.02,-0.01,0.05,0.01,0.0,0.01,0.00,,0.00
5DP,XSES,Heeton Holdings Ltd,Consumer Cyclical,Lodging,,SGD,Operating Cash Flow Growth % YOY,,-,-,-62.93,-25.49,-,-,-,-,-,-,,-
5DP,XSES,Heeton Holdings Ltd,Consumer Cyclical,Lodging,,SGD,Free Cash Flow Growth % YOY,,-,-,-,-,-,-,-,-,-,-,,-
5DP,XSES,Heeton Holdings Ltd,Consumer Cyclical,Lodging,,SGD,Free Cash Flow/Sales %,,-53.58,49.89,-161.48,-250.59,-202.29,-49.33,2.22,-50.09,-54.41,-9.86,,-9.86
5DP,XSES,Heeton Holdings Ltd,Consumer Cyclical,Lodging,,SGD,Free Cash Flow/Net Income,,-2.89,0.40,-5.05,-12.32,8.21,-1.33,0.65,10.69,30.93,0.86,,0.86
5DP,XSES,Heeton Holdings Ltd,Consumer Cyclical,Lodging,,SGD,Free Cash Flow/Share,,-0.09,0.03,-0.13,-0.33,-0.10,-0.08,-0.04,-0.05,-0.02,-0.10,,-0.10
5DS,XSES,Megachem Ltd,Basic Materials,Specialty Chemicals,,SGD,Operating Cash Flow Growth % YOY,,-49.78,-,-,153.28,-7.24,-,-,-,-30.17,-48.84,,-
5DS,XSES,Megachem Ltd,Basic Materials,Specialty Chemicals,,SGD,Free Cash Flow Growth % YOY,,-47.07,-,-,230.61,-46.21,-,-,-,-43.2,-,,-
5DS,XSES,Megachem Ltd,Basic Materials,Specialty Chemicals,,SGD,Free Cash Flow/Sales %,,2.99,-1.58,1.58,5.4,3.14,-8.13,-3.23,11.90,6.45,-6.90,,-6.90
5DS,XSES,Megachem Ltd,Basic Materials,Specialty Chemicals,,SGD,Free Cash Flow/Net Income,,1.46,-0.40,0.46,1.6,0.65,-1.45,-0.79,-2.48,1.05,-2.24,,-2.24
5DS,XSES,Megachem Ltd,Basic Materials,Specialty Chemicals,,SGD,Free Cash Flow/Share,,0.03,0.01,-0.01,0.03,0.07,-0.08,-0.07,0.09,0.05,0.02,,0.02
5DX,XSES,Meta Health Ltd,Healthcare,Medical Care Facilities,,SGD,Operating Cash Flow Growth % YOY,,-77.48,-,-,-,-91.1,-39.49,-,-,-,-,,-
5DX,XSES,Meta Health Ltd,Healthcare,Medical Care Facilities,,SGD,Free Cash Flow Growth % YOY,,-92.32,-,-,-,-96.82,-,-,-,-,-,,-
5DX,XSES,Meta Health Ltd,Healthcare,Medical Care Facilities,,SGD,Free Cash Flow/Sales %,,0.51,-4.80,-6.71,5.82,0.26,-0.19,-8.11,-57.46,-446.35,-69.28,,-17.89
5DX,XSES,Meta Health Ltd,Healthcare,Medical Care Facilities,,SGD,Free Cash Flow/Net Income,,-0.09,0.31,0.57,13.08,-0.04,-0.01,0.31,0.32,0.76,0.75,,0.20
5DX,XSES,Meta Health Ltd,Healthcare,Medical Care Facilities,,SGD,Free Cash Flow/Share,,0.0,0.01,-0.01,0.00,0.01,0.00,0.00,0.00,0.00,0.00,,0.00
5EB,XSES,CFM Holdings Ltd,Industrials,Metal Fabrication,,SGD,Operating Cash Flow Growth % YOY,,-,-88.34,17.14,-,-,-47.73,149.29,40.48,28.04,-65.14,,-
5EB,XSES,CFM Holdings Ltd,Industrials,Metal Fabrication,,SGD,Free Cash Flow Growth % YOY,,-,-94.2,176.54,-,-,-52.76,197.6,-40.17,130.44,-,,-
5EB,XSES,CFM Holdings Ltd,Industrials,Metal Fabrication,,SGD,Free Cash Flow/Sales %,,5.45,0.38,0.99,-1.83,7.09,2.82,6.46,3.49,8.09,-0.92,,-2.00
5EB,XSES,CFM Holdings Ltd,Industrials,Metal Fabrication,,SGD,Free Cash Flow/Net Income,,-0.35,-0.04,-0.28,-1.28,-1.76,1.4,0.92,0.1,1.33,0.70,,0.47
5EB,XSES,CFM Holdings Ltd,Industrials,Metal Fabrication,,SGD,Free Cash Flow/Share,,-0.01,0.0,0.0,0.00,0.00,0.0,0.0,0.01,0.01,0.01,,0.00
5EF,XSES,Adventus Holdings Ltd,Industrials,Conglomerates,,SGD,Operating Cash Flow Growth % YOY,,-,35.86,-76.57,-,-,-,-,-,-,-,,-
5EF,XSES,Adventus Holdings Ltd,Industrials,Conglomerates,,SGD,Free Cash Flow Growth % YOY,,-,-,-,-,-,-,-,-,-,-,,-
5EF,XSES,Adventus Holdings Ltd,Industrials,Conglomerates,,SGD,Free Cash Flow/Sales %,,170.42,-,-,-,-,-,-,-259.28,-36.85,27.18,,27.18
5EF,XSES,Adventus Holdings Ltd,Industrials,Conglomerates,,SGD,Free Cash Flow/Net Income,,1.59,0.62,15.75,19.05,15.23,12.99,6.38,2.24,0.57,-0.55,,-0.55
5EF,XSES,Adventus Holdings Ltd,Industrials,Conglomerates,,SGD,Free Cash Flow/Share,,-0.01,0.00,0.00,-0.01,-0.01,-0.01,0.00,-0.01,0.00,0.00,,0.00
5EG,XSES,Zhongxin Fruit and Juice Ltd,Consumer Defensive,Beverages - Non-Alcoholic,,SGD,Operating Cash Flow Growth % YOY,,-21.44,-76.35,-67.66,-,-,-,343.62,-,-,-,,-
5EG,XSES,Zhongxin Fruit and Juice Ltd,Consumer Defensive,Beverages - Non-Alcoholic,,SGD,Free Cash Flow Growth % YOY,,-20.43,-95.35,-,-,-,-,488.87,-,-,-,,-
5EG,XSES,Zhongxin Fruit and Juice Ltd,Consumer Defensive,Beverages - Non-Alcoholic,,SGD,Free Cash Flow/Sales %,,17.69,0.82,-4.63,-2.34,-28.93,6.82,37.03,-13.63,8.78,-24.85,,3.46
5EG,XSES,Zhongxin Fruit and Juice Ltd,Consumer Defensive,Beverages - Non-Alcoholic,,SGD,Free Cash Flow/Net Income,,11.86,0.21,-1.05,-0.56,-15.08,-2.30,1.11,-2.62,5.26,-2.00,,0.27
5EG,XSES,Zhongxin Fruit and Juice Ltd,Consumer Defensive,Beverages - Non-Alcoholic,,SGD,Free Cash Flow/Share,,0.01,0.0,-,0.00,-0.01,-0.01,0.01,0.00,0.00,-0.01,,-0.01
5EV,XSES,Hosen Group Ltd,Consumer Defensive,Food Distribution,,SGD,Operating Cash Flow Growth % YOY,,-90.73,1042.45,-27.83,-98.96,-,-56.68,-,-,-74.2,249.31,,-
5EV,XSES,Hosen Group Ltd,Consumer Defensive,Food Distribution,,SGD,Free Cash Flow Growth % YOY,,-,-,-35.46,-,-,-59.24,-,-,-86.13,373.23,,-
5EV,XSES,Hosen Group Ltd,Consumer Defensive,Food Distribution,,SGD,Free Cash Flow/Sales %,,-0.24,5.14,3.28,-10.05,10.21,4.37,-4.79,10.44,1.34,6.63,,6.63
5EV,XSES,Hosen Group Ltd,Consumer Defensive,Food Distribution,,SGD,Free Cash Flow/Net Income,,-0.16,4.62,2.51,7.23,2.50,1.23,-2.92,7.13,0.49,1.44,,1.44
5EV,XSES,Hosen Group Ltd,Consumer Defensive,Food Distribution,,SGD,Free Cash Flow/Share,,0.00,0.00,0.01,-0.01,0.00,0.02,0.01,0.01,0.01,0.0,,0.00
5EW,XSES,Sevens Atelier Ltd,Industrials,Engineering & Construction,,SGD,Operating Cash Flow Growth % YOY,,-27.82,-30.60,-22.58,304.90,-,-,-,-,-,-,,-
5EW,XSES,Sevens Atelier Ltd,Industrials,Engineering & Construction,,SGD,Free Cash Flow Growth % YOY,,-,-,-,-,-,-,-,-,-,-,,-
5EW,XSES,Sevens Atelier Ltd,Industrials,Engineering & Construction,,SGD,Free Cash Flow/Sales %,,4.11,-6.74,-7.32,15.64,-11.81,-7.46,35.69,-3.85,-13.13,5.74,,5.74
5EW,XSES,Sevens Atelier Ltd,Industrials,Engineering & Construction,,SGD,Free Cash Flow/Net Income,,5.09,146.18,1.52,8.96,10.88,3.50,-0.59,0.14,-3.84,-0.09,,-0.09
5EW,XSES,Sevens Atelier Ltd,Industrials,Engineering & Construction,,SGD,Free Cash Flow/Share,,0.00,0.02,-0.01,0.00,0.01,-0.01,0.00,0.00,-0.01,0.00,,0.00
5F4,XSES,Figtree Holdings Ltd,Real Estate,Real Estate - Development,,SGD,Operating Cash Flow Growth % YOY,,-,-,-,-,-,-,-,-,-,-,,-
5F4,XSES,Figtree Holdings Ltd,Real Estate,Real Estate - Development,,SGD,Free Cash Flow Growth % YOY,,-,-,-,-,-,-,-,-,-,-,,-
5F4,XSES,Figtree Holdings Ltd,Real Estate,Real Estate - Development,,SGD,Free Cash Flow/Sales %,,11.97,-72.53,-154.34,-84.27,-29.29,-51.31,-14.34,-15.08,10.65,-78.83,,-78.83
5F4,XSES,Figtree Holdings Ltd,Real Estate,Real Estate - Development,,SGD,Free Cash Flow/Net Income,,0.67,-2.29,6.12,188.45,2.29,1.53,0.72,0.48,-0.29,0.55,,0.55
5F4,XSES,Figtree Holdings Ltd,Real Estate,Real Estate - Development,,SGD,Free Cash Flow/Share,,0.02,-0.04,-0.01,-0.05,0.00,-0.01,-0.01,-0.01,-0.01,0.00,,0.00
5F7,XSES,Wilton Resources Corp Ltd,Basic Materials,Gold,,SGD,Operating Cash Flow Growth % YOY,-,-,-,-,-,-,-,-,-,-,,,-
5F7,XSES,Wilton Resources Corp Ltd,Basic Materials,Gold,,SGD,Free Cash Flow Growth % YOY,-,-,-,-,-,-,-,-,-,-,,,-
5F7,XSES,Wilton Resources Corp Ltd,Basic Materials,Gold,,SGD,Free Cash Flow/Sales %,-,-,-,-2883.06,-4638.45,-1391.27,-1626.94,-1258.84,-1603.93,-2882.70,,,-2204.65
5F7,XSES,Wilton Resources Corp Ltd,Basic Materials,Gold,,SGD,Free Cash Flow/Net Income,2.31,1.68,1.27,1.58,0.75,1.02,-5.17,0.45,1.72,0.16,,,0.22
5F7,XSES,Wilton Resources Corp Ltd,Basic Materials,Gold,,SGD,Free Cash Flow/Share,0.00,0.00,0.00,-0.01,-0.01,-0.01,0.00,0.00,0.00,0.00,,,0.00
5FW,XSES,Acesian Partners Ltd,Industrials,Specialty Industrial Machinery,,SGD,Operating Cash Flow Growth % YOY,,-,-,-,-,-,501.88,97.4,-78.45,-,-,,-
5FW,XSES,Acesian Partners Ltd,Industrials,Specialty Industrial Machinery,,SGD,Free Cash Flow Growth % YOY,,-,-,-,-,-,751.58,100.13,-78.53,-,-,,-
5FW,XSES,Acesian Partners Ltd,Industrials,Specialty Industrial Machinery,,SGD,Free Cash Flow/Sales %,,-2.52,-35.60,5.10,-12.16,6.30,34.51,26.8,13.91,-3.41,-26.33,,-26.33
5FW,XSES,Acesian Partners Ltd,Industrials,Specialty Industrial Machinery,,SGD,Free Cash Flow/Net Income,,0.51,1.77,0.93,0.21,26.46,2.73,1.29,0.29,-0.53,0.64,,0.64
5FW,XSES,Acesian Partners Ltd,Industrials,Specialty Industrial Machinery,,SGD,Free Cash Flow/Share,,0.00,-0.01,0.00,0.00,0.00,0.0,0.01,0.02,0.00,0.00,,0.00
5FX,XSES,New Wave Holdings Ltd,Basic Materials,Aluminum,,SGD,Operating Cash Flow Growth % YOY,,-,291.27,-,-,-,-,-,-,89.93,-94.79,,-
5FX,XSES,New Wave Holdings Ltd,Basic Materials,Aluminum,,SGD,Free Cash Flow Growth % YOY,,-,346.43,-,-,-,-,-,-,93.68,-96.27,,-
5FX,XSES,New Wave Holdings Ltd,Basic Materials,Aluminum,,SGD,Free Cash Flow/Sales %,,3.75,19.76,-15.83,-11.62,1.75,-2.66,-13.74,5.74,17.19,0.57,,0.16
5FX,XSES,New Wave Holdings Ltd,Basic Materials,Aluminum,,SGD,Free Cash Flow/Net Income,,-0.59,-3.03,-1.86,1.35,-0.12,0.56,-2.52,-2.27,-0.6,-0.05,,-0.01
5FX,XSES,New Wave Holdings Ltd,Basic Materials,Aluminum,,SGD,Free Cash Flow/Share,,0.00,0.0,0.00,0.00,0.00,0.00,0.00,0.00,0.0,0.0,,0.00
5G1,XSES,EuroSports Global Ltd,Consumer Cyclical,Auto & Truck Dealerships,,SGD,Operating Cash Flow Growth % YOY,,-,-,-51.94,-10.0,-36.19,42.61,-37.12,-,-,-,,-
5G1,XSES,EuroSports Global Ltd,Consumer Cyclical,Auto & Truck Dealerships,,SGD,Free Cash Flow Growth % YOY,,-,-,-68.99,9.39,-65.17,142.31,-80.65,-,-,-,,-
5G1,XSES,EuroSports Global Ltd,Consumer Cyclical,Auto & Truck Dealerships,,SGD,Free Cash Flow/Sales %,,-36.29,28.90,7.56,5.34,2.22,8.82,1.54,-11.64,-29.21,-9.78,,-7.56
5G1,XSES,EuroSports Global Ltd,Consumer Cyclical,Auto & Truck Dealerships,,SGD,Free Cash Flow/Net Income,,5.13,-1.90,-1.2,7.83,0.83,-1.18,-0.64,1.79,0.95,0.91,,2.19
5G1,XSES,EuroSports Global Ltd,Consumer Cyclical,Auto & Truck Dealerships,,SGD,Free Cash Flow/Share,,-0.09,-0.03,0.04,0.02,0.03,0.0,0.0,0.00,-0.03,-0.02,,-0.03
5G2,XSES,Kim Heng Ltd,Energy,Oil & Gas Equipment & Services,,SGD,Operating Cash Flow Growth % YOY,,-6.04,-,-,-,-26.98,2.30,416.46,-70.34,279.66,-15.95,,-
5G2,XSES,Kim Heng Ltd,Energy,Oil & Gas Equipment & Services,,SGD,Free Cash Flow Growth % YOY,,-,-,-,-,-,-,-,-,-,-,,-
5G2,XSES,Kim Heng Ltd,Energy,Oil & Gas Equipment & Services,,SGD,Free Cash Flow/Sales %,,-10.27,-68.63,-23.06,5.73,-19.72,-8.11,8.27,-5.73,8.04,-0.55,,-0.55
5G2,XSES,Kim Heng Ltd,Energy,Oil & Gas Equipment & Services,,SGD,Free Cash Flow/Net Income,,0.18,1.23,0.65,-0.43,1.41,0.87,0.90,-3.70,36.55,0.08,,0.08
5G2,XSES,Kim Heng Ltd,Energy,Oil & Gas Equipment & Services,,SGD,Free Cash Flow/Share,,0.00,-0.02,-0.01,0.00,0.00,-0.02,-0.01,0.01,0.00,0.02,,0.02
5G9,XSES,Tritech Group Ltd,Industrials,Engineering & Construction,,SGD,Operating Cash Flow Growth % YOY,,-,-,-,-,-,156.57,13.19,-,-,-,,-
5G9,XSES,Tritech Group Ltd,Industrials,Engineering & Construction,,SGD,Free Cash Flow Growth % YOY,,-,-,-,-,-,616.98,24.22,-,-,-,,-
5G9,XSES,Tritech Group Ltd,Industrials,Engineering & Construction,,SGD,Free Cash Flow/Sales %,,-2.17,-11.50,-3.96,-16.92,6.43,21.45,22.2,-19.15,-0.40,-3.16,,-8.32
5G9,XSES,Tritech Group Ltd,Industrials,Engineering & Construction,,SGD,Free Cash Flow/Net Income,,0.10,0.45,0.24,0.25,-0.06,-1.07,-6.04,0.44,0.05,-22.07,,0.64
5G9,XSES,Tritech Group Ltd,Industrials,Engineering & Construction,,SGD,Free Cash Flow/Share,,0.00,0.00,-0.01,0.00,-0.01,0.01,0.0,0.00,0.00,0.00,,0.00
5GD,XSES,Sunpower Group Ltd,Utilities,Utilities - Independent Power Producers,,SGD,Operating Cash Flow Growth % YOY,,278.39,-80.03,141.32,110.64,17.43,-56.46,36.72,51.79,34.34,27.22,,-
5GD,XSES,Sunpower Group Ltd,Utilities,Utilities - Independent Power Producers,,SGD,Free Cash Flow Growth % YOY,,-,-,-,-,-,-,-,-,548.15,43.82,,-
5GD,XSES,Sunpower Group Ltd,Utilities,Utilities - Independent Power Producers,,SGD,Free Cash Flow/Sales %,,-12.61,-24.89,-3.88,-5.31,-1.34,-25.49,-6.70,2.09,13.15,19.87,,19.87
5GD,XSES,Sunpower Group Ltd,Utilities,Utilities - Independent Power Producers,,SGD,Free Cash Flow/Net Income,,-1.44,-3.36,-0.39,-1.39,0.98,-0.89,-1.67,0.40,3.86,2.12,,2.12
5GD,XSES,Sunpower Group Ltd,Utilities,Utilities - Independent Power Producers,,SGD,Free Cash Flow/Share,,-0.03,-0.11,-0.02,-0.04,-0.07,-0.07,-0.09,-0.01,0.08,0.13,,0.13
5GI,XSES,Interra Resources Ltd,Energy,Oil & Gas E&P,,SGD,Operating Cash Flow Growth % YOY,,-,-,61.95,-27.09,-39.75,81.90,267.71,-35.24,-67.6,14.19,,-
5GI,XSES,Interra Resources Ltd,Energy,Oil & Gas E&P,,SGD,Free Cash Flow Growth % YOY,,-,-,-,-,-,-,863.6,-58.52,-63.23,83.82,,-
5GI,XSES,Interra Resources Ltd,Energy,Oil & Gas E&P,,SGD,Free Cash Flow/Sales %,,-10.73,-5.99,-28.31,-23.19,-4.42,8.53,40.16,21.33,8.76,23.07,,23.07
5GI,XSES,Interra Resources Ltd,Energy,Oil & Gas E&P,,SGD,Free Cash Flow/Net Income,,0.20,-0.52,-4.97,7.61,0.41,0.40,1.03,1.62,0.36,-0.13,,-0.13
5GI,XSES,Interra Resources Ltd,Energy,Oil & Gas E&P,,SGD,Free Cash Flow/Share,,0.00,0.00,-0.02,0.00,-0.01,0.00,0.01,0.02,0.01,-,,-
5GZ,XSES,HGH Holdings Ltd,Industrials,Electrical Equipment & Parts,,SGD,Operating Cash Flow Growth % YOY,,-28.98,271.4,-65.38,421.91,-91.28,141.69,-29.27,130.02,11.12,-,,-
5GZ,XSES,HGH Holdings Ltd,Industrials,Electrical Equipment & Parts,,SGD,Free Cash Flow Growth % YOY,,-47.18,247.72,-47.6,509.88,-92.35,122.11,-,-,-,-,,-
5GZ,XSES,HGH Holdings Ltd,Industrials,Electrical Equipment & Parts,,SGD,Free Cash Flow/Sales %,,4.77,25.46,7.62,38.09,5.96,7.71,-1.64,13.53,-12.10,-5.60,,-5.60
5GZ,XSES,HGH Holdings Ltd,Industrials,Electrical Equipment & Parts,,SGD,Free Cash Flow/Net Income,,-0.67,0.1,-0.26,-1.54,-0.16,-0.68,0.24,-8.83,12.91,-0.59,,-0.59
5GZ,XSES,HGH Holdings Ltd,Industrials,Electrical Equipment & Parts,,SGD,Free Cash Flow/Share,,0.0,0.0,0.0,0.0,0.0,0.0,0.00,0.00,0.00,0.00,,0.00
5HG,XSES,,,,,SGD,Operating Cash Flow Growth % YOY,,-,-,-,-,-,-,-,-,-,-,,-
5HG,XSES,,,,,SGD,Free Cash Flow Growth % YOY,,-,-,-,-,-,-,-,-,-,-,,-
5HG,XSES,,,,,SGD,Free Cash Flow/Sales %,,-2800.74,-874.63,-11821.74,-2021.62,-1005.45,-2673.93,-2078.57,-620.66,-278.60,-264.93,,-264.93
5HG,XSES,,,,,SGD,Free Cash Flow/Net Income,,1.28,2.85,1.97,0.37,0.61,1.73,1.20,0.61,0.61,0.65,,0.65
5HG,XSES,,,,,SGD,Free Cash Flow/Share,,0.00,0.00,0.00,0.00,0.00,0.00,0.00,0.00,0.00,0.00,,0.00
5HH,XSES,Prospera Global Ltd,Consumer Cyclical,Lodging,,SGD,Operating Cash Flow Growth % YOY,,-,-,-,-,-,-,-,-,-,-,,-
5HH,XSES,Prospera Global Ltd,Consumer Cyclical,Lodging,,SGD,Free Cash Flow Growth % YOY,,-,-,-,-,-,-,-,-,-,-,,-
5HH,XSES,Prospera Global Ltd,Consumer Cyclical,Lodging,,SGD,Free Cash Flow/Sales %,,-22.99,831.01,-389.54,-165.79,-67.01,-365.58,-418.72,-147.19,-284.69,-9.24,,-9.24
5HH,XSES,Prospera Global Ltd,Consumer Cyclical,Lodging,,SGD,Free Cash Flow/Net Income,,7.65,-0.51,0.58,0.27,0.11,0.74,1.46,0.66,0.57,0.47,,0.47
5HH,XSES,Prospera Global Ltd,Consumer Cyclical,Lodging,,SGD,Free Cash Flow/Share,,-0.02,-0.02,0.02,-0.01,0.00,-0.01,-0.01,-0.01,0.00,-0.01,,-0.01
5HV,XSES,Koh Brothers Eco Engineering Ltd,Industrials,Engineering & Construction,,SGD,Operating Cash Flow Growth % YOY,,-73.45,-,-,-,-64.41,-,-,485.97,-,-,,-
5HV,XSES,Koh Brothers Eco Engineering Ltd,Industrials,Engineering & Construction,,SGD,Free Cash Flow Growth % YOY,,-,-,-,-,-,-,-,1082.66,-,-,,-
5HV,XSES,Koh Brothers Eco Engineering Ltd,Industrials,Engineering & Construction,,SGD,Free Cash Flow/Sales %,,-1.01,-2.95,-19.00,-1.25,3.13,-10.44,1.08,15.33,-9.57,8.74,,8.74
5HV,XSES,Koh Brothers Eco Engineering Ltd,Industrials,Engineering & Construction,,SGD,Free Cash Flow/Net Income,,-0.33,-1.25,-11.14,-0.64,-0.48,-9.25,1.05,-1.79,0.84,3.17,,3.17
5HV,XSES,Koh Brothers Eco Engineering Ltd,Industrials,Engineering & Construction,,SGD,Free Cash Flow/Share,,0.01,-0.02,-0.04,-0.03,0.02,-0.01,0.00,0.0,0.00,0.01,,0.01
5I1,XSES,KOP Ltd,Real Estate,Real Estate - Development,,SGD,Operating Cash Flow Growth % YOY,,-,-,-,-,-,-,-,-,-,-19.02,,-
5I1,XSES,KOP Ltd,Real Estate,Real Estate - Development,,SGD,Free Cash Flow Growth % YOY,,-,-,-,-,-,-,-,-,-,-18.81,,-
5I1,XSES,KOP Ltd,Real Estate,Real Estate - Development,,SGD,Free Cash Flow/Sales %,,10.72,-129.26,-51.33,-584.47,-10.53,-68.92,-40.53,-52.64,69.61,65.47,,-31.92
5I1,XSES,KOP Ltd,Real Estate,Real Estate - Development,,SGD,Free Cash Flow/Net Income,,7.58,-17.48,1.76,19.27,1.21,0.59,0.58,0.81,-19.16,-38.72,,1.12
5I1,XSES,KOP Ltd,Real Estate,Real Estate - Development,,SGD,Free Cash Flow/Share,,0.00,-0.02,0.00,-0.03,-0.09,0.00,-0.01,-0.02,0.04,0.05,,0.04
5IC,XSES,SING Holdings Ltd,Real Estate,Real Estate Services,,SGD,Operating Cash Flow Growth % YOY,,-,-,6.18,45.03,-,-,-,-,-,-,,-
5IC,XSES,SING Holdings Ltd,Real Estate,Real Estate Services,,SGD,Free Cash Flow Growth % YOY,,-,-,-,45.05,-,-,-,-,-,-,,-
5IC,XSES,SING Holdings Ltd,Real Estate,Real Estate Services,,SGD,Free Cash Flow/Sales %,,-21.56,-151.95,70.26,24.55,-30.73,-273.02,500.90,-63.15,324.73,-116.21,,-116.21
5IC,XSES,SING Holdings Ltd,Real Estate,Real Estate Services,,SGD,Free Cash Flow/Net Income,,-2.29,-18.96,4.80,1.71,-3.21,-33.80,28.65,-0.46,4.97,-7.17,,-7.17
5IC,XSES,SING Holdings Ltd,Real Estate,Real Estate Services,,SGD,Free Cash Flow/Share,,0.39,-0.62,-0.09,0.1,0.17,-0.82,0.44,0.19,-0.04,0.19,,0.19
5IF,XSES,Natural Cool Holdings Ltd,Industrials,Building Products & Equipment,,SGD,Operating Cash Flow Growth % YOY,,-,-,-,489.57,314.47,-62.03,7.74,20.5,-10.91,98.25,,-
5IF,XSES,Natural Cool Holdings Ltd,Industrials,Building Products & Equipment,,SGD,Free Cash Flow Growth % YOY,,-,-,-,-,665.17,-86.4,66.98,122.73,-15.84,116.31,,-
5IF,XSES,Natural Cool Holdings Ltd,Industrials,Building Products & Equipment,,SGD,Free Cash Flow/Sales %,,3.65,-20.95,-2.48,1.19,10.91,1.21,1.99,4.6,3.97,8.08,,8.08
5IF,XSES,Natural Cool Holdings Ltd,Industrials,Building Products & Equipment,,SGD,Free Cash Flow/Net Income,,-0.42,4.63,-12.75,-0.87,10.32,-0.32,2.15,10.93,3.66,7.42,,7.42
5IF,XSES,Natural Cool Holdings Ltd,Industrials,Building Products & Equipment,,SGD,Free Cash Flow/Share,,-0.06,0.02,-0.09,-0.01,0.05,0.03,-0.01,0.05,0.0,0.03,,0.03
5IG,XSES,Gallant Venture Ltd,Utilities,Utilities - Diversified,,SGD,Operating Cash Flow Growth % YOY,,-15.62,-,-,-,-,-86.93,338.25,1.21,-,-,,-
5IG,XSES,Gallant Venture Ltd,Utilities,Utilities - Diversified,,SGD,Free Cash Flow Growth % YOY,,-,-,-,-,-,-,-,-,-,-,,-
5IG,XSES,Gallant Venture Ltd,Utilities,Utilities - Diversified,,SGD,Free Cash Flow/Sales %,,-4.52,-8.96,-27.32,-23.97,-1.53,-7.25,5.88,-14.12,-42.14,-2.36,,-2.36
5IG,XSES,Gallant Venture Ltd,Utilities,Utilities - Diversified,,SGD,Free Cash Flow/Net Income,,-1.07,1.15,6.79,2.12,0.00,0.19,-0.72,1.74,1.72,-0.48,,-0.48
5IG,XSES,Gallant Venture Ltd,Utilities,Utilities - Diversified,,SGD,Free Cash Flow/Share,,-0.01,0.02,-0.09,-0.12,-0.02,0.00,0.00,0.00,-0.02,0.01,,0.01
5JK,XSES,Hiap Hoe Ltd,Consumer Cyclical,Lodging,,SGD,Operating Cash Flow Growth % YOY,,-,-,-42.43,-43.72,-52.3,51.73,53.49,-33.44,24.42,7.44,,-
5JK,XSES,Hiap Hoe Ltd,Consumer Cyclical,Lodging,,SGD,Free Cash Flow Growth % YOY,,-,-,-47.88,-36.79,-52.89,56.98,52.44,-87.05,-47.46,1204.9,,-
5JK,XSES,Hiap Hoe Ltd,Consumer Cyclical,Lodging,,SGD,Free Cash Flow/Sales %,,-123.50,46.65,32.31,28.96,22.68,30.23,36.16,5.0,2.34,28.38,,28.38
5JK,XSES,Hiap Hoe Ltd,Consumer Cyclical,Lodging,,SGD,Free Cash Flow/Net Income,,-2.25,1.44,-6.1,1.73,-0.49,1.34,-1.96,1.01,0.45,1.26,,1.26
5JK,XSES,Hiap Hoe Ltd,Consumer Cyclical,Lodging,,SGD,Free Cash Flow/Share,,-0.08,-0.18,0.49,0.06,0.07,0.03,0.07,0.1,-0.06,0.07,,0.07
5JS,XSES,Indofood Agri Resources Ltd,Consumer Defensive,Packaged Foods,,SGD,Operating Cash Flow Growth % YOY,,20.38,-5.81,-48.87,66.93,52.65,46.66,-3.5,5.82,-41.47,51.8,,-
5JS,XSES,Indofood Agri Resources Ltd,Consumer Defensive,Packaged Foods,,SGD,Free Cash Flow Growth % YOY,,-,7.68,-,-,-,118.24,-11.86,18.43,-73.69,167.21,,-
5JS,XSES,Indofood Agri Resources Ltd,Consumer Defensive,Packaged Foods,,SGD,Free Cash Flow/Sales %,,4.49,4.44,-4.40,-2.01,7.69,12.36,12.03,15.85,4.18,8.47,,8.47
5JS,XSES,Indofood Agri Resources Ltd,Consumer Defensive,Packaged Foods,,SGD,Free Cash Flow/Net Income,,1.29,1.57,2.79,0.67,55.90,3.22,2.78,4.13,0.6,1.4,,1.40
5JS,XSES,Indofood Agri Resources Ltd,Consumer Defensive,Packaged Foods,,SGD,Free Cash Flow/Share,,0.01,0.13,-0.06,-0.01,0.08,0.07,0.14,0.13,0.13,0.08,,0.08
5KI,XSES,Soup Holdings Ltd,Consumer Cyclical,Restaurants,,SGD,Operating Cash Flow Growth % YOY,,-4.85,4.38,58.83,120.94,-26.46,0.22,27.91,1.09,-24.4,-10.52,,-
5KI,XSES,Soup Holdings Ltd,Consumer Cyclical,Restaurants,,SGD,Free Cash Flow Growth % YOY,,-16.9,-21.67,185.45,137.99,-12.89,-3.1,29.95,-11.3,-38.03,5.1,,-
5KI,XSES,Soup Holdings Ltd,Consumer Cyclical,Restaurants,,SGD,Free Cash Flow/Sales %,,3.99,2.96,7.81,18.88,22.83,23.22,23.78,19.3,12.8,13.77,,13.77
5KI,XSES,Soup Holdings Ltd,Consumer Cyclical,Restaurants,,SGD,Free Cash Flow/Net Income,,1.54,0.62,1.56,10.71,8.19,8.9,6.11,4.82,-1.72,-4.21,,-4.21
5KI,XSES,Soup Holdings Ltd,Consumer Cyclical,Restaurants,,SGD,Free Cash Flow/Share,,0.0,0.0,0.01,0.02,0.02,0.03,0.03,0.03,0.02,0.02,,0.02
5LE,XSES,Sitra Holdings (International) Ltd,Consumer Cyclical,"Furnishings, Fixtures & Appliances",,SGD,Operating Cash Flow Growth % YOY,,-,20.78,-49.26,-,-,-,-,-,-,-,,-
5LE,XSES,Sitra Holdings (International) Ltd,Consumer Cyclical,"Furnishings, Fixtures & Appliances",,SGD,Free Cash Flow Growth % YOY,,-,35.91,-53.91,-,-,-,-,-,-,-,,-
5LE,XSES,Sitra Holdings (International) Ltd,Consumer Cyclical,"Furnishings, Fixtures & Appliances",,SGD,Free Cash Flow/Sales %,,0.79,1.14,0.63,-10.79,-11.02,-4.41,-0.41,-8.38,0.15,-0.82,,-0.82
5LE,XSES,Sitra Holdings (International) Ltd,Consumer Cyclical,"Furnishings, Fixtures & Appliances",,SGD,Free Cash Flow/Net Income,,0.08,-0.07,-0.03,1.83,0.29,4.78,0.03,0.53,-0.02,0.10,,0.10
5LE,XSES,Sitra Holdings (International) Ltd,Consumer Cyclical,"Furnishings, Fixtures & Appliances",,SGD,Free Cash Flow/Share,,0.00,0.0,0.0,0.00,0.00,0.00,0.00,0.00,0.00,0.00,,0.00
5LY,XSES,Marco Polo Marine Ltd,Industrials,Marine Shipping,,SGD,Operating Cash Flow Growth % YOY,,-,-94.62,-,-,-,117.36,224.64,-1.90,34.04,8.21,,-
5LY,XSES,Marco Polo Marine Ltd,Industrials,Marine Shipping,,SGD,Free Cash Flow Growth % YOY,,-,-,-,-,-,-,264.65,-,-,-,,-
5LY,XSES,Marco Polo Marine Ltd,Industrials,Marine Shipping,,SGD,Free Cash Flow/Sales %,,-57.40,2.10,-21.06,-31.76,-9.42,14.31,27.95,-3.36,-19.57,-24.03,,20.17
5LY,XSES,Marco Polo Marine Ltd,Industrials,Marine Shipping,,SGD,Free Cash Flow/Net Income,,1.59,0.00,-0.03,2.48,0.32,0.45,1.13,-0.19,-1.11,-0.50,,0.49
5LY,XSES,Marco Polo Marine Ltd,Industrials,Marine Shipping,,SGD,Free Cash Flow/Share,,-0.20,-,0.00,0.00,0.00,0.00,0.0,0.00,0.00,-0.01,,-0.01
5MD,XSES,Soon Lian Holdings Ltd,Basic Materials,Aluminum,,SGD,Operating Cash Flow Growth % YOY,,-,-81.79,794.84,-65.0,-53.94,61.58,-,-,-56.74,-,,-
5MD,XSES,Soon Lian Holdings Ltd,Basic Materials,Aluminum,,SGD,Free Cash Flow Growth % YOY,,-,-87.47,527.75,-38.39,-48.67,60.99,-,-,-65.42,-,,-
5MD,XSES,Soon Lian Holdings Ltd,Basic Materials,Aluminum,,SGD,Free Cash Flow/Sales %,,30.13,3.36,24.19,16.15,7.7,7.76,-14.68,26.75,7.53,-3.63,,-3.63
5MD,XSES,Soon Lian Holdings Ltd,Basic Materials,Aluminum,,SGD,Free Cash Flow/Net Income,,-4.23,0.83,-32.52,6.14,6.23,0.66,-1.38,-3.41,0.92,-0.59,,-0.59
5MD,XSES,Soon Lian Holdings Ltd,Basic Materials,Aluminum,,SGD,Free Cash Flow/Share,,0.09,-0.02,0.15,-0.02,0.05,0.04,-0.06,-,0.17,0.01,,0.01
5ML,XSES,Old Chang Kee Ltd,Consumer Cyclical,Restaurants,,SGD,Operating Cash Flow Growth % YOY,,42.12,-9.82,0.78,8.46,59.14,69.84,-34.1,19.96,19.46,-6.17,,-
5ML,XSES,Old Chang Kee Ltd,Consumer Cyclical,Restaurants,,SGD,Free Cash Flow Growth % YOY,,-,-63.21,-11.83,639.47,72.04,88.72,-35.79,21.27,19.29,-7.4,,-
5ML,XSES,Old Chang Kee Ltd,Consumer Cyclical,Restaurants,,SGD,Free Cash Flow/Sales %,,4.70,1.63,1.32,9.27,16.26,35.86,22.38,23.42,24.85,22.79,,20.55
5ML,XSES,Old Chang Kee Ltd,Consumer Cyclical,Restaurants,,SGD,Free Cash Flow/Net Income,,0.70,0.73,0.28,1.92,16.86,3.09,3.06,3.42,2.59,2.05,,2.07
5ML,XSES,Old Chang Kee Ltd,Consumer Cyclical,Restaurants,,SGD,Free Cash Flow/Share,,0.01,0.02,-0.01,0.07,0.09,0.2,0.15,0.16,0.18,0.21,,0.19
5MZ,XSES,Kingsmen Creatives Ltd,Industrials,Consulting Services,,SGD,Operating Cash Flow Growth % YOY,,17.46,-9.02,-35.54,-6.00,136.56,-67.14,-33.06,-86.06,2061.98,156.05,,-
5MZ,XSES,Kingsmen Creatives Ltd,Industrials,Consulting Services,,SGD,Free Cash Flow Growth % YOY,,-,-96.96,-,-,-,-65.63,-57.01,-,-,398.12,,-
5MZ,XSES,Kingsmen Creatives Ltd,Industrials,Consulting Services,,SGD,Free Cash Flow/Sales %,,3.51,0.11,-2.66,-0.94,5.89,2.13,0.76,-0.11,1.42,7.39,,7.39
5MZ,XSES,Kingsmen Creatives Ltd,Industrials,Consulting Services,,SGD,Free Cash Flow/Net Income,,0.97,0.04,-1.18,-6.67,-1.52,5.79,0.54,-0.14,0.42,2.01,,2.01
5MZ,XSES,Kingsmen Creatives Ltd,Industrials,Consulting Services,,SGD,Free Cash Flow/Share,,0.03,-0.03,-0.01,-0.01,0.07,-0.01,0.03,0.00,0.08,0.03,,0.03
5NF,XSES,Mencast Holdings Ltd,Energy,Oil & Gas Equipment & Services,,SGD,Operating Cash Flow Growth % YOY,,-68.66,80.68,-37.01,73.01,-19.24,28.43,-28.19,40.61,-6.38,-21.82,,-
5NF,XSES,Mencast Holdings Ltd,Energy,Oil & Gas Equipment & Services,,SGD,Free Cash Flow Growth % YOY,,-59.76,170.57,-76.5,309.48,-49.69,124.83,-25.78,39.82,0.21,-31.42,,-
5NF,XSES,Mencast Holdings Ltd,Energy,Oil & Gas Equipment & Services,,SGD,Free Cash Flow/Sales %,,8.45,26.56,4.28,21.86,14.18,29.15,26.2,32.04,29.06,23.0,,23.00
5NF,XSES,Mencast Holdings Ltd,Energy,Oil & Gas Equipment & Services,,SGD,Free Cash Flow/Net Income,,-0.19,-0.17,-0.4,-1.87,1.04,2.3,-26.8,10.62,6.43,-3.09,,-3.09
5NF,XSES,Mencast Holdings Ltd,Energy,Oil & Gas Equipment & Services,,SGD,Free Cash Flow/Share,,0.02,0.06,0.01,0.02,0.03,0.02,0.03,0.04,0.03,0.03,,0.03
5NV,XSES,Chasen Holdings Ltd,Industrials,Integrated Freight & Logistics,,SGD,Operating Cash Flow Growth % YOY,,-,37.08,-47.69,127.45,-,-,-51.15,39.94,105.23,-92.91,,-
5NV,XSES,Chasen Holdings Ltd,Industrials,Integrated Freight & Logistics,,SGD,Free Cash Flow Growth % YOY,,-,4354.12,-,-,-,-,46.05,37.13,158.85,-,,-
5NV,XSES,Chasen Holdings Ltd,Industrials,Integrated Freight & Logistics,,SGD,Free Cash Flow/Sales %,,0.09,3.57,-0.93,3.43,-4.76,3.50,4.04,5.58,24.77,-45.78,,-30.71
5NV,XSES,Chasen Holdings Ltd,Industrials,Integrated Freight & Logistics,,SGD,Free Cash Flow/Net Income,,-0.06,1.46,-0.22,0.84,0.31,2.63,2.15,6.04,-3.47,-1.55,,-4.26
5NV,XSES,Chasen Holdings Ltd,Industrials,Integrated Freight & Logistics,,SGD,Free Cash Flow/Share,,0.01,0.0,0.00,0.01,-0.01,0.02,-0.01,0.03,0.05,-0.04,,-0.14
5OC,XSES,Koyo International Ltd,Industrials,Engineering & Construction,,SGD,Operating Cash Flow Growth % YOY,,-,22.75,55.89,-18.85,-,-,-,-,-,-,,-
5OC,XSES,Koyo International Ltd,Industrials,Engineering & Construction,,SGD,Free Cash Flow Growth % YOY,,-,7.82,62.24,-17.68,-,-,-,-,-,-,,-
5OC,XSES,Koyo International Ltd,Industrials,Engineering & Construction,,SGD,Free Cash Flow/Sales %,,12.42,12.8,13.8,13.6,-33.50,-12.34,-11.34,-11.50,-18.33,16.06,,16.06
5OC,XSES,Koyo International Ltd,Industrials,Engineering & Construction,,SGD,Free Cash Flow/Net Income,,2.56,2.94,2.83,6.94,-13.42,3.83,1.23,-4.56,-149.47,5.79,,5.79
5OC,XSES,Koyo International Ltd,Industrials,Engineering & Construction,,SGD,Free Cash Flow/Share,,0.00,0.01,0.01,0.01,0.00,-0.01,-0.03,-0.05,-0.01,-0.01,,-0.01
5OI,XSES,Japan Foods Holding Ltd,Consumer Cyclical,Restaurants,,SGD,Operating Cash Flow Growth % YOY,,15.71,17.11,-17.69,-8.21,172.51,-15.99,30.45,16.02,4.32,-5.77,,-
5OI,XSES,Japan Foods Holding Ltd,Consumer Cyclical,Restaurants,,SGD,Free Cash Flow Growth % YOY,,489.73,66.43,-31.69,-27.77,393.93,-0.93,14.51,-1.84,-0.99,8.46,,-
5OI,XSES,Japan Foods Holding Ltd,Consumer Cyclical,Restaurants,,SGD,Free Cash Flow/Sales %,,7.41,11.83,7.8,5.61,27.59,36.66,39.2,26.76,24.1,27.0,,28.47
5OI,XSES,Japan Foods Holding Ltd,Consumer Cyclical,Restaurants,,SGD,Free Cash Flow/Net Income,,1.23,1.66,0.92,1.15,18.56,5.16,6.62,5.09,-42.04,-2.87,,-2.30
5OI,XSES,Japan Foods Holding Ltd,Consumer Cyclical,Restaurants,,SGD,Free Cash Flow/Share,,0.03,0.04,0.03,0.03,0.07,0.13,0.1,0.15,0.11,0.13,,0.13
5OQ,XSES,Teho International Inc Ltd,Energy,Oil & Gas Equipment & Services,,SGD,Operating Cash Flow Growth % YOY,,-,-10.74,223.07,-,-,295.94,-93.46,1345.88,-67.74,24.51,,-
5OQ,XSES,Teho International Inc Ltd,Energy,Oil & Gas Equipment & Services,,SGD,Free Cash Flow Growth % YOY,,-,15.66,371.51,-,-,408.75,-,-,-69.27,-24.54,,-
5OQ,XSES,Teho International Inc Ltd,Energy,Oil & Gas Equipment & Services,,SGD,Free Cash Flow/Sales %,,3.49,3.99,16.91,-7.65,4.14,20.18,-1.17,16.21,5.83,4.12,,3.15
5OQ,XSES,Teho International Inc Ltd,Energy,Oil & Gas Equipment & Services,,SGD,Free Cash Flow/Net Income,,-0.08,-0.24,-4.33,9.04,2.07,3.86,-0.24,4.04,3.91,1.82,,2.24
5OQ,XSES,Teho International Inc Ltd,Energy,Oil & Gas Equipment & Services,,SGD,Free Cash Flow/Share,,0.02,-0.02,0.02,0.04,0.01,0.04,-0.01,0.04,0.03,0.02,,0.01
5OR,XSES,Heatec Jietong Holdings Ltd,Energy,Oil & Gas Equipment & Services,,SGD,Operating Cash Flow Growth % YOY,,11911.60,-78.16,-,-,-95.96,404.83,167.45,-11.18,-1.23,23.06,,-
5OR,XSES,Heatec Jietong Holdings Ltd,Energy,Oil & Gas Equipment & Services,,SGD,Free Cash Flow Growth % YOY,,-,-,-,-,-,-,326.5,-27.43,19.04,13.55,,-
5OR,XSES,Heatec Jietong Holdings Ltd,Energy,Oil & Gas Equipment & Services,,SGD,Free Cash Flow/Sales %,,7.21,-0.88,-9.18,11.09,-0.74,1.52,6.79,4.2,6.22,7.05,,7.05
5OR,XSES,Heatec Jietong Holdings Ltd,Energy,Oil & Gas Equipment & Services,,SGD,Free Cash Flow/Net Income,,2.69,0.04,0.74,-1.07,4.36,-0.13,-1.87,-1.91,-1.34,-1.98,,-1.98
5OR,XSES,Heatec Jietong Holdings Ltd,Energy,Oil & Gas Equipment & Services,,SGD,Free Cash Flow/Share,,0.01,-0.01,-0.03,0.03,0.02,-0.03,0.01,0.01,0.01,0.01,,0.01
5OX,XSES,Mary Chia Holdings Ltd,Consumer Cyclical,Personal Services,,SGD,Operating Cash Flow Growth % YOY,,-,-,-,-,-,-,14.26,-34.45,-61.97,495.01,,-
5OX,XSES,Mary Chia Holdings Ltd,Consumer Cyclical,Personal Services,,SGD,Free Cash Flow Growth % YOY,,-,-,-,-,-,-,45.7,-24.27,-78.21,999.55,,-
5OX,XSES,Mary Chia Holdings Ltd,Consumer Cyclical,Personal Services,,SGD,Free Cash Flow/Sales %,,-19.46,-49.81,-20.82,-341.23,-25.95,19.77,21.56,23.38,7.1,11.96,,-29.72
5OX,XSES,Mary Chia Holdings Ltd,Consumer Cyclical,Personal Services,,SGD,Free Cash Flow/Net Income,,0.68,0.62,0.32,11.75,0.25,0.95,-2.28,-2.06,-0.08,8.07,,7.33
5OX,XSES,Mary Chia Holdings Ltd,Consumer Cyclical,Personal Services,,SGD,Free Cash Flow/Share,,-0.01,-0.01,-,-0.04,-0.17,0.01,0.01,0.01,0.0,0.04,,-0.01
5PC,XSES,Goodland Group Ltd,Real Estate,Real Estate - Development,,SGD,Operating Cash Flow Growth % YOY,,-,162.23,-14.25,-,-,-21.34,-,-,-,-,,-
5PC,XSES,Goodland Group Ltd,Real Estate,Real Estate - Development,,SGD,Free Cash Flow Growth % YOY,,-,164.13,-14.39,-,-,-22.12,-,-,-,-,,-
5PC,XSES,Goodland Group Ltd,Real Estate,Real Estate - Development,,SGD,Free Cash Flow/Sales %,,27.48,54.36,104.91,-367.81,52.02,42.74,-21.27,-53.12,157.29,-357.89,,-357.89
5PC,XSES,Goodland Group Ltd,Real Estate,Real Estate - Development,,SGD,Free Cash Flow/Net Income,,-3.72,2.15,6.0,-135.36,-3.93,10.64,-0.75,-7.78,-8.19,-14.34,,-14.34
5PC,XSES,Goodland Group Ltd,Real Estate,Real Estate - Development,,SGD,Free Cash Flow/Share,,0.04,0.11,0.12,-0.09,-0.05,0.02,0.01,-0.01,0.04,-0.05,,-0.05
5PD,XSES,Hengyang Petrochemical Logistics Ltd,Energy,Oil & Gas Midstream,,SGD,Operating Cash Flow Growth % YOY,178.68,-,-,-,-,-,-,-,-,-,,,-
5PD,XSES,Hengyang Petrochemical Logistics Ltd,Energy,Oil & Gas Midstream,,SGD,Free Cash Flow Growth % YOY,-,-,-,-,-,-,-,-,-,-,,,-
5PD,XSES,Hengyang Petrochemical Logistics Ltd,Energy,Oil & Gas Midstream,,SGD,Free Cash Flow/Sales %,-28.98,-42.62,-,-,-,-,-,-,-,-,,,-
5PD,XSES,Hengyang Petrochemical Logistics Ltd,Energy,Oil & Gas Midstream,,SGD,Free Cash Flow/Net Income,5.90,0.86,-0.58,0.33,0.19,-0.95,0.19,-0.22,0.25,-8.31,,,0.06
5PD,XSES,Hengyang Petrochemical Logistics Ltd,Energy,Oil & Gas Midstream,,SGD,Free Cash Flow/Share,-0.10,-0.02,-0.01,-0.08,-0.01,0.00,-0.01,0.00,-,-,,,-
5PF,XSES,Jason Marine Group Ltd,Technology,Scientific & Technical Instruments,,SGD,Operating Cash Flow Growth % YOY,,-,-,-,-,-,50.88,-43.37,-,-,-,,-
5PF,XSES,Jason Marine Group Ltd,Technology,Scientific & Technical Instruments,,SGD,Free Cash Flow Growth % YOY,,-,-,-,-,-,43.59,-54.22,-,-,-,,-
5PF,XSES,Jason Marine Group Ltd,Technology,Scientific & Technical Instruments,,SGD,Free Cash Flow/Sales %,,-18.88,31.29,-16.83,-12.00,3.69,5.31,2.37,-5.63,-7.75,-4.85,,0.65
5PF,XSES,Jason Marine Group Ltd,Technology,Scientific & Technical Instruments,,SGD,Free Cash Flow/Net Income,,1.17,28.58,-118.33,-18.21,0.51,5.13,3.05,-12.19,-29.18,-3.04,,0.27
5PF,XSES,Jason Marine Group Ltd,Technology,Scientific & Technical Instruments,,SGD,Free Cash Flow/Share,,-0.02,0.01,0.00,-0.02,-0.05,0.05,-0.01,-0.01,0.00,-0.04,,-0.02
5PO,XSES,Hiap Tong Corp Ltd,Industrials,Rental & Leasing Services,,SGD,Operating Cash Flow Growth % YOY,,-5.41,-8.01,24.59,-27.29,55.11,-7.03,-19.77,79.91,-12.82,-4.3,,-
5PO,XSES,Hiap Tong Corp Ltd,Industrials,Rental & Leasing Services,,SGD,Free Cash Flow Growth % YOY,,-7.95,-24.94,46.97,-60.56,205.04,-13.46,-32.89,100.73,-28.07,31.59,,-
5PO,XSES,Hiap Tong Corp Ltd,Industrials,Rental & Leasing Services,,SGD,Free Cash Flow/Sales %,,32.66,23.64,33.4,10.5,29.57,27.67,14.82,20.49,15.79,20.85,,24.89
5PO,XSES,Hiap Tong Corp Ltd,Industrials,Rental & Leasing Services,,SGD,Free Cash Flow/Net Income,,5.74,2.05,12.29,2.53,-2.14,-44.87,6.27,1.46,3.53,6.19,,6.82
5PO,XSES,Hiap Tong Corp Ltd,Industrials,Rental & Leasing Services,,SGD,Free Cash Flow/Share,,0.04,0.04,0.03,0.03,0.04,0.05,0.05,0.05,0.07,0.04,,0.06
5QY,XSES,Net Pacific Holdings Ltd,Financial Services,Mortgage Finance,,SGD,Operating Cash Flow Growth % YOY,,-,-,-,-,91.52,-97.06,-,-,-,,,-
5QY,XSES,Net Pacific Holdings Ltd,Financial Services,Mortgage Finance,,SGD,Free Cash Flow Growth % YOY,,-,-,-,-,91.52,-97.38,-,-,-,,,-
5QY,XSES,Net Pacific Holdings Ltd,Financial Services,Mortgage Finance,,SGD,Free Cash Flow/Sales %,,-84.14,229.92,-70.41,77.69,162.74,4.44,-46.95,245.93,-38.12,,,-38.12
5QY,XSES,Net Pacific Holdings Ltd,Financial Services,Mortgage Finance,,SGD,Free Cash Flow/Net Income,,-2.32,3.86,0.06,-0.28,-0.9,0.27,0.44,-1.48,1.20,,,1.20
5QY,XSES,Net Pacific Holdings Ltd,Financial Services,Mortgage Finance,,SGD,Free Cash Flow/Share,,0.00,0.00,0.01,0.00,0.0,0.0,0.00,0.00,0.00,,,0.00
5RA,XSES,Asia-Pacific Strategic Investments Ltd,Consumer Cyclical,Lodging,,SGD,Operating Cash Flow Growth % YOY,-,-,-,-88.19,-,-,-,-,-,-,,,-
5RA,XSES,Asia-Pacific Strategic Investments Ltd,Consumer Cyclical,Lodging,,SGD,Free Cash Flow Growth % YOY,-,-,-,-,-,-,-,-,-,-,,,-
5RA,XSES,Asia-Pacific Strategic Investments Ltd,Consumer Cyclical,Lodging,,SGD,Free Cash Flow/Sales %,-6394.31,-74.91,14.86,-21.34,-239.80,-1537.12,-481.47,151.37,-,-,,,-7849.02
5RA,XSES,Asia-Pacific Strategic Investments Ltd,Consumer Cyclical,Lodging,,SGD,Free Cash Flow/Net Income,2.07,0.08,-0.37,0.71,3.05,1.63,1.53,-0.13,0.39,4.76,,,1.65
5RA,XSES,Asia-Pacific Strategic Investments Ltd,Consumer Cyclical,Lodging,,SGD,Free Cash Flow/Share,0.00,0.00,0.00,0.00,0.00,0.00,0.00,0.00,0.00,0.00,,,0.00
5RC,XSES,ES Group (Holdings) Ltd,Industrials,Aerospace & Defense,,SGD,Operating Cash Flow Growth % YOY,,-46.62,187.67,74.69,244.97,-98.08,-,-,-61.01,979.88,-,,-
5RC,XSES,ES Group (Holdings) Ltd,Industrials,Aerospace & Defense,,SGD,Free Cash Flow Growth % YOY,,-,-,232.27,494.99,-,-,-,-,-,-,,-
5RC,XSES,ES Group (Holdings) Ltd,Industrials,Aerospace & Defense,,SGD,Free Cash Flow/Sales %,,-19.04,2.92,8.14,48.63,-0.18,-59.81,-1.22,-10.36,0.92,-13.01,,-13.01
5RC,XSES,ES Group (Holdings) Ltd,Industrials,Aerospace & Defense,,SGD,Free Cash Flow/Net Income,,0.89,-0.27,2.35,2.91,-0.03,2.08,0.20,0.69,0.14,1.22,,1.22
5RC,XSES,ES Group (Holdings) Ltd,Industrials,Aerospace & Defense,,SGD,Free Cash Flow/Share,,0.02,-0.04,0.01,0.02,0.08,-0.07,-,0.00,-0.01,0.00,,0.00
5RE,XSES,Asia Vets Holdings Ltd,Healthcare,Medical Care Facilities,,SGD,Operating Cash Flow Growth % YOY,,-,-,-,-,67.54,-,-,-,-,-,,-
5RE,XSES,Asia Vets Holdings Ltd,Healthcare,Medical Care Facilities,,SGD,Free Cash Flow Growth % YOY,,-,-,-,-,57.49,-,-,-,-,-,,-
5RE,XSES,Asia Vets Holdings Ltd,Healthcare,Medical Care Facilities,,SGD,Free Cash Flow/Sales %,,-,-,-67.07,15.67,21.74,-3.41,-33.73,-38.47,-25.38,3.11,,3.11
5RE,XSES,Asia Vets Holdings Ltd,Healthcare,Medical Care Facilities,,SGD,Free Cash Flow/Net Income,,-1.39,0.70,0.42,0.78,75.15,0.38,1.06,1.20,0.32,-0.01,,-0.01
5RE,XSES,Asia Vets Holdings Ltd,Healthcare,Medical Care Facilities,,SGD,Free Cash Flow/Share,,-0.01,-0.01,-,0.00,0.01,0.00,-0.01,0.00,0.00,0.00,,0.00
5SO,XSES,Duty Free International Ltd,Consumer Cyclical,Specialty Retail,,SGD,Operating Cash Flow Growth % YOY,,-88.85,911.87,0.18,-76.69,41.78,-65.06,-90.42,-,-,-80.09,,-
5SO,XSES,Duty Free International Ltd,Consumer Cyclical,Specialty Retail,,SGD,Free Cash Flow Growth % YOY,,-93.44,1662.82,1.79,-80.22,58.91,-63.11,-91.1,-,-,-,,-
5SO,XSES,Duty Free International Ltd,Consumer Cyclical,Specialty Retail,,SGD,Free Cash Flow/Sales %,,1.12,18.83,19.55,4.31,6.17,6.29,1.26,-1.37,25.95,-1.29,,23.34
5SO,XSES,Duty Free International Ltd,Consumer Cyclical,Specialty Retail,,SGD,Free Cash Flow/Net Income,,0.11,1.64,2.91,0.52,3.5,-0.34,-0.34,-0.13,2.91,-0.04,,2.27
5SO,XSES,Duty Free International Ltd,Consumer Cyclical,Specialty Retail,,SGD,Free Cash Flow/Share,,0.02,0.03,0.03,0.0,0.04,0.0,0.0,0.00,0.00,0.01,,0.02
5SR,XSES,Zhongmin Baihui Retail Group Ltd,Consumer Cyclical,Department Stores,,SGD,Operating Cash Flow Growth % YOY,,-8.54,-12.63,-8.67,169.27,-33.87,-,,-,-57.38,20.93,,-
5SR,XSES,Zhongmin Baihui Retail Group Ltd,Consumer Cyclical,Department Stores,,SGD,Free Cash Flow Growth % YOY,,-19.04,-,-,151.86,-35.14,-,,-,-64.15,25.82,,-
5SR,XSES,Zhongmin Baihui Retail Group Ltd,Consumer Cyclical,Department Stores,,SGD,Free Cash Flow/Sales %,,8.84,-4.89,7.55,17.49,9.69,-1.24,,9.04,3.19,4.15,,12.52
5SR,XSES,Zhongmin Baihui Retail Group Ltd,Consumer Cyclical,Department Stores,,SGD,Free Cash Flow/Net Income,,0.79,-0.89,1.80,3.52,2.16,0.50,,4.23,1.32,0.92,,4.18
5SR,XSES,Zhongmin Baihui Retail Group Ltd,Consumer Cyclical,Department Stores,,SGD,Free Cash Flow/Share,,0.07,-0.01,-,0.18,0.06,0.21,,-0.01,0.1,0.01,,0.04
5SY,XSES,OneApex Ltd,Real Estate,Real Estate Services,,SGD,Operating Cash Flow Growth % YOY,,33.14,-17.54,-37.36,-,-,-,-,-72.37,827.83,-89.98,,-
5SY,XSES,OneApex Ltd,Real Estate,Real Estate Services,,SGD,Free Cash Flow Growth % YOY,,13.2,3.47,-37.79,-,-,-,-,-72.73,848.46,-90.83,,-
5SY,XSES,OneApex Ltd,Real Estate,Real Estate Services,,SGD,Free Cash Flow/Sales %,,53.58,51.64,331.12,-33.77,-96.11,-74.01,1064.69,261.09,32.88,4696.51,,4696.51
5SY,XSES,OneApex Ltd,Real Estate,Real Estate Services,,SGD,Free Cash Flow/Net Income,,0.61,5.12,-5.45,1.13,0.47,1.03,572.58,-4.57,3.27,-1.81,,-1.81
5SY,XSES,OneApex Ltd,Real Estate,Real Estate Services,,SGD,Free Cash Flow/Share,,0.22,0.18,0.23,0.00,-0.03,-0.01,0.02,0.12,0.12,0.15,,0.15
5TJ,XSES,Far East Group Ltd,Industrials,Specialty Industrial Machinery,,SGD,Operating Cash Flow Growth % YOY,,-,31.81,42.52,85.53,34.77,39.07,-6.82,18.21,2.55,32.8,,-
5TJ,XSES,Far East Group Ltd,Industrials,Specialty Industrial Machinery,,SGD,Free Cash Flow Growth % YOY,,-,-,-,297.84,37.52,30.25,-2.14,18.64,4.8,30.61,,-
5TJ,XSES,Far East Group Ltd,Industrials,Specialty Industrial Machinery,,SGD,Free Cash Flow/Sales %,,1.53,-56.79,4.05,9.3,16.55,14.16,11.05,17.17,14.5,20.96,,20.96
5TJ,XSES,Far East Group Ltd,Industrials,Specialty Industrial Machinery,,SGD,Free Cash Flow/Net Income,,-0.51,-55.03,0.06,-4.61,-1.26,-367.72,5.55,-3.73,4.79,8.37,,8.37
5TJ,XSES,Far East Group Ltd,Industrials,Specialty Industrial Machinery,,SGD,Free Cash Flow/Share,,-0.02,0.01,-0.19,-0.01,0.1,0.08,0.12,0.13,0.1,0.14,,0.14
5TP,XSES,CNMC Goldmine Holdings Ltd,Basic Materials,Gold,,SGD,Operating Cash Flow Growth % YOY,,-16.43,-79.55,85.71,48.13,-,-,-,-,69.18,156.09,,-
5TP,XSES,CNMC Goldmine Holdings Ltd,Basic Materials,Gold,,SGD,Free Cash Flow Growth % YOY,,-34.67,-,-,-,-,-,-,-,30.05,252.44,,-
5TP,XSES,CNMC Goldmine Holdings Ltd,Basic Materials,Gold,,SGD,Free Cash Flow/Sales %,,30.29,-19.79,-0.47,1.89,-8.81,17.51,-44.45,21.55,22.43,40.15,,40.15
5TP,XSES,CNMC Goldmine Holdings Ltd,Basic Materials,Gold,,SGD,Free Cash Flow/Net Income,,1.16,-1.36,-0.11,0.17,0.60,3.36,-96.77,2.74,1.49,1.23,,1.23
5TP,XSES,CNMC Goldmine Holdings Ltd,Basic Materials,Gold,,SGD,Free Cash Flow/Share,,0.06,-0.02,-0.02,0.01,-0.01,0.01,-0.01,0.01,0.03,0.09,,0.09
5TT,XSES,Keong Hong Holdings Ltd,Industrials,Engineering & Construction,,SGD,Operating Cash Flow Growth % YOY,,-48.17,-43.02,-86.3,1971.75,-93.09,-,-,-,-,-,,-
5TT,XSES,Keong Hong Holdings Ltd,Industrials,Engineering & Construction,,SGD,Free Cash Flow Growth % YOY,,-25.29,-44.06,-90.29,2236.03,-99.23,-,-,-,-,-,,-
5TT,XSES,Keong Hong Holdings Ltd,Industrials,Engineering & Construction,,SGD,Free Cash Flow/Sales %,,10.26,6.09,0.84,19.86,0.3,-37.67,-15.17,-7.42,4.85,-0.42,,-7.00
5TT,XSES,Keong Hong Holdings Ltd,Industrials,Engineering & Construction,,SGD,Free Cash Flow/Net Income,,0.73,0.22,0.06,1.98,-0.01,1.66,0.49,0.26,-2.14,-0.08,,-2.71
5TT,XSES,Keong Hong Holdings Ltd,Industrials,Engineering & Construction,,SGD,Free Cash Flow/Share,,0.09,0.08,0.06,0.01,0.11,-0.03,-0.10,-0.08,-0.02,0.04,,0.04
5UA,XSES,Luminor Financial Holdings Ltd,Financial Services,Credit Services,,SGD,Operating Cash Flow Growth % YOY,,,-,-3.93,-56.26,-79.36,-,-,-,-,-,,-
5UA,XSES,Luminor Financial Holdings Ltd,Financial Services,Credit Services,,SGD,Free Cash Flow Growth % YOY,,,-,-4.0,-56.23,-89.49,-,-,-,-,-,,-
5UA,XSES,Luminor Financial Holdings Ltd,Financial Services,Credit Services,,SGD,Free Cash Flow/Sales %,,,39.96,59.47,60.57,4.8,-188.05,55.99,-104.77,-152.11,-42.80,,-42.80
5UA,XSES,Luminor Financial Holdings Ltd,Financial Services,Credit Services,,SGD,Free Cash Flow/Net Income,,,7.98,4.36,11.66,-0.5,8.39,1.53,-109.63,5.97,2.51,,2.51
5UA,XSES,Luminor Financial Holdings Ltd,Financial Services,Credit Services,,SGD,Free Cash Flow/Share,,,-0.01,0.08,0.05,0.0,-0.07,-0.01,-0.05,-0.14,-0.04,,-0.04
5UF,XSES,Aspial Lifestyle Ltd,Consumer Cyclical,Luxury Goods,,SGD,Operating Cash Flow Growth % YOY,,-,-,-,11.13,759.23,-,-,-,-,-,,-
5UF,XSES,Aspial Lifestyle Ltd,Consumer Cyclical,Luxury Goods,,SGD,Free Cash Flow Growth % YOY,,-,-,-,-,627.46,-,-,-,-,-,,-
5UF,XSES,Aspial Lifestyle Ltd,Consumer Cyclical,Luxury Goods,,SGD,Free Cash Flow/Sales %,,-18.79,-42.23,-0.76,2.89,17.49,-20.79,-7.20,2.26,-10.12,-5.22,,-5.22
5UF,XSES,Aspial Lifestyle Ltd,Consumer Cyclical,Luxury Goods,,SGD,Free Cash Flow/Net Income,,-2.70,-6.00,-0.15,0.43,1.57,-3.25,-1.44,0.56,-1.73,-0.54,,-0.54
5UF,XSES,Aspial Lifestyle Ltd,Consumer Cyclical,Luxury Goods,,SGD,Free Cash Flow/Share,,-0.05,-0.03,-0.08,-0.01,0.05,-0.02,-0.03,0.00,-0.01,-0.04,,-0.04
5UL,XSES,Atlantic Navigation Holdings (Singapore) Ltd,Industrials,Marine Shipping,,SGD,Operating Cash Flow Growth % YOY,,-39.84,-,-,-62.66,83.61,-75.58,638.31,63.85,25.92,-75.95,,-
5UL,XSES,Atlantic Navigation Holdings (Singapore) Ltd,Industrials,Marine Shipping,,SGD,Free Cash Flow Growth % YOY,,-,-,-,-,105.32,-91.03,1778.27,-55.74,104.09,-33.98,,-
5UL,XSES,Atlantic Navigation Holdings (Singapore) Ltd,Industrials,Marine Shipping,,SGD,Free Cash Flow/Sales %,,-189.18,-14.97,-51.91,5.65,13.78,1.82,23.05,7.27,139.26,43.72,,43.72
5UL,XSES,Atlantic Navigation Holdings (Singapore) Ltd,Industrials,Marine Shipping,,SGD,Free Cash Flow/Net Income,,4.93,0.39,1.80,1.80,-1.63,-0.06,1.33,0.37,0.25,1.42,,1.42
5UL,XSES,Atlantic Navigation Holdings (Singapore) Ltd,Industrials,Marine Shipping,,SGD,Free Cash Flow/Share,,-0.30,-0.01,-0.11,-0.03,0.03,0.0,0.02,0.01,0.01,0.07,,0.07
5UX,XSES,Oxley Holdings Ltd,Real Estate,Real Estate - Development,,SGD,Operating Cash Flow Growth % YOY,,-,40.39,-75.05,-,-,1503.47,-59.6,163.99,-74.85,-54.72,,-
5UX,XSES,Oxley Holdings Ltd,Real Estate,Real Estate - Development,,SGD,Free Cash Flow Growth % YOY,,-,14.02,-75.01,-,-,1705.68,-59.6,164.61,-74.89,-59.57,,-
5UX,XSES,Oxley Holdings Ltd,Real Estate,Real Estate - Development,,SGD,Free Cash Flow/Sales %,,30.12,25.09,7.08,-54.72,2.79,45.55,27.11,103.73,57.83,21.51,,42.65
5UX,XSES,Oxley Holdings Ltd,Real Estate,Real Estate - Development,,SGD,Free Cash Flow/Net Income,,1.43,1.55,0.3,-2.69,-0.12,47.46,77.87,-7.23,-1.74,-10.99,,-19.29
5UX,XSES,Oxley Holdings Ltd,Real Estate,Real Estate - Development,,SGD,Free Cash Flow/Share,,0.07,0.09,0.04,-0.11,-0.03,0.09,0.15,0.04,0.15,0.0,,0.02
5VC,XSES,Kori Holdings Ltd,Industrials,Engineering & Construction,,SGD,Operating Cash Flow Growth % YOY,,-,-,92.01,26.92,-,-,-37.76,-96.62,1665.42,-62.9,,-
5VC,XSES,Kori Holdings Ltd,Industrials,Engineering & Construction,,SGD,Free Cash Flow Growth % YOY,,-,-,17.72,-27.61,-,-,-,-,-,-78.99,,-
5VC,XSES,Kori Holdings Ltd,Industrials,Engineering & Construction,,SGD,Free Cash Flow/Sales %,,-11.16,4.70,7.52,8.24,-6.29,13.69,-0.76,-0.35,6.02,0.99,,0.99
5VC,XSES,Kori Holdings Ltd,Industrials,Engineering & Construction,,SGD,Free Cash Flow/Net Income,,-2.66,2.29,7.82,12.95,-2.11,2.13,-0.11,-0.12,1.47,0.3,,0.30
5VC,XSES,Kori Holdings Ltd,Industrials,Engineering & Construction,,SGD,Free Cash Flow/Share,,0.02,-0.03,-,-0.01,0.02,-0.02,0.06,-0.02,0.00,0.01,,0.01
5VP,XSES,GDS Global Ltd,Industrials,Building Products & Equipment,,SGD,Operating Cash Flow Growth % YOY,,82.66,-15.36,-62.46,-,-,-65.27,-,-,-,-,,-
5VP,XSES,GDS Global Ltd,Industrials,Building Products & Equipment,,SGD,Free Cash Flow Growth % YOY,,227.34,-46.62,-33.80,-,-,-72.12,-,-,-,-,,-
5VP,XSES,GDS Global Ltd,Industrials,Building Products & Equipment,,SGD,Free Cash Flow/Sales %,,14.03,7.86,7.00,-7.32,19.74,6.05,-1.34,3.34,-10.43,2.48,,-0.79
5VP,XSES,GDS Global Ltd,Industrials,Building Products & Equipment,,SGD,Free Cash Flow/Net Income,,1.24,3.08,-1.24,0.49,-1.92,-0.41,0.09,-0.17,0.55,-4.38,,0.18
5VP,XSES,GDS Global Ltd,Industrials,Building Products & Equipment,,SGD,Free Cash Flow/Share,,0.01,-,-,0.00,0.01,0.0,0.00,0.00,0.00,-0.01,,0.00
5VS,XSES,Hafary Holdings Ltd,Industrials,Building Products & Equipment,,SGD,Operating Cash Flow Growth % YOY,,27.26,-23.82,22.48,47.2,-6.07,20.81,8.76,81.75,-55.21,156.2,,-
5VS,XSES,Hafary Holdings Ltd,Industrials,Building Products & Equipment,,SGD,Free Cash Flow Growth % YOY,,-,-,46.96,68.48,-12.1,-,-,-,-66.71,339.71,,-
5VS,XSES,Hafary Holdings Ltd,Industrials,Building Products & Equipment,,SGD,Free Cash Flow/Sales %,,-11.32,7.48,10.61,19.77,22.35,-25.84,-31.19,13.90,3.98,16.05,,16.05
5VS,XSES,Hafary Holdings Ltd,Industrials,Building Products & Equipment,,SGD,Free Cash Flow/Net Income,,-1.52,0.99,1.19,2.13,3.58,-2.90,-1.79,0.81,0.38,1.54,,1.54
5VS,XSES,Hafary Holdings Ltd,Industrials,Building Products & Equipment,,SGD,Free Cash Flow/Share,,-0.02,0.01,0.04,0.04,0.04,0.01,-0.06,-0.09,0.03,0.1,,0.10
5WA,XSES,OUE Healthcare Ltd,Healthcare,Medical Care Facilities,,SGD,Operating Cash Flow Growth % YOY,,-,-,-,-,-,303.05,1161.77,26.94,-7.34,-7.09,,-
5WA,XSES,OUE Healthcare Ltd,Healthcare,Medical Care Facilities,,SGD,Free Cash Flow Growth % YOY,,-,-,-,-,-,-,1389.67,28.66,-9.77,-5.89,,-
5WA,XSES,OUE Healthcare Ltd,Healthcare,Medical Care Facilities,,SGD,Free Cash Flow/Sales %,,-44.52,-4.45,-44.80,-28.71,-1.79,15.95,39.01,37.74,36.1,33.5,,33.50
5WA,XSES,OUE Healthcare Ltd,Healthcare,Medical Care Facilities,,SGD,Free Cash Flow/Net Income,,0.28,0.02,0.94,-1.68,0.00,0.03,10.64,7.47,-9.04,-3.03,,-3.03
5WA,XSES,OUE Healthcare Ltd,Healthcare,Medical Care Facilities,,SGD,Free Cash Flow/Share,,-0.01,-0.01,0.00,0.00,0.00,0.00,0.01,0.01,0.01,0.01,,0.01
5WF,XSES,ISOTeam Ltd,Industrials,Engineering & Construction,,SGD,Operating Cash Flow Growth % YOY,,-8.53,-,-,-,-,-,-,-,-,-97.76,,-
5WF,XSES,ISOTeam Ltd,Industrials,Engineering & Construction,,SGD,Free Cash Flow Growth % YOY,,-42.51,-,-,-,-,-,-,-,-,-,,-
5WF,XSES,ISOTeam Ltd,Industrials,Engineering & Construction,,SGD,Free Cash Flow/Sales %,,8.9,-24.05,-10.97,-9.76,2.30,-4.17,-6.03,-10.16,4.01,-0.15,,-0.57
5WF,XSES,ISOTeam Ltd,Industrials,Engineering & Construction,,SGD,Free Cash Flow/Net Income,,0.91,-3.09,-4.87,-1.97,-0.11,0.28,0.61,-7.98,0.80,-0.03,,-0.09
5WF,XSES,ISOTeam Ltd,Industrials,Engineering & Construction,,SGD,Free Cash Flow/Share,,0.03,-0.02,-0.04,-0.04,-0.04,0.00,0.00,-0.03,0.00,0.01,,0.00
5WH,XSES,Rex International Holding Ltd,Energy,Oil & Gas E&P,,SGD,Operating Cash Flow Growth % YOY,,-,-63.71,-,-,408.95,268.89,89.1,-69.24,62.47,54.29,,-
5WH,XSES,Rex International Holding Ltd,Energy,Oil & Gas E&P,,SGD,Free Cash Flow Growth % YOY,,-,-,-,-,-,-,109.63,-,-,-,,-
5WH,XSES,Rex International Holding Ltd,Energy,Oil & Gas E&P,,SGD,Free Cash Flow/Sales %,,-2657.14,-2522.75,-9706.14,-13251.85,-32.40,9.77,19.07,-7.58,-9.59,-47.44,,-47.44
5WH,XSES,Rex International Holding Ltd,Energy,Oil & Gas E&P,,SGD,Free Cash Flow/Net Income,,0.32,1.05,-34.56,-0.92,1.06,0.23,-32.47,0.25,0.70,1.14,,1.14
5WH,XSES,Rex International Holding Ltd,Energy,Oil & Gas E&P,,SGD,Free Cash Flow/Share,,-0.07,0.03,-0.03,-0.02,-0.03,0.00,0.05,-0.08,0.09,-0.09,,-0.09
5WJ,XSES,Moneymax Financial Services Ltd,Consumer Cyclical,Specialty Retail,,SGD,Operating Cash Flow Growth % YOY,,-,-,476.63,37.83,-,-,-,-,-,-,,-
5WJ,XSES,Moneymax Financial Services Ltd,Consumer Cyclical,Specialty Retail,,SGD,Free Cash Flow Growth % YOY,,-,-,-,82.22,-,-,-,-,-,-,,-
5WJ,XSES,Moneymax Financial Services Ltd,Consumer Cyclical,Specialty Retail,,SGD,Free Cash Flow/Sales %,,-16.84,-1.32,3.18,4.66,-8.07,-34.61,-19.91,-17.44,-18.77,-33.14,,-33.14
5WJ,XSES,Moneymax Financial Services Ltd,Consumer Cyclical,Specialty Retail,,SGD,Free Cash Flow/Net Income,,-3.38,-0.30,0.94,1.0,-0.78,-3.48,-2.29,-2.20,-1.92,-2.51,,-2.51
5WJ,XSES,Moneymax Financial Services Ltd,Consumer Cyclical,Specialty Retail,,SGD,Free Cash Flow/Share,,-0.02,-0.02,0.01,0.02,0.01,-0.07,-0.05,-0.06,-0.08,-0.08,,-0.08
5WV,XSES,AsiaPhos Ltd,Basic Materials,Other Industrial Metals & Mining,,SGD,Operating Cash Flow Growth % YOY,,-,-,-,-,-,-,-,-,-,-,,-
5WV,XSES,AsiaPhos Ltd,Basic Materials,Other Industrial Metals & Mining,,SGD,Free Cash Flow Growth % YOY,,-,-,-,-,-,-,-,-,-,-,,-
5WV,XSES,AsiaPhos Ltd,Basic Materials,Other Industrial Metals & Mining,,SGD,Free Cash Flow/Sales %,,-19.94,-6.85,1.40,-175.66,-92.32,-211.55,-136.40,-0.29,-113.54,-6.81,,-6.81
5WV,XSES,AsiaPhos Ltd,Basic Materials,Other Industrial Metals & Mining,,SGD,Free Cash Flow/Net Income,,3.95,-14.12,-0.02,0.41,0.28,0.04,2.07,0.00,-4.15,0.21,,0.21
5WV,XSES,AsiaPhos Ltd,Basic Materials,Other Industrial Metals & Mining,,SGD,Free Cash Flow/Share,,0.00,0.00,0.00,0.00,0.00,0.00,0.00,0.00,0.00,0.00,,0.00
8A1,XSES,Heptamax International Ltd,Financial Services,Asset Management,,SGD,Operating Cash Flow Growth % YOY,,-93.16,685.58,-1.26,-,-,-,-,-,-,-,,-
8A1,XSES,Heptamax International Ltd,Financial Services,Asset Management,,SGD,Free Cash Flow Growth % YOY,,-92.98,686.72,-0.44,-,-,-,-,-,-,-,,-
8A1,XSES,Heptamax International Ltd,Financial Services,Asset Management,,SGD,Free Cash Flow/Sales %,,0.56,21.26,43.11,-430.59,-19.98,81.44,-266.77,-75.36,-147.55,-353.09,,-353.09
8A1,XSES,Heptamax International Ltd,Financial Services,Asset Management,,SGD,Free Cash Flow/Net Income,,0.0,2.66,3.01,0.55,0.63,-76.28,0.52,1.93,0.81,0.90,,0.90
8A1,XSES,Heptamax International Ltd,Financial Services,Asset Management,,SGD,Free Cash Flow/Share,,0.0,0.04,0.02,-0.02,-0.07,0.00,0.03,-0.02,-0.01,-0.02,,-0.02
8A8,XSES,China Medical System Holdings Ltd,Healthcare,Drug Manufacturers - Specialty & Generic,,SGD,Operating Cash Flow Growth % YOY,,73.77,94.01,-15.31,45.63,5.36,-7.36,42.48,-29.56,-49.32,-40.21,,-
8A8,XSES,China Medical System Holdings Ltd,Healthcare,Drug Manufacturers - Specialty & Generic,,SGD,Free Cash Flow Growth % YOY,,-,-,-15.17,30.84,6.14,-1.77,31.15,-27.85,-62.81,-69.97,,-
8A8,XSES,China Medical System Holdings Ltd,Healthcare,Drug Manufacturers - Specialty & Generic,,SGD,Free Cash Flow/Sales %,,-0.12,37.30,31.15,36.46,33.84,27.70,33.10,27.27,10.88,2.97,,2.97
8A8,XSES,China Medical System Holdings Ltd,Healthcare,Drug Manufacturers - Specialty & Generic,,SGD,Free Cash Flow/Net Income,,0.00,1.19,0.91,1.13,0.93,0.77,0.93,0.91,0.50,0.16,,0.16
8A8,XSES,China Medical System Holdings Ltd,Healthcare,Drug Manufacturers - Specialty & Generic,,SGD,Free Cash Flow/Share,,-,-,-,-,-,-,-,-,-,0.06,,0.06
8AZ,XSES,Aztech Global Ltd Ordinary Shares,Technology,Electronic Components,,SGD,Operating Cash Flow Growth % YOY,,,-,-,5.27,-31.41,46.62,154.02,-21.52,35.65,-66.04,,-
8AZ,XSES,Aztech Global Ltd Ordinary Shares,Technology,Electronic Components,,SGD,Free Cash Flow Growth % YOY,,,-,-,-5.78,-49.14,116.54,169.38,-20.71,38.67,-66.58,,-
8AZ,XSES,Aztech Global Ltd Ordinary Shares,Technology,Electronic Components,,SGD,Free Cash Flow/Sales %,,,-5.87,10.31,7.86,3.54,5.94,12.19,8.84,17.68,8.49,,8.49
8AZ,XSES,Aztech Global Ltd Ordinary Shares,Technology,Electronic Components,,SGD,Free Cash Flow/Net Income,,,-2.00,1.79,0.71,0.31,0.5,1.49,0.79,1.56,0.91,,0.91
8AZ,XSES,Aztech Global Ltd Ordinary Shares,Technology,Electronic Components,,SGD,Free Cash Flow/Share,,,-,-,-,-,0.08,0.13,0.01,0.16,0.06,,0.06
8C8U,XSES,Centurion Accommodation REIT,Real Estate,REIT - Hotel & Motel,,SGD,Operating Cash Flow Growth % YOY,,,,,,,,,,-,,,-
8C8U,XSES,Centurion Accommodation REIT,Real Estate,REIT - Hotel & Motel,,SGD,Free Cash Flow Growth % YOY,,,,,,,,,,-,,,-
8C8U,XSES,Centurion Accommodation REIT,Real Estate,REIT - Hotel & Motel,,SGD,Free Cash Flow/Sales %,,,,,,,,,,87.65,,,-
8C8U,XSES,Centurion Accommodation REIT,Real Estate,REIT - Hotel & Motel,,SGD,Free Cash Flow/Net Income,,,,,,,,,,1.92,,,-
8C8U,XSES,Centurion Accommodation REIT,Real Estate,REIT - Hotel & Motel,,SGD,Free Cash Flow/Share,,,,,,,,,,-,,,-
8K7,XSES,UG Healthcare Corp Ltd,Healthcare,Medical Instruments & Supplies,,SGD,Operating Cash Flow Growth % YOY,,-,-,-,-,-,638.57,-33.53,-,-,-,,-
8K7,XSES,UG Healthcare Corp Ltd,Healthcare,Medical Instruments & Supplies,,SGD,Free Cash Flow Growth % YOY,,-,-,-,-,-,698.18,-48.55,-,-,-,,-
8K7,XSES,UG Healthcare Corp Ltd,Healthcare,Medical Instruments & Supplies,,SGD,Free Cash Flow/Sales %,,-10.15,-16.45,-6.51,-16.32,5.34,18.16,13.6,-48.77,-17.98,-4.32,,3.52
8K7,XSES,UG Healthcare Corp Ltd,Healthcare,Medical Instruments & Supplies,,SGD,Free Cash Flow/Net Income,,-1.10,-4.39,-1.17,-5.97,0.57,0.52,0.86,2.38,3.42,1.52,,-1.20
8K7,XSES,UG Healthcare Corp Ltd,Healthcare,Medical Instruments & Supplies,,SGD,Free Cash Flow/Share,,-0.01,-0.01,-0.01,-0.03,-0.02,0.08,0.07,-0.02,-0.06,-0.02,,-0.01
8YY,XSES,Embracing Future Holdings Ltd Ordinary Shares,Healthcare,Diagnostics & Research,,SGD,Operating Cash Flow Growth % YOY,,-,-,-,-,-,-,-,-,-,-,,-
8YY,XSES,Embracing Future Holdings Ltd Ordinary Shares,Healthcare,Diagnostics & Research,,SGD,Free Cash Flow Growth % YOY,,-,-,-,-,-,-,-,-,-,-,,-
8YY,XSES,Embracing Future Holdings Ltd Ordinary Shares,Healthcare,Diagnostics & Research,,SGD,Free Cash Flow/Sales %,,-231.66,-199.65,-386.01,-364.62,-32.34,-224.01,-126.80,-149.51,-295.79,-6.85,,-6.85
8YY,XSES,Embracing Future Holdings Ltd Ordinary Shares,Healthcare,Diagnostics & Research,,SGD,Free Cash Flow/Net Income,,0.66,0.58,0.78,1.09,0.62,0.87,0.34,0.79,0.68,0.09,,0.09
8YY,XSES,Embracing Future Holdings Ltd Ordinary Shares,Healthcare,Diagnostics & Research,,SGD,Free Cash Flow/Share,,-,-,-0.02,-0.02,-0.02,-0.01,-0.01,0.00,0.00,0.00,,0.00
8YZ,XSES,,,,,SGD,Operating Cash Flow Growth % YOY,,,,,,,,-,-,-78.19,-,,-
8YZ,XSES,,,,,SGD,Free Cash Flow Growth % YOY,,,,,,,,-,-,-,-,,-
8YZ,XSES,,,,,SGD,Free Cash Flow/Sales %,,,,,,,,-2727.98,-47.14,-13.89,-69.74,,-69.74
8YZ,XSES,,,,,SGD,Free Cash Flow/Net Income,,,,,,,,-4.83,-0.58,-0.11,-0.63,,-0.63
8YZ,XSES,,,,,SGD,Free Cash Flow/Share,,,,,,,,-,-,-,0.03,,0.03
9A4U,XSES,ESR-REIT,Real Estate,REIT - Industrial,,SGD,Operating Cash Flow Growth % YOY,,-13.29,0.67,-1.75,162.66,-9.34,-5.37,26.75,34.31,4.17,8.58,,-
9A4U,XSES,ESR-REIT,Real Estate,REIT - Industrial,,SGD,Free Cash Flow Growth % YOY,,8.37,-5.9,5.49,155.48,-5.73,-17.41,-23.52,75.19,46.95,1.37,,-
9A4U,XSES,ESR-REIT,Real Estate,REIT - Industrial,,SGD,Free Cash Flow/Sales %,,56.16,54.0,39.82,63.09,65.46,51.51,27.7,43.1,66.05,55.62,,55.62
9A4U,XSES,ESR-REIT,Real Estate,REIT - Industrial,,SGD,Free Cash Flow/Net Income,,8.88,96.48,-0.27,26.26,15.53,1.22,-0.34,-2.47,-1.92,7.84,,7.84
9A4U,XSES,ESR-REIT,Real Estate,REIT - Industrial,,SGD,Free Cash Flow/Share,,0.49,0.44,0.47,0.66,0.46,0.37,0.21,0.22,0.21,0.36,,0.36
9CI,XSES,CapitaLand Investment Ltd,Real Estate,Real Estate Services,,SGD,Operating Cash Flow Growth % YOY,,,,,-,-42.27,264.48,10.19,-7.21,-17.74,-12.48,,-
9CI,XSES,CapitaLand Investment Ltd,Real Estate,Real Estate Services,,SGD,Free Cash Flow Growth % YOY,,,,,-,-43.03,349.64,-7.36,13.82,-17.75,-11.62,,-
9CI,XSES,CapitaLand Investment Ltd,Real Estate,Real Estate Services,,SGD,Free Cash Flow/Sales %,,,,,9.81,7.01,27.26,20.13,23.67,19.25,22.46,,22.46
9CI,XSES,CapitaLand Investment Ltd,Real Estate,Real Estate Services,,SGD,Free Cash Flow/Net Income,,,,,0.17,-0.25,0.46,0.67,3.64,1.13,3.3,,3.30
9CI,XSES,CapitaLand Investment Ltd,Real Estate,Real Estate Services,,SGD,Free Cash Flow/Share,,,,,-,-,0.06,0.1,0.1,0.12,0.09,,0.09
9G2,XSES,Singapore Institute Of Advanced Medicine Holdings Ltd,Healthcare,Medical Care Facilities,,SGD,Operating Cash Flow Growth % YOY,,,,,,,-,-,-,-,-,,-
9G2,XSES,Singapore Institute Of Advanced Medicine Holdings Ltd,Healthcare,Medical Care Facilities,,SGD,Free Cash Flow Growth % YOY,,,,,,,-,-,-,-,-,,-
9G2,XSES,Singapore Institute Of Advanced Medicine Holdings Ltd,Healthcare,Medical Care Facilities,,SGD,Free Cash Flow/Sales %,,,,,,,-61.12,-71.82,-108.89,-80.88,-68.74,,-29.05
9G2,XSES,Singapore Institute Of Advanced Medicine Holdings Ltd,Healthcare,Medical Care Facilities,,SGD,Free Cash Flow/Net Income,,,,,,,0.84,0.80,1.29,0.36,0.40,,0.18
9G2,XSES,Singapore Institute Of Advanced Medicine Holdings Ltd,Healthcare,Medical Care Facilities,,SGD,Free Cash Flow/Share,,,,,,,-,-,-,-0.02,-0.01,,-0.01
9I7,XSES,Bromat Holdings Ltd Ordinary Shares,Consumer Cyclical,Restaurants,,SGD,Operating Cash Flow Growth % YOY,3.80,-8.89,-33.70,-57.12,-,-,-,-,-,-,,,-
9I7,XSES,Bromat Holdings Ltd Ordinary Shares,Consumer Cyclical,Restaurants,,SGD,Free Cash Flow Growth % YOY,1.38,-7.34,-36.12,-81.14,-,-,-,-,-,-,,,-
9I7,XSES,Bromat Holdings Ltd Ordinary Shares,Consumer Cyclical,Restaurants,,SGD,Free Cash Flow/Sales %,30.98,31.87,18.98,3.29,-22.19,-21.66,-54.64,-18.83,-30.29,-77.16,,,50595.94
9I7,XSES,Bromat Holdings Ltd Ordinary Shares,Consumer Cyclical,Restaurants,,SGD,Free Cash Flow/Net Income,0.87,0.93,0.60,-0.38,1.17,0.30,0.47,0.22,0.49,2.35,,,0.98
9I7,XSES,Bromat Holdings Ltd Ordinary Shares,Consumer Cyclical,Restaurants,,SGD,Free Cash Flow/Share,-,-,-,0.08,-0.12,-0.05,-0.03,-,-,-0.01,,,-0.01
9MT,XSES,MetaOptics Ltd,Technology,Computer Hardware,,SGD,Operating Cash Flow Growth % YOY,,,,,,,,-,-,-,-,,-
9MT,XSES,MetaOptics Ltd,Technology,Computer Hardware,,SGD,Free Cash Flow Growth % YOY,,,,,,,,-,-,-,-,,-
9MT,XSES,MetaOptics Ltd,Technology,Computer Hardware,,SGD,Free Cash Flow/Sales %,,,,,,,,-622.87,-,-1575.89,-576.33,,-576.33
9MT,XSES,MetaOptics Ltd,Technology,Computer Hardware,,SGD,Free Cash Flow/Net Income,,,,,,,,0.37,0.51,0.54,0.83,,0.83
9MT,XSES,MetaOptics Ltd,Technology,Computer Hardware,,SGD,Free Cash Flow/Share,,,,,,,,-,-,-,0.00,,0.00
9QX,XSES,Beverly Wilshire Ltd,Healthcare,Medical Care Facilities,,SGD,Operating Cash Flow Growth % YOY,,-,-,-,-,-,-,-,-,276.91,-,,-
9QX,XSES,Beverly Wilshire Ltd,Healthcare,Medical Care Facilities,,SGD,Free Cash Flow Growth % YOY,,-,-,-,-,-,-,-,-,362.04,-,,-
9QX,XSES,Beverly Wilshire Ltd,Healthcare,Medical Care Facilities,,SGD,Free Cash Flow/Sales %,,-397.41,-142.13,-109.65,-41.81,-22.29,-11.23,-11.07,4.39,27.7,-12.55,,-12.55
9QX,XSES,Beverly Wilshire Ltd,Healthcare,Medical Care Facilities,,SGD,Free Cash Flow/Net Income,,0.67,0.26,0.89,0.43,0.29,0.40,0.55,-0.16,-0.33,-25.65,,-25.65
9QX,XSES,Beverly Wilshire Ltd,Healthcare,Medical Care Facilities,,SGD,Free Cash Flow/Share,,-0.10,-0.11,-0.02,0.00,0.00,0.00,0.00,0.00,0.0,0.00,,0.00
9VW,XSES,Spackman Entertainment Group Ltd,Communication Services,Entertainment,,SGD,Operating Cash Flow Growth % YOY,-,-,-,-,-,-,-,-,-,-,,,-
9VW,XSES,Spackman Entertainment Group Ltd,Communication Services,Entertainment,,SGD,Free Cash Flow Growth % YOY,-,-,-,-,-,-,-,-,-,-,,,-
9VW,XSES,Spackman Entertainment Group Ltd,Communication Services,Entertainment,,SGD,Free Cash Flow/Sales %,-108.88,39.48,-20.19,-13.73,6.74,-11.88,-135.49,-159.85,-648.47,-1238.47,,,-76.63
9VW,XSES,Spackman Entertainment Group Ltd,Communication Services,Entertainment,,SGD,Free Cash Flow/Net Income,17.37,-2.46,-1.24,1.39,-0.43,0.05,-11.77,0.81,0.69,119.04,,,0.06
9VW,XSES,Spackman Entertainment Group Ltd,Communication Services,Entertainment,,SGD,Free Cash Flow/Share,-3.40,-3.73,2.54,-1.21,0.39,0.16,-0.16,-0.25,-0.53,-0.25,,,-0.03
A04,XSES,ASL Marine Holdings Ltd,Industrials,Aerospace & Defense,,SGD,Operating Cash Flow Growth % YOY,,-95.30,1363.95,1.28,-27.19,-35.23,11.67,20.9,50.47,-51.55,25.07,,-
A04,XSES,ASL Marine Holdings Ltd,Industrials,Aerospace & Defense,,SGD,Free Cash Flow Growth % YOY,,-,-,-1.62,-5.12,-41.74,-12.25,38.03,80.95,-75.59,33.46,,-
A04,XSES,ASL Marine Holdings Ltd,Industrials,Aerospace & Defense,,SGD,Free Cash Flow/Sales %,,-25.05,16.49,19.8,16.84,12.6,13.96,15.78,20.03,4.7,6.26,,0.76
A04,XSES,ASL Marine Holdings Ltd,Industrials,Aerospace & Defense,,SGD,Free Cash Flow/Net Income,,-45.99,-0.79,-0.79,-0.37,-1.3,-0.77,-1.15,19.0,4.19,1.5,,0.09
A04,XSES,ASL Marine Holdings Ltd,Industrials,Aerospace & Defense,,SGD,Free Cash Flow/Share,,-0.25,0.20,0.11,0.07,0.04,0.05,0.07,0.1,0.03,0.03,,0.02
A17U,XSES,CapitaLand Ascendas REIT Units,Real Estate,REIT - Industrial,,SGD,Operating Cash Flow Growth % YOY,-10.96,32.91,9.87,1.82,13.65,10.47,-0.37,40.06,-6.06,-0.88,,,-
A17U,XSES,CapitaLand Ascendas REIT Units,Real Estate,REIT - Industrial,,SGD,Free Cash Flow Growth % YOY,-11.21,33.38,9.92,1.82,13.65,10.47,-0.37,40.06,-6.06,-0.88,,,-
A17U,XSES,CapitaLand Ascendas REIT Units,Real Estate,REIT - Industrial,,SGD,Free Cash Flow/Sales %,53.6,63.28,63.72,62.51,69.11,70.83,59.25,75.25,64.62,62.23,,,72.64
A17U,XSES,CapitaLand Ascendas REIT Units,Real Estate,REIT - Industrial,,SGD,Free Cash Flow/Net Income,0.91,1.4,1.24,1.09,1.22,1.6,0.76,1.34,5.68,1.24,,,1.43
A17U,XSES,CapitaLand Ascendas REIT Units,Real Estate,REIT - Industrial,,SGD,Free Cash Flow/Share,0.16,0.16,0.18,0.19,0.18,0.16,0.2,0.24,0.26,0.16,,,0.22
A30,XSES,Aspial Corp Ltd,Consumer Cyclical,Luxury Goods,,SGD,Operating Cash Flow Growth % YOY,,-,-,-,-62.64,75.19,-,-,63.87,-,-,,-
A30,XSES,Aspial Corp Ltd,Consumer Cyclical,Luxury Goods,,SGD,Free Cash Flow Growth % YOY,,-,-,-,-71.68,99.76,-,-,1003.37,-,-,,-
A30,XSES,Aspial Corp Ltd,Consumer Cyclical,Luxury Goods,,SGD,Free Cash Flow/Sales %,,-3.16,-49.17,27.89,12.67,26.68,-12.72,0.42,3.87,-8.56,-2.98,,-2.98
A30,XSES,Aspial Corp Ltd,Consumer Cyclical,Luxury Goods,,SGD,Free Cash Flow/Net Income,,-17.96,-103.48,8.84,5.59,7.99,146.20,-0.14,-1.04,-4.12,-0.87,,-0.87
A30,XSES,Aspial Corp Ltd,Consumer Cyclical,Luxury Goods,,SGD,Free Cash Flow/Share,,-0.02,-0.06,0.02,0.08,0.04,0.00,0.00,0.0,0.00,-0.02,,-0.02
A31,XSES,Addvalue Technologies Ltd,Technology,Communication Equipment,,SGD,Operating Cash Flow Growth % YOY,,-,-,-,-,-,-,-,-,-,97.73,,-
A31,XSES,Addvalue Technologies Ltd,Technology,Communication Equipment,,SGD,Free Cash Flow Growth % YOY,,-,-,-,-,-,-,-,-,-,109.18,,-
A31,XSES,Addvalue Technologies Ltd,Technology,Communication Equipment,,SGD,Free Cash Flow/Sales %,,-3.48,-55.96,-171.03,-92.28,-35.31,-171.38,-30.49,-57.75,7.02,12.08,,23.11
A31,XSES,Addvalue Technologies Ltd,Technology,Communication Equipment,,SGD,Free Cash Flow/Net Income,,0.07,1.75,0.55,0.90,-1.86,0.74,0.21,1.46,3.23,0.96,,1.11
A31,XSES,Addvalue Technologies Ltd,Technology,Communication Equipment,,SGD,Free Cash Flow/Share,,0.00,0.00,0.00,-0.01,0.00,0.00,0.00,0.00,0.00,0.0,,0.00
A33,XSES,Southern Archipelago Ltd,Industrials,Specialty Business Services,,SGD,Operating Cash Flow Growth % YOY,,-,-,-,-,-,-,-,-,-78.54,258.90,,-
A33,XSES,Southern Archipelago Ltd,Industrials,Specialty Business Services,,SGD,Free Cash Flow Growth % YOY,,-,-,-,-,-,-,-,-,-,-,,-
A33,XSES,Southern Archipelago Ltd,Industrials,Specialty Business Services,,SGD,Free Cash Flow/Sales %,,-31.56,-73.62,-15.88,7.58,-16.63,24.63,-28.97,-5.17,-101.02,-39.89,,-39.89
A33,XSES,Southern Archipelago Ltd,Industrials,Specialty Business Services,,SGD,Free Cash Flow/Net Income,,-0.24,0.97,4.41,1.61,1.54,-0.20,2.87,-6.05,31.86,1.69,,1.69
A33,XSES,Southern Archipelago Ltd,Industrials,Specialty Business Services,,SGD,Free Cash Flow/Share,,0.00,0.00,0.00,0.00,0.00,0.00,0.00,0.00,0.00,0.00,,0.00
A50,XSES,Thomson Medical Group Ltd,Healthcare,Medical Care Facilities,,SGD,Operating Cash Flow Growth % YOY,,-,-51.85,1001.85,,,18.0,51.51,-4.53,-5.92,-27.48,,-
A50,XSES,Thomson Medical Group Ltd,Healthcare,Medical Care Facilities,,SGD,Free Cash Flow Growth % YOY,,-,-,-,,,16.38,173.79,17.21,-30.1,-36.24,,-
A50,XSES,Thomson Medical Group Ltd,Healthcare,Medical Care Facilities,,SGD,Free Cash Flow/Sales %,,5.04,-11.16,7.50,,,9.83,19.38,21.31,15.09,8.56,,10.06
A50,XSES,Thomson Medical Group Ltd,Healthcare,Medical Care Facilities,,SGD,Free Cash Flow/Net Income,,-0.08,0.19,7.48,,,1.66,1.2,2.07,3.43,-0.71,,-0.92
A50,XSES,Thomson Medical Group Ltd,Healthcare,Medical Care Facilities,,SGD,Free Cash Flow/Share,,0.00,0.00,0.00,,,0.0,0.0,0.0,0.01,0.0,,0.00
A52,XSES,AnnAik Ltd,Basic Materials,Steel,,SGD,Operating Cash Flow Growth % YOY,,-,-49.14,-30.54,165.13,-79.28,238.89,-3.8,16.0,-65.32,235.31,,-
A52,XSES,AnnAik Ltd,Basic Materials,Steel,,SGD,Free Cash Flow Growth % YOY,,-,-56.31,-35.27,238.41,-,-,149.57,172.63,-79.57,637.13,,-
A52,XSES,AnnAik Ltd,Basic Materials,Steel,,SGD,Free Cash Flow/Sales %,,5.08,2.16,1.22,4.46,-0.37,0.59,1.67,8.38,1.71,16.7,,16.70
A52,XSES,AnnAik Ltd,Basic Materials,Steel,,SGD,Free Cash Flow/Net Income,,-0.53,0.41,0.56,1.09,-1.05,0.19,0.27,1.23,0.4,-11.57,,-11.57
A52,XSES,AnnAik Ltd,Basic Materials,Steel,,SGD,Free Cash Flow/Share,,0.01,-0.01,0.01,0.02,-0.01,0.00,-0.01,0.02,0.01,0.01,,0.01
A55,XSES,Asia Enterprises Holding Ltd,Basic Materials,Steel,,SGD,Operating Cash Flow Growth % YOY,,-12.79,-84.45,-,-,-22.7,-,-,-,62.5,-38.81,,-
A55,XSES,Asia Enterprises Holding Ltd,Basic Materials,Steel,,SGD,Free Cash Flow Growth % YOY,,-,-,-,-,-22.49,-,-,-,71.74,-41.55,,-
A55,XSES,Asia Enterprises Holding Ltd,Basic Materials,Steel,,SGD,Free Cash Flow/Sales %,,-25.12,-0.91,-8.90,13.81,10.07,-1.40,-13.13,8.59,34.58,25.23,,25.23
A55,XSES,Asia Enterprises Holding Ltd,Basic Materials,Steel,,SGD,Free Cash Flow/Net Income,,-3.32,-0.20,-1.96,8.17,8.2,-0.13,-2.57,1.35,38.17,6.36,,6.36
A55,XSES,Asia Enterprises Holding Ltd,Basic Materials,Steel,,SGD,Free Cash Flow/Share,,-0.01,-0.02,-0.02,-0.01,0.01,0.02,0.00,-0.06,0.07,0.03,,0.03
A7RU,XSES,,,,,SGD,Operating Cash Flow Growth % YOY,,-5.85,-2.32,119.52,97.48,-3.05,-27.85,-1.89,19.77,7.9,0.7,,-
A7RU,XSES,,,,,SGD,Free Cash Flow Growth % YOY,,-16.82,22.44,113.66,87.81,-2.0,-33.45,-4.98,18.98,-4.63,-19.82,,-
A7RU,XSES,,,,,SGD,Free Cash Flow/Sales %,,11.31,12.73,26.98,20.62,20.4,13.38,9.98,11.7,10.26,8.0,,8.00
A7RU,XSES,,,,,SGD,Free Cash Flow/Net Income,,1.6,1.69,5.37,6.97,-15.7,-1.96,7.14,1.7,2.45,1.4,,1.40
A7RU,XSES,,,,,SGD,Free Cash Flow/Share,,0.02,0.02,0.04,0.05,0.07,0.05,0.03,0.06,0.07,0.02,,0.02
AAJ,XSES,Sunmoon Food Co Ltd,Consumer Defensive,Food Distribution,,SGD,Operating Cash Flow Growth % YOY,,,-,-,-,-,-,-,-,-,-,,-
AAJ,XSES,Sunmoon Food Co Ltd,Consumer Defensive,Food Distribution,,SGD,Free Cash Flow Growth % YOY,,,-,-,-,-,-,-,-,-,-,,-
AAJ,XSES,Sunmoon Food Co Ltd,Consumer Defensive,Food Distribution,,SGD,Free Cash Flow/Sales %,,,-23.04,-20.05,-3.61,-37.94,-2.74,-1.22,0.81,-5.53,-2.51,,-1.83
AAJ,XSES,Sunmoon Food Co Ltd,Consumer Defensive,Food Distribution,,SGD,Free Cash Flow/Net Income,,,0.50,-5.48,0.61,1.60,-1.00,0.50,-0.17,-53.43,0.56,,0.56
AAJ,XSES,Sunmoon Food Co Ltd,Consumer Defensive,Food Distribution,,SGD,Free Cash Flow/Share,,,0.00,0.00,-0.02,0.00,-,-,0.00,0.00,0.00,,0.00
AAPL,XNAS,,,,,USD,Operating Cash Flow Growth % YOY,,-19.0,-3.38,21.76,-10.39,16.26,28.96,17.41,-9.5,6.98,-5.73,,-
AAPL,XNAS,,,,,USD,Free Cash Flow Growth % YOY,,-25.08,-2.82,26.22,-8.15,24.57,26.7,19.89,-10.64,9.26,-9.23,,-
AAPL,XNAS,,,,,USD,Free Cash Flow/Sales %,,24.24,22.16,24.14,22.64,26.73,25.41,28.26,25.98,27.83,23.73,,28.61
AAPL,XNAS,,,,,USD,Free Cash Flow/Net Income,,1.14,1.05,1.08,1.07,1.28,0.98,1.12,1.03,1.16,0.88,,1.05
AAPL,XNAS,,,,,USD,Free Cash Flow/Share,,2.24,2.41,2.88,3.08,4.04,5.57,6.54,6.34,6.72,6.37,,8.27
ADN,XSES,First Sponsor Group Ltd,Real Estate,Real Estate - Development,,SGD,Operating Cash Flow Growth % YOY,,-,-50.86,-,-,7.28,-,-,-,-,176.9,,-
ADN,XSES,First Sponsor Group Ltd,Real Estate,Real Estate - Development,,SGD,Free Cash Flow Growth % YOY,,-,621.51,-,-,26.9,-,-,-,-,239.44,,-
ADN,XSES,First Sponsor Group Ltd,Real Estate,Real Estate - Development,,SGD,Free Cash Flow/Sales %,,2.24,7.99,-107.13,37.86,75.19,-27.29,63.92,-152.54,4.38,16.18,,16.18
ADN,XSES,First Sponsor Group Ltd,Real Estate,Real Estate - Development,,SGD,Free Cash Flow/Net Income,,0.04,0.35,-2.51,0.72,1.49,-1.32,2.08,-34.47,0.15,-0.6,,-0.60
ADN,XSES,First Sponsor Group Ltd,Real Estate,Real Estate - Development,,SGD,Free Cash Flow/Share,,-0.10,0.31,-0.42,0.00,0.13,0.13,0.10,-0.28,-0.16,0.01,,0.01
AGS,XSES,The Hour Glass Ltd,Consumer Cyclical,Luxury Goods,,SGD,Operating Cash Flow Growth % YOY,,-42.61,212.09,21.21,-18.11,66.79,58.32,26.99,-27.39,-18.15,19.87,,-
AGS,XSES,The Hour Glass Ltd,Consumer Cyclical,Luxury Goods,,SGD,Free Cash Flow Growth % YOY,,-65.77,446.38,29.88,-36.73,99.88,72.42,28.84,-67.96,68.09,15.73,,-
AGS,XSES,The Hour Glass Ltd,Consumer Cyclical,Luxury Goods,,SGD,Free Cash Flow/Sales %,,1.48,8.21,10.73,6.51,12.52,21.77,20.16,5.95,9.94,11.17,,15.01
AGS,XSES,The Hour Glass Ltd,Consumer Cyclical,Luxury Goods,,SGD,Free Cash Flow/Net Income,,0.2,1.17,1.49,0.67,1.23,1.96,1.35,0.39,0.72,0.96,,1.24
AGS,XSES,The Hour Glass Ltd,Consumer Cyclical,Luxury Goods,,SGD,Free Cash Flow/Share,,0.03,0.08,0.1,0.08,0.12,0.17,0.27,0.17,0.19,0.18,,0.20
AIY,XSES,iFAST Corp Ltd Shs Reg S,Technology,Software - Application,,SGD,Operating Cash Flow Growth % YOY,,-60.29,134.77,33.34,9.96,114.45,11.96,1.86,476.91,145.49,-17.81,,-
AIY,XSES,iFAST Corp Ltd Shs Reg S,Technology,Software - Application,,SGD,Free Cash Flow Growth % YOY,,-,-,34.59,-11.16,303.51,-8.07,20.11,676.67,156.63,-19.37,,-
AIY,XSES,iFAST Corp Ltd Shs Reg S,Technology,Software - Application,,SGD,Free Cash Flow/Sales %,,-1.34,6.01,6.75,5.8,17.27,12.47,15.78,103.74,190.19,116.9,,79.73
AIY,XSES,iFAST Corp Ltd Shs Reg S,Technology,Software - Application,,SGD,Free Cash Flow/Net Income,,-0.20,0.67,0.75,0.76,1.39,0.88,5.04,8.9,9.69,5.21,,3.60
AIY,XSES,iFAST Corp Ltd Shs Reg S,Technology,Software - Application,,SGD,Free Cash Flow/Share,,0.01,0.01,0.03,0.03,0.08,0.08,0.01,0.57,1.87,2.37,,2.37
AJ2,XSES,Ouhua Energy Holdings Ltd,Utilities,Utilities - Regulated Gas,,SGD,Operating Cash Flow Growth % YOY,-,-,306.3,-,-,-,-,-,-,-,,,-
AJ2,XSES,Ouhua Energy Holdings Ltd,Utilities,Utilities - Regulated Gas,,SGD,Free Cash Flow Growth % YOY,-,-,310.99,-,-,-,-,-,-,-,,,-
AJ2,XSES,Ouhua Energy Holdings Ltd,Utilities,Utilities - Regulated Gas,,SGD,Free Cash Flow/Sales %,-4.41,2.38,8.08,-2.37,2.40,-0.50,0.52,-2.35,-1.69,0.02,,,-1.14
AJ2,XSES,Ouhua Energy Holdings Ltd,Utilities,Utilities - Regulated Gas,,SGD,Free Cash Flow/Net Income,-1.63,1.27,5.83,-3.12,5.14,-1.10,0.56,-2.25,-3.02,-0.01,,,0.41
AJ2,XSES,Ouhua Energy Holdings Ltd,Utilities,Utilities - Regulated Gas,,SGD,Free Cash Flow/Share,-0.05,0.01,-0.09,-,-0.03,-0.02,0.07,-0.01,-0.07,-0.05,,,0.01
AJBU,XSES,Keppel DC REIT,Real Estate,REIT - Office,,SGD,Operating Cash Flow Growth % YOY,,38.45,55.49,-4.97,38.73,51.34,-18.5,13.99,-3.44,6.14,17.47,,-
AJBU,XSES,Keppel DC REIT,Real Estate,REIT - Office,,SGD,Free Cash Flow Growth % YOY,,22.95,64.53,-27.1,41.28,54.79,-35.06,57.0,3.06,2.16,18.89,,-
AJBU,XSES,Keppel DC REIT,Real Estate,REIT - Office,,SGD,Free Cash Flow/Sales %,,67.47,79.14,45.7,58.17,66.06,42.03,64.5,65.56,60.69,50.73,,50.73
AJBU,XSES,Keppel DC REIT,Real Estate,REIT - Office,,SGD,Free Cash Flow/Net Income,,1.31,1.69,0.57,1.06,1.04,0.36,0.77,1.56,0.63,0.52,,0.52
AJBU,XSES,Keppel DC REIT,Real Estate,REIT - Office,,SGD,Free Cash Flow/Share,,0.08,0.08,0.06,0.08,0.1,0.07,0.09,0.11,0.11,0.09,,0.09
AMZN,XNAS,,,,,USD,Operating Cash Flow Growth % YOY,,37.94,12.11,66.66,25.36,71.53,-29.88,0.92,81.69,36.41,20.4,,-
AMZN,XNAS,,,,,USD,Free Cash Flow Growth % YOY,,32.4,-33.25,166.95,25.19,19.72,-,-,-,2.05,-76.6,,-
AMZN,XNAS,,,,,USD,Free Cash Flow/Sales %,,7.14,3.64,7.43,7.72,6.71,-3.13,-3.29,5.61,5.15,1.07,,-0.33
AMZN,XNAS,,,,,USD,Free Cash Flow/Net Income,,4.09,2.14,1.72,1.87,1.22,-0.44,6.21,1.06,0.55,0.1,,-0.03
AMZN,XNAS,,,,,USD,Free Cash Flow/Share,,0.89,0.74,1.34,2.0,2.43,-0.22,-2.58,1.63,4.02,0.98,,0.71
AOF,XSES,Amplefield Ltd,Real Estate,Real Estate - Diversified,,SGD,Operating Cash Flow Growth % YOY,,-,5.76,-,-,-,-,-45.07,-34.20,371.76,-80.56,,-
AOF,XSES,Amplefield Ltd,Real Estate,Real Estate - Diversified,,SGD,Free Cash Flow Growth % YOY,,-,82.13,-,-,-,-,-,-,470.43,-93.21,,-
AOF,XSES,Amplefield Ltd,Real Estate,Real Estate - Diversified,,SGD,Free Cash Flow/Sales %,,11.89,154.28,-25.62,22.84,-2.10,188.59,-34.44,19.84,75.4,8.35,,10.01
AOF,XSES,Amplefield Ltd,Real Estate,Real Estate - Diversified,,SGD,Free Cash Flow/Net Income,,0.32,-3.18,-4.67,1.08,-0.14,14.72,0.78,-1.01,18.91,1.08,,2.11
AOF,XSES,Amplefield Ltd,Real Estate,Real Estate - Diversified,,SGD,Free Cash Flow/Share,,0.00,0.0,0.00,0.00,0.00,0.00,0.01,-0.01,0.01,0.0,,0.00
AP4,XSES,Riverstone Holdings Ltd,Healthcare,Medical Instruments & Supplies,,SGD,Operating Cash Flow Growth % YOY,,-2.59,22.45,14.8,0.36,318.66,123.39,-73.5,-40.13,23.27,-0.23,,-
AP4,XSES,Riverstone Holdings Ltd,Healthcare,Medical Instruments & Supplies,,SGD,Free Cash Flow Growth % YOY,,-67.94,58.15,19.5,121.19,561.94,134.9,-80.0,-30.17,15.12,-2.04,,-
AP4,XSES,Riverstone Holdings Ltd,Healthcare,Medical Instruments & Supplies,,SGD,Free Cash Flow/Sales %,,3.32,4.21,4.46,9.19,32.88,45.86,22.44,21.58,21.18,22.36,,22.36
AP4,XSES,Riverstone Holdings Ltd,Healthcare,Medical Instruments & Supplies,,SGD,Free Cash Flow/Net Income,,0.18,0.27,0.32,0.7,0.93,1.0,0.9,0.9,0.79,1.07,,1.07
AP4,XSES,Riverstone Holdings Ltd,Healthcare,Medical Instruments & Supplies,,SGD,Free Cash Flow/Share,,0.01,0.01,0.01,0.02,0.05,0.31,0.04,0.04,0.05,0.04,,0.04
AU8U,XSES,CapitaLand China Trust Units Real Estate Investment Trust,Real Estate,REIT - Retail,,SGD,Operating Cash Flow Growth % YOY,,1.88,-3.06,1.29,8.19,-38.33,172.48,-14.95,13.18,-14.69,-13.12,,-
AU8U,XSES,CapitaLand China Trust Units Real Estate Investment Trust,Real Estate,REIT - Retail,,SGD,Free Cash Flow Growth % YOY,,-1.42,2.3,5.19,-0.2,-51.54,262.3,-23.11,17.41,-5.77,-14.37,,-
AU8U,XSES,CapitaLand China Trust Units Real Estate Investment Trust,Real Estate,REIT - Retail,,SGD,Free Cash Flow/Sales %,,46.11,44.12,47.75,44.57,24.43,49.31,37.4,46.13,46.42,44.7,,44.70
AU8U,XSES,CapitaLand China Trust Units Real Estate Investment Trust,Real Estate,REIT - Retail,,SGD,Free Cash Flow/Net Income,,0.93,0.7,0.83,0.64,-4.28,1.75,1.17,4.12,-10.8,-24.75,,-24.75
AU8U,XSES,CapitaLand China Trust Units Real Estate Investment Trust,Real Estate,REIT - Retail,,SGD,Free Cash Flow/Share,,0.1,0.13,0.09,0.12,0.04,0.08,0.11,0.11,0.09,0.09,,0.09
AVGO,XNAS,,,,,USD,Operating Cash Flow Growth % YOY,,47.15,92.06,35.55,9.2,24.38,14.12,21.59,8.06,10.38,37.95,,-
AVGO,XNAS,,,,,USD,Free Cash Flow Growth % YOY,,55.83,103.94,50.4,12.37,25.18,14.86,22.45,8.1,10.1,38.63,,-
AVGO,XNAS,,,,,USD,Free Cash Flow/Sales %,,20.3,31.08,39.55,41.0,48.55,48.53,49.13,49.23,37.64,42.13,,42.34
AVGO,XNAS,,,,,USD,Free Cash Flow/Net Income,,-1.55,3.24,0.67,3.4,3.92,1.98,1.42,1.25,3.29,1.16,,1.16
AVGO,XNAS,,,,,USD,Free Cash Flow/Share,,0.58,1.12,1.78,2.23,2.56,3.07,3.53,4.17,4.02,5.15,,5.55
AVP,XSES,AvePoint Inc Ordinary Shares - Class A,Technology,Software - Infrastructure,,SGD,Operating Cash Flow Growth % YOY,,,,,-,-,-73.69,-,-,156.22,-4.09,,-
AVP,XSES,AvePoint Inc Ordinary Shares - Class A,Technology,Software - Infrastructure,,SGD,Free Cash Flow Growth % YOY,,,,,-,-,-85.80,-,-,171.51,-5.54,,-
AVP,XSES,AvePoint Inc Ordinary Shares - Class A,Technology,Software - Infrastructure,,SGD,Free Cash Flow/Sales %,,,,,-2.70,11.94,1.34,-2.69,11.47,25.61,19.06,,23.43
AVP,XSES,AvePoint Inc Ordinary Shares - Class A,Technology,Software - Infrastructure,,SGD,Free Cash Flow/Net Income,,,,,0.16,-1.06,-0.07,0.15,-1.43,-2.91,2.3,,2.23
AVP,XSES,AvePoint Inc Ordinary Shares - Class A,Technology,Software - Infrastructure,,SGD,Free Cash Flow/Share,,,,,-,-,-,-,-,-,0.49,,0.45
AVX,XSES,HL Global Enterprises Ltd,Consumer Cyclical,Lodging,,SGD,Operating Cash Flow Growth % YOY,,751.7,26.72,-41.7,16.54,-64.52,-,-,27.43,14.41,-2.48,,-
AVX,XSES,HL Global Enterprises Ltd,Consumer Cyclical,Lodging,,SGD,Free Cash Flow Growth % YOY,,2053.85,44.49,-53.67,48.78,-,-,-,13.02,17.04,1.21,,-
AVX,XSES,HL Global Enterprises Ltd,Consumer Cyclical,Lodging,,SGD,Free Cash Flow/Sales %,,14.24,24.42,12.21,27.63,-2.45,-51.42,25.09,32.39,38.95,34.38,,34.38
AVX,XSES,HL Global Enterprises Ltd,Consumer Cyclical,Lodging,,SGD,Free Cash Flow/Net Income,,-12.98,0.03,0.79,2.22,-0.56,0.92,1.60,1.16,1.36,1.53,,1.53
AVX,XSES,HL Global Enterprises Ltd,Consumer Cyclical,Lodging,,SGD,Free Cash Flow/Share,,0.01,0.03,0.08,0.02,0.00,-0.01,0.01,0.01,0.03,0.02,,0.02
AW9U,XSES,First Real Estate Investment Trust Units Real Estate Investment Trust,Real Estate,REIT - Healthcare Facilities,,SGD,Operating Cash Flow Growth % YOY,,9.62,-10.77,0.91,36.46,-49.64,31.36,40.6,-24.84,-5.98,-1.67,,-
AW9U,XSES,First Real Estate Investment Trust Units Real Estate Investment Trust,Real Estate,REIT - Healthcare Facilities,,SGD,Free Cash Flow Growth % YOY,,9.62,-10.77,0.81,36.59,-49.64,31.36,34.09,-26.74,-7.99,1.82,,-
AW9U,XSES,First Real Estate Investment Trust Units Real Estate Investment Trust,Real Estate,REIT - Healthcare Facilities,,SGD,Free Cash Flow/Sales %,,76.12,65.48,63.06,86.8,63.54,64.69,79.78,59.9,58.55,60.61,,60.61
AW9U,XSES,First Real Estate Investment Trust Units Real Estate Investment Trust,Real Estate,REIT - Healthcare Facilities,,SGD,Free Cash Flow/Net Income,,2.02,0.99,0.97,2.05,-0.14,1.05,2.64,1.03,1.63,2.1,,2.10
AW9U,XSES,First Real Estate Investment Trust Units Real Estate Investment Trust,Real Estate,REIT - Healthcare Facilities,,SGD,Free Cash Flow/Share,,0.1,0.08,0.08,0.12,0.08,0.03,0.06,0.03,0.03,0.03,,0.03
AWC,XSES,Brook Crompton Holdings Ltd,Industrials,Electrical Equipment & Parts,,SGD,Operating Cash Flow Growth % YOY,,-46.01,244.42,-31.71,-26.28,-10.51,-6.8,-,-,-35.53,35.34,,-
AWC,XSES,Brook Crompton Holdings Ltd,Industrials,Electrical Equipment & Parts,,SGD,Free Cash Flow Growth % YOY,,-44.66,246.94,-31.3,-26.21,-12.17,-6.0,-,-,-45.17,-25.08,,-
AWC,XSES,Brook Crompton Holdings Ltd,Industrials,Electrical Equipment & Parts,,SGD,Free Cash Flow/Sales %,,4.06,15.03,9.72,7.32,6.69,5.87,-10.71,8.34,5.33,4.0,,4.00
AWC,XSES,Brook Crompton Holdings Ltd,Industrials,Electrical Equipment & Parts,,SGD,Free Cash Flow/Net Income,,0.45,1.94,1.28,0.88,1.39,1.06,-3.35,1.44,1.41,0.78,,0.78
AWC,XSES,Brook Crompton Holdings Ltd,Industrials,Electrical Equipment & Parts,,SGD,Free Cash Flow/Share,,0.05,0.2,0.12,0.14,0.04,0.14,-0.02,0.00,0.11,0.04,,0.04
AWG,XSES,Ascent Bridge Ltd,Basic Materials,Aluminum,,SGD,Operating Cash Flow Growth % YOY,,53.09,-,-,-,-,-,,,-,-,,-
AWG,XSES,Ascent Bridge Ltd,Basic Materials,Aluminum,,SGD,Free Cash Flow Growth % YOY,,-,-,-,-,-,-,,,-,-,,-
AWG,XSES,Ascent Bridge Ltd,Basic Materials,Aluminum,,SGD,Free Cash Flow/Sales %,,-13.90,-47.21,-37.38,-37.01,-44.61,-35.21,,,-167.94,-154.61,,-185.70
AWG,XSES,Ascent Bridge Ltd,Basic Materials,Aluminum,,SGD,Free Cash Flow/Net Income,,0.40,0.41,0.60,0.57,0.78,-0.77,,,1.34,1.07,,0.93
AWG,XSES,Ascent Bridge Ltd,Basic Materials,Aluminum,,SGD,Free Cash Flow/Share,,-0.02,-0.06,-0.09,-0.04,-0.10,-0.07,,,-0.12,-0.04,,-0.03
AWI,XSES,Thakral Corp Ltd,Consumer Cyclical,Specialty Retail,,SGD,Operating Cash Flow Growth % YOY,,-,-,-,-,-,-,-,-,-,-,,-
AWI,XSES,Thakral Corp Ltd,Consumer Cyclical,Specialty Retail,,SGD,Free Cash Flow Growth % YOY,,-,-,-,-,-,-,-,-,-,-,,-
AWI,XSES,Thakral Corp Ltd,Consumer Cyclical,Specialty Retail,,SGD,Free Cash Flow/Sales %,,1.69,-7.58,-6.66,-9.09,-8.83,-11.26,-6.90,-7.68,-4.06,-4.28,,-4.28
AWI,XSES,Thakral Corp Ltd,Consumer Cyclical,Specialty Retail,,SGD,Free Cash Flow/Net Income,,8.57,-0.27,-1.13,-1.08,-1.22,-0.83,-0.59,-1.99,-0.41,-0.10,,-0.10
AWI,XSES,Thakral Corp Ltd,Consumer Cyclical,Specialty Retail,,SGD,Free Cash Flow/Share,,0.03,-0.05,-0.11,-0.12,-0.10,-0.07,-0.09,-0.05,-0.19,-0.06,,-0.06
AWK,XSES,Fuxing China Group Ltd,Consumer Cyclical,Apparel Manufacturing,,SGD,Operating Cash Flow Growth % YOY,,-67.32,-,-,294.07,-,-,-49.57,-47.27,148.75,11.47,,-
AWK,XSES,Fuxing China Group Ltd,Consumer Cyclical,Apparel Manufacturing,,SGD,Free Cash Flow Growth % YOY,,-,-,-,-,-,-,-,27.79,187.03,11.01,,-
AWK,XSES,Fuxing China Group Ltd,Consumer Cyclical,Apparel Manufacturing,,SGD,Free Cash Flow/Sales %,,-0.34,-3.30,-2.98,-1.51,-20.10,-3.95,1.72,2.43,7.23,8.78,,8.78
AWK,XSES,Fuxing China Group Ltd,Consumer Cyclical,Apparel Manufacturing,,SGD,Free Cash Flow/Net Income,,0.04,-1.87,-3.85,0.29,0.95,-0.54,0.54,-1.68,76.18,2.91,,2.91
AWK,XSES,Fuxing China Group Ltd,Consumer Cyclical,Apparel Manufacturing,,SGD,Free Cash Flow/Share,,0.54,0.18,-0.28,-0.03,-1.39,-0.28,-0.55,0.54,0.32,0.34,,0.34
AWM,XSES,Shanghai Turbo Enterprises Ltd,Industrials,Specialty Industrial Machinery,,SGD,Operating Cash Flow Growth % YOY,-,-54.78,-,-,-,-,-,-,-,,,,-
AWM,XSES,Shanghai Turbo Enterprises Ltd,Industrials,Specialty Industrial Machinery,,SGD,Free Cash Flow Growth % YOY,-,-,-,-,-,-,-,-,-,,,,-
AWM,XSES,Shanghai Turbo Enterprises Ltd,Industrials,Specialty Industrial Machinery,,SGD,Free Cash Flow/Sales %,14.04,-13.31,-36.89,-100.91,-18.30,3.67,-10.59,-25.98,-4.09,,,,-52.22
AWM,XSES,Shanghai Turbo Enterprises Ltd,Industrials,Specialty Industrial Machinery,,SGD,Free Cash Flow/Net Income,1.80,-7.95,0.08,3.51,0.05,-0.04,0.62,1.82,-0.45,,,,-25.83
AWM,XSES,Shanghai Turbo Enterprises Ltd,Industrials,Specialty Industrial Machinery,,SGD,Free Cash Flow/Share,0.01,-0.13,-0.08,-,-,0.05,-0.10,-0.04,-0.06,,,,-0.19
AWV,XSES,Captii Ltd,Communication Services,Telecom Services,,SGD,Operating Cash Flow Growth % YOY,,-93.70,542.30,-36.2,126.73,34.26,-39.46,-,-,-,-,,-
AWV,XSES,Captii Ltd,Communication Services,Telecom Services,,SGD,Free Cash Flow Growth % YOY,,-,-,-58.71,390.88,50.77,-36.81,-,-,-,-,,-
AWV,XSES,Captii Ltd,Communication Services,Telecom Services,,SGD,Free Cash Flow/Sales %,,-2.36,5.67,1.85,11.98,20.13,11.38,-6.82,-3.89,-7.19,28.23,,26.71
AWV,XSES,Captii Ltd,Communication Services,Telecom Services,,SGD,Free Cash Flow/Net Income,,-0.10,1.21,0.25,1.37,3.34,0.3,0.45,0.08,0.18,-0.95,,-1.03
AWV,XSES,Captii Ltd,Communication Services,Telecom Services,,SGD,Free Cash Flow/Share,,0.03,0.06,-0.02,0.02,0.18,0.09,0.04,-0.04,-0.06,0.08,,0.08
AWX,XSES,AEM Holdings Ltd,Technology,Semiconductor Equipment & Materials,,SGD,Operating Cash Flow Growth % YOY,,-,-,-31.7,98.45,27.55,-39.74,-,-,-,-,,-
AWX,XSES,AEM Holdings Ltd,Technology,Semiconductor Equipment & Materials,,SGD,Free Cash Flow Growth % YOY,,-,-,-38.13,119.12,25.97,-56.53,-,-,-,-,,-
AWX,XSES,AEM Holdings Ltd,Technology,Semiconductor Equipment & Materials,,SGD,Free Cash Flow/Sales %,,-3.24,21.42,11.19,19.91,15.62,6.23,-6.77,2.99,-10.97,28.75,,28.75
AWX,XSES,AEM Holdings Ltd,Technology,Semiconductor Equipment & Materials,,SGD,Free Cash Flow/Net Income,,-0.49,1.51,0.88,1.22,0.83,0.38,-0.46,-11.63,-3.65,6.77,,6.77
AWX,XSES,AEM Holdings Ltd,Technology,Semiconductor Equipment & Materials,,SGD,Free Cash Flow/Share,,0.00,0.07,0.15,0.13,0.38,0.06,0.22,-0.26,0.07,-0.01,,-0.01
AWZ,XSES,Multi-Chem Ltd,Technology,Electronics & Computer Distribution,,SGD,Operating Cash Flow Growth % YOY,,130.9,-60.43,-,-,1372.24,-42.84,-55.01,107.8,45.45,25.0,,-
AWZ,XSES,Multi-Chem Ltd,Technology,Electronics & Computer Distribution,,SGD,Free Cash Flow Growth % YOY,,141.82,-62.83,-,-,2434.44,-43.77,-57.45,126.44,45.4,25.14,,-
AWZ,XSES,Multi-Chem Ltd,Technology,Electronics & Computer Distribution,,SGD,Free Cash Flow/Sales %,,7.72,2.49,-2.00,0.40,9.56,4.27,1.78,3.77,5.28,6.91,,6.91
AWZ,XSES,Multi-Chem Ltd,Technology,Electronics & Computer Distribution,,SGD,Free Cash Flow/Net Income,,2.87,0.95,-1.55,0.23,2.58,1.03,0.55,0.92,1.17,1.71,,1.71
AWZ,XSES,Multi-Chem Ltd,Technology,Electronics & Computer Distribution,,SGD,Free Cash Flow/Share,,0.18,0.13,-0.04,0.09,0.24,-0.07,0.49,0.28,0.37,0.52,,0.52
AYN,XSES,Global Testing Corp Ltd,Technology,Semiconductor Equipment & Materials,,SGD,Operating Cash Flow Growth % YOY,,-30.68,-10.44,-42.82,12.57,-2.42,105.5,48.07,-47.86,-11.11,27.08,,-
AYN,XSES,Global Testing Corp Ltd,Technology,Semiconductor Equipment & Materials,,SGD,Free Cash Flow Growth % YOY,,-63.64,-2.13,-7.6,-11.42,4.94,140.57,52.13,-58.71,-49.59,123.3,,-
AYN,XSES,Global Testing Corp Ltd,Technology,Semiconductor Equipment & Materials,,SGD,Free Cash Flow/Sales %,,12.77,13.75,15.66,14.11,14.47,20.58,26.15,12.34,6.08,12.15,,12.15
AYN,XSES,Global Testing Corp Ltd,Technology,Semiconductor Equipment & Materials,,SGD,Free Cash Flow/Net Income,,1.06,1.54,-0.71,-0.95,9.31,0.85,1.08,1.47,0.49,1.46,,1.46
AYN,XSES,Global Testing Corp Ltd,Technology,Semiconductor Equipment & Materials,,SGD,Free Cash Flow/Share,,0.18,0.13,0.19,0.12,0.09,0.13,0.48,0.32,0.09,0.21,,0.21
AYV,XSES,Acma Ltd,Consumer Cyclical,Auto Parts,,SGD,Operating Cash Flow Growth % YOY,,-,-,-,-,-34.34,136.84,-52.14,79.56,-,-,,-
AYV,XSES,Acma Ltd,Consumer Cyclical,Auto Parts,,SGD,Free Cash Flow Growth % YOY,,-,-,-,-,-26.17,163.6,-55.81,100.86,-,-,,-
AYV,XSES,Acma Ltd,Consumer Cyclical,Auto Parts,,SGD,Free Cash Flow/Sales %,,-2.87,-0.23,-1.96,3.15,3.55,10.79,4.67,44.3,-21.20,3.15,,3.15
AYV,XSES,Acma Ltd,Consumer Cyclical,Auto Parts,,SGD,Free Cash Flow/Net Income,,-1.85,0.41,0.56,-0.29,-0.4,-1.76,-3.38,-3.98,-3.10,-0.18,,-0.18
AYV,XSES,Acma Ltd,Consumer Cyclical,Auto Parts,,SGD,Free Cash Flow/Share,,-0.01,-0.14,0.05,0.03,0.1,0.09,-0.02,0.08,-0.11,0.17,,0.17
AZA,XSES,IPC Corp Ltd,Real Estate,Real Estate Services,,SGD,Operating Cash Flow Growth % YOY,,-,-,-,-,-,-,-,-,-,-,,-
AZA,XSES,IPC Corp Ltd,Real Estate,Real Estate Services,,SGD,Free Cash Flow Growth % YOY,,-,-,-,-,-,-,-,-,-,-,,-
AZA,XSES,IPC Corp Ltd,Real Estate,Real Estate Services,,SGD,Free Cash Flow/Sales %,,-601.79,-44.52,36.86,-73.91,24.04,-13.26,-151.68,16.36,-89.31,-291.00,,-291.00
AZA,XSES,IPC Corp Ltd,Real Estate,Real Estate Services,,SGD,Free Cash Flow/Net Income,,2.04,0.38,0.13,0.16,-0.05,0.06,0.30,-0.82,-0.33,1.71,,1.71
AZA,XSES,IPC Corp Ltd,Real Estate,Real Estate Services,,SGD,Free Cash Flow/Share,,-0.18,-0.02,-0.03,0.03,-0.02,0.02,-0.01,0.04,-0.05,-0.02,,-0.02
B28,XSES,Bonvests Holdings Ltd,Consumer Cyclical,Lodging,,SGD,Operating Cash Flow Growth % YOY,,45.03,-25.56,30.36,-37.78,-69.20,158.61,137.33,-22.49,6.33,-0.57,,-
B28,XSES,Bonvests Holdings Ltd,Consumer Cyclical,Lodging,,SGD,Free Cash Flow Growth % YOY,,80.45,-,-,-,-,-,-,-50.68,77.41,3.77,,-
B28,XSES,Bonvests Holdings Ltd,Consumer Cyclical,Lodging,,SGD,Free Cash Flow/Sales %,,9.71,-7.95,-3.33,2.32,-8.87,-3.28,18.72,8.9,15.27,15.57,,15.57
B28,XSES,Bonvests Holdings Ltd,Consumer Cyclical,Lodging,,SGD,Free Cash Flow/Net Income,,0.39,-0.89,-0.62,1.38,0.26,-0.36,1.89,2.69,18.35,1.83,,1.83
B28,XSES,Bonvests Holdings Ltd,Consumer Cyclical,Lodging,,SGD,Free Cash Flow/Share,,-0.08,0.11,-0.02,-0.10,0.02,-0.05,0.06,0.06,0.08,0.08,,0.08
B49,XSES,World Precision Machinery Ltd,Industrials,Specialty Industrial Machinery,,SGD,Operating Cash Flow Growth % YOY,,-22.37,26.34,-47.13,27.6,-7.29,111.54,-48.14,-36.24,-64.90,103.19,,-
B49,XSES,World Precision Machinery Ltd,Industrials,Specialty Industrial Machinery,,SGD,Free Cash Flow Growth % YOY,,-19.75,-15.0,-92.05,197.82,120.64,210.51,-64.62,-34.08,-,-,,-
B49,XSES,World Precision Machinery Ltd,Industrials,Specialty Industrial Machinery,,SGD,Free Cash Flow/Sales %,,15.3,11.7,0.84,2.66,4.77,11.57,4.84,3.3,-0.92,5.93,,4.06
B49,XSES,World Precision Machinery Ltd,Industrials,Specialty Industrial Machinery,,SGD,Free Cash Flow/Net Income,,3.68,2.56,1.22,1.11,1.21,1.35,2.2,5.91,-1.34,-0.80,,-0.36
B49,XSES,World Precision Machinery Ltd,Industrials,Specialty Industrial Machinery,,SGD,Free Cash Flow/Share,,0.06,0.04,0.0,0.02,0.01,0.04,0.06,0.02,0.08,-0.02,,-0.02
B58,XSES,Banyan Tree Holdings Ltd,Consumer Cyclical,Resorts & Casinos,,SGD,Operating Cash Flow Growth % YOY,,-,-,-,-97.20,-,-,-23.88,-55.06,43.23,-,,-
B58,XSES,Banyan Tree Holdings Ltd,Consumer Cyclical,Resorts & Casinos,,SGD,Free Cash Flow Growth % YOY,,-,-,-,-,-,-,-36.23,-81.79,81.28,-,,-
B58,XSES,Banyan Tree Holdings Ltd,Consumer Cyclical,Resorts & Casinos,,SGD,Free Cash Flow/Sales %,,-7.27,-4.35,-3.03,-14.93,-18.26,50.92,26.48,3.99,6.23,-10.76,,-10.76
B58,XSES,Banyan Tree Holdings Ltd,Consumer Cyclical,Resorts & Casinos,,SGD,Free Cash Flow/Net Income,,1.39,-1.07,-0.74,-79.58,0.30,-2.04,93.66,0.41,0.56,-1.21,,-1.21
B58,XSES,Banyan Tree Holdings Ltd,Consumer Cyclical,Resorts & Casinos,,SGD,Free Cash Flow/Share,,-0.03,-0.04,0.02,-0.09,-0.04,-0.01,0.14,0.08,-0.03,0.04,,0.04
B61,XSES,Bukit Sembawang Estates Ltd,Real Estate,Real Estate - Development,,SGD,Operating Cash Flow Growth % YOY,,1.24,-76.75,-,-,-,35.44,-78.48,-,-,-17.25,,-
B61,XSES,Bukit Sembawang Estates Ltd,Real Estate,Real Estate - Development,,SGD,Free Cash Flow Growth % YOY,,1.19,-76.83,-,-,-,35.72,-78.51,-,-,-17.29,,-
B61,XSES,Bukit Sembawang Estates Ltd,Real Estate,Real Estate - Development,,SGD,Free Cash Flow/Sales %,,59.55,27.14,-136.87,-112.94,92.47,79.87,34.6,-43.42,37.35,31.57,,-90.11
B61,XSES,Bukit Sembawang Estates Ltd,Real Estate,Real Estate - Development,,SGD,Free Cash Flow/Net Income,,1.83,0.54,-2.43,-3.99,4.49,2.45,1.2,-2.49,2.96,1.52,,-3.26
B61,XSES,Bukit Sembawang Estates Ltd,Real Estate,Real Estate - Development,,SGD,Free Cash Flow/Share,,0.61,0.3,-0.27,-0.85,-0.12,1.28,1.57,0.24,-0.32,0.86,,0.67
BAC,XSES,Camsing Healthcare Ltd,Consumer Defensive,Food Distribution,,SGD,Operating Cash Flow Growth % YOY,,-,-,32.49,-,-,-30.38,-67.51,-,-,-,,-
BAC,XSES,Camsing Healthcare Ltd,Consumer Defensive,Food Distribution,,SGD,Free Cash Flow Growth % YOY,,-,-,-61.54,-,-,-26.02,-69.01,-,-,-,,-
BAC,XSES,Camsing Healthcare Ltd,Consumer Defensive,Food Distribution,,SGD,Free Cash Flow/Sales %,,-9.93,1.78,0.84,-28.64,38.08,36.19,11.54,-16.14,6.70,-33.16,,-10.21
BAC,XSES,Camsing Healthcare Ltd,Consumer Defensive,Food Distribution,,SGD,Free Cash Flow/Net Income,,0.71,2.02,2.36,0.37,-0.51,-2.49,-0.48,0.41,-0.12,0.69,,0.44
BAC,XSES,Camsing Healthcare Ltd,Consumer Defensive,Food Distribution,,SGD,Free Cash Flow/Share,,-0.07,-0.07,0.06,0.05,-,-,-,-,-,-,,-0.01
BAI,XSES,Digilife Technologies Ltd,Communication Services,Telecom Services,,SGD,Operating Cash Flow Growth % YOY,-66.31,-,-,-,-,-,-,,-,-64.05,,,-
BAI,XSES,Digilife Technologies Ltd,Communication Services,Telecom Services,,SGD,Free Cash Flow Growth % YOY,-67.14,-,-,-,-,-,-,,-,-74.52,,,-
BAI,XSES,Digilife Technologies Ltd,Communication Services,Telecom Services,,SGD,Free Cash Flow/Sales %,1.12,-0.83,-3.37,2.15,-1.96,-1.31,0.89,,1.34,5.9,,,9.88
BAI,XSES,Digilife Technologies Ltd,Communication Services,Telecom Services,,SGD,Free Cash Flow/Net Income,4.8,-5.85,-15.33,1.61,-5.55,1.23,-0.43,,4.63,-0.21,,,-0.08
BAI,XSES,Digilife Technologies Ltd,Communication Services,Telecom Services,,SGD,Free Cash Flow/Share,0.43,-0.54,-0.18,-0.57,0.05,-0.09,-0.10,,0.16,0.19,,,0.06
BAZ,XSES,Lion Asiapac Ltd,Basic Materials,Building Materials,,SGD,Operating Cash Flow Growth % YOY,,-34.69,-,-,-,-,-,-,-,-,-,,-
BAZ,XSES,Lion Asiapac Ltd,Basic Materials,Building Materials,,SGD,Free Cash Flow Growth % YOY,,-47.55,-,-,-,-,-,-,-,-,-,,-
BAZ,XSES,Lion Asiapac Ltd,Basic Materials,Building Materials,,SGD,Free Cash Flow/Sales %,,3.42,-3.60,8.29,-2.80,9.87,-17.63,-14.01,4.87,-13.00,6.14,,5.79
BAZ,XSES,Lion Asiapac Ltd,Basic Materials,Building Materials,,SGD,Free Cash Flow/Net Income,,-0.17,-0.02,0.99,0.82,3.07,-3.64,2.67,-0.49,-3.51,-1.26,,-0.19
BAZ,XSES,Lion Asiapac Ltd,Basic Materials,Building Materials,,SGD,Free Cash Flow/Share,,0.01,0.01,-0.01,-0.06,0.08,-0.01,-0.05,-0.06,-0.01,0.01,,0.01
BBP,XSES,Hor Kew Corp Ltd,Industrials,Engineering & Construction,,SGD,Operating Cash Flow Growth % YOY,,-,517.81,-40.46,-,-,115.31,-4.37,84.79,39.33,0.67,,-
BBP,XSES,Hor Kew Corp Ltd,Industrials,Engineering & Construction,,SGD,Free Cash Flow Growth % YOY,,-,-,-,-,-,774.25,-64.58,490.45,49.36,-3.96,,-
BBP,XSES,Hor Kew Corp Ltd,Industrials,Engineering & Construction,,SGD,Free Cash Flow/Sales %,,-2.45,7.96,-5.25,-4.50,1.41,10.82,2.85,12.27,23.17,26.55,,26.55
BBP,XSES,Hor Kew Corp Ltd,Industrials,Engineering & Construction,,SGD,Free Cash Flow/Net Income,,-1.11,-1.46,0.09,-3.22,2.12,1.53,1.26,1.73,1.4,1.43,,1.43
BBP,XSES,Hor Kew Corp Ltd,Industrials,Engineering & Construction,,SGD,Free Cash Flow/Share,,-0.07,0.04,-0.03,-0.08,-0.04,0.05,0.08,0.14,0.35,0.42,,0.42
BBW,XSES,Azeus Systems Holdings Ltd,Technology,Information Technology Services,,SGD,Operating Cash Flow Growth % YOY,,-,-,-,-,-,38.57,-25.18,-38.52,186.64,93.45,,-
BBW,XSES,Azeus Systems Holdings Ltd,Technology,Information Technology Services,,SGD,Free Cash Flow Growth % YOY,,-,-,-,-,-,39.75,-25.61,-39.79,179.06,101.48,,-
BBW,XSES,Azeus Systems Holdings Ltd,Technology,Information Technology Services,,SGD,Free Cash Flow/Sales %,,7.49,-26.07,18.13,-3.50,30.47,43.35,26.38,13.67,29.33,40.94,,40.48
BBW,XSES,Azeus Systems Holdings Ltd,Technology,Information Technology Services,,SGD,Free Cash Flow/Net Income,,6.23,1.18,9.95,-0.41,4.36,3.26,1.19,0.68,1.14,1.16,,1.19
BBW,XSES,Azeus Systems Holdings Ltd,Technology,Information Technology Services,,SGD,Free Cash Flow/Share,,-,-0.01,-0.04,0.07,0.08,0.45,0.36,0.24,0.28,0.56,,1.07
BCV,XSES,Qian Hu Corp Ltd,Consumer Cyclical,Leisure,,SGD,Operating Cash Flow Growth % YOY,,99.96,118.65,-92.36,1147.34,42.87,-7.02,-29.1,-44.43,20.09,-5.09,,-
BCV,XSES,Qian Hu Corp Ltd,Consumer Cyclical,Leisure,,SGD,Free Cash Flow Growth % YOY,,-,165.15,-,-,56.75,-18.24,-28.7,-63.95,-14.88,-,,-
BCV,XSES,Qian Hu Corp Ltd,Consumer Cyclical,Leisure,,SGD,Free Cash Flow/Sales %,,0.83,2.03,-1.35,7.14,11.44,8.8,6.67,2.57,2.16,-1.93,,-1.93
BCV,XSES,Qian Hu Corp Ltd,Consumer Cyclical,Leisure,,SGD,Free Cash Flow/Net Income,,9.90,5.4,-2.88,5.97,-5.93,4.09,3.58,-0.2,4.32,1.85,,1.85
BCV,XSES,Qian Hu Corp Ltd,Consumer Cyclical,Leisure,,SGD,Free Cash Flow/Share,,0.00,0.01,-0.01,0.05,0.04,0.08,0.04,0.03,0.02,-0.01,,-0.01
BCY,XSES,Powermatic Data Systems Ltd,Technology,Communication Equipment,,SGD,Operating Cash Flow Growth % YOY,,48.92,61.67,-39.64,164.13,-5.35,2.47,-9.96,44.26,-15.17,-21.88,,-
BCY,XSES,Powermatic Data Systems Ltd,Technology,Communication Equipment,,SGD,Free Cash Flow Growth % YOY,,72.65,67.5,-42.1,182.65,-29.39,27.11,-0.45,40.18,-40.73,12.09,,-
BCY,XSES,Powermatic Data Systems Ltd,Technology,Communication Equipment,,SGD,Free Cash Flow/Sales %,,19.06,32.06,17.76,38.65,26.28,27.69,25.91,32.81,21.4,46.94,,52.51
BCY,XSES,Powermatic Data Systems Ltd,Technology,Communication Equipment,,SGD,Free Cash Flow/Net Income,,1.04,1.19,0.63,1.16,0.65,0.98,0.89,1.07,1.44,2.08,,2.31
BCY,XSES,Powermatic Data Systems Ltd,Technology,Communication Equipment,,SGD,Free Cash Flow/Share,,0.1,0.1,0.12,0.15,0.16,0.22,0.2,0.25,0.36,-0.01,,0.19
BCZ,XSES,Travelite Holdings Ltd,Consumer Cyclical,Department Stores,,SGD,Operating Cash Flow Growth % YOY,,-,-,-,71.13,-,-,26.41,109.12,-,-,,-
BCZ,XSES,Travelite Holdings Ltd,Consumer Cyclical,Department Stores,,SGD,Free Cash Flow Growth % YOY,,-,-,-,1327.69,-,-,30.29,91.99,-,-,,-
BCZ,XSES,Travelite Holdings Ltd,Consumer Cyclical,Department Stores,,SGD,Free Cash Flow/Sales %,,9.41,-55.86,0.48,6.51,-7.26,19.24,18.06,18.71,-2.54,6.59,,5.51
BCZ,XSES,Travelite Holdings Ltd,Consumer Cyclical,Department Stores,,SGD,Free Cash Flow/Net Income,,10.57,-57.70,-0.20,12.65,0.51,-1.88,-11.05,2.81,-0.44,2.67,,-1.35
BCZ,XSES,Travelite Holdings Ltd,Consumer Cyclical,Department Stores,,SGD,Free Cash Flow/Share,,0.02,0.01,-,0.01,-0.02,0.04,0.05,0.12,0.03,0.01,,0.03
BDA,XSES,PNE Industries Ltd,Technology,Electronic Components,,SGD,Operating Cash Flow Growth % YOY,,-22.41,-71.14,78.14,20.24,21.55,-63.56,-,-,-19.85,-,,-
BDA,XSES,PNE Industries Ltd,Technology,Electronic Components,,SGD,Free Cash Flow Growth % YOY,,-22.8,-83.59,206.79,19.24,20.4,-65.24,-,-,-,-,,-
BDA,XSES,PNE Industries Ltd,Technology,Electronic Components,,SGD,Free Cash Flow/Sales %,,16.08,2.15,7.41,6.9,9.89,4.57,-3.34,1.21,-0.58,-5.65,,4.12
BDA,XSES,PNE Industries Ltd,Technology,Electronic Components,,SGD,Free Cash Flow/Net Income,,0.73,0.19,1.12,0.87,1.37,-3.79,-0.68,0.86,-0.27,-7.68,,-4.59
BDA,XSES,PNE Industries Ltd,Technology,Electronic Components,,SGD,Free Cash Flow/Share,,0.13,0.13,0.03,-0.02,0.2,0.07,-0.10,0.06,-0.03,-0.03,,-0.05
BDR,XSES,Willas-Array Electronics Holdings Ltd,Technology,Electronics & Computer Distribution,,SGD,Operating Cash Flow Growth % YOY,,-,-,-,-,424.99,-54.63,-,-,-,121.32,,-
BDR,XSES,Willas-Array Electronics Holdings Ltd,Technology,Electronics & Computer Distribution,,SGD,Free Cash Flow Growth % YOY,,-,-,-,-,926.36,-54.95,-,-,-,132.8,,-
BDR,XSES,Willas-Array Electronics Holdings Ltd,Technology,Electronics & Computer Distribution,,SGD,Free Cash Flow/Sales %,,0.85,-3.70,-3.53,0.75,8.96,3.6,-1.16,-6.03,2.04,10.13,,10.13
BDR,XSES,Willas-Array Electronics Holdings Ltd,Technology,Electronics & Computer Distribution,,SGD,Free Cash Flow/Net Income,,-0.43,-3.83,-1.44,-1.46,-3.92,1.39,-0.48,-69.60,-0.32,4.69,,4.69
BDR,XSES,Willas-Array Electronics Holdings Ltd,Technology,Electronics & Computer Distribution,,SGD,Free Cash Flow/Share,,0.12,-0.05,-0.20,-0.56,0.7,0.53,0.33,-0.48,-0.22,-0.13,,-0.13
BDU,XSES,Federal International (2000) Ltd,Energy,Oil & Gas Equipment & Services,,SGD,Operating Cash Flow Growth % YOY,,-,-,-,-98.18,-,-,-,-,-,-,,-
BDU,XSES,Federal International (2000) Ltd,Energy,Oil & Gas Equipment & Services,,SGD,Free Cash Flow Growth % YOY,,-,-,-,-,-,-,-,-,-,-,,-
BDU,XSES,Federal International (2000) Ltd,Energy,Oil & Gas Equipment & Services,,SGD,Free Cash Flow/Sales %,,-13.63,-9.42,21.88,-0.76,-13.03,32.40,-7.81,7.84,-6.76,12.09,,12.09
BDU,XSES,Federal International (2000) Ltd,Energy,Oil & Gas Equipment & Services,,SGD,Free Cash Flow/Net Income,,-1.68,-2.89,-1.63,-0.20,1.77,58.03,-4.21,-0.22,-0.77,4.86,,4.86
BDU,XSES,Federal International (2000) Ltd,Energy,Oil & Gas Equipment & Services,,SGD,Free Cash Flow/Share,,-0.13,-0.16,0.21,-0.05,0.02,0.02,-0.09,0.10,0.01,-0.01,,-0.01
BDX,XSES,GSH Corp Ltd,Industrials,Conglomerates,,SGD,Operating Cash Flow Growth % YOY,,-68.24,176.79,-89.81,-,-,-,-,-,-,-4.35,,-
BDX,XSES,GSH Corp Ltd,Industrials,Conglomerates,,SGD,Free Cash Flow Growth % YOY,,-75.49,164.14,-,-,-,-,-,-,-,206.31,,-
BDX,XSES,GSH Corp Ltd,Industrials,Conglomerates,,SGD,Free Cash Flow/Sales %,,9.55,19.93,-10.78,-40.04,-51.08,-128.00,45.42,-29.98,7.83,23.02,,23.02
BDX,XSES,GSH Corp Ltd,Industrials,Conglomerates,,SGD,Free Cash Flow/Net Income,,-2.29,0.25,-1.81,-8.10,4.34,5.83,-2.10,4.20,-0.96,-1.7,,-1.70
BDX,XSES,GSH Corp Ltd,Industrials,Conglomerates,,SGD,Free Cash Flow/Share,,0.0,0.08,-0.02,0.00,-0.05,-0.05,0.00,-0.02,0.00,0.01,,0.01
BEC,XSES,BRC Asia Ltd,Basic Materials,Steel,,SGD,Operating Cash Flow Growth % YOY,,-65.92,127.73,-,-,53.99,-,-,225.82,29.56,-40.37,,-
BEC,XSES,BRC Asia Ltd,Basic Materials,Steel,,SGD,Free Cash Flow Growth % YOY,,-93.63,551.57,-,-,55.29,-,-,239.33,29.51,-42.47,,-
BEC,XSES,BRC Asia Ltd,Basic Materials,Steel,,SGD,Free Cash Flow/Sales %,,0.51,3.67,-6.66,8.43,19.52,-10.96,2.71,9.6,13.66,7.5,,12.56
BEC,XSES,BRC Asia Ltd,Basic Materials,Steel,,SGD,Free Cash Flow/Net Income,,0.21,5.4,-3.22,2.44,5.87,-2.72,0.51,2.06,2.16,1.23,,2.13
BEC,XSES,BRC Asia Ltd,Basic Materials,Steel,,SGD,Free Cash Flow/Share,,0.1,-0.06,0.03,0.17,0.46,-0.38,0.31,0.68,0.19,0.29,,0.42
BEH,XSES,China International Holdings Ltd,Utilities,Utilities - Regulated Water,,SGD,Operating Cash Flow Growth % YOY,,-,97.58,-,-,-,-,-,-,-20.75,-,,-
BEH,XSES,China International Holdings Ltd,Utilities,Utilities - Regulated Water,,SGD,Free Cash Flow Growth % YOY,,-,-,-,-,-,-,-,-,-,-,,-
BEH,XSES,China International Holdings Ltd,Utilities,Utilities - Regulated Water,,SGD,Free Cash Flow/Sales %,,2.63,-20.04,-88.11,-64.26,-23.54,-38.47,-53.41,0.24,-2.10,-12.45,,-12.45
BEH,XSES,China International Holdings Ltd,Utilities,Utilities - Regulated Water,,SGD,Free Cash Flow/Net Income,,0.10,-0.92,-11.03,-2.19,-0.65,0.91,-0.83,0.00,0.02,4.55,,4.55
BEH,XSES,China International Holdings Ltd,Utilities,Utilities - Regulated Water,,SGD,Free Cash Flow/Share,,0.01,-0.07,-0.16,-0.17,-0.04,-0.15,-0.17,-0.03,-0.03,-0.01,,-0.01
BEI,XSES,LHT Holdings Ltd,Basic Materials,Lumber & Wood Production,,SGD,Operating Cash Flow Growth % YOY,,-7.45,-32.19,-26.01,57.23,61.02,-40.79,28.32,5.73,-59.71,68.34,,-
BEI,XSES,LHT Holdings Ltd,Basic Materials,Lumber & Wood Production,,SGD,Free Cash Flow Growth % YOY,,2.35,-35.55,-42.4,119.51,21.57,-44.25,100.43,-42.54,-38.62,110.99,,-
BEI,XSES,LHT Holdings Ltd,Basic Materials,Lumber & Wood Production,,SGD,Free Cash Flow/Sales %,,13.81,10.69,5.84,14.4,19.85,10.34,20.99,13.94,9.33,20.49,,20.49
BEI,XSES,LHT Holdings Ltd,Basic Materials,Lumber & Wood Production,,SGD,Free Cash Flow/Net Income,,1.69,0.58,0.73,2.49,2.3,0.85,1.34,0.99,1.18,4.79,,4.79
BEI,XSES,LHT Holdings Ltd,Basic Materials,Lumber & Wood Production,,SGD,Free Cash Flow/Share,,0.1,0.15,-0.01,0.11,0.14,0.14,0.09,0.18,0.03,0.06,,0.06
BEW,XSES,JB Foods Ltd,Consumer Defensive,Confectioners,,SGD,Operating Cash Flow Growth % YOY,,-,-,-82.56,-,-,-,-,-,,,,-
BEW,XSES,JB Foods Ltd,Consumer Defensive,Confectioners,,SGD,Free Cash Flow Growth % YOY,,-,-,-,-,-,-,-,-,,,,-
BEW,XSES,JB Foods Ltd,Consumer Defensive,Confectioners,,SGD,Free Cash Flow/Sales %,,-3.55,12.00,-3.02,-19.72,2.50,-7.51,6.88,-11.07,,,,-4.64
BEW,XSES,JB Foods Ltd,Consumer Defensive,Confectioners,,SGD,Free Cash Flow/Net Income,,-2.82,2.50,-0.37,-2.65,0.54,-2.43,2.10,-34.81,,,,-1.22
BEW,XSES,JB Foods Ltd,Consumer Defensive,Confectioners,,SGD,Free Cash Flow/Share,,-0.15,0.17,0.04,-0.40,-0.03,-0.14,0.00,-0.21,,,,-0.29
BEZ,XSES,Beng Kuang Marine Ltd,Energy,Oil & Gas Equipment & Services,,SGD,Operating Cash Flow Growth % YOY,,28.79,-31.97,5.53,40.68,-40.52,-37.23,89.83,-43.91,255.84,79.99,,-
BEZ,XSES,Beng Kuang Marine Ltd,Energy,Oil & Gas Equipment & Services,,SGD,Free Cash Flow Growth % YOY,,246.4,178.49,20.32,14.34,-35.35,-39.31,169.39,-53.4,323.16,67.37,,-
BEZ,XSES,Beng Kuang Marine Ltd,Energy,Oil & Gas Equipment & Services,,SGD,Free Cash Flow/Sales %,,2.23,8.68,10.34,11.21,9.91,4.84,11.69,4.07,12.18,23.24,,23.24
BEZ,XSES,Beng Kuang Marine Ltd,Energy,Oil & Gas Equipment & Services,,SGD,Free Cash Flow/Net Income,,12.16,-0.43,-0.49,1326.19,-0.27,-0.19,-0.32,0.94,1.18,4.28,,4.28
BEZ,XSES,Beng Kuang Marine Ltd,Energy,Oil & Gas Equipment & Services,,SGD,Free Cash Flow/Share,,0.03,0.01,0.05,0.04,0.06,0.01,0.03,0.04,0.02,0.08,,0.08
BFI,XSES,Tiong Seng Holdings Ltd,Industrials,Engineering & Construction,,SGD,Operating Cash Flow Growth % YOY,,290.08,-18.33,-,-,-4.84,-95.22,-,-,-,-,,-
BFI,XSES,Tiong Seng Holdings Ltd,Industrials,Engineering & Construction,,SGD,Free Cash Flow Growth % YOY,,637.92,-10.32,-,-,-2.44,-,-,-,-,-,,-
BFI,XSES,Tiong Seng Holdings Ltd,Industrials,Engineering & Construction,,SGD,Free Cash Flow/Sales %,,16.3,15.23,-17.61,8.07,13.5,-2.04,-6.43,8.98,-9.90,-11.71,,-11.71
BFI,XSES,Tiong Seng Holdings Ltd,Industrials,Engineering & Construction,,SGD,Free Cash Flow/Net Income,,8.25,3.66,-7.55,3.08,-1.0,0.12,0.27,-3.51,-18.57,1.06,,1.06
BFI,XSES,Tiong Seng Holdings Ltd,Industrials,Engineering & Construction,,SGD,Free Cash Flow/Share,,0.34,0.22,-0.06,0.02,0.07,0.02,0.01,0.00,-0.05,-0.12,,-0.12
BFK,XSES,Pharmesis International Ltd,Healthcare,Drug Manufacturers - Specialty & Generic,,SGD,Operating Cash Flow Growth % YOY,,-,-,46.14,-39.97,-28.04,-61.38,905.21,-,-,-,,-
BFK,XSES,Pharmesis International Ltd,Healthcare,Drug Manufacturers - Specialty & Generic,,SGD,Free Cash Flow Growth % YOY,,-,-,-,-,-,-,-,-,-,-,,-
BFK,XSES,Pharmesis International Ltd,Healthcare,Drug Manufacturers - Specialty & Generic,,SGD,Free Cash Flow/Sales %,,-46.90,-1.13,-1.28,-10.92,1.64,-1.76,12.56,-26.81,-6.26,5.40,,5.40
BFK,XSES,Pharmesis International Ltd,Healthcare,Drug Manufacturers - Specialty & Generic,,SGD,Free Cash Flow/Net Income,,6.96,0.32,-0.64,0.23,-0.13,-0.79,-1.78,2.47,-0.51,-0.55,,-0.55
BFK,XSES,Pharmesis International Ltd,Healthcare,Drug Manufacturers - Specialty & Generic,,SGD,Free Cash Flow/Share,,0.05,-0.25,-0.03,-0.04,-0.02,0.00,-0.01,-0.04,-0.05,0.02,,0.02
BFT,XSES,Lincotrade & Associates Holdings Ltd,Industrials,Engineering & Construction,,SGD,Operating Cash Flow Growth % YOY,,-58.19,-,-,-57.77,-96.19,-,-,-,18.25,-86.38,,-
BFT,XSES,Lincotrade & Associates Holdings Ltd,Industrials,Engineering & Construction,,SGD,Free Cash Flow Growth % YOY,,-89.29,-,-,-,-,-,-,-,-,-,,-
BFT,XSES,Lincotrade & Associates Holdings Ltd,Industrials,Engineering & Construction,,SGD,Free Cash Flow/Sales %,,2.32,-36.26,3.75,-0.52,-5.58,-,-,6.12,-7.10,-0.54,,-6.35
BFT,XSES,Lincotrade & Associates Holdings Ltd,Industrials,Engineering & Construction,,SGD,Free Cash Flow/Net Income,,-0.14,-52.70,-0.36,0.01,0.17,0.05,1.10,-0.49,-2.10,-0.16,,-1.04
BFT,XSES,Lincotrade & Associates Holdings Ltd,Industrials,Engineering & Construction,,SGD,Free Cash Flow/Share,,0.02,-0.32,-0.04,0.05,-0.04,-0.02,-0.02,0.08,0.01,-0.03,,0.00
BFU,XSES,Tye Soon Ltd,Industrials,Industrial Distribution,,SGD,Operating Cash Flow Growth % YOY,,-,-,165.11,12.81,96.41,-85.91,39.13,-,-,1235.96,,-
BFU,XSES,Tye Soon Ltd,Industrials,Industrial Distribution,,SGD,Free Cash Flow Growth % YOY,,-,-,190.97,14.57,97.11,-87.42,28.21,-,-,3581.18,,-
BFU,XSES,Tye Soon Ltd,Industrials,Industrial Distribution,,SGD,Free Cash Flow/Sales %,,-2.56,1.46,4.25,4.74,10.46,1.16,1.34,-0.42,0.11,4.0,,4.00
BFU,XSES,Tye Soon Ltd,Industrials,Industrial Distribution,,SGD,Free Cash Flow/Net Income,,-0.80,4.35,-8.03,46.55,16.94,0.58,0.53,-0.25,0.07,2.85,,2.85
BFU,XSES,Tye Soon Ltd,Industrials,Industrial Distribution,,SGD,Free Cash Flow/Share,,-0.09,0.01,0.0,0.14,0.09,0.31,-0.15,0.04,0.05,0.11,,0.11
BHD,XSES,China Mining International Ltd,Consumer Defensive,Farm Products,,SGD,Operating Cash Flow Growth % YOY,-,-,-,-43.61,-,-,242.86,-,-,-,,,-
BHD,XSES,China Mining International Ltd,Consumer Defensive,Farm Products,,SGD,Free Cash Flow Growth % YOY,-,-,-,-55.01,-,-,243.46,-,-,-,,,-
BHD,XSES,China Mining International Ltd,Consumer Defensive,Farm Products,,SGD,Free Cash Flow/Sales %,-158.78,-94.93,41.51,11.67,-287.89,328.30,433.61,-12.27,-48.39,-,,,-4880.39
BHD,XSES,China Mining International Ltd,Consumer Defensive,Farm Products,,SGD,Free Cash Flow/Net Income,0.63,1.42,-0.67,-5.29,0.62,-0.66,0.81,0.88,0.07,0.06,,,0.47
BHD,XSES,China Mining International Ltd,Consumer Defensive,Farm Products,,SGD,Free Cash Flow/Share,-0.01,-0.03,-0.02,0.03,-0.01,-0.05,0.04,0.02,0.00,0.00,,,0.00
BHK,XSES,SIIC Environment Holdings Ltd,Utilities,Utilities - Regulated Water,,SGD,Operating Cash Flow Growth % YOY,,-,-,-,-,0.63,106.43,-,-,-70.28,199.84,,-
BHK,XSES,SIIC Environment Holdings Ltd,Utilities,Utilities - Regulated Water,,SGD,Free Cash Flow Growth % YOY,,-,-,-,-,-,-,-,-,-,-,,-
BHK,XSES,SIIC Environment Holdings Ltd,Utilities,Utilities - Regulated Water,,SGD,Free Cash Flow/Sales %,,-6.73,-29.02,-12.89,-10.49,-1.74,-7.65,-22.26,10.20,-15.77,9.81,,9.81
BHK,XSES,SIIC Environment Holdings Ltd,Utilities,Utilities - Regulated Water,,SGD,Free Cash Flow/Net Income,,-0.39,-2.51,-1.27,-1.04,-0.17,-0.79,-2.37,1.28,-1.98,1.14,,1.14
BHK,XSES,SIIC Environment Holdings Ltd,Utilities,Utilities - Regulated Water,,SGD,Free Cash Flow/Share,,0.01,-0.12,-0.09,-0.04,-0.03,0.02,-0.10,-0.08,0.00,-0.03,,-0.03
BHU,XSES,SUTL Enterprise Ltd,Consumer Cyclical,Leisure,,SGD,Operating Cash Flow Growth % YOY,,97.49,20.61,-28.64,60.74,26.61,-18.68,51.03,-14.61,-31.73,28.71,,-
BHU,XSES,SUTL Enterprise Ltd,Consumer Cyclical,Leisure,,SGD,Free Cash Flow Growth % YOY,,106.27,8.98,-58.65,-77.17,533.7,98.31,86.75,-17.48,-39.69,14.73,,-
BHU,XSES,SUTL Enterprise Ltd,Consumer Cyclical,Leisure,,SGD,Free Cash Flow/Sales %,,15.76,18.54,6.07,1.44,10.5,18.01,28.13,22.06,13.47,15.34,,15.34
BHU,XSES,SUTL Enterprise Ltd,Consumer Cyclical,Leisure,,SGD,Free Cash Flow/Net Income,,1.15,1.17,0.35,0.18,0.91,1.17,1.43,1.09,0.63,0.73,,0.73
BHU,XSES,SUTL Enterprise Ltd,Consumer Cyclical,Leisure,,SGD,Free Cash Flow/Share,,0.04,0.05,0.02,0.01,0.0,0.03,0.11,0.13,0.07,0.07,,0.07
BIP,XSES,Vibrant Group Ltd,Industrials,Integrated Freight & Logistics,,SGD,Operating Cash Flow Growth % YOY,,-,-,-81.76,140.85,-1.3,4.85,31.17,41.94,-37.15,7.6,,-
BIP,XSES,Vibrant Group Ltd,Industrials,Integrated Freight & Logistics,,SGD,Free Cash Flow Growth % YOY,,-,-,-85.88,218.46,-17.62,31.4,30.57,33.57,-31.8,7.38,,-
BIP,XSES,Vibrant Group Ltd,Industrials,Integrated Freight & Logistics,,SGD,Free Cash Flow/Sales %,,-21.57,28.57,4.24,8.42,13.34,15.77,16.61,26.28,21.98,21.88,,22.61
BIP,XSES,Vibrant Group Ltd,Industrials,Integrated Freight & Logistics,,SGD,Free Cash Flow/Net Income,,-6.04,15.42,-0.08,3.08,3.57,8.15,3.61,255.87,50.89,4.26,,3.36
BIP,XSES,Vibrant Group Ltd,Industrials,Integrated Freight & Logistics,,SGD,Free Cash Flow/Share,,-0.11,0.06,0.08,-0.02,0.04,0.04,0.05,0.06,0.05,0.04,,0.05
BIX,XSES,Ellipsiz Ltd,Technology,Semiconductor Equipment & Materials,,SGD,Operating Cash Flow Growth % YOY,,-40.73,111.0,-,-,-13.35,-97.98,7714.29,-91.52,-59.30,999.34,,-
BIX,XSES,Ellipsiz Ltd,Technology,Semiconductor Equipment & Materials,,SGD,Free Cash Flow Growth % YOY,,-47.6,173.18,-,-,-38.85,-,-,-,-,-,,-
BIX,XSES,Ellipsiz Ltd,Technology,Semiconductor Equipment & Materials,,SGD,Free Cash Flow/Sales %,,4.57,12.69,-6.81,4.53,2.56,-1.21,6.89,-0.88,-0.13,-6.05,,-11.68
BIX,XSES,Ellipsiz Ltd,Technology,Semiconductor Equipment & Materials,,SGD,Free Cash Flow/Net Income,,0.56,1.74,-0.37,-4.41,-2.02,-0.22,1.39,-0.25,0.02,-0.96,,-10.06
BIX,XSES,Ellipsiz Ltd,Technology,Semiconductor Equipment & Materials,,SGD,Free Cash Flow/Share,,0.01,0.06,-0.02,0.04,0.01,0.01,0.00,0.01,0.01,0.01,,-0.02
BJD,XSES,VibroPower Corp Ltd,Industrials,Specialty Industrial Machinery,,SGD,Operating Cash Flow Growth % YOY,,-,-,-,97.4,-,,,-,-,-,,-
BJD,XSES,VibroPower Corp Ltd,Industrials,Specialty Industrial Machinery,,SGD,Free Cash Flow Growth % YOY,,-,-,-,13.0,-,,,-,-,-,,-
BJD,XSES,VibroPower Corp Ltd,Industrials,Specialty Industrial Machinery,,SGD,Free Cash Flow/Sales %,,25.72,-32.15,4.87,7.73,-16.37,,,4.49,-8.93,-18.15,,-23.84
BJD,XSES,VibroPower Corp Ltd,Industrials,Specialty Industrial Machinery,,SGD,Free Cash Flow/Net Income,,10.95,-7.92,1.68,-0.29,-12.90,,,-0.06,-7.28,0.24,,1.41
BJD,XSES,VibroPower Corp Ltd,Industrials,Specialty Industrial Machinery,,SGD,Free Cash Flow/Share,,0.02,0.04,-0.07,0.02,-0.01,,,-0.01,-0.01,0.02,,-0.05
BJV,XSES,Yamada Green Resources Ltd,Real Estate,Real Estate Services,,SGD,Operating Cash Flow Growth % YOY,,-73.99,-,-,396.45,97.88,-28.13,-41.47,104.46,2.79,-21.39,,-
BJV,XSES,Yamada Green Resources Ltd,Real Estate,Real Estate Services,,SGD,Free Cash Flow Growth % YOY,,-75.49,-,-,581.88,-60.77,-,-,-,-22.01,-11.11,,-
BJV,XSES,Yamada Green Resources Ltd,Real Estate,Real Estate Services,,SGD,Free Cash Flow/Sales %,,14.01,-16.29,0.40,4.72,1.50,-40.96,-2.01,24.26,42.48,42.52,,14.77
BJV,XSES,Yamada Green Resources Ltd,Real Estate,Real Estate Services,,SGD,Free Cash Flow/Net Income,,1.24,0.05,0.01,-0.08,0.17,1.24,-0.44,1.57,-0.2,-0.29,,-0.10
BJV,XSES,Yamada Green Resources Ltd,Real Estate,Real Estate Services,,SGD,Free Cash Flow/Share,,0.11,0.01,-,-,-,-,-0.03,0.00,0.01,0.01,,0.01
BJZ,XSES,Koda Ltd,Consumer Cyclical,"Furnishings, Fixtures & Appliances",,SGD,Operating Cash Flow Growth % YOY,,-40.56,59.24,0.05,-11.9,61.98,-12.39,-27.52,41.12,-,-,,-
BJZ,XSES,Koda Ltd,Consumer Cyclical,"Furnishings, Fixtures & Appliances",,SGD,Free Cash Flow Growth % YOY,,-60.09,93.31,-20.63,39.89,-18.83,-96.02,-,-,-,-,,-
BJZ,XSES,Koda Ltd,Consumer Cyclical,"Furnishings, Fixtures & Appliances",,SGD,Free Cash Flow/Sales %,,5.48,7.94,5.96,7.54,5.87,0.17,-9.75,14.45,-5.46,1.34,,-3.81
BJZ,XSES,Koda Ltd,Consumer Cyclical,"Furnishings, Fixtures & Appliances",,SGD,Free Cash Flow/Net Income,,1.24,0.97,0.55,0.82,0.82,0.02,-1.36,-2.23,0.55,1.29,,-1.60
BJZ,XSES,Koda Ltd,Consumer Cyclical,"Furnishings, Fixtures & Appliances",,SGD,Free Cash Flow/Share,,0.05,0.03,0.01,0.08,0.04,0.14,-0.11,-0.02,0.00,0.01,,0.01
BKA,XSES,Sin Heng Heavy Machinery Ltd,Industrials,Farm & Heavy Construction Machinery,,SGD,Operating Cash Flow Growth % YOY,,-60.65,170.99,-6.89,-35.65,-5.13,44.74,-,-,11.02,-55.96,,-
BKA,XSES,Sin Heng Heavy Machinery Ltd,Industrials,Farm & Heavy Construction Machinery,,SGD,Free Cash Flow Growth % YOY,,-,-,5.87,-33.83,-20.41,93.35,-,-,122.81,-54.94,,-
BKA,XSES,Sin Heng Heavy Machinery Ltd,Industrials,Farm & Heavy Construction Machinery,,SGD,Free Cash Flow/Sales %,,-0.50,24.33,30.49,23.7,26.09,50.09,-16.41,7.76,22.79,11.71,,11.71
BKA,XSES,Sin Heng Heavy Machinery Ltd,Industrials,Farm & Heavy Construction Machinery,,SGD,Free Cash Flow/Net Income,,0.11,20.46,-4.08,-13.68,11.64,7.15,-2.32,0.64,1.83,1.01,,1.01
BKA,XSES,Sin Heng Heavy Machinery Ltd,Industrials,Farm & Heavy Construction Machinery,,SGD,Free Cash Flow/Share,,0.21,-0.01,0.22,0.21,0.26,0.15,0.07,-0.01,0.08,0.03,,0.03
BKK,XSES,Luxking Group Holdings Ltd,Basic Materials,Specialty Chemicals,,SGD,Operating Cash Flow Growth % YOY,,14.48,-52.74,10.27,-13.69,72.38,-16.66,-94.53,1067.86,13.59,-3.49,,-
BKK,XSES,Luxking Group Holdings Ltd,Basic Materials,Specialty Chemicals,,SGD,Free Cash Flow Growth % YOY,,22.81,-35.15,3.39,-47.75,170.35,-36.24,-,-,-,-,,-
BKK,XSES,Luxking Group Holdings Ltd,Basic Materials,Specialty Chemicals,,SGD,Free Cash Flow/Sales %,,7.34,4.6,4.61,3.4,8.70,4.35,-2.99,0.68,-0.28,0.82,,-1.10
BKK,XSES,Luxking Group Holdings Ltd,Basic Materials,Specialty Chemicals,,SGD,Free Cash Flow/Net Income,,7.9,7.21,7.06,-0.2,541.72,1.68,-7.85,-3.70,-0.15,0.60,,-0.64
BKK,XSES,Luxking Group Holdings Ltd,Basic Materials,Specialty Chemicals,,SGD,Free Cash Flow/Share,,0.56,0.56,0.44,0.26,-,0.91,-,0.02,0.08,-0.01,,0.07
BKV,XSES,China Shenshan Orchard Holdings Co Ltd,Consumer Defensive,Farm Products,,SGD,Operating Cash Flow Growth % YOY,,31.49,-,-,-,-,,-,,,,,-
BKV,XSES,China Shenshan Orchard Holdings Co Ltd,Consumer Defensive,Farm Products,,SGD,Free Cash Flow Growth % YOY,,101.23,-,-,-,-,,-,,,,,-
BKV,XSES,China Shenshan Orchard Holdings Co Ltd,Consumer Defensive,Farm Products,,SGD,Free Cash Flow/Sales %,,22.33,-78.17,-11.03,-14.54,-21.64,,61.53,,,,,29.20
BKV,XSES,China Shenshan Orchard Holdings Co Ltd,Consumer Defensive,Farm Products,,SGD,Free Cash Flow/Net Income,,-18.12,3.23,0.07,0.29,0.33,,2.15,,,,,1.34
BKV,XSES,China Shenshan Orchard Holdings Co Ltd,Consumer Defensive,Farm Products,,SGD,Free Cash Flow/Share,,0.52,-0.97,0.04,-0.15,-0.06,,0.08,,,,,0.12
BKW,XSES,Datapulse Technology Ltd,Consumer Cyclical,Lodging,,SGD,Operating Cash Flow Growth % YOY,,-17.94,-,-,-,-,-,-,631.76,-52.76,-,,-
BKW,XSES,Datapulse Technology Ltd,Consumer Cyclical,Lodging,,SGD,Free Cash Flow Growth % YOY,,-17.06,-,-,-,-,-,-,682.7,-52.42,-,,-
BKW,XSES,Datapulse Technology Ltd,Consumer Cyclical,Lodging,,SGD,Free Cash Flow/Sales %,,16.26,-5.94,-918.80,-2667.30,-53.39,-376.44,19.26,64.8,22.28,-44.01,,-14.12
BKW,XSES,Datapulse Technology Ltd,Consumer Cyclical,Lodging,,SGD,Free Cash Flow/Net Income,,4.19,-0.25,-0.19,-287.14,0.25,1.07,-0.11,-2.47,0.31,-3.24,,-0.91
BKW,XSES,Datapulse Technology Ltd,Consumer Cyclical,Lodging,,SGD,Free Cash Flow/Share,,0.02,0.00,-0.02,-0.23,-0.23,-0.02,-0.01,0.01,0.0,-0.01,,-0.01
BKX,XSES,Yongmao Holdings Ltd,Industrials,Farm & Heavy Construction Machinery,,SGD,Operating Cash Flow Growth % YOY,,-,-,-,-,-92.86,-,-,-57.39,-78.61,-,,-
BKX,XSES,Yongmao Holdings Ltd,Industrials,Farm & Heavy Construction Machinery,,SGD,Free Cash Flow Growth % YOY,,-,-,-,-,-,-,-,-61.48,-,-,,-
BKX,XSES,Yongmao Holdings Ltd,Industrials,Farm & Heavy Construction Machinery,,SGD,Free Cash Flow/Sales %,,-3.00,17.44,-4.84,10.31,-2.01,-4.39,5.66,2.65,-3.16,-9.68,,-7.83
BKX,XSES,Yongmao Holdings Ltd,Industrials,Farm & Heavy Construction Machinery,,SGD,Free Cash Flow/Net Income,,-3.49,3.56,-1.47,1.49,-0.32,-0.82,1.14,0.47,-0.58,-2.57,,-3.11
BKX,XSES,Yongmao Holdings Ltd,Industrials,Farm & Heavy Construction Machinery,,SGD,Free Cash Flow/Share,,0.13,0.26,-0.10,0.04,0.11,-0.04,-0.04,-,-0.12,-0.12,,-0.17
BKZ,XSES,Suntar Eco-City Ltd,Consumer Defensive,Packaged Foods,,SGD,Operating Cash Flow Growth % YOY,,-,91.23,-67.48,-,-,-,-,-,-,-,,-
BKZ,XSES,Suntar Eco-City Ltd,Consumer Defensive,Packaged Foods,,SGD,Free Cash Flow Growth % YOY,,-,117.92,-70.37,-,-,-,-,-,-,-,,-
BKZ,XSES,Suntar Eco-City Ltd,Consumer Defensive,Packaged Foods,,SGD,Free Cash Flow/Sales %,,31.04,53.31,19.53,-71.60,-29.45,-5.05,-11.16,-5.44,48.08,-124.25,,-124.25
BKZ,XSES,Suntar Eco-City Ltd,Consumer Defensive,Packaged Foods,,SGD,Free Cash Flow/Net Income,,4.26,-1.35,-0.52,-89.50,-53.17,-6.48,-3.79,-3.00,0.60,-12.37,,-12.37
BKZ,XSES,Suntar Eco-City Ltd,Consumer Defensive,Packaged Foods,,SGD,Free Cash Flow/Share,,0.01,0.09,0.01,0.01,0.00,0.00,0.00,-0.01,0.00,-0.01,,-0.01
BLR,XSES,Darco Water Technologies Ltd,Industrials,Pollution & Treatment Controls,,SGD,Operating Cash Flow Growth % YOY,,-,-,-,-,-,-,-,-,-,-,,-
BLR,XSES,Darco Water Technologies Ltd,Industrials,Pollution & Treatment Controls,,SGD,Free Cash Flow Growth % YOY,,-,-,-,-,-,-,-,-,-,-,,-
BLR,XSES,Darco Water Technologies Ltd,Industrials,Pollution & Treatment Controls,,SGD,Free Cash Flow/Sales %,,-6.51,-6.02,-8.80,-4.67,-1.41,8.00,-4.01,-11.75,-5.92,1.59,,1.59
BLR,XSES,Darco Water Technologies Ltd,Industrials,Pollution & Treatment Controls,,SGD,Free Cash Flow/Net Income,,-1.54,-5.98,5.12,0.40,-0.94,-0.68,-3.84,1.52,-3.47,-0.17,,-0.17
BLR,XSES,Darco Water Technologies Ltd,Industrials,Pollution & Treatment Controls,,SGD,Free Cash Flow/Share,,-0.19,-0.04,-0.12,-0.04,-0.02,0.05,-0.06,-0.05,-0.03,-0.03,,-0.03
BLS,XSES,Hotung Investment Holdings Ltd,Financial Services,Asset Management,,SGD,Operating Cash Flow Growth % YOY,,-,-,-,-,-4.91,653.51,-,-,-44.6,70.98,,-
BLS,XSES,Hotung Investment Holdings Ltd,Financial Services,Asset Management,,SGD,Free Cash Flow Growth % YOY,,-,-,-,-,-4.44,653.51,-,-,-44.72,71.25,,-
BLS,XSES,Hotung Investment Holdings Ltd,Financial Services,Asset Management,,SGD,Free Cash Flow/Sales %,,-35.18,-35.57,-7.27,48.60,22.95,169.73,-106.56,162.82,70.65,104.95,,104.95
BLS,XSES,Hotung Investment Holdings Ltd,Financial Services,Asset Management,,SGD,Free Cash Flow/Net Income,,-0.81,-0.68,-0.12,0.79,0.44,2.8,-4.98,5.48,1.86,2.51,,2.51
BLS,XSES,Hotung Investment Holdings Ltd,Financial Services,Asset Management,,SGD,Free Cash Flow/Share,,-0.06,-0.12,-0.11,-0.03,0.1,0.77,0.00,0.24,0.09,0.02,,0.02
BLU,XSES,,,,,SGD,Operating Cash Flow Growth % YOY,,-,-,222.18,18.77,-,-,-,-,-,-,,-
BLU,XSES,,,,,SGD,Free Cash Flow Growth % YOY,,-,-,243.53,19.58,-,-,-,-,-,-,,-
BLU,XSES,,,,,SGD,Free Cash Flow/Sales %,,-50.10,10.38,41.4,45.7,-29.15,3.01,-16.16,-14.87,-4.30,-0.68,,-36.08
BLU,XSES,,,,,SGD,Free Cash Flow/Net Income,,-1.06,-0.37,14.05,-3.1,1.06,-0.31,0.46,0.50,77.30,0.01,,0.52
BLU,XSES,,,,,SGD,Free Cash Flow/Share,,0.01,-0.07,0.04,0.09,0.00,0.02,-0.03,-0.02,-0.02,0.02,,0.00
BLZ,XSES,Advanced Holdings Ltd,Energy,Oil & Gas Equipment & Services,,SGD,Operating Cash Flow Growth % YOY,,514.4,-,-,-,-,-,-,-,-,-,,-
BLZ,XSES,Advanced Holdings Ltd,Energy,Oil & Gas Equipment & Services,,SGD,Free Cash Flow Growth % YOY,,564.76,-,-,-,-,-,-,-,-,-,,-
BLZ,XSES,Advanced Holdings Ltd,Energy,Oil & Gas Equipment & Services,,SGD,Free Cash Flow/Sales %,,17.76,-4.07,-7.05,-9.30,20.63,-12.13,7.87,-61.62,-142.04,-7.19,,-7.19
BLZ,XSES,Advanced Holdings Ltd,Energy,Oil & Gas Equipment & Services,,SGD,Free Cash Flow/Net Income,,-9.16,0.72,-14.14,0.57,4.36,2.16,-0.17,1.44,2.03,0.14,,0.14
BLZ,XSES,Advanced Holdings Ltd,Energy,Oil & Gas Equipment & Services,,SGD,Free Cash Flow/Share,,0.08,0.02,-0.06,-0.07,-0.04,0.20,-0.09,-0.02,-0.06,-0.03,,-0.03
BMGU,XSES,BHG Retail REIT,Real Estate,REIT - Retail,,SGD,Operating Cash Flow Growth % YOY,,-,-,-11.77,14.87,-52.94,57.68,-36.68,66.67,-33.81,-31.87,,-
BMGU,XSES,BHG Retail REIT,Real Estate,REIT - Retail,,SGD,Free Cash Flow Growth % YOY,,-,-,-7.47,-11.08,-53.57,95.25,-43.15,43.63,-26.62,-17.25,,-
BMGU,XSES,BHG Retail REIT,Real Estate,REIT - Retail,,SGD,Free Cash Flow/Sales %,,28.26,68.78,52.73,41.32,25.04,41.92,25.34,39.01,29.11,26.64,,26.64
BMGU,XSES,BHG Retail REIT,Real Estate,REIT - Retail,,SGD,Free Cash Flow/Net Income,,0.32,1.90,1.18,0.68,-14.17,3.94,2.76,-6.38,-7.77,-8.08,,-8.08
BMGU,XSES,BHG Retail REIT,Real Estate,REIT - Retail,,SGD,Free Cash Flow/Share,,-,-,0.08,0.07,0.04,0.05,0.04,0.05,0.03,0.05,,0.05
BN2,XSES,Valuetronics Holdings Ltd,Technology,Electronic Components,,SGD,Operating Cash Flow Growth % YOY,,63.82,-44.5,-60.43,536.03,-18.87,-35.0,-,-,17.93,-11.03,,-
BN2,XSES,Valuetronics Holdings Ltd,Technology,Electronic Components,,SGD,Free Cash Flow Growth % YOY,,78.94,-55.5,-,-,-41.44,-44.6,-,-,30.0,-,,-
BN2,XSES,Valuetronics Holdings Ltd,Technology,Electronic Components,,SGD,Free Cash Flow/Sales %,,13.44,5.13,-0.66,12.62,8.88,5.08,-5.14,8.12,12.73,-1.16,,-0.52
BN2,XSES,Valuetronics Holdings Ltd,Technology,Electronic Components,,SGD,Free Cash Flow/Net Income,,2.18,0.76,-0.09,1.79,1.17,0.62,-0.92,1.33,1.33,-0.12,,-0.05
BN2,XSES,Valuetronics Holdings Ltd,Technology,Electronic Components,,SGD,Free Cash Flow/Share,,0.13,0.02,0.02,0.07,0.14,0.05,-0.04,0.05,0.1,0.04,,-0.01
BN4,XSES,Keppel Ltd,Industrials,Conglomerates,,SGD,Operating Cash Flow Growth % YOY,,-,317.39,-90.94,-,-,-,-,-77.49,242.88,230.21,,-
BN4,XSES,Keppel Ltd,Industrials,Conglomerates,,SGD,Free Cash Flow Growth % YOY,,-,-,-,-,-,-,-,-,-,-,,-
BN4,XSES,Keppel Ltd,Industrials,Conglomerates,,SGD,Free Cash Flow/Sales %,,-2.01,16.51,-2.08,-17.71,-4.34,-9.44,-6.60,-12.38,-6.23,2.47,,2.47
BN4,XSES,Keppel Ltd,Industrials,Conglomerates,,SGD,Free Cash Flow/Net Income,,-0.17,4.54,-0.13,-1.90,0.56,-0.79,-0.47,-0.21,-0.43,0.18,,0.18
BN4,XSES,Keppel Ltd,Industrials,Conglomerates,,SGD,Free Cash Flow/Share,,-0.22,0.29,0.26,-0.90,-0.44,-0.12,-0.33,-0.43,-0.33,0.00,,0.00
BNE,XSES,Kencana Agri Ltd,Consumer Defensive,Farm Products,,SGD,Operating Cash Flow Growth % YOY,,-,0.46,177.49,22.75,-55.01,98.16,36.95,-25.81,-28.61,103.19,,-
BNE,XSES,Kencana Agri Ltd,Consumer Defensive,Farm Products,,SGD,Free Cash Flow Growth % YOY,,-,-,231.62,72.59,-54.62,89.22,29.38,-49.4,-36.02,227.51,,-
BNE,XSES,Kencana Agri Ltd,Consumer Defensive,Farm Products,,SGD,Free Cash Flow/Sales %,,-1.42,4.68,18.37,38.09,17.25,26.5,28.87,16.34,9.27,23.5,,23.50
BNE,XSES,Kencana Agri Ltd,Consumer Defensive,Farm Products,,SGD,Free Cash Flow/Net Income,,0.22,1.39,-0.96,-3.09,4.47,2.03,16.82,-78.74,1.19,2.53,,2.53
BNE,XSES,Kencana Agri Ltd,Consumer Defensive,Farm Products,,SGD,Free Cash Flow/Share,,-0.08,0.02,0.09,0.15,0.18,0.11,0.17,0.14,0.07,0.16,,0.16
BPF,XSES,YHI International Ltd,Consumer Cyclical,Auto Parts,,SGD,Operating Cash Flow Growth % YOY,,280.47,-48.81,-33.11,149.51,89.81,-92.37,194.29,132.99,-67.87,90.8,,-
BPF,XSES,YHI International Ltd,Consumer Cyclical,Auto Parts,,SGD,Free Cash Flow Growth % YOY,,-,-54.0,-93.74,3049.86,107.31,-97.84,583.96,243.27,-83.68,185.72,,-
BPF,XSES,YHI International Ltd,Consumer Cyclical,Auto Parts,,SGD,Free Cash Flow/Sales %,,7.80,3.77,0.23,7.34,16.14,0.33,2.33,9.16,1.39,4.1,,4.10
BPF,XSES,YHI International Ltd,Consumer Cyclical,Auto Parts,,SGD,Free Cash Flow/Net Income,,9.83,1.91,0.08,2.54,3.56,0.07,0.49,2.65,0.59,-17.7,,-17.70
BPF,XSES,YHI International Ltd,Consumer Cyclical,Auto Parts,,SGD,Free Cash Flow/Share,,0.12,0.03,0.0,0.1,0.17,0.12,0.03,0.08,0.07,0.02,,0.02
BQC,XSES,A-Smart Holdings Ltd,Industrials,Specialty Business Services,,SGD,Operating Cash Flow Growth % YOY,,-,-,-,-,-,-,-,-,-,-,,-
BQC,XSES,A-Smart Holdings Ltd,Industrials,Specialty Business Services,,SGD,Free Cash Flow Growth % YOY,,-,-,-,-,-,-,-,-,-,-,,-
BQC,XSES,A-Smart Holdings Ltd,Industrials,Specialty Business Services,,SGD,Free Cash Flow/Sales %,,-35.74,-22.34,-10.82,-63.51,-22.53,-12.51,-11.88,-56.10,-113.09,-37.41,,-31.90
BQC,XSES,A-Smart Holdings Ltd,Industrials,Specialty Business Services,,SGD,Free Cash Flow/Net Income,,0.13,-13.33,1.29,2.14,-8.57,1.05,0.66,-31.46,9.09,2.07,,2.00
BQC,XSES,A-Smart Holdings Ltd,Industrials,Specialty Business Services,,SGD,Free Cash Flow/Share,,-0.04,-0.02,0.00,-0.01,-0.02,-0.01,0.00,0.00,-0.04,-0.02,,-0.01
BQD,XSES,Envictus International Holdings Ltd,Consumer Defensive,Packaged Foods,,SGD,Operating Cash Flow Growth % YOY,,-,-,-,-15.80,925.59,47.79,-81.70,624.22,54.78,-18.66,,-
BQD,XSES,Envictus International Holdings Ltd,Consumer Defensive,Packaged Foods,,SGD,Free Cash Flow Growth % YOY,,-,-,-,-,-,-,-,-,123.68,-38.46,,-
BQD,XSES,Envictus International Holdings Ltd,Consumer Defensive,Packaged Foods,,SGD,Free Cash Flow/Sales %,,-15.00,-20.32,-10.93,-28.19,-6.73,2.65,-1.20,5.14,9.48,5.38,,4.17
BQD,XSES,Envictus International Holdings Ltd,Consumer Defensive,Packaged Foods,,SGD,Free Cash Flow/Net Income,,-19.00,1.59,1.75,3.68,0.27,-0.21,0.97,-0.89,1.29,1.33,,1.14
BQD,XSES,Envictus International Holdings Ltd,Consumer Defensive,Packaged Foods,,SGD,Free Cash Flow/Share,,-0.11,-0.09,-0.10,-0.18,-0.14,0.03,-0.02,0.01,0.05,0.06,,0.06
BQF,XSES,XMH Holdings Ltd,Industrials,Specialty Industrial Machinery,,SGD,Operating Cash Flow Growth % YOY,,-92.94,194.00,-82.53,974.01,-,-,-,70.96,-17.57,-58.14,,-
BQF,XSES,XMH Holdings Ltd,Industrials,Specialty Industrial Machinery,,SGD,Free Cash Flow Growth % YOY,,-,-,-,-,-,-,-,65.36,-20.71,-55.53,,-
BQF,XSES,XMH Holdings Ltd,Industrials,Specialty Industrial Machinery,,SGD,Free Cash Flow/Sales %,,-30.50,1.84,-0.53,5.72,-7.41,-7.19,22.07,20.39,16.75,5.54,,11.06
BQF,XSES,XMH Holdings Ltd,Industrials,Specialty Industrial Machinery,,SGD,Free Cash Flow/Net Income,,-4.16,-1.55,0.11,-1.33,0.37,-4.89,5.31,6.62,1.66,0.36,,0.76
BQF,XSES,XMH Holdings Ltd,Industrials,Specialty Industrial Machinery,,SGD,Free Cash Flow/Share,,-0.40,0.01,0.05,0.04,-0.04,-0.03,0.09,0.05,0.36,0.11,,0.08
BQM,XSES,Tiong Woon Corp Holding Ltd,Industrials,Rental & Leasing Services,,SGD,Operating Cash Flow Growth % YOY,,-43.90,0.6,-14.62,36.17,67.42,-46.66,27.19,17.75,-9.19,30.17,,-
BQM,XSES,Tiong Woon Corp Holding Ltd,Industrials,Rental & Leasing Services,,SGD,Free Cash Flow Growth % YOY,,-,932.59,-0.49,-48.66,389.28,-56.55,12.59,68.12,-65.62,-54.26,,-
BQM,XSES,Tiong Woon Corp Holding Ltd,Industrials,Rental & Leasing Services,,SGD,Free Cash Flow/Sales %,,1.35,16.92,19.79,8.46,38.94,18.68,19.37,29.4,9.59,3.84,,16.64
BQM,XSES,Tiong Woon Corp Holding Ltd,Industrials,Rental & Leasing Services,,SGD,Free Cash Flow/Net Income,,-0.19,-2.01,16.17,3.37,6.41,2.14,2.08,2.54,0.75,0.33,,1.40
BQM,XSES,Tiong Woon Corp Holding Ltd,Industrials,Rental & Leasing Services,,SGD,Free Cash Flow/Share,,0.00,0.09,0.09,0.09,0.11,0.11,0.11,0.12,0.07,0.1,,0.03
BQN,XSES,BH Global Corp Ltd,Industrials,Industrial Distribution,,SGD,Operating Cash Flow Growth % YOY,,16.15,-89.16,-,-,1266.56,-49.03,-,-,-85.74,545.73,,-
BQN,XSES,BH Global Corp Ltd,Industrials,Industrial Distribution,,SGD,Free Cash Flow Growth % YOY,,4.28,-96.59,-,-,-,-58.62,-,-,-,-,,-
BQN,XSES,BH Global Corp Ltd,Industrials,Industrial Distribution,,SGD,Free Cash Flow/Sales %,,9.79,0.44,-4.47,-2.74,21.09,9.92,-3.62,3.70,-2.24,6.95,,6.95
BQN,XSES,BH Global Corp Ltd,Industrials,Industrial Distribution,,SGD,Free Cash Flow/Net Income,,-0.44,-0.01,0.45,-0.78,3.49,0.93,-0.70,0.63,-0.50,3.11,,3.11
BQN,XSES,BH Global Corp Ltd,Industrials,Industrial Distribution,,SGD,Free Cash Flow/Share,,0.01,0.03,-,-0.01,0.02,0.02,0.00,0.01,-0.01,0.00,,0.00
BQP,XSES,Southern Packaging Group Ltd,Consumer Cyclical,Packaging & Containers,,SGD,Operating Cash Flow Growth % YOY,,-54.23,8.98,-,-,-,-,51.09,-70.87,73.82,-71.29,,-
BQP,XSES,Southern Packaging Group Ltd,Consumer Cyclical,Packaging & Containers,,SGD,Free Cash Flow Growth % YOY,,-,-,-,-,-,-,-45.89,-18.49,164.16,-,,-
BQP,XSES,Southern Packaging Group Ltd,Consumer Cyclical,Packaging & Containers,,SGD,Free Cash Flow/Sales %,,-2.56,-3.23,-4.25,-4.55,-5.96,2.81,1.94,1.38,3.66,-1.68,,-1.68
BQP,XSES,Southern Packaging Group Ltd,Consumer Cyclical,Packaging & Containers,,SGD,Free Cash Flow/Net Income,,-0.41,-0.91,13.84,-3.50,-7.44,1.54,-0.32,-0.71,-1.33,1.83,,1.83
BQP,XSES,Southern Packaging Group Ltd,Consumer Cyclical,Packaging & Containers,,SGD,Free Cash Flow/Share,,0.22,-0.08,-0.09,-0.19,-0.04,0.02,-0.01,-,0.1,0.04,,0.04
BRD,XSES,Sapphire Corp Ltd,Industrials,Engineering & Construction,,SGD,Operating Cash Flow Growth % YOY,,284.63,-97.56,3630.99,-84.21,-,-,-,-,-,-,,-
BRD,XSES,Sapphire Corp Ltd,Industrials,Engineering & Construction,,SGD,Free Cash Flow Growth % YOY,,274.52,-,-,-,-,-,-,-,-,-,,-
BRD,XSES,Sapphire Corp Ltd,Industrials,Engineering & Construction,,SGD,Free Cash Flow/Sales %,,15.99,-5.57,8.15,-2.27,-401.79,-15.77,10.75,-28.87,-3.71,-9.77,,-9.77
BRD,XSES,Sapphire Corp Ltd,Industrials,Engineering & Construction,,SGD,Free Cash Flow/Net Income,,3.72,-1.64,8.95,-1.49,-2.62,-0.62,0.34,-1.74,-11.66,-9.66,,-9.66
BRD,XSES,Sapphire Corp Ltd,Industrials,Engineering & Construction,,SGD,Free Cash Flow/Share,,0.12,0.06,0.01,0.05,-0.07,-0.07,0.00,0.01,-0.03,0.00,,0.00
BS6,XSES,Yangzijiang Shipbuilding (Holdings) Ltd,Industrials,Aerospace & Defense,,SGD,Operating Cash Flow Growth % YOY,,37.5,-63.35,-17.38,252.58,-,-,-24.59,72.12,62.56,-65.55,,-
BS6,XSES,Yangzijiang Shipbuilding (Holdings) Ltd,Industrials,Aerospace & Defense,,SGD,Free Cash Flow Growth % YOY,,36.45,-61.46,-46.82,400.65,-,-,-31.87,92.62,65.79,-78.93,,-
BS6,XSES,Yangzijiang Shipbuilding (Holdings) Ltd,Industrials,Aerospace & Defense,,SGD,Free Cash Flow/Sales %,,26.32,7.97,3.5,17.27,-6.10,32.62,18.0,29.77,44.83,8.8,,8.80
BS6,XSES,Yangzijiang Shipbuilding (Holdings) Ltd,Industrials,Aerospace & Defense,,SGD,Free Cash Flow/Net Income,,2.27,0.52,0.23,1.31,-0.36,1.48,1.33,1.75,1.79,0.29,,0.29
BS6,XSES,Yangzijiang Shipbuilding (Holdings) Ltd,Industrials,Aerospace & Defense,,SGD,Free Cash Flow/Share,,0.08,0.15,-0.04,0.39,-0.06,0.07,0.17,0.23,0.55,0.26,,0.26
BSL,XSES,Raffles Medical Group Ltd,Healthcare,Medical Care Facilities,,SGD,Operating Cash Flow Growth % YOY,,8.29,4.87,10.68,21.44,19.79,20.25,22.55,-3.52,-54.44,17.48,,-
BSL,XSES,Raffles Medical Group Ltd,Healthcare,Medical Care Facilities,,SGD,Free Cash Flow Growth % YOY,,68.79,3.79,-10.0,-78.76,445.67,53.93,59.38,-2.08,-60.96,39.73,,-
BSL,XSES,Raffles Medical Group Ltd,Healthcare,Medical Care Facilities,,SGD,Free Cash Flow/Sales %,,13.59,13.99,12.29,2.45,12.26,14.82,22.3,23.68,8.69,11.93,,11.93
BSL,XSES,Raffles Medical Group Ltd,Healthcare,Medical Care Facilities,,SGD,Free Cash Flow/Net Income,,0.92,0.94,0.85,0.21,1.06,1.27,1.19,1.86,1.05,1.29,,1.29
BSL,XSES,Raffles Medical Group Ltd,Healthcare,Medical Care Facilities,,SGD,Free Cash Flow/Share,,0.07,0.04,0.04,0.01,0.01,0.06,0.1,0.09,0.04,0.05,,0.05
BTE,XSES,Bund Center Investment Ltd,Real Estate,Real Estate Services,,SGD,Operating Cash Flow Growth % YOY,,0.45,-13.89,5.99,-18.77,-45.13,43.74,-36.97,54.07,-0.55,-1.68,,-
BTE,XSES,Bund Center Investment Ltd,Real Estate,Real Estate Services,,SGD,Free Cash Flow Growth % YOY,,-1.11,-12.39,4.84,-24.13,-52.57,59.48,-36.9,50.71,4.93,-0.91,,-
BTE,XSES,Bund Center Investment Ltd,Real Estate,Real Estate Services,,SGD,Free Cash Flow/Sales %,,43.7,40.24,43.65,35.68,27.14,35.78,27.79,33.76,35.21,36.11,,36.11
BTE,XSES,Bund Center Investment Ltd,Real Estate,Real Estate Services,,SGD,Free Cash Flow/Net Income,,2.07,1.71,1.96,1.43,1.95,2.58,7.3,2.55,2.19,3.86,,3.86
BTE,XSES,Bund Center Investment Ltd,Real Estate,Real Estate Services,,SGD,Free Cash Flow/Share,,0.07,0.07,0.06,0.06,0.03,0.04,0.03,0.03,0.04,0.04,,0.04
BTG,XSES,HG Metal Manufacturing Ltd,Basic Materials,Steel,,SGD,Operating Cash Flow Growth % YOY,,-,-,-,-,-,-43.95,-,-,-48.89,,,-
BTG,XSES,HG Metal Manufacturing Ltd,Basic Materials,Steel,,SGD,Free Cash Flow Growth % YOY,,-,-,-,-,-,44.64,-,-,-48.96,,,-
BTG,XSES,HG Metal Manufacturing Ltd,Basic Materials,Steel,,SGD,Free Cash Flow/Sales %,,-8.23,-8.57,-10.49,-10.86,3.87,3.61,-9.94,13.78,6.67,,,7.21
BTG,XSES,HG Metal Manufacturing Ltd,Basic Materials,Steel,,SGD,Free Cash Flow/Net Income,,-9.97,1.17,4.63,-19.65,3.45,0.43,29.87,-20.27,1.67,,,1.42
BTG,XSES,HG Metal Manufacturing Ltd,Basic Materials,Steel,,SGD,Free Cash Flow/Share,,-0.07,-0.10,-0.24,-0.07,-0.14,0.12,-0.01,0.16,-0.04,,,0.06
BTJ,XSES,A-Sonic Aerospace Ltd,Industrials,Integrated Freight & Logistics,,SGD,Operating Cash Flow Growth % YOY,,-,-,-64.83,-,-,37.01,-4.23,-91.55,-,-,,-
BTJ,XSES,A-Sonic Aerospace Ltd,Industrials,Integrated Freight & Logistics,,SGD,Free Cash Flow Growth % YOY,,-,-,-68.43,-,-,30.04,-1.35,-97.05,-,-,,-
BTJ,XSES,A-Sonic Aerospace Ltd,Industrials,Integrated Freight & Logistics,,SGD,Free Cash Flow/Sales %,,-0.32,2.21,0.66,-1.01,3.45,2.57,3.08,0.16,-0.40,0.78,,0.78
BTJ,XSES,A-Sonic Aerospace Ltd,Industrials,Integrated Freight & Logistics,,SGD,Free Cash Flow/Net Income,,0.24,-3.75,0.98,-0.82,1.44,1.78,2.39,0.35,-0.38,0.59,,0.59
BTJ,XSES,A-Sonic Aerospace Ltd,Industrials,Integrated Freight & Logistics,,SGD,Free Cash Flow/Share,,-0.04,0.06,0.05,0.02,0.10,0.06,0.29,-0.06,0.05,0.03,,0.03
BTM,XSES,Penguin International Ltd,Industrials,Aerospace & Defense,,SGD,Operating Cash Flow Growth % YOY,,-,-,-25.93,127.87,-,-,-,-,-,69.95,,-
BTM,XSES,Penguin International Ltd,Industrials,Aerospace & Defense,,SGD,Free Cash Flow Growth % YOY,,-,-,-,-,-,-,-,-,-,-,,-
BTM,XSES,Penguin International Ltd,Industrials,Aerospace & Defense,,SGD,Free Cash Flow/Sales %,,-57.09,17.73,-5.41,6.09,-34.71,-31.29,-16.74,-15.62,-1.33,-7.39,,-7.39
BTM,XSES,Penguin International Ltd,Industrials,Aerospace & Defense,,SGD,Free Cash Flow/Net Income,,2.97,4.83,-0.43,0.43,-3.14,-3.28,-2.14,-1.70,-0.09,-0.56,,-0.56
BTM,XSES,Penguin International Ltd,Industrials,Aerospace & Defense,,SGD,Free Cash Flow/Share,,-0.16,0.09,-0.03,0.02,-0.05,-0.24,-0.05,-0.14,-0.06,-0.02,,-0.02
BTOU,XSES,Manulife US REIT Units Real Estate Investment Trust Reg S,Real Estate,REIT - Office,,SGD,Operating Cash Flow Growth % YOY,,-65.35,296.45,43.14,37.58,-4.78,10.46,1.5,-16.49,-36.86,-36.82,,-
BTOU,XSES,Manulife US REIT Units Real Estate Investment Trust Reg S,Real Estate,REIT - Office,,SGD,Free Cash Flow Growth % YOY,,-51.0,227.77,50.39,-20.62,40.67,4.8,9.78,-51.41,-75.68,-11.4,,-
BTOU,XSES,Manulife US REIT Units Real Estate Investment Trust Reg S,Real Estate,REIT - Office,,SGD,Free Cash Flow/Sales %,,22.13,37.44,35.85,23.13,29.78,32.76,32.87,15.55,4.7,6.12,,6.12
BTOU,XSES,Manulife US REIT Units Real Estate Investment Trust Reg S,Real Estate,REIT - Office,,SGD,Free Cash Flow/Net Income,,0.2,0.59,0.8,0.86,-1.34,1.54,-0.51,-0.09,-0.04,-0.08,,-0.08
BTOU,XSES,Manulife US REIT Units Real Estate Investment Trust Reg S,Real Estate,REIT - Office,,SGD,Free Cash Flow/Share,,0.05,0.02,0.05,0.02,0.04,0.04,0.04,0.03,0.01,0.0,,0.00
BTP,XSES,,,,,SGD,Operating Cash Flow Growth % YOY,,-,-,-,-,-82.90,346.33,64.59,54.1,33.25,-,,-
BTP,XSES,,,,,SGD,Free Cash Flow Growth % YOY,,-,-,-,-,-,-,92.5,44.79,28.07,-,,-
BTP,XSES,,,,,SGD,Free Cash Flow/Sales %,,-150.21,-341.22,-55.51,22.25,-6.41,13.49,18.32,28.59,36.37,-24.45,,-24.45
BTP,XSES,,,,,SGD,Free Cash Flow/Net Income,,3.88,1.60,-1.03,-1.53,0.29,1.59,1.35,3.15,1.84,0.47,,0.47
BTP,XSES,,,,,SGD,Free Cash Flow/Share,,-0.25,-0.11,-0.10,0.07,0.04,0.00,0.07,0.13,0.12,0.03,,0.03
BTX,XSES,Anchun International Holdings Ltd,Basic Materials,Chemicals,,SGD,Operating Cash Flow Growth % YOY,,-,-,-,-,-,175.0,-33.16,-48.35,47.32,-,,-
BTX,XSES,Anchun International Holdings Ltd,Basic Materials,Chemicals,,SGD,Free Cash Flow Growth % YOY,,-,-,-,-,-,234.48,-30.4,-64.07,88.47,-,,-
BTX,XSES,Anchun International Holdings Ltd,Basic Materials,Chemicals,,SGD,Free Cash Flow/Sales %,,-3.15,-18.85,13.58,-14.77,12.11,34.9,14.49,7.12,10.11,-9.24,,-9.24
BTX,XSES,Anchun International Holdings Ltd,Basic Materials,Chemicals,,SGD,Free Cash Flow/Net Income,,0.13,0.36,1.44,-2.18,-1.00,-18.62,0.88,3.99,1.64,-0.96,,-0.96
BTX,XSES,Anchun International Holdings Ltd,Basic Materials,Chemicals,,SGD,Free Cash Flow/Share,,-0.01,-0.02,0.03,-0.09,0.00,0.05,0.19,0.02,0.09,-0.07,,-0.07
BUOU,XSES,Frasers Logistics & Commercial Trust,Real Estate,REIT - Industrial,,SGD,Operating Cash Flow Growth % YOY,,,-,0.75,20.18,46.13,40.47,1.7,-1.53,3.02,-2.93,,-
BUOU,XSES,Frasers Logistics & Commercial Trust,Real Estate,REIT - Industrial,,SGD,Free Cash Flow Growth % YOY,,,-,-49.25,121.68,49.89,35.29,-34.3,-21.38,58.29,12.78,,-
BUOU,XSES,Frasers Logistics & Commercial Trust,Real Estate,REIT - Industrial,,SGD,Free Cash Flow/Sales %,,,69.11,31.41,59.88,60.76,58.15,39.83,33.51,49.96,53.38,,55.35
BUOU,XSES,Frasers Logistics & Commercial Trust,Real Estate,REIT - Industrial,,SGD,Free Cash Flow/Net Income,,,1.15,0.34,0.64,0.44,0.37,0.25,-1.37,1.51,1.23,,1.24
BUOU,XSES,Frasers Logistics & Commercial Trust,Real Estate,REIT - Industrial,,SGD,Free Cash Flow/Share,,,0.08,0.04,0.07,0.07,0.08,0.07,0.02,0.05,0.06,,0.07
BVA,XSES,Top Glove Corp Bhd,Healthcare,Medical Instruments & Supplies,,SGD,Operating Cash Flow Growth % YOY,,29.0,-12.13,-10.27,53.88,556.72,126.5,-97.72,-32.31,-82.90,1352.72,,-
BVA,XSES,Top Glove Corp Bhd,Healthcare,Medical Instruments & Supplies,,SGD,Free Cash Flow Growth % YOY,,55.1,-,-,-,-,145.93,-,-,-,-,,-
BVA,XSES,Top Glove Corp Bhd,Healthcare,Medical Instruments & Supplies,,SGD,Free Cash Flow/Sales %,,7.01,-2.92,-2.78,-2.03,36.47,39.68,-13.90,-10.81,-4.87,4.63,,9.46
BVA,XSES,Top Glove Corp Bhd,Healthcare,Medical Instruments & Supplies,,SGD,Free Cash Flow/Net Income,,0.56,-0.30,-0.27,-0.27,1.48,0.84,-2.81,0.28,6.71,1.26,,2.46
BVA,XSES,Top Glove Corp Bhd,Healthcare,Medical Instruments & Supplies,,SGD,Free Cash Flow/Share,,0.01,-0.01,0.00,-0.01,0.02,0.37,-0.06,-0.01,0.00,0.00,,0.01
BWM,XSES,Zheneng Jinjiang Environment Holding Co Ltd Shs USD,Utilities,Utilities - Renewable,,SGD,Operating Cash Flow Growth % YOY,,-38.02,25.35,-66.67,-,-,-23.25,335.18,-7.65,-2.54,18.34,,-
BWM,XSES,Zheneng Jinjiang Environment Holding Co Ltd Shs USD,Utilities,Utilities - Renewable,,SGD,Free Cash Flow Growth % YOY,,-,-,-,-,-,-,-,3.85,-84.07,91.91,,-
BWM,XSES,Zheneng Jinjiang Environment Holding Co Ltd Shs USD,Utilities,Utilities - Renewable,,SGD,Free Cash Flow/Sales %,,-11.54,-42.22,-73.72,-26.47,-34.48,-19.00,9.01,10.17,1.63,3.08,,3.08
BWM,XSES,Zheneng Jinjiang Environment Holding Co Ltd Shs USD,Utilities,Utilities - Renewable,,SGD,Free Cash Flow/Net Income,,-0.51,-1.91,-3.95,-6.69,-3.25,-1.76,1.13,1.35,0.1,0.16,,0.16
BWM,XSES,Zheneng Jinjiang Environment Holding Co Ltd Shs USD,Utilities,Utilities - Renewable,,SGD,Free Cash Flow/Share,,0.03,-0.16,-0.38,-0.11,-0.16,-0.15,0.00,0.06,0.06,-0.03,,-0.03
BXE,XSES,CDW Holding Ltd,Technology,Semiconductor Equipment & Materials,,SGD,Operating Cash Flow Growth % YOY,,-52.72,-,-,-,-,-19.95,37.28,120.55,-51.24,-59.95,,-
BXE,XSES,CDW Holding Ltd,Technology,Semiconductor Equipment & Materials,,SGD,Free Cash Flow Growth % YOY,,-,-,-,-,-,-26.6,75.27,132.81,-50.63,-76.02,,-
BXE,XSES,CDW Holding Ltd,Technology,Semiconductor Equipment & Materials,,SGD,Free Cash Flow/Sales %,,-1.17,-4.31,-1.33,-4.61,2.85,1.63,2.77,8.73,5.49,1.29,,1.29
BXE,XSES,CDW Holding Ltd,Technology,Semiconductor Equipment & Materials,,SGD,Free Cash Flow/Net Income,,-3.00,-2.60,-1.33,2.50,2.16,0.99,0.28,-8.9,-1.07,-0.43,,-0.43
BXE,XSES,CDW Holding Ltd,Technology,Semiconductor Equipment & Materials,,SGD,Free Cash Flow/Share,,0.00,-0.04,-0.02,-0.05,-0.01,0.05,-0.02,0.1,0.01,0.04,,0.04
C04,XSES,Casa Holdings Ltd,Consumer Cyclical,"Furnishings, Fixtures & Appliances",,SGD,Operating Cash Flow Growth % YOY,,-,-,-,49.7,-5.51,-61.89,-88.86,-,-,425.42,,-
C04,XSES,Casa Holdings Ltd,Consumer Cyclical,"Furnishings, Fixtures & Appliances",,SGD,Free Cash Flow Growth % YOY,,-,-,-,60.25,-7.09,-,-,-,-,-62.86,,-
C04,XSES,Casa Holdings Ltd,Consumer Cyclical,"Furnishings, Fixtures & Appliances",,SGD,Free Cash Flow/Sales %,,-4.02,-1.20,7.78,14.42,16.95,-0.43,-0.33,-1.17,0.17,0.06,,-6.03
C04,XSES,Casa Holdings Ltd,Consumer Cyclical,"Furnishings, Fixtures & Appliances",,SGD,Free Cash Flow/Net Income,,-10.42,0.02,0.53,1.06,1.62,-0.03,-0.04,-0.14,0.00,-0.01,,0.68
C04,XSES,Casa Holdings Ltd,Consumer Cyclical,"Furnishings, Fixtures & Appliances",,SGD,Free Cash Flow/Share,,0.01,-0.01,0.02,0.0,0.02,0.01,0.00,0.00,0.00,0.0,,0.00
C05,XSES,Chemical Industries (Far East) Ltd,Basic Materials,Chemicals,,SGD,Operating Cash Flow Growth % YOY,,103.32,-99.71,-,-,-26.97,36.86,-55.29,-,-,89.89,,-
C05,XSES,Chemical Industries (Far East) Ltd,Basic Materials,Chemicals,,SGD,Free Cash Flow Growth % YOY,,104.99,-,-,-,-97.51,3936.06,-60.91,-,-,-,,-
C05,XSES,Chemical Industries (Far East) Ltd,Basic Materials,Chemicals,,SGD,Free Cash Flow/Sales %,,38.48,-3.07,-4.10,15.72,0.43,17.23,4.99,-14.38,-9.72,-0.95,,1.14
C05,XSES,Chemical Industries (Far East) Ltd,Basic Materials,Chemicals,,SGD,Free Cash Flow/Net Income,,2.37,-0.20,-0.31,1.01,0.08,1.95,0.62,-4.05,-1.37,0.03,,-0.03
C05,XSES,Chemical Industries (Far East) Ltd,Basic Materials,Chemicals,,SGD,Free Cash Flow/Share,,0.28,0.30,-0.06,0.09,0.01,0.11,0.16,-0.21,-0.13,-0.03,,-0.01
C06,XSES,CSC Holdings Ltd,Industrials,Engineering & Construction,,SGD,Operating Cash Flow Growth % YOY,,-41.3,-56.04,23.09,-90.62,1927.25,-41.62,-19.33,-41.35,62.92,-30.98,,-
C06,XSES,CSC Holdings Ltd,Industrials,Engineering & Construction,,SGD,Free Cash Flow Growth % YOY,,-47.9,-87.68,162.91,-,-,-42.65,-78.45,-67.12,687.82,-69.25,,-
C06,XSES,CSC Holdings Ltd,Industrials,Engineering & Construction,,SGD,Free Cash Flow/Sales %,,7.43,1.39,2.7,-4.37,8.49,9.36,1.34,0.45,3.05,0.85,,3.37
C06,XSES,CSC Holdings Ltd,Industrials,Engineering & Construction,,SGD,Free Cash Flow/Net Income,,-4.13,-0.14,-0.64,0.73,5.24,-1.52,5.44,-0.04,-0.46,1.52,,15.47
C06,XSES,CSC Holdings Ltd,Industrials,Engineering & Construction,,SGD,Free Cash Flow/Share,,0.03,0.0,0.0,0.00,0.01,0.01,0.0,0.0,0.0,0.0,,0.00
C07,XSES,Jardine Cycle & Carriage Ltd,Industrials,Conglomerates,,SGD,Operating Cash Flow Growth % YOY,,-25.42,18.23,20.53,-14.15,60.86,9.94,-5.87,-13.31,23.15,4.06,,-
C07,XSES,Jardine Cycle & Carriage Ltd,Industrials,Conglomerates,,SGD,Free Cash Flow Growth % YOY,,-36.34,-1.67,23.16,-31.86,261.23,9.58,-22.83,-53.31,111.65,6.89,,-
C07,XSES,Jardine Cycle & Carriage Ltd,Industrials,Conglomerates,,SGD,Free Cash Flow/Sales %,,4.89,4.28,4.91,3.42,17.35,14.22,8.91,4.08,8.6,9.6,,9.60
C07,XSES,Jardine Cycle & Carriage Ltd,Industrials,Conglomerates,,SGD,Free Cash Flow/Net Income,,1.1,0.93,2.22,0.72,4.25,3.81,2.62,0.75,2.03,2.06,,2.06
C07,XSES,Jardine Cycle & Carriage Ltd,Industrials,Conglomerates,,SGD,Free Cash Flow/Share,,3.68,1.85,3.77,0.92,4.08,10.21,8.65,5.27,5.07,4.69,,4.69
C09,XSES,City Developments Ltd,Real Estate,Real Estate - Development,,SGD,Operating Cash Flow Growth % YOY,,1417.30,-8.86,-,-,-,-,-,-,-2.18,-,,-
C09,XSES,City Developments Ltd,Real Estate,Real Estate - Development,,SGD,Free Cash Flow Growth % YOY,,-,-3.31,-,-,-,-,-,-,-37.2,-,,-
C09,XSES,City Developments Ltd,Real Estate,Real Estate - Development,,SGD,Free Cash Flow/Sales %,,24.41,24.08,-20.39,15.42,-35.57,27.40,-15.61,8.88,8.42,-65.68,,-65.68
C09,XSES,City Developments Ltd,Real Estate,Real Estate - Development,,SGD,Free Cash Flow/Net Income,,1.46,1.71,-1.54,0.94,0.39,7.37,-0.40,1.38,1.37,-3.74,,-3.74
C09,XSES,City Developments Ltd,Real Estate,Real Estate - Development,,SGD,Free Cash Flow/Share,,0.14,0.88,-0.62,0.56,-0.41,0.37,0.01,0.09,0.16,-0.96,,-0.96
C13,XSES,CH Offshore Ltd,Energy,Oil & Gas Equipment & Services,,SGD,Operating Cash Flow Growth % YOY,,-93.62,-,-,149.04,-,-,232.37,-83.07,2221.69,-18.18,,-
C13,XSES,CH Offshore Ltd,Energy,Oil & Gas Equipment & Services,,SGD,Free Cash Flow Growth % YOY,,-,-,-,-,-,-,-,-,-,-64.9,,-
C13,XSES,CH Offshore Ltd,Energy,Oil & Gas Equipment & Services,,SGD,Free Cash Flow/Sales %,,-13.20,-41.17,-9.95,0.13,-44.04,-4.39,9.04,-8.45,14.46,6.39,,6.39
C13,XSES,CH Offshore Ltd,Energy,Oil & Gas Equipment & Services,,SGD,Free Cash Flow/Net Income,,-0.58,0.17,0.04,0.00,0.43,0.14,-0.50,0.24,3.33,-0.7,,-0.70
C13,XSES,CH Offshore Ltd,Energy,Oil & Gas Equipment & Services,,SGD,Free Cash Flow/Share,,0.06,0.00,0.00,0.00,0.00,-0.01,0.00,0.00,0.00,0.0,,0.00
C2PU,XSES,Parkway Life Real Estate Investment Trust,Real Estate,REIT - Healthcare Facilities,,SGD,Operating Cash Flow Growth % YOY,,6.71,-7.74,9.42,1.02,1.19,-0.5,5.31,14.85,-11.87,16.75,,-
C2PU,XSES,Parkway Life Real Estate Investment Trust,Real Estate,REIT - Healthcare Facilities,,SGD,Free Cash Flow Growth % YOY,,6.76,-7.33,8.26,-2.58,7.68,-8.82,-60.67,152.6,-39.88,-22.6,,-
C2PU,XSES,Parkway Life Real Estate Investment Trust,Real Estate,REIT - Healthcare Facilities,,SGD,Free Cash Flow/Sales %,,74.18,68.83,72.72,69.44,71.14,65.02,23.76,52.84,32.23,23.17,,23.17
C2PU,XSES,Parkway Life Real Estate Investment Trust,Real Estate,REIT - Healthcare Facilities,,SGD,Free Cash Flow/Net Income,,0.89,0.74,0.54,0.65,0.98,0.24,0.75,0.77,0.49,0.24,,0.24
C2PU,XSES,Parkway Life Real Estate Investment Trust,Real Estate,REIT - Healthcare Facilities,,SGD,Free Cash Flow/Share,,0.14,0.12,0.13,0.13,0.14,0.13,0.13,0.06,0.12,0.04,,0.04
C33,XSES,Chuan Hup Holdings Ltd,Real Estate,Real Estate - Development,,SGD,Operating Cash Flow Growth % YOY,,-,-,-57.62,-64.04,-73.63,165.74,-27.0,-,-,-,,-
C33,XSES,Chuan Hup Holdings Ltd,Real Estate,Real Estate - Development,,SGD,Free Cash Flow Growth % YOY,,-,-,-65.51,-,-,248.0,-27.87,-,-,-,,-
C33,XSES,Chuan Hup Holdings Ltd,Real Estate,Real Estate - Development,,SGD,Free Cash Flow/Sales %,,-11.07,19.04,5.39,-144.62,6.74,30.21,27.12,-160.72,-215.78,29.61,,81.88
C33,XSES,Chuan Hup Holdings Ltd,Real Estate,Real Estate - Development,,SGD,Free Cash Flow/Net Income,,-2.57,3.01,1.4,-0.60,-0.10,0.45,2.16,-1.36,-7.94,0.88,,2.03
C33,XSES,Chuan Hup Holdings Ltd,Real Estate,Real Estate - Development,,SGD,Free Cash Flow/Share,,-0.08,0.08,-0.02,0.04,-0.04,0.01,0.02,-0.01,0.00,-0.02,,0.01
C38U,XSES,CapitaLand Integrated Commercial Trust,Real Estate,REIT - Retail,,SGD,Operating Cash Flow Growth % YOY,,2.48,-1.18,6.59,12.2,-25.77,117.95,23.69,5.5,-3.3,5.05,,-
C38U,XSES,CapitaLand Integrated Commercial Trust,Real Estate,REIT - Retail,,SGD,Free Cash Flow Growth % YOY,,9.07,-7.84,-22.53,51.25,-15.8,126.45,22.14,7.26,-9.96,-6.26,,-
C38U,XSES,CapitaLand Integrated Commercial Trust,Real Estate,REIT - Retail,,SGD,Free Cash Flow/Sales %,,51.66,48.12,36.47,48.91,43.48,56.22,62.16,61.62,54.56,50.11,,50.11
C38U,XSES,CapitaLand Integrated Commercial Trust,Real Estate,REIT - Retail,,SGD,Free Cash Flow/Net Income,,0.76,0.5,0.38,0.55,0.93,0.68,1.24,1.11,0.93,0.87,,0.87
C38U,XSES,CapitaLand Integrated Commercial Trust,Real Estate,REIT - Retail,,SGD,Free Cash Flow/Share,,0.1,0.1,0.07,0.09,0.07,0.12,0.12,0.14,0.14,0.12,,0.12
C41,XSES,Cortina Holdings Ltd,Consumer Cyclical,Luxury Goods,,SGD,Operating Cash Flow Growth % YOY,,-37.3,166.01,63.38,50.18,4.79,6.26,71.5,-32.61,-62.99,36.87,,-
C41,XSES,Cortina Holdings Ltd,Consumer Cyclical,Luxury Goods,,SGD,Free Cash Flow Growth % YOY,,-49.07,316.24,82.09,61.93,4.95,7.26,58.02,-41.89,-83.97,258.38,,-
C41,XSES,Cortina Holdings Ltd,Consumer Cyclical,Luxury Goods,,SGD,Free Cash Flow/Sales %,,1.78,6.96,10.63,17.41,16.39,20.68,19.91,10.03,1.64,5.52,,8.77
C41,XSES,Cortina Holdings Ltd,Consumer Cyclical,Luxury Goods,,SGD,Free Cash Flow/Net Income,,0.78,2.31,2.22,2.77,2.14,2.28,2.08,1.08,0.22,0.75,,1.21
C41,XSES,Cortina Holdings Ltd,Consumer Cyclical,Luxury Goods,,SGD,Free Cash Flow/Share,,0.12,0.12,0.25,0.39,0.51,0.47,0.65,0.84,0.21,0.09,,0.29
C52,XSES,ComfortDelGro Corp Ltd,Industrials,Railroads,,SGD,Operating Cash Flow Growth % YOY,,17.04,-17.17,14.93,-8.81,-20.69,36.63,-8.87,-25.44,21.91,-17.57,,-
C52,XSES,ComfortDelGro Corp Ltd,Industrials,Railroads,,SGD,Free Cash Flow Growth % YOY,,-,-20.04,59.64,-65.67,175.1,51.74,-30.9,-76.28,11.19,-,,-
C52,XSES,ComfortDelGro Corp Ltd,Industrials,Railroads,,SGD,Free Cash Flow/Sales %,,5.80,4.74,7.9,2.64,8.79,12.18,7.87,1.82,1.75,-2.70,,-2.70
C52,XSES,ComfortDelGro Corp Ltd,Industrials,Railroads,,SGD,Free Cash Flow/Net Income,,0.74,0.62,0.99,0.39,4.59,3.31,1.72,0.39,0.37,-0.59,,-0.59
C52,XSES,ComfortDelGro Corp Ltd,Industrials,Railroads,,SGD,Free Cash Flow/Share,,0.04,0.13,0.11,0.09,0.09,0.19,0.13,0.1,0.04,-0.11,,-0.11
C6L,XSES,Singapore Airlines Ltd,Industrials,Airlines,,SGD,Operating Cash Flow Growth % YOY,,45.39,-15.72,3.08,7.28,-2.47,-,-,200.18,-44.63,-6.87,,-
C6L,XSES,Singapore Airlines Ltd,Industrials,Airlines,,SGD,Free Cash Flow Growth % YOY,,-,-,-,-,-,-,-,-,-49.91,-23.97,,-
C6L,XSES,Singapore Airlines Ltd,Industrials,Airlines,,SGD,Free Cash Flow/Sales %,,0.33,-9.79,-16.82,-17.56,-15.42,-158.86,-1.07,41.87,19.61,14.5,,11.47
C6L,XSES,Singapore Airlines Ltd,Industrials,Airlines,,SGD,Free Cash Flow/Net Income,,0.06,-4.04,-2.98,-4.20,11.62,1.42,0.08,3.45,1.39,1.02,,1.99
C6L,XSES,Singapore Airlines Ltd,Industrials,Airlines,,SGD,Free Cash Flow/Share,,-0.25,-0.73,-1.51,-1.69,-0.94,-1.70,-1.17,1.64,1.8,1.0,,0.79
C76,XSES,Creative Technology Ltd,Technology,Computer Hardware,,SGD,Operating Cash Flow Growth % YOY,,-,-,-,-,-,-,-,-,-,-,,-
C76,XSES,Creative Technology Ltd,Technology,Computer Hardware,,SGD,Free Cash Flow Growth % YOY,,-,-,-,-,-,-,-,-,-,-,,-
C76,XSES,Creative Technology Ltd,Technology,Computer Hardware,,SGD,Free Cash Flow/Sales %,,-6.75,-29.52,59.52,-13.05,-13.68,-11.67,-32.45,-21.78,-19.67,-17.15,,-1.32
C76,XSES,Creative Technology Ltd,Technology,Computer Hardware,,SGD,Free Cash Flow/Net Income,,-2.18,0.90,0.97,1.87,0.48,1.29,1.81,0.73,1.14,1.11,,0.15
C76,XSES,Creative Technology Ltd,Technology,Computer Hardware,,SGD,Free Cash Flow/Share,,-0.16,-0.37,0.67,-0.07,-0.04,-0.08,-0.33,-0.38,-0.15,-0.27,,-0.21
C8R,XSES,Jiutian Chemical Group Ltd,Basic Materials,Chemicals,,SGD,Operating Cash Flow Growth % YOY,,-,880.99,-67.95,101.97,110.79,408.3,-33.82,-,-,-,,-
C8R,XSES,Jiutian Chemical Group Ltd,Basic Materials,Chemicals,,SGD,Free Cash Flow Growth % YOY,,-,-,-81.96,359.37,112.0,416.36,-33.07,-,-,-,,-
C8R,XSES,Jiutian Chemical Group Ltd,Basic Materials,Chemicals,,SGD,Free Cash Flow/Sales %,,-4.42,6.21,0.96,5.49,10.7,29.15,17.42,-85.41,-339.41,-135.01,,-135.01
C8R,XSES,Jiutian Chemical Group Ltd,Basic Materials,Chemicals,,SGD,Free Cash Flow/Net Income,,-53.45,0.99,0.57,-0.23,0.71,1.95,0.86,1.48,1.16,0.62,,0.62
C8R,XSES,Jiutian Chemical Group Ltd,Basic Materials,Chemicals,,SGD,Free Cash Flow/Share,,0.00,0.00,0.01,-0.01,0.01,0.03,0.07,-0.01,-0.03,-0.01,,-0.01
C9Q,XSES,Sinostar Pec Holdings Ltd,Energy,Oil & Gas E&P,,SGD,Operating Cash Flow Growth % YOY,,44.37,64.48,-47.76,237.12,71.85,64.27,-73.44,200.23,-12.71,-39.93,,-
C9Q,XSES,Sinostar Pec Holdings Ltd,Energy,Oil & Gas E&P,,SGD,Free Cash Flow Growth % YOY,,84.93,172.41,-,-,-,-,-80.16,316.17,-12.78,-48.52,,-
C9Q,XSES,Sinostar Pec Holdings Ltd,Energy,Oil & Gas E&P,,SGD,Free Cash Flow/Sales %,,2.45,5.78,-0.36,-2.70,-0.92,11.56,2.23,8.44,7.2,4.47,,4.47
C9Q,XSES,Sinostar Pec Holdings Ltd,Energy,Oil & Gas E&P,,SGD,Free Cash Flow/Net Income,,0.43,1.53,-0.10,-0.87,-0.19,2.30,2.74,2.07,2.31,7.88,,7.88
C9Q,XSES,Sinostar Pec Holdings Ltd,Energy,Oil & Gas E&P,,SGD,Free Cash Flow/Share,,0.0,0.01,0.00,-0.03,-0.02,0.14,0.08,0.12,0.12,-0.02,,-0.02
CC3,XSES,StarHub Ltd,Communication Services,Telecom Services,,SGD,Operating Cash Flow Growth % YOY,,1.14,-6.08,-19.12,7.12,29.19,13.51,-41.61,-6.54,0.73,-1.85,,-
CC3,XSES,StarHub Ltd,Communication Services,Telecom Services,,SGD,Free Cash Flow Growth % YOY,,-14.7,20.27,-34.25,50.24,77.36,24.99,-54.15,-16.34,-12.8,-,,-
CC3,XSES,StarHub Ltd,Communication Services,Telecom Services,,SGD,Free Cash Flow/Sales %,,7.68,9.22,6.16,9.38,19.11,23.72,9.55,7.83,6.85,-1.02,,-1.02
CC3,XSES,StarHub Ltd,Communication Services,Telecom Services,,SGD,Free Cash Flow/Net Income,,0.54,0.89,0.72,1.17,2.46,3.25,3.57,1.24,1.01,-0.28,,-0.28
CC3,XSES,StarHub Ltd,Communication Services,Telecom Services,,SGD,Free Cash Flow/Share,,0.14,0.12,0.09,0.08,0.22,0.17,0.21,0.09,0.17,-0.06,,-0.06
CEDU,XSES,Dasin Retail Trust Registered Units Reg S,Real Estate,Real Estate - Development,,SGD,Operating Cash Flow Growth % YOY,-7.88,294.48,50.52,5.73,-9.53,30.64,-28.04,,,,,,-
CEDU,XSES,Dasin Retail Trust Registered Units Reg S,Real Estate,Real Estate - Development,,SGD,Free Cash Flow Growth % YOY,2.22,299.09,50.36,-0.95,-7.87,23.03,-24.35,,,,,,-
CEDU,XSES,Dasin Retail Trust Registered Units Reg S,Real Estate,Real Estate - Development,,SGD,Free Cash Flow/Sales %,26.06,92.12,82.17,74.64,65.21,68.79,45.31,,,,,,45.52
CEDU,XSES,Dasin Retail Trust Registered Units Reg S,Real Estate,Real Estate - Development,,SGD,Free Cash Flow/Net Income,3.29,1.23,2.51,-4.09,-5.82,-0.74,-0.82,,,,,,-0.10
CEDU,XSES,Dasin Retail Trust Registered Units Reg S,Real Estate,Real Estate - Development,,SGD,Free Cash Flow/Share,-,-,0.13,0.09,0.08,0.06,0.09,,,,,,0.04
CHJ,XSES,Uni-Asia Group Ltd,Industrials,Marine Shipping,,SGD,Operating Cash Flow Growth % YOY,,19.70,14.31,20.59,131.44,-82.7,317.03,23.06,-45.62,-9.73,-98.69,,-
CHJ,XSES,Uni-Asia Group Ltd,Industrials,Marine Shipping,,SGD,Free Cash Flow Growth % YOY,,-,-,-,132.44,-87.14,460.91,18.17,-59.43,27.85,-,,-
CHJ,XSES,Uni-Asia Group Ltd,Industrials,Marine Shipping,,SGD,Free Cash Flow/Sales %,,-15.41,-1.98,12.89,26.96,10.41,38.61,36.41,21.83,68.17,-175.41,,-175.41
CHJ,XSES,Uni-Asia Group Ltd,Industrials,Marine Shipping,,SGD,Free Cash Flow/Net Income,,0.94,-0.33,12.72,6.24,-0.61,1.45,1.12,2.52,-0.57,-91.66,,-91.66
CHJ,XSES,Uni-Asia Group Ltd,Industrials,Marine Shipping,,SGD,Free Cash Flow/Share,,-0.25,0.13,0.08,0.47,0.32,0.2,0.68,0.2,0.29,-0.31,,-0.31
CHZ,XSES,HRnetGroup Ltd,Industrials,Staffing & Employment Services,,SGD,Operating Cash Flow Growth % YOY,,7.81,-34.08,46.54,14.88,76.16,-49.57,42.83,-23.45,-10.4,9.45,,-
CHZ,XSES,HRnetGroup Ltd,Industrials,Staffing & Employment Services,,SGD,Free Cash Flow Growth % YOY,,8.46,-34.83,45.34,16.3,77.92,-50.3,43.66,-24.84,-10.78,5.21,,-
CHZ,XSES,HRnetGroup Ltd,Industrials,Staffing & Employment Services,,SGD,Free Cash Flow/Sales %,,14.43,8.76,11.64,13.71,23.84,8.69,12.05,9.58,8.72,8.9,,8.90
CHZ,XSES,HRnetGroup Ltd,Industrials,Staffing & Employment Services,,SGD,Free Cash Flow/Net Income,,1.28,0.83,1.04,1.12,2.2,0.78,1.09,0.87,1.11,1.02,,1.02
CHZ,XSES,HRnetGroup Ltd,Industrials,Staffing & Employment Services,,SGD,Free Cash Flow/Share,,-,0.04,0.04,0.05,0.08,0.05,0.08,0.06,0.05,0.06,,0.06
CIN,XSES,Courage Investment Group Ltd,Industrials,Marine Shipping,,SGD,Operating Cash Flow Growth % YOY,-,-,-,-,1248.77,-12.67,26.6,73.91,-66.57,70.26,,,-
CIN,XSES,Courage Investment Group Ltd,Industrials,Marine Shipping,,SGD,Free Cash Flow Growth % YOY,-,-,-,-,-,-,60.29,3.88,-42.8,-,,,-
CIN,XSES,Courage Investment Group Ltd,Industrials,Marine Shipping,,SGD,Free Cash Flow/Sales %,-98.92,-151.34,-51.38,0.71,-45.20,31.89,41.58,34.0,28.27,-112.73,,,-214.69
CIN,XSES,Courage Investment Group Ltd,Industrials,Marine Shipping,,SGD,Free Cash Flow/Net Income,0.18,0.40,-0.51,0.07,-36.93,-0.73,0.39,3.75,-0.61,-6.07,,,14.25
CIN,XSES,Courage Investment Group Ltd,Industrials,Marine Shipping,,SGD,Free Cash Flow/Share,-0.02,-0.02,-0.02,0.00,-0.02,0.00,0.01,0.01,0.0,0.01,,,-0.01
CJLU,XSES,NetLink NBN Trust Registered Units Reg S,Communication Services,Telecom Services,,SGD,Operating Cash Flow Growth % YOY,,-,47.37,-18.98,44.93,14.32,0.76,-2.19,10.42,1.02,-10.36,,-
CJLU,XSES,NetLink NBN Trust Registered Units Reg S,Communication Services,Telecom Services,,SGD,Free Cash Flow Growth % YOY,,-,-,-,-,17.94,9.24,-9.5,2.22,-17.28,-26.4,,-
CJLU,XSES,NetLink NBN Trust Registered Units Reg S,Communication Services,Telecom Services,,SGD,Free Cash Flow/Sales %,,-8.52,26.17,-23.51,44.84,50.51,55.44,48.95,46.83,38.0,28.26,,36.74
CJLU,XSES,NetLink NBN Trust Registered Units Reg S,Communication Services,Telecom Services,,SGD,Free Cash Flow/Net Income,,-0.54,0.99,-1.08,2.05,2.39,2.15,2.03,1.73,1.51,1.21,,1.82
CJLU,XSES,NetLink NBN Trust Registered Units Reg S,Communication Services,Telecom Services,,SGD,Free Cash Flow/Share,,-,-,0.02,0.04,0.05,0.05,0.05,0.05,0.04,0.04,,0.03
CJN,XSES,British and Malayan Holdings Ltd,Financial Services,Asset Management,,SGD,Operating Cash Flow Growth % YOY,,-,-,-,-,-,-,-,-,-,-,,-
CJN,XSES,British and Malayan Holdings Ltd,Financial Services,Asset Management,,SGD,Free Cash Flow Growth % YOY,,-,-,-,-,-,-,-,-,-,-,,-
CJN,XSES,British and Malayan Holdings Ltd,Financial Services,Asset Management,,SGD,Free Cash Flow/Sales %,,-50.10,-70.61,-58.44,-37.13,-32.03,-92.13,-15.24,-197.28,-109.28,-76.26,,-63.50
CJN,XSES,British and Malayan Holdings Ltd,Financial Services,Asset Management,,SGD,Free Cash Flow/Net Income,,0.80,0.99,-2.12,0.94,0.83,0.92,0.64,-0.47,0.98,0.92,,0.87
CJN,XSES,British and Malayan Holdings Ltd,Financial Services,Asset Management,,SGD,Free Cash Flow/Share,,-,-0.20,-0.16,-,-,-0.10,-,-0.31,-,-0.20,,-
CLN,XSES,APAC Realty Ltd,Real Estate,Real Estate Services,,SGD,Operating Cash Flow Growth % YOY,,218.60,52.73,-59.37,20.61,18.04,173.89,-36.03,-50.69,-47.07,229.72,,-
CLN,XSES,APAC Realty Ltd,Real Estate,Real Estate Services,,SGD,Free Cash Flow Growth % YOY,,323.50,51.58,-59.9,14.87,26.3,170.67,-39.03,-51.34,-47.16,255.19,,-
CLN,XSES,APAC Realty Ltd,Real Estate,Real Estate Services,,SGD,Free Cash Flow/Sales %,,7.92,8.58,3.23,4.26,5.06,7.28,4.66,2.87,1.5,4.44,,4.44
CLN,XSES,APAC Realty Ltd,Real Estate,Real Estate Services,,SGD,Free Cash Flow/Net Income,,1.42,1.32,0.56,1.12,1.21,1.52,1.23,1.36,1.17,1.46,,1.46
CLN,XSES,APAC Realty Ltd,Real Estate,Real Estate Services,,SGD,Free Cash Flow/Share,,-,0.07,-0.09,0.01,0.04,0.08,0.1,0.06,0.04,0.05,,0.05
CMOU,XSES,Kore Us Reit Unit,Real Estate,REIT - Office,,SGD,Operating Cash Flow Growth % YOY,,-,,,-,1.59,11.14,-4.28,6.13,-10.13,1.62,,-
CMOU,XSES,Kore Us Reit Unit,Real Estate,REIT - Office,,SGD,Free Cash Flow Growth % YOY,,-,,,-,26.04,14.81,-35.51,5.03,-41.21,43.16,,-
CMOU,XSES,Kore Us Reit Unit,Real Estate,REIT - Office,,SGD,Free Cash Flow/Sales %,,41.71,,,31.17,35.44,40.0,24.7,25.63,15.48,21.75,,21.75
CMOU,XSES,Kore Us Reit Unit,Real Estate,REIT - Office,,SGD,Free Cash Flow/Net Income,,1.82,,,0.55,0.86,0.72,0.74,-0.55,-3.2,-7.75,,-7.75
CMOU,XSES,Kore Us Reit Unit,Real Estate,REIT - Office,,SGD,Free Cash Flow/Share,,-,,,-,0.04,0.05,0.05,0.04,0.04,0.02,,0.02
CNE,XSES,MindChamps PreSchool Ltd Ordinary Shares,Consumer Defensive,Education & Training Services,,SGD,Operating Cash Flow Growth % YOY,,19.45,38.21,35.91,23.33,56.86,-13.26,-7.45,14.97,-75.81,159.47,,-
CNE,XSES,MindChamps PreSchool Ltd Ordinary Shares,Consumer Defensive,Education & Training Services,,SGD,Free Cash Flow Growth % YOY,,-1.29,48.38,46.88,-28.02,148.19,-8.0,-19.69,33.38,-77.06,212.75,,-
CNE,XSES,MindChamps PreSchool Ltd Ordinary Shares,Consumer Defensive,Education & Training Services,,SGD,Free Cash Flow/Sales %,,15.92,19.1,17.29,8.54,22.04,16.75,13.71,15.43,4.1,13.37,,13.37
CNE,XSES,MindChamps PreSchool Ltd Ordinary Shares,Consumer Defensive,Education & Training Services,,SGD,Free Cash Flow/Net Income,,0.54,0.95,1.0,0.66,3.6,4.36,2.78,2.07,215.08,3.8,,3.80
CNE,XSES,MindChamps PreSchool Ltd Ordinary Shares,Consumer Defensive,Education & Training Services,,SGD,Free Cash Flow/Share,,-,0.01,0.01,0.03,0.02,0.04,0.04,0.05,0.04,0.04,,0.04
CRPU,XSES,Sasseur REIT,Real Estate,REIT - Retail,,SGD,Operating Cash Flow Growth % YOY,,-,,-,-,-22.25,29.03,-44.37,177.51,-38.25,-6.98,,-
CRPU,XSES,Sasseur REIT,Real Estate,REIT - Retail,,SGD,Free Cash Flow Growth % YOY,,-,,-,-,-24.74,29.29,-44.84,193.26,-38.54,-7.23,,-
CRPU,XSES,Sasseur REIT,Real Estate,REIT - Retail,,SGD,Free Cash Flow/Sales %,,66.18,,82.17,99.54,70.58,84.76,50.07,145.9,91.84,87.13,,87.13
CRPU,XSES,Sasseur REIT,Real Estate,REIT - Retail,,SGD,Free Cash Flow/Net Income,,2.17,,0.66,0.93,1.88,0.93,1.02,2.96,2.03,1.67,,1.67
CRPU,XSES,Sasseur REIT,Real Estate,REIT - Retail,,SGD,Free Cash Flow/Share,,-,,0.04,0.05,0.1,0.07,0.09,0.09,0.09,0.09,,0.09
CTO,XSES,Hong Lai Huat Group Ltd,Real Estate,Real Estate - Development,,SGD,Operating Cash Flow Growth % YOY,,-,-,-,-,-,-,-79.55,-,-,-,,-
CTO,XSES,Hong Lai Huat Group Ltd,Real Estate,Real Estate - Development,,SGD,Free Cash Flow Growth % YOY,,-,-,-,-,-,-,-83.71,-,-,-,,-
CTO,XSES,Hong Lai Huat Group Ltd,Real Estate,Real Estate - Development,,SGD,Free Cash Flow/Sales %,,-100.48,-67.86,-0.96,-30.39,-243.12,46.97,78.0,-2256.93,-5702.94,-172.82,,-172.82
CTO,XSES,Hong Lai Huat Group Ltd,Real Estate,Real Estate - Development,,SGD,Free Cash Flow/Net Income,,-1.49,-4.17,-0.04,-4.93,2.27,2.26,-0.12,0.25,0.45,-0.33,,-0.33
CTO,XSES,Hong Lai Huat Group Ltd,Real Estate,Real Estate - Development,,SGD,Free Cash Flow/Share,,-0.04,-0.03,-0.01,-0.03,-0.02,-0.09,0.03,0.00,-0.01,-0.01,,-0.01
CWBU,XSES,Stoneweg Europe Stapled Trust Unit,Real Estate,REIT - Diversified,,SGD,Operating Cash Flow Growth % YOY,,,,-,-,1.34,9.35,-4.67,-3.48,-20.63,22.55,,-
CWBU,XSES,Stoneweg Europe Stapled Trust Unit,Real Estate,REIT - Diversified,,SGD,Free Cash Flow Growth % YOY,,,,-,-,-11.27,9.78,-27.98,-88.63,346.47,53.27,,-
CWBU,XSES,Stoneweg Europe Stapled Trust Unit,Real Estate,REIT - Diversified,,SGD,Free Cash Flow/Sales %,,,,48.46,43.04,36.16,37.09,24.07,2.81,12.75,19.38,,19.38
CWBU,XSES,Stoneweg Europe Stapled Trust Unit,Real Estate,REIT - Diversified,,SGD,Free Cash Flow/Net Income,,,,0.76,0.70,0.85,0.77,1.27,-0.08,0.76,0.53,,0.53
CWBU,XSES,Stoneweg Europe Stapled Trust Unit,Real Estate,REIT - Diversified,,SGD,Free Cash Flow/Share,,,,-,-,0.14,0.14,0.12,0.05,0.02,0.06,,0.06
CWCU,XSES,Stoneweg Europe Stapled Trust Unit,Real Estate,REIT - Diversified,,SGD,Operating Cash Flow Growth % YOY,,,,-,-,1.34,9.35,-4.67,-3.48,-20.63,22.55,,-
CWCU,XSES,Stoneweg Europe Stapled Trust Unit,Real Estate,REIT - Diversified,,SGD,Free Cash Flow Growth % YOY,,,,-,-,-11.27,9.78,-27.98,-88.63,346.47,53.27,,-
CWCU,XSES,Stoneweg Europe Stapled Trust Unit,Real Estate,REIT - Diversified,,SGD,Free Cash Flow/Sales %,,,,48.46,43.04,36.16,37.09,24.07,2.81,12.75,19.38,,19.38
CWCU,XSES,Stoneweg Europe Stapled Trust Unit,Real Estate,REIT - Diversified,,SGD,Free Cash Flow/Net Income,,,,0.76,0.70,0.85,0.77,1.27,-0.08,0.76,0.53,,0.53
CWCU,XSES,Stoneweg Europe Stapled Trust Unit,Real Estate,REIT - Diversified,,SGD,Free Cash Flow/Share,,,,-,-,-,-,-,0.08,0.04,0.1,,0.10
CY6U,XSES,CapitaLand India Trust Units Real Estate Investment Trust,Real Estate,Real Estate Services,,SGD,Operating Cash Flow Growth % YOY,,22.04,-2.31,29.22,21.18,-2.7,4.23,-1.56,68.66,-30.19,-18.26,,-
CY6U,XSES,CapitaLand India Trust Units Real Estate Investment Trust,Real Estate,Real Estate Services,,SGD,Free Cash Flow Growth % YOY,,21.8,-2.11,28.96,21.17,-2.86,3.89,-1.77,57.56,-32.19,-11.87,,-
CY6U,XSES,CapitaLand India Trust Units Real Estate Investment Trust,Real Estate,Real Estate Services,,SGD,Free Cash Flow/Sales %,,67.32,60.56,65.02,81.46,73.49,75.94,68.26,96.78,55.28,45.99,,45.99
CY6U,XSES,CapitaLand India Trust Units Real Estate Investment Trust,Real Estate,Real Estate Services,,SGD,Free Cash Flow/Net Income,,0.93,0.68,0.64,0.77,1.08,0.76,1.05,1.54,0.35,0.42,,0.42
CY6U,XSES,CapitaLand India Trust Units Real Estate Investment Trust,Real Estate,Real Estate Services,,SGD,Free Cash Flow/Share,,0.1,0.11,0.1,0.15,0.13,0.12,0.13,0.15,0.14,0.11,,0.11
CYW,XSES,TrickleStar Ltd,Technology,Electronic Components,,SGD,Operating Cash Flow Growth % YOY,,-,-,-,-20.86,100.78,-67.86,-33.78,85.95,-,-,,-
CYW,XSES,TrickleStar Ltd,Technology,Electronic Components,,SGD,Free Cash Flow Growth % YOY,,-,-,-,-46.6,131.32,-,-,176.98,-,-,,-
CYW,XSES,TrickleStar Ltd,Technology,Electronic Components,,SGD,Free Cash Flow/Sales %,,13.53,-3.28,7.10,3.35,8.76,-3.62,1.54,5.74,-17.35,-5.88,,-5.88
CYW,XSES,TrickleStar Ltd,Technology,Electronic Components,,SGD,Free Cash Flow/Net Income,,-4.69,-0.52,0.46,2.77,1.58,0.17,1.30,-2.09,2.99,2.20,,2.20
CYW,XSES,TrickleStar Ltd,Technology,Electronic Components,,SGD,Free Cash Flow/Share,,-,-,-,0.02,0.02,-0.02,-0.01,0.02,0.00,-0.01,,-0.01
D01,XSES,DFI Retail Group Holdings Ltd,Consumer Defensive,Grocery Stores,,SGD,Operating Cash Flow Growth % YOY,,-22.42,23.65,-4.16,100.2,-17.15,-11.7,-0.27,11.04,-6.77,12.98,,-
D01,XSES,DFI Retail Group Holdings Ltd,Consumer Defensive,Grocery Stores,,SGD,Free Cash Flow Growth % YOY,,-24.67,31.41,-1.2,153.86,-16.67,-10.86,-4.68,21.72,-5.59,18.81,,-
D01,XSES,DFI Retail Group Holdings Ltd,Consumer Defensive,Grocery Stores,,SGD,Free Cash Flow/Sales %,,2.66,3.47,3.3,8.78,7.98,8.1,7.59,9.24,9.02,10.72,,10.72
D01,XSES,DFI Retail Group Holdings Ltd,Consumer Defensive,Grocery Stores,,SGD,Free Cash Flow/Net Income,,0.64,0.97,4.21,3.04,2.97,7.1,-6.07,26.31,-3.27,4.05,,4.05
D01,XSES,DFI Retail Group Holdings Ltd,Consumer Defensive,Grocery Stores,,SGD,Free Cash Flow/Share,,0.22,0.28,0.3,0.24,0.59,0.6,0.51,0.57,0.63,0.63,,0.63
D03,XSES,Del Monte Pacific Ltd,Consumer Defensive,Packaged Foods,,SGD,Operating Cash Flow Growth % YOY,,-87.05,502.67,72.64,-43.98,107.67,-16.09,-10.95,-,-,25.83,,-
D03,XSES,Del Monte Pacific Ltd,Consumer Defensive,Packaged Foods,,SGD,Free Cash Flow Growth % YOY,,-,-,394.13,-72.93,326.26,-38.21,-48.39,-,-,52.32,,-
D03,XSES,Del Monte Pacific Ltd,Consumer Defensive,Packaged Foods,,SGD,Free Cash Flow/Sales %,,-1.29,1.91,9.66,2.94,11.51,7.0,3.33,-12.90,7.48,35.06,,27.41
D03,XSES,Del Monte Pacific Ltd,Consumer Defensive,Packaged Foods,,SGD,Free Cash Flow/Net Income,,-0.57,1.76,-5.82,2.83,-3.01,2.39,0.78,-18.43,-1.41,-0.35,,-0.36
D03,XSES,Del Monte Pacific Ltd,Consumer Defensive,Packaged Foods,,SGD,Free Cash Flow/Share,,-0.02,0.08,0.14,0.08,0.05,0.22,0.04,-0.07,-0.08,0.24,,0.18
D05,XSES,DBS Group Holdings Ltd,Financial Services,Banks - Regional,,SGD,Operating Cash Flow Growth % YOY,,228.36,-,-,-,122.43,-68.93,-64.18,86.57,196.96,-28.14,,-
D05,XSES,DBS Group Holdings Ltd,Financial Services,Banks - Regional,,SGD,Free Cash Flow Growth % YOY,,258.9,-,-,-,129.57,-70.56,-70.69,111.81,224.3,-27.22,,-
D05,XSES,DBS Group Holdings Ltd,Financial Services,Banks - Regional,,SGD,Free Cash Flow/Sales %,,79.72,-28.37,-13.87,72.89,166.85,50.55,12.73,22.09,64.93,45.86,,-
D05,XSES,DBS Group Holdings Ltd,Financial Services,Banks - Regional,,SGD,Free Cash Flow/Net Income,,2.15,-0.80,-0.33,1.66,5.15,1.05,0.26,0.44,1.28,0.96,,-
D05,XSES,DBS Group Holdings Ltd,Financial Services,Banks - Regional,,SGD,Free Cash Flow/Share,,4.11,-0.69,-1.65,1.52,4.91,7.69,2.95,-2.08,8.23,1.14,,1.14
D5IU,XSES,Landmark REIT Units Real Estate Investment Trust,Real Estate,REIT - Retail,,SGD,Operating Cash Flow Growth % YOY,,12.85,-0.34,0.43,-2.66,-71.74,2.97,242.11,-25.16,-15.32,12.19,,-
D5IU,XSES,Landmark REIT Units Real Estate Investment Trust,Real Estate,REIT - Retail,,SGD,Free Cash Flow Growth % YOY,,9.63,-29.15,44.67,-8.44,-77.65,-16.01,464.14,-30.61,-26.83,20.83,,-
D5IU,XSES,Landmark REIT Units Real Estate Investment Trust,Real Estate,REIT - Retail,,SGD,Free Cash Flow/Sales %,,67.32,45.44,56.34,43.52,17.87,12.74,61.45,44.24,32.83,37.64,,37.64
D5IU,XSES,Landmark REIT Units Real Estate Investment Trust,Real Estate,REIT - Retail,,SGD,Free Cash Flow/Net Income,,4.39,1.43,2.13,8.8,-0.12,-0.69,79.46,-0.69,-1.76,2.41,,2.41
D5IU,XSES,Landmark REIT Units Real Estate Investment Trust,Real Estate,REIT - Retail,,SGD,Free Cash Flow/Share,,0.03,0.03,0.02,0.03,0.01,0.0,0.01,0.01,0.01,0.01,,0.01
D8DU,XSES,First Ship Lease Trust Units Shipping Business Trust,Industrials,Rental & Leasing Services,,SGD,Operating Cash Flow Growth % YOY,,-15.08,-29.01,-21.19,18.59,-14.54,-85.03,140.42,-52.21,12.53,-39.77,,-
D8DU,XSES,First Ship Lease Trust Units Shipping Business Trust,Industrials,Rental & Leasing Services,,SGD,Free Cash Flow Growth % YOY,,20.59,-31.91,-15.12,-44.94,-33.36,-,-,-55.21,32.88,-39.77,,-
D8DU,XSES,First Ship Lease Trust Units Shipping Business Trust,Industrials,Rental & Leasing Services,,SGD,Free Cash Flow/Sales %,,65.98,54.1,55.82,28.18,28.41,-259.13,50.97,64.98,86.92,73.14,,73.14
D8DU,XSES,First Ship Lease Trust Units Shipping Business Trust,Industrials,Rental & Leasing Services,,SGD,Free Cash Flow/Net Income,,-2.09,-0.6,-1.97,2.03,2.2,42.52,0.93,1.51,0.89,0.65,,0.65
D8DU,XSES,First Ship Lease Trust Units Shipping Business Trust,Industrials,Rental & Leasing Services,,SGD,Free Cash Flow/Share,,0.1,0.11,0.07,0.06,0.01,-0.05,0.01,0.01,0.0,0.0,,0.00
DCRU,XSES,Digital Core REIT Units,Real Estate,REIT - Specialty,,SGD,Operating Cash Flow Growth % YOY,,,,,,-,,-,-,-9.45,65.39,,-
DCRU,XSES,Digital Core REIT Units,Real Estate,REIT - Specialty,,SGD,Free Cash Flow Growth % YOY,,,,,,-,,-,-,-9.45,65.39,,-
DCRU,XSES,Digital Core REIT Units,Real Estate,REIT - Specialty,,SGD,Free Cash Flow/Sales %,,,,,,54.03,,66.31,60.96,55.37,53.17,,53.17
DCRU,XSES,Digital Core REIT Units,Real Estate,REIT - Specialty,,SGD,Free Cash Flow/Net Income,,,,,,1.40,,49.56,-0.58,0.28,1.96,,1.96
DCRU,XSES,Digital Core REIT Units,Real Estate,REIT - Specialty,,SGD,Free Cash Flow/Share,,,,,,-,,0.04,-,0.05,0.07,,0.07
DHLU,XSES,Daiwa House Logistics Trust Units,Real Estate,REIT - Industrial,,SGD,Operating Cash Flow Growth % YOY,,,,,,-,,-,-,-8.13,-5.1,,-
DHLU,XSES,Daiwa House Logistics Trust Units,Real Estate,REIT - Industrial,,SGD,Free Cash Flow Growth % YOY,,,,,,-,,-,-,-9.1,-4.36,,-
DHLU,XSES,Daiwa House Logistics Trust Units,Real Estate,REIT - Industrial,,SGD,Free Cash Flow/Sales %,,,,,,-44.62,,86.23,74.29,70.79,66.89,,66.89
DHLU,XSES,Daiwa House Logistics Trust Units,Real Estate,REIT - Industrial,,SGD,Free Cash Flow/Net Income,,,,,,-1.17,,0.42,1.03,1.16,1.08,,1.08
DHLU,XSES,Daiwa House Logistics Trust Units,Real Estate,REIT - Industrial,,SGD,Free Cash Flow/Share,,,,,,-,,-0.05,-,0.06,0.05,,0.05
DM0,XSES,PSC Corp Ltd,Consumer Cyclical,Packaging & Containers,,SGD,Operating Cash Flow Growth % YOY,,-22.93,-74.41,505.56,49.33,-10.53,-38.06,100.31,9.7,-23.69,-14.0,,-
DM0,XSES,PSC Corp Ltd,Consumer Cyclical,Packaging & Containers,,SGD,Free Cash Flow Growth % YOY,,-64.19,-,-,-,3.19,-55.86,96.0,35.12,-8.44,-29.18,,-
DM0,XSES,PSC Corp Ltd,Consumer Cyclical,Packaging & Containers,,SGD,Free Cash Flow/Sales %,,1.51,-9.80,-2.69,7.13,7.2,2.81,5.31,8.23,7.43,5.39,,5.39
DM0,XSES,PSC Corp Ltd,Consumer Cyclical,Packaging & Containers,,SGD,Free Cash Flow/Net Income,,0.59,-4.09,-1.00,5.43,1.52,0.77,1.51,1.82,1.6,1.19,,1.19
DM0,XSES,PSC Corp Ltd,Consumer Cyclical,Packaging & Containers,,SGD,Free Cash Flow/Share,,0.02,-0.06,-0.07,0.07,0.05,0.04,0.02,0.1,0.03,0.06,,0.06
DRX,XSES,ST Group Food Industries Holdings Ltd,Consumer Cyclical,Restaurants,,SGD,Operating Cash Flow Growth % YOY,,-,74.70,4.17,2.57,3.53,102.25,-48.47,85.6,9.93,-19.33,,-
DRX,XSES,ST Group Food Industries Holdings Ltd,Consumer Cyclical,Restaurants,,SGD,Free Cash Flow Growth % YOY,,-,30.14,-88.73,-,-,223.63,-38.51,67.69,24.29,-43.57,,-
DRX,XSES,ST Group Food Industries Holdings Ltd,Consumer Cyclical,Restaurants,,SGD,Free Cash Flow/Sales %,,5.66,5.88,0.55,-0.36,5.45,17.3,10.17,12.17,14.42,8.98,,11.10
DRX,XSES,ST Group Food Industries Holdings Ltd,Consumer Cyclical,Restaurants,,SGD,Free Cash Flow/Net Income,,1.32,0.77,0.07,-0.10,2.83,6.87,12.98,4.08,11.59,11.28,,28.31
DRX,XSES,ST Group Food Industries Holdings Ltd,Consumer Cyclical,Restaurants,,SGD,Free Cash Flow/Share,,-,-,-,-,0.00,0.02,0.04,0.02,0.03,0.03,,0.02
DU4,XSES,Mermaid Maritime PCL,Energy,Oil & Gas Equipment & Services,,SGD,Operating Cash Flow Growth % YOY,,677.24,-76.94,-12.67,-,-,-,-,-64.92,57.09,194.96,,-
DU4,XSES,Mermaid Maritime PCL,Energy,Oil & Gas Equipment & Services,,SGD,Free Cash Flow Growth % YOY,,-,-81.28,-71.47,-,-,-,-,-,-,-,,-
DU4,XSES,Mermaid Maritime PCL,Energy,Oil & Gas Equipment & Services,,SGD,Free Cash Flow/Sales %,,23.57,5.65,2.46,-3.70,-20.05,-24.64,6.01,-0.42,-2.77,4.88,,7.49
DU4,XSES,Mermaid Maritime PCL,Energy,Oil & Gas Equipment & Services,,SGD,Free Cash Flow/Net Income,,2.55,1.94,-0.09,0.16,0.15,1.75,-69.02,-0.12,-1.03,3.32,,2.77
DU4,XSES,Mermaid Maritime PCL,Energy,Oil & Gas Equipment & Services,,SGD,Free Cash Flow/Share,,0.04,0.01,0.0,0.00,-0.01,-0.01,0.00,0.00,-0.01,-0.01,,-0.01
E27,XSES,The Place Holdings Ltd,Communication Services,Advertising Agencies,,SGD,Operating Cash Flow Growth % YOY,478.82,-,-,105.0,16.46,-,-,-,-,,,,-
E27,XSES,The Place Holdings Ltd,Communication Services,Advertising Agencies,,SGD,Free Cash Flow Growth % YOY,-,-,-,100.73,-32.27,-,-,-,-,,,,-
E27,XSES,The Place Holdings Ltd,Communication Services,Advertising Agencies,,SGD,Free Cash Flow/Sales %,1.92,-,22.42,61.18,32.49,-1974.36,-14225.93,-372.08,-377.93,,,,-
E27,XSES,The Place Holdings Ltd,Communication Services,Advertising Agencies,,SGD,Free Cash Flow/Net Income,-0.05,1.14,2.03,0.57,9.31,-32.55,58.57,0.23,-2.82,,,,1.15
E27,XSES,The Place Holdings Ltd,Communication Services,Advertising Agencies,,SGD,Free Cash Flow/Share,0.00,-0.02,0.00,0.0,0.0,0.00,-0.03,-0.01,0.00,,,,0.00
E28,XSES,Frencken Group Ltd,Technology,Scientific & Technical Instruments,,SGD,Operating Cash Flow Growth % YOY,,3.16,88.85,-28.13,278.55,-16.06,-49.3,-6.31,29.45,-1.87,246.92,,-
E28,XSES,Frencken Group Ltd,Technology,Scientific & Technical Instruments,,SGD,Free Cash Flow Growth % YOY,,-,-,-91.62,10742.08,-29.62,-59.05,-,-,58.27,320.75,,-
E28,XSES,Frencken Group Ltd,Technology,Scientific & Technical Instruments,,SGD,Free Cash Flow/Sales %,,-0.33,1.70,0.12,12.04,9.0,2.98,-0.61,2.97,4.4,17.0,,17.00
E28,XSES,Frencken Group Ltd,Technology,Scientific & Technical Instruments,,SGD,Free Cash Flow/Net Income,,-0.10,0.26,0.02,1.87,1.31,0.39,-0.09,0.68,0.94,3.76,,3.76
E28,XSES,Frencken Group Ltd,Technology,Scientific & Technical Instruments,,SGD,Free Cash Flow/Share,,0.00,0.02,-0.02,0.09,0.18,0.07,-0.01,0.07,0.09,0.11,,0.11
E3B,XSES,Wee Hur Holdings Ltd,Industrials,Engineering & Construction,,SGD,Operating Cash Flow Growth % YOY,,-,-97.48,1530.0,-13.75,-,-,292.35,101.08,-24.77,118.17,,-
E3B,XSES,Wee Hur Holdings Ltd,Industrials,Engineering & Construction,,SGD,Free Cash Flow Growth % YOY,,-,-97.61,1525.08,-20.13,-,-,315.44,100.28,-24.81,119.2,,-
E3B,XSES,Wee Hur Holdings Ltd,Industrials,Engineering & Construction,,SGD,Free Cash Flow/Sales %,,118.45,2.9,25.77,31.52,-38.86,5.02,19.35,37.21,31.33,46.67,,46.67
E3B,XSES,Wee Hur Holdings Ltd,Industrials,Engineering & Construction,,SGD,Free Cash Flow/Net Income,,11.27,0.25,3.03,1.75,-2.59,15.19,0.61,0.85,1.16,2.01,,2.01
E3B,XSES,Wee Hur Holdings Ltd,Industrials,Engineering & Construction,,SGD,Free Cash Flow/Share,,0.24,0.01,0.08,-0.02,-0.04,0.01,0.02,0.08,0.09,0.09,,0.09
E5H,XSES,Golden Agri-Resources Ltd,Consumer Defensive,Farm Products,,SGD,Operating Cash Flow Growth % YOY,,-78.07,421.83,-46.81,31.05,100.38,-24.07,92.13,-48.9,-,-,,-
E5H,XSES,Golden Agri-Resources Ltd,Consumer Defensive,Farm Products,,SGD,Free Cash Flow Growth % YOY,,-,-,-,-,670.07,-34.14,147.56,-73.1,-,-,,-
E5H,XSES,Golden Agri-Resources Ltd,Consumer Defensive,Farm Products,,SGD,Free Cash Flow/Sales %,,-1.68,4.07,-0.11,1.10,7.67,3.51,7.74,2.44,-3.76,5.70,,5.70
E5H,XSES,Golden Agri-Resources Ltd,Consumer Defensive,Farm Products,,SGD,Free Cash Flow/Net Income,,-0.30,4.13,4.56,0.36,17.1,0.75,1.13,1.21,-1.12,1.84,,1.84
E5H,XSES,Golden Agri-Resources Ltd,Consumer Defensive,Farm Products,,SGD,Free Cash Flow/Share,,-0.02,0.00,0.02,0.01,0.02,0.04,0.06,0.07,0.01,0.01,,0.01
E6R,XSES,Le Tree Holdings Ltd,Basic Materials,Lumber & Wood Production,,SGD,Operating Cash Flow Growth % YOY,,-,-,-,-,220.57,107.67,-40.86,137.07,-,-,,-
E6R,XSES,Le Tree Holdings Ltd,Basic Materials,Lumber & Wood Production,,SGD,Free Cash Flow Growth % YOY,,-,-,-,-,-,74.07,-,-,-,-,,-
E6R,XSES,Le Tree Holdings Ltd,Basic Materials,Lumber & Wood Production,,SGD,Free Cash Flow/Sales %,,-6.44,1.81,-5.59,-2.58,1.85,2.61,-15.69,-21.98,-,-135.35,,-135.35
E6R,XSES,Le Tree Holdings Ltd,Basic Materials,Lumber & Wood Production,,SGD,Free Cash Flow/Net Income,,0.50,2.08,-3.71,-22.13,-0.64,-9.12,2.25,0.66,1.24,-0.18,,-0.18
E6R,XSES,Le Tree Holdings Ltd,Basic Materials,Lumber & Wood Production,,SGD,Free Cash Flow/Share,,0.00,-0.01,0.00,0.00,0.00,0.0,-0.01,-0.01,-0.01,-0.01,,-0.01
E9L,XSES,Joyas International Holdings Ltd,Financial Services,Credit Services,,SGD,Operating Cash Flow Growth % YOY,,-,-,-,133.8,-,-,-,-92.19,-64.82,396.3,,-
E9L,XSES,Joyas International Holdings Ltd,Financial Services,Credit Services,,SGD,Free Cash Flow Growth % YOY,,-,-,-,133.8,-,-,-,-92.19,-64.82,396.3,,-
E9L,XSES,Joyas International Holdings Ltd,Financial Services,Credit Services,,SGD,Free Cash Flow/Sales %,,-19.17,-1095.61,35.98,100.47,-136.18,-218.73,99.82,8.74,3.07,15.31,,15.31
E9L,XSES,Joyas International Holdings Ltd,Financial Services,Credit Services,,SGD,Free Cash Flow/Net Income,,1.40,3.29,-0.24,-0.08,1.02,4.42,6.15,-0.53,-0.23,-0.77,,-0.77
E9L,XSES,Joyas International Holdings Ltd,Financial Services,Credit Services,,SGD,Free Cash Flow/Share,,-0.01,0.00,0.00,0.0,0.00,0.00,0.00,0.0,0.0,0.0,,0.00
EB5,XSES,First Resources Ltd,Consumer Defensive,Packaged Foods,,SGD,Operating Cash Flow Growth % YOY,,163.48,24.15,-51.47,17.57,45.53,51.88,11.63,-3.31,-1.31,-7.96,,-
EB5,XSES,First Resources Ltd,Consumer Defensive,Packaged Foods,,SGD,Free Cash Flow Growth % YOY,,-,34.78,-89.44,12.5,607.8,98.12,2.92,-,-,-16.01,,-
EB5,XSES,First Resources Ltd,Consumer Defensive,Packaged Foods,,SGD,Free Cash Flow/Sales %,,18.64,22.34,2.41,2.79,18.4,23.32,20.22,-3.83,5.57,2.93,,2.93
EB5,XSES,First Resources Ltd,Consumer Defensive,Packaged Foods,,SGD,Free Cash Flow/Net Income,,0.86,1.05,0.13,0.19,1.22,1.49,0.76,-0.26,0.24,0.14,,0.14
EB5,XSES,First Resources Ltd,Consumer Defensive,Packaged Foods,,SGD,Free Cash Flow/Share,,0.04,0.12,0.06,-0.01,0.06,0.11,0.12,0.26,-0.05,-0.03,,-0.03
EH5,XSES,,,,,SGD,Operating Cash Flow Growth % YOY,,-23.77,-80.65,677.59,45.97,-26.27,-27.53,31.02,-2.75,-62.52,179.45,,-
EH5,XSES,,,,,SGD,Free Cash Flow Growth % YOY,,-33.44,-,-,64.79,-21.03,-25.76,26.07,-2.92,-69.36,247.21,,-
EH5,XSES,,,,,SGD,Free Cash Flow/Sales %,,23.11,-2.70,22.30,39.55,41.08,43.89,56.54,51.93,12.98,33.28,,33.28
EH5,XSES,,,,,SGD,Free Cash Flow/Net Income,,0.52,-0.10,1.16,2.1,1.57,1.41,2.14,1.75,0.46,1.0,,1.00
EH5,XSES,,,,,SGD,Free Cash Flow/Share,,0.1,-0.01,0.02,0.15,0.13,0.11,0.03,0.09,0.06,0.05,,0.05
EMI,XSES,Emperador Inc,Consumer Defensive,Beverages - Wineries & Distilleries,,SGD,Operating Cash Flow Growth % YOY,-66.09,-,-,15.45,161.79,1.45,117.35,-50.4,-12.18,-25.85,,,-
EMI,XSES,Emperador Inc,Consumer Defensive,Beverages - Wineries & Distilleries,,SGD,Free Cash Flow Growth % YOY,-,-,-,-,955.23,23.70,124.45,-71.8,-42.86,-,,,-
EMI,XSES,Emperador Inc,Consumer Defensive,Beverages - Wineries & Distilleries,,SGD,Free Cash Flow/Sales %,-1.95,-7.00,-16.63,1.08,10.52,12.72,26.76,6.82,3.67,-3.64,,,-1.38
EMI,XSES,Emperador Inc,Consumer Defensive,Beverages - Wineries & Distilleries,,SGD,Free Cash Flow/Net Income,-0.12,-0.37,-1.11,0.08,0.79,0.82,1.47,0.41,0.27,-0.35,,,-0.20
EMI,XSES,Emperador Inc,Consumer Defensive,Beverages - Wineries & Distilleries,,SGD,Free Cash Flow/Share,-,-,-,-,-,-,-,0.01,0.0,0.00,,,0.00
ENV,XSES,LS 2 Holdings Ltd,Industrials,Specialty Business Services,,SGD,Operating Cash Flow Growth % YOY,,,,-,-,-,-,-,-40.72,-57.53,206.91,,-
ENV,XSES,LS 2 Holdings Ltd,Industrials,Specialty Business Services,,SGD,Free Cash Flow Growth % YOY,,,,-,-,-,-,-,-38.07,-89.45,1336.44,,-
ENV,XSES,LS 2 Holdings Ltd,Industrials,Specialty Business Services,,SGD,Free Cash Flow/Sales %,,,,3.55,-9.30,19.29,-3.28,10.95,6.61,0.62,8.57,,8.57
ENV,XSES,LS 2 Holdings Ltd,Industrials,Specialty Business Services,,SGD,Free Cash Flow/Net Income,,,,2.18,-4.62,1.44,-0.83,9.80,2.6,0.16,1.98,,1.98
ENV,XSES,LS 2 Holdings Ltd,Industrials,Specialty Business Services,,SGD,Free Cash Flow/Share,,,,-,-,-,-,0.00,0.02,0.01,0.03,,0.03
ER0,XSES,KSH Holdings Ltd,Industrials,Engineering & Construction,,SGD,Operating Cash Flow Growth % YOY,,112.62,-84.73,0.97,-38.25,401.91,-27.79,128.75,-,-,-,,-
ER0,XSES,KSH Holdings Ltd,Industrials,Engineering & Construction,,SGD,Free Cash Flow Growth % YOY,,119.64,-85.17,-,-,989.36,-31.69,144.4,-,-,-,,-
ER0,XSES,KSH Holdings Ltd,Industrials,Engineering & Construction,,SGD,Free Cash Flow/Sales %,,23.1,4.22,-1.15,1.25,12.05,12.16,18.93,-13.02,-6.74,15.38,,18.94
ER0,XSES,KSH Holdings Ltd,Industrials,Engineering & Construction,,SGD,Free Cash Flow/Net Income,,0.92,0.21,-0.05,0.33,1.72,-4.91,1.88,-1.75,0.46,-4.71,,6.26
ER0,XSES,KSH Holdings Ltd,Industrials,Engineering & Construction,,SGD,Free Cash Flow/Share,,0.09,0.04,-0.02,0.00,0.04,0.04,0.03,0.02,-0.04,-0.02,,0.05
F03,XSES,Food Empire Holdings Ltd,Consumer Defensive,Beverages - Non-Alcoholic,,SGD,Operating Cash Flow Growth % YOY,,-16.53,134.25,-49.36,159.87,-15.1,-56.01,396.35,-30.54,-49.54,241.1,,-
F03,XSES,Food Empire Holdings Ltd,Consumer Defensive,Beverages - Non-Alcoholic,,SGD,Free Cash Flow Growth % YOY,,-10.17,167.04,-79.5,-75.85,1705.84,-62.41,630.83,-36.19,-97.08,5483.09,,-
F03,XSES,Food Empire Holdings Ltd,Consumer Defensive,Beverages - Non-Alcoholic,,SGD,Free Cash Flow/Sales %,,3.69,8.86,1.72,0.41,7.82,2.51,14.72,8.79,0.23,10.59,,10.59
F03,XSES,Food Empire Holdings Ltd,Consumer Defensive,Beverages - Non-Alcoholic,,SGD,Free Cash Flow/Net Income,,0.62,1.69,0.27,0.05,0.8,0.41,0.98,0.66,0.02,1.7,,1.70
F03,XSES,Food Empire Holdings Ltd,Consumer Defensive,Beverages - Non-Alcoholic,,SGD,Free Cash Flow/Share,,0.04,0.05,0.02,-0.01,0.06,0.06,0.01,0.15,0.05,0.09,,0.09
F10,XSES,F J Benjamin Holdings Ltd,Consumer Cyclical,Apparel Retail,,SGD,Operating Cash Flow Growth % YOY,,-,-88.08,225.00,-43.3,192.87,-16.6,48.52,-43.73,-11.57,19.66,,-
F10,XSES,F J Benjamin Holdings Ltd,Consumer Cyclical,Apparel Retail,,SGD,Free Cash Flow Growth % YOY,,-,-,-,-75.05,826.16,-10.63,55.5,-52.49,-23.46,45.51,,-
F10,XSES,F J Benjamin Holdings Ltd,Consumer Cyclical,Apparel Retail,,SGD,Free Cash Flow/Sales %,,5.86,-1.13,2.91,0.92,12.0,14.91,19.16,8.52,7.19,13.56,,12.67
F10,XSES,F J Benjamin Holdings Ltd,Consumer Cyclical,Apparel Retail,,SGD,Free Cash Flow/Net Income,,-0.65,0.13,-3.91,6.8,-0.75,-0.92,5.21,2.08,-0.92,-0.49,,-0.32
F10,XSES,F J Benjamin Holdings Ltd,Consumer Cyclical,Apparel Retail,,SGD,Free Cash Flow/Share,,0.00,0.03,0.00,0.01,0.0,0.01,0.01,0.01,0.0,0.01,,0.01
F13,XSES,Fu Yu Corp Ltd,Industrials,Specialty Industrial Machinery,,SGD,Operating Cash Flow Growth % YOY,,-38.63,-71.71,292.5,17.32,19.62,-30.58,-4.21,-,-,-,,-
F13,XSES,Fu Yu Corp Ltd,Industrials,Specialty Industrial Machinery,,SGD,Free Cash Flow Growth % YOY,,-49.78,-97.05,3788.14,24.78,32.57,-64.39,7.45,-,-,-,,-
F13,XSES,Fu Yu Corp Ltd,Industrials,Specialty Industrial Machinery,,SGD,Free Cash Flow/Sales %,,7.04,0.21,8.12,10.32,17.31,4.84,4.23,-4.47,-2.92,-3.70,,-3.70
F13,XSES,Fu Yu Corp Ltd,Industrials,Specialty Industrial Machinery,,SGD,Free Cash Flow/Net Income,,1.33,0.09,1.35,1.58,1.57,0.54,0.7,0.84,0.75,0.56,,0.56
F13,XSES,Fu Yu Corp Ltd,Industrials,Specialty Industrial Machinery,,SGD,Free Cash Flow/Share,,0.02,0.01,0.01,0.03,0.03,0.02,0.01,0.00,0.00,-0.01,,-0.01
F17,XSES,GuocoLand Ltd,Real Estate,Real Estate - Development,,SGD,Operating Cash Flow Growth % YOY,,467.63,-,-,39.15,-,-,-,-,-28.02,-56.99,,-
F17,XSES,GuocoLand Ltd,Real Estate,Real Estate - Development,,SGD,Free Cash Flow Growth % YOY,,608.22,-,-,54.27,-,-,-,-,-28.48,-57.97,,-
F17,XSES,GuocoLand Ltd,Real Estate,Real Estate - Development,,SGD,Free Cash Flow/Sales %,,45.49,-60.19,17.52,33.82,-77.97,45.08,-3.07,42.24,25.65,10.23,,30.33
F17,XSES,GuocoLand Ltd,Real Estate,Real Estate - Development,,SGD,Free Cash Flow/Net Income,,0.79,-1.88,0.53,1.23,-6.44,2.28,-0.08,3.15,3.62,1.83,,4.36
F17,XSES,GuocoLand Ltd,Real Estate,Real Estate - Development,,SGD,Free Cash Flow/Share,,0.55,-0.81,0.15,0.59,-0.79,0.20,0.07,0.68,-0.03,0.85,,0.18
F34,XSES,Wilmar International Ltd,Consumer Defensive,Packaged Foods,,SGD,Operating Cash Flow Growth % YOY,,-49.66,-65.61,288.50,122.34,-83.44,-,-,89.74,-64.69,72.17,,-
F34,XSES,Wilmar International Ltd,Consumer Defensive,Packaged Foods,,SGD,Free Cash Flow Growth % YOY,,-75.53,-,-,767.92,-,-,-,-,-,-,,-
F34,XSES,Wilmar International Ltd,Consumer Defensive,Packaged Foods,,SGD,Free Cash Flow/Sales %,,0.84,-1.26,0.39,3.57,-2.82,-3.91,-0.59,2.39,-0.30,1.82,,1.82
F34,XSES,Wilmar International Ltd,Consumer Defensive,Packaged Foods,,SGD,Free Cash Flow/Net Income,,0.36,-0.45,0.16,1.18,-0.93,-1.36,-0.18,1.05,-0.17,0.91,,0.91
F34,XSES,Wilmar International Ltd,Consumer Defensive,Packaged Foods,,SGD,Free Cash Flow/Share,,-0.03,0.13,-0.16,0.37,0.25,-1.10,-0.34,0.66,0.11,0.02,,0.02
F83,XSES,COSCO Shipping International (Singapore) Co Ltd,Industrials,Integrated Freight & Logistics,,SGD,Operating Cash Flow Growth % YOY,,-,-,-95.49,235.89,25.16,-9.78,-16.35,-0.68,-29.42,53.4,,-
F83,XSES,COSCO Shipping International (Singapore) Co Ltd,Industrials,Integrated Freight & Logistics,,SGD,Free Cash Flow Growth % YOY,,-,-,-,-,-,-5.79,1.46,4.67,-42.51,67.88,,-
F83,XSES,COSCO Shipping International (Singapore) Co Ltd,Industrials,Integrated Freight & Logistics,,SGD,Free Cash Flow/Sales %,,-18.16,894.57,-9.02,-6.67,18.52,16.34,17.73,19.27,11.45,17.14,,17.14
F83,XSES,COSCO Shipping International (Singapore) Co Ltd,Industrials,Integrated Freight & Logistics,,SGD,Free Cash Flow/Net Income,,1.00,1.26,-1.14,-1.55,4.13,1.08,-0.37,18.13,3.62,4.19,,4.19
F83,XSES,COSCO Shipping International (Singapore) Co Ltd,Industrials,Integrated Freight & Logistics,,SGD,Free Cash Flow/Share,,-0.33,0.10,0.01,0.01,0.00,0.01,0.02,0.01,0.01,0.01,,0.01
F86,XSES,MYP Ltd,Real Estate,Real Estate Services,,SGD,Operating Cash Flow Growth % YOY,,-10.46,153.32,57.81,-34.13,9.64,-47.3,77.9,-14.74,9.35,6.21,,-
F86,XSES,MYP Ltd,Real Estate,Real Estate Services,,SGD,Free Cash Flow Growth % YOY,,10.08,159.43,58.91,-36.9,14.53,-47.18,78.1,-14.76,9.03,5.43,,-
F86,XSES,MYP Ltd,Real Estate,Real Estate Services,,SGD,Free Cash Flow/Sales %,,40.92,73.89,65.46,50.67,56.6,37.14,78.23,62.55,64.81,66.55,,68.09
F86,XSES,MYP Ltd,Real Estate,Real Estate Services,,SGD,Free Cash Flow/Net Income,,-3.18,-0.83,4.54,-5.71,-6.34,-0.1,3.31,5.97,-1.35,-5.01,,12.81
F86,XSES,MYP Ltd,Real Estate,Real Estate Services,,SGD,Free Cash Flow/Share,,0.0,0.01,0.01,0.01,0.0,0.01,0.0,0.01,0.01,0.01,,0.01
F99,XSES,Fraser and Neave Ltd,Consumer Defensive,Packaged Foods,,SGD,Operating Cash Flow Growth % YOY,,-17.87,-61.25,122.15,32.52,-79.73,479.53,-92.26,1266.65,-17.32,6.85,,-
F99,XSES,Fraser and Neave Ltd,Consumer Defensive,Packaged Foods,,SGD,Free Cash Flow Growth % YOY,,-31.01,-,-,-34.02,-,-,-,-,-9.98,-,,-
F99,XSES,Fraser and Neave Ltd,Consumer Defensive,Packaged Foods,,SGD,Free Cash Flow/Sales %,,5.47,-0.19,2.72,1.82,-4.46,7.87,-6.38,5.42,4.74,-0.66,,-1.04
F99,XSES,Fraser and Neave Ltd,Consumer Defensive,Packaged Foods,,SGD,Free Cash Flow/Net Income,,1.0,0.00,0.43,0.23,-0.55,1.05,-1.02,0.85,0.68,-0.11,,-0.17
F99,XSES,Fraser and Neave Ltd,Consumer Defensive,Packaged Foods,,SGD,Free Cash Flow/Share,,0.08,0.03,0.01,0.04,-0.06,0.10,-0.05,0.02,0.1,0.02,,-0.01
F9D,XSES,Boustead Singapore Ltd,Industrials,Conglomerates,,SGD,Operating Cash Flow Growth % YOY,,73.94,-12.76,-35.14,-51.08,605.36,-58.17,-10.7,39.93,25.32,-18.39,,-
F9D,XSES,Boustead Singapore Ltd,Industrials,Conglomerates,,SGD,Free Cash Flow Growth % YOY,,83.11,-12.03,-38.85,-81.5,1779.7,-57.33,-11.42,44.5,23.39,-23.61,,-
F9D,XSES,Boustead Singapore Ltd,Industrials,Conglomerates,,SGD,Free Cash Flow/Sales %,,14.88,14.69,9.41,1.53,18.65,8.43,8.11,13.18,11.9,13.23,,4.67
F9D,XSES,Boustead Singapore Ltd,Industrials,Conglomerates,,SGD,Free Cash Flow/Net Income,,2.56,1.91,1.53,0.22,4.39,0.51,1.67,1.63,1.42,0.73,,0.26
F9D,XSES,Boustead Singapore Ltd,Industrials,Conglomerates,,SGD,Free Cash Flow/Share,,0.04,0.14,0.09,0.09,0.12,0.16,0.12,0.16,0.27,0.04,,0.14
FQ7,XSES,,,,,SGD,Operating Cash Flow Growth % YOY,,-,-,-68.11,-,-,-,-,-,-,-,,-
FQ7,XSES,,,,,SGD,Free Cash Flow Growth % YOY,,-,-,-68.11,-,-,-,-,-,-,-,,-
FQ7,XSES,,,,,SGD,Free Cash Flow/Sales %,,-67.05,23.12,26.85,-,-,-,-,-,-,-325.04,,-51.80
FQ7,XSES,,,,,SGD,Free Cash Flow/Net Income,,1.40,0.61,-2.76,0.61,0.60,0.24,1.14,0.32,0.57,1.15,,0.96
FQ7,XSES,,,,,SGD,Free Cash Flow/Share,,0.00,0.00,0.0,0.00,0.00,0.00,0.00,0.00,0.00,0.00,,0.00
FRQ,XSES,Singapore Paincare Holdings Ltd Ordinary Shares,Healthcare,Medical Care Facilities,,SGD,Operating Cash Flow Growth % YOY,,,-,-3.64,-60.57,260.60,27.29,111.19,-31.09,-16.08,-37.34,,-
FRQ,XSES,Singapore Paincare Holdings Ltd Ordinary Shares,Healthcare,Medical Care Facilities,,SGD,Free Cash Flow Growth % YOY,,,-,-0.92,-61.01,263.77,15.18,113.98,-37.58,-20.14,-67.2,,-
FRQ,XSES,Singapore Paincare Holdings Ltd Ordinary Shares,Healthcare,Medical Care Facilities,,SGD,Free Cash Flow/Sales %,,,42.28,42.08,16.93,24.83,25.18,31.33,16.68,10.93,3.72,,8.12
FRQ,XSES,Singapore Paincare Holdings Ltd Ordinary Shares,Healthcare,Medical Care Facilities,,SGD,Free Cash Flow/Net Income,,,1.29,1.22,0.52,1.28,1.25,1.51,-7.34,1.5,-0.24,,-0.43
FRQ,XSES,Singapore Paincare Holdings Ltd Ordinary Shares,Healthcare,Medical Care Facilities,,SGD,Free Cash Flow/Share,,,-,-,-,-,0.01,0.02,0.03,0.01,0.02,,0.01
G07,XSES,Great Eastern Holdings Ltd,Financial Services,Insurance - Life,,SGD,Operating Cash Flow Growth % YOY,,148.1,109.64,-37.04,-10.74,-58.51,178.94,-13.21,-,-,-,,-
G07,XSES,Great Eastern Holdings Ltd,Financial Services,Insurance - Life,,SGD,Free Cash Flow Growth % YOY,,153.61,111.43,-40.11,-7.52,-60.27,190.94,-12.73,-,-,-,,-
G07,XSES,Great Eastern Holdings Ltd,Financial Services,Insurance - Life,,SGD,Free Cash Flow/Sales %,,368.37,452.42,32.24,19.35,6.68,20.88,28.89,-10.36,-20.70,-3.72,,-3.72
G07,XSES,Great Eastern Holdings Ltd,Financial Services,Insurance - Life,,SGD,Free Cash Flow/Net Income,,5.23,5.63,5.27,3.59,1.49,3.75,4.64,-1.44,-2.62,-0.44,,-0.44
G07,XSES,Great Eastern Holdings Ltd,Financial Services,Insurance - Life,,SGD,Free Cash Flow/Share,,7.39,10.58,10.11,7.2,5.04,10.29,10.92,-4.27,-,-0.94,,-0.94
G0I,XSES,Nam Lee Pressed Metal Industries Ltd,Industrials,Metal Fabrication,,SGD,Operating Cash Flow Growth % YOY,,91.2,-66.37,95.41,-53.40,-,-,-,-,-96.37,2563.08,,-
G0I,XSES,Nam Lee Pressed Metal Industries Ltd,Industrials,Metal Fabrication,,SGD,Free Cash Flow Growth % YOY,,4537.04,-80.12,138.8,-,-,-,-,-,-,-,,-
G0I,XSES,Nam Lee Pressed Metal Industries Ltd,Industrials,Metal Fabrication,,SGD,Free Cash Flow/Sales %,,11.61,2.1,4.55,-1.51,-9.68,0.43,-7.58,16.14,-2.53,13.58,,2.50
G0I,XSES,Nam Lee Pressed Metal Industries Ltd,Industrials,Metal Fabrication,,SGD,Free Cash Flow/Net Income,,1.65,0.29,0.59,-0.22,-1.80,0.05,-1.71,-25.55,-0.37,1.14,,0.23
G0I,XSES,Nam Lee Pressed Metal Industries Ltd,Industrials,Metal Fabrication,,SGD,Free Cash Flow/Share,,0.11,0.03,0.03,-0.01,-0.02,-0.06,-0.02,0.03,-0.01,0.07,,0.12
G13,XSES,Genting Singapore Ltd,Consumer Cyclical,Resorts & Casinos,,SGD,Operating Cash Flow Growth % YOY,,-7.69,7.82,-8.72,-5.28,-77.3,53.23,113.57,18.82,-10.31,-8.11,,-
G13,XSES,Genting Singapore Ltd,Consumer Cyclical,Resorts & Casinos,,SGD,Free Cash Flow Growth % YOY,,-5.42,14.7,-13.02,-18.13,-81.66,-,-,1.21,-31.43,-71.86,,-
G13,XSES,Genting Singapore Ltd,Consumer Cyclical,Resorts & Casinos,,SGD,Free Cash Flow/Sales %,,46.08,49.22,40.34,33.81,14.46,-53.13,35.92,25.94,17.0,4.94,,4.94
G13,XSES,Genting Singapore Ltd,Consumer Cyclical,Resorts & Casinos,,SGD,Free Cash Flow/Net Income,,2.67,1.72,1.36,1.22,2.22,-3.09,1.82,1.03,0.74,0.31,,0.31
G13,XSES,Genting Singapore Ltd,Consumer Cyclical,Resorts & Casinos,,SGD,Free Cash Flow/Share,,0.09,0.1,0.08,0.07,0.04,-0.04,0.02,0.06,0.06,0.01,,0.01
G20,XSES,GP Industries Ltd,Industrials,Electrical Equipment & Parts,,SGD,Operating Cash Flow Growth % YOY,,60.99,-70.63,57.30,-,-,-78.62,-,-,-41.97,63.76,,-
G20,XSES,GP Industries Ltd,Industrials,Electrical Equipment & Parts,,SGD,Free Cash Flow Growth % YOY,,-,-,-,-,-,-,-,-,-68.63,424.28,,-
G20,XSES,GP Industries Ltd,Industrials,Electrical Equipment & Parts,,SGD,Free Cash Flow/Sales %,,-0.39,-3.58,-5.54,-4.81,-4.28,-5.58,-5.85,2.16,0.7,3.7,,3.97
G20,XSES,GP Industries Ltd,Industrials,Electrical Equipment & Parts,,SGD,Free Cash Flow/Net Income,,-0.18,-1.99,-2.62,-1.93,-2.33,-2.08,-2.03,1.13,-0.13,1.68,,1.65
G20,XSES,GP Industries Ltd,Industrials,Electrical Equipment & Parts,,SGD,Free Cash Flow/Share,,-0.02,-0.01,-0.03,-0.19,-0.11,-0.05,-0.21,-0.07,0.09,0.01,,0.08
G50,XSES,Grand Banks Yachts Ltd,Consumer Cyclical,Leisure,,SGD,Operating Cash Flow Growth % YOY,,142.06,-20.77,-78.03,-,-,129.22,-,-,-40.5,246.4,,-
G50,XSES,Grand Banks Yachts Ltd,Consumer Cyclical,Leisure,,SGD,Free Cash Flow Growth % YOY,,-,-,-,-,-,157.02,-,-,-48.79,194.67,,-
G50,XSES,Grand Banks Yachts Ltd,Consumer Cyclical,Leisure,,SGD,Free Cash Flow/Sales %,,-2.61,-0.79,-8.56,-11.63,13.84,38.24,-10.86,7.32,3.2,7.77,,-10.27
G50,XSES,Grand Banks Yachts Ltd,Consumer Cyclical,Leisure,,SGD,Free Cash Flow/Net Income,,-0.78,-0.88,-0.76,-6.17,13.55,8.69,-2.03,0.83,0.2,0.69,,-1.26
G50,XSES,Grand Banks Yachts Ltd,Consumer Cyclical,Leisure,,SGD,Free Cash Flow/Share,,-0.02,-0.02,0.01,-0.10,-0.02,0.15,0.14,-0.01,0.04,-0.01,,0.07
G92,XSES,China Aviation Oil (Singapore) Corp Ltd,Energy,Oil & Gas Refining & Marketing,,SGD,Operating Cash Flow Growth % YOY,,-,-,-,-66.93,-,-,-,-,122.44,23.99,,-
G92,XSES,China Aviation Oil (Singapore) Corp Ltd,Energy,Oil & Gas Refining & Marketing,,SGD,Free Cash Flow Growth % YOY,,-,-,-,-67.07,-,-,-,-,180.11,24.64,,-
G92,XSES,China Aviation Oil (Singapore) Corp Ltd,Energy,Oil & Gas Refining & Marketing,,SGD,Free Cash Flow/Sales %,,-0.01,-0.17,0.73,0.24,-1.58,0.64,-0.54,0.30,0.78,0.91,,0.91
G92,XSES,China Aviation Oil (Singapore) Corp Ltd,Energy,Oil & Gas Refining & Marketing,,SGD,Free Cash Flow/Net Income,,-0.01,-0.32,1.60,0.49,-2.96,2.79,-2.66,0.73,1.54,1.36,,1.36
G92,XSES,China Aviation Oil (Singapore) Corp Ltd,Energy,Oil & Gas Refining & Marketing,,SGD,Free Cash Flow/Share,,0.08,-0.06,0.08,-0.13,0.26,-0.25,-0.12,0.48,-0.31,0.24,,0.24
GEH,XSES,Goodwill Entertainment Holding Ltd,Communication Services,Entertainment,,SGD,Operating Cash Flow Growth % YOY,,,,,,,-,-,23.61,162.18,-33.93,,-
GEH,XSES,Goodwill Entertainment Holding Ltd,Communication Services,Entertainment,,SGD,Free Cash Flow Growth % YOY,,,,,,,-,-,-,-,-62.44,,-
GEH,XSES,Goodwill Entertainment Holding Ltd,Communication Services,Entertainment,,SGD,Free Cash Flow/Sales %,,,,,,,-46.22,27.47,-14.15,26.03,10.2,,10.20
GEH,XSES,Goodwill Entertainment Holding Ltd,Communication Services,Entertainment,,SGD,Free Cash Flow/Net Income,,,,,,,0.13,3.95,-1.17,3.13,3.06,,3.06
GEH,XSES,Goodwill Entertainment Holding Ltd,Communication Services,Entertainment,,SGD,Free Cash Flow/Share,,,,,,,-,-,-,0.00,0.03,,0.03
GOOG,XNAS,,,,,USD,Operating Cash Flow Growth % YOY,,38.47,2.93,29.33,13.65,19.45,40.73,-0.17,11.2,23.15,31.46,,-
GOOG,XNAS,,,,,USD,Free Cash Flow Growth % YOY,,60.31,-7.42,-4.5,35.65,38.33,56.41,-10.45,15.81,4.7,0.69,,-
GOOG,XNAS,,,,,USD,Free Cash Flow/Sales %,,28.61,21.57,16.69,19.14,23.47,26.01,21.22,22.61,20.79,18.19,,15.25
GOOG,XNAS,,,,,USD,Free Cash Flow/Net Income,,1.33,1.89,0.74,0.9,1.06,0.88,1.0,0.94,0.73,0.55,,0.40
GOOG,XNAS,,,,,USD,Free Cash Flow/Share,,1.68,1.73,1.62,2.04,2.46,4.83,4.71,6.06,4.46,6.0,,5.99
GOOGL,XNAS,,,,,USD,Operating Cash Flow Growth % YOY,,38.47,2.93,29.33,13.65,19.45,40.73,-0.17,11.2,23.15,31.46,,-
GOOGL,XNAS,,,,,USD,Free Cash Flow Growth % YOY,,60.31,-7.42,-4.5,35.65,38.33,56.41,-10.45,15.81,4.7,0.69,,-
GOOGL,XNAS,,,,,USD,Free Cash Flow/Sales %,,28.61,21.57,16.69,19.14,23.47,26.01,21.22,22.61,20.79,18.19,,15.25
GOOGL,XNAS,,,,,USD,Free Cash Flow/Net Income,,1.33,1.89,0.74,0.9,1.06,0.88,1.0,0.94,0.73,0.55,,0.40
GOOGL,XNAS,,,,,USD,Free Cash Flow/Share,,1.68,1.73,1.62,2.04,2.46,4.83,4.71,6.06,4.46,6.0,,5.99
GRQ,XSES,UpHealth Group Ltd Ordinary Shares,Healthcare,Medical Care Facilities,,SGD,Operating Cash Flow Growth % YOY,,-,-,-,200.39,-39.3,-77.10,6.15,90.71,-,-,,-
GRQ,XSES,UpHealth Group Ltd Ordinary Shares,Healthcare,Medical Care Facilities,,SGD,Free Cash Flow Growth % YOY,,-,-,-,570.21,-75.52,-,-,-,-,-,,-
GRQ,XSES,UpHealth Group Ltd Ordinary Shares,Healthcare,Medical Care Facilities,,SGD,Free Cash Flow/Sales %,,42.22,-26.46,5.10,23.49,6.58,-3.90,-7.78,3.55,-,-,,-
GRQ,XSES,UpHealth Group Ltd Ordinary Shares,Healthcare,Medical Care Facilities,,SGD,Free Cash Flow/Net Income,,3.09,-1.50,0.19,1.60,0.23,-0.12,1.49,-0.26,0.53,4.62,,4.62
GRQ,XSES,UpHealth Group Ltd Ordinary Shares,Healthcare,Medical Care Facilities,,SGD,Free Cash Flow/Share,,-,-,-,-,0.0,0.04,-0.01,-0.04,0.02,-0.07,,-0.07
GU5,XSES,China Kunda Technology Holdings Ltd,Industrials,Electrical Equipment & Parts,,SGD,Operating Cash Flow Growth % YOY,,-,41.89,88.47,-94.12,-,-,-,-,-,-,,-
GU5,XSES,China Kunda Technology Holdings Ltd,Industrials,Electrical Equipment & Parts,,SGD,Free Cash Flow Growth % YOY,,-,114.32,139.88,-,-,-,-,-,-,-,,-
GU5,XSES,China Kunda Technology Holdings Ltd,Industrials,Electrical Equipment & Parts,,SGD,Free Cash Flow/Sales %,,3.15,7.24,65.71,-5.06,-37.77,-36.70,31.30,-51.86,-16.17,-18.64,,-8.49
GU5,XSES,China Kunda Technology Holdings Ltd,Industrials,Electrical Equipment & Parts,,SGD,Free Cash Flow/Net Income,,0.92,3.52,3.17,0.48,2.36,1.71,-0.62,1.38,0.52,0.69,,0.45
GU5,XSES,China Kunda Technology Holdings Ltd,Industrials,Electrical Equipment & Parts,,SGD,Free Cash Flow/Share,,-0.01,0.01,0.01,0.00,0.00,-0.01,0.00,0.00,0.00,0.00,,0.00
H02,XSES,Haw Par Corp Ltd,Healthcare,Drug Manufacturers - General,,SGD,Operating Cash Flow Growth % YOY,,-26.22,16.71,-34.9,21.0,-70.26,-24.72,117.3,53.1,-14.2,6.21,,-
H02,XSES,Haw Par Corp Ltd,Healthcare,Drug Manufacturers - General,,SGD,Free Cash Flow Growth % YOY,,-27.9,11.34,-33.01,22.66,-78.46,-17.32,46.69,158.94,-8.35,9.3,,-
H02,XSES,Haw Par Corp Ltd,Healthcare,Drug Manufacturers - General,,SGD,Free Cash Flow/Sales %,,44.01,44.35,27.83,33.28,15.75,10.24,11.65,23.66,20.56,23.92,,23.92
H02,XSES,Haw Par Corp Ltd,Healthcare,Drug Manufacturers - General,,SGD,Free Cash Flow/Net Income,,0.71,0.79,0.37,0.45,0.15,0.13,0.14,0.25,0.22,0.21,,0.21
H02,XSES,Haw Par Corp Ltd,Healthcare,Drug Manufacturers - General,,SGD,Free Cash Flow/Share,,0.4,0.45,0.53,0.38,0.28,0.03,0.09,0.1,0.25,0.28,,0.28
H07,XSES,Stamford Land Corp Ltd,Consumer Cyclical,Lodging,,SGD,Operating Cash Flow Growth % YOY,,-98.41,-,-,-42.26,-67.12,14.7,40.97,-,-,-39.96,,-
H07,XSES,Stamford Land Corp Ltd,Consumer Cyclical,Lodging,,SGD,Free Cash Flow Growth % YOY,,-,-,-,-45.45,-70.13,14.25,60.81,-,-,-39.9,,-
H07,XSES,Stamford Land Corp Ltd,Consumer Cyclical,Lodging,,SGD,Free Cash Flow/Sales %,,-4.40,-4.22,45.02,36.59,17.04,33.37,38.01,-27.62,39.41,25.06,,22.23
H07,XSES,Stamford Land Corp Ltd,Consumer Cyclical,Lodging,,SGD,Free Cash Flow/Net Income,,-0.44,-0.38,3.62,2.33,1.33,4.6,1.92,-0.28,10.40,1.13,,1.00
H07,XSES,Stamford Land Corp Ltd,Consumer Cyclical,Lodging,,SGD,Free Cash Flow/Share,,0.06,-0.13,0.19,0.27,0.04,0.05,0.07,0.03,-0.02,0.04,,0.03
H12,XSES,Hotel Royal Ltd,Consumer Cyclical,Lodging,,SGD,Operating Cash Flow Growth % YOY,,-24.22,34.32,14.96,-41.68,-,-,-,44.25,37.82,52.59,,-
H12,XSES,Hotel Royal Ltd,Consumer Cyclical,Lodging,,SGD,Free Cash Flow Growth % YOY,,21.91,11.16,95.25,-66.77,-,-,-,-,-,-,,-
H12,XSES,Hotel Royal Ltd,Consumer Cyclical,Lodging,,SGD,Free Cash Flow/Sales %,,13.17,13.98,27.94,9.67,-21.11,-20.81,-7.52,-16.74,-3.46,16.23,,16.23
H12,XSES,Hotel Royal Ltd,Consumer Cyclical,Lodging,,SGD,Free Cash Flow/Net Income,,1.0,1.14,2.42,1.15,0.31,0.50,0.92,-3.82,-0.35,1.20,,1.20
H12,XSES,Hotel Royal Ltd,Consumer Cyclical,Lodging,,SGD,Free Cash Flow/Share,,0.16,0.1,0.12,0.09,0.01,-0.05,-0.08,-0.01,-0.06,0.02,,0.02
H13,XSES,Ho Bee Land Ltd,Real Estate,Real Estate - Diversified,,SGD,Operating Cash Flow Growth % YOY,,-,-36.64,95.7,-36.59,-21.58,-50.69,5.41,458.93,-12.61,-36.49,,-
H13,XSES,Ho Bee Land Ltd,Real Estate,Real Estate - Diversified,,SGD,Free Cash Flow Growth % YOY,,-,-38.85,99.35,-39.57,-65.62,15.56,-9.45,572.09,-19.42,-35.95,,-
H13,XSES,Ho Bee Land Ltd,Real Estate,Real Estate - Diversified,,SGD,Free Cash Flow/Sales %,,59.17,65.79,109.71,61.44,20.8,14.91,10.78,70.92,48.15,37.01,,37.01
H13,XSES,Ho Bee Land Ltd,Real Estate,Real Estate - Diversified,,SGD,Free Cash Flow/Net Income,,0.82,0.43,0.8,0.39,0.33,0.16,0.28,-1.21,2.32,1.63,,1.63
H13,XSES,Ho Bee Land Ltd,Real Estate,Real Estate - Diversified,,SGD,Free Cash Flow/Share,,0.14,0.18,0.28,0.21,0.16,0.21,-0.27,0.35,0.6,0.36,,0.36
H15,XSES,Hotel Properties Ltd,Consumer Cyclical,Lodging,,SGD,Operating Cash Flow Growth % YOY,,-19.7,101.15,-45.3,-13.69,-,-,167.86,-5.79,8.00,10.18,,-
H15,XSES,Hotel Properties Ltd,Consumer Cyclical,Lodging,,SGD,Free Cash Flow Growth % YOY,,-46.68,112.88,-75.87,-18.81,-,-,-,-,-,-,,-
H15,XSES,Hotel Properties Ltd,Consumer Cyclical,Lodging,,SGD,Free Cash Flow/Sales %,,10.58,19.73,5.42,4.58,-23.54,-12.20,2.40,-0.42,-9.51,7.65,,7.65
H15,XSES,Hotel Properties Ltd,Consumer Cyclical,Lodging,,SGD,Free Cash Flow/Net Income,,0.59,0.75,0.26,0.45,0.34,5.46,0.17,0.00,-2.42,-1.23,,-1.23
H15,XSES,Hotel Properties Ltd,Consumer Cyclical,Lodging,,SGD,Free Cash Flow/Share,,0.13,0.27,0.17,-0.02,0.02,-0.11,-0.01,0.09,-0.18,0.06,,0.06
H18,XSES,Hotel Grand Central Ltd,Consumer Cyclical,Lodging,,SGD,Operating Cash Flow Growth % YOY,,10.40,-10.48,2.21,10.45,-49.63,57.5,15.77,-7.79,-4.01,-8.61,,-
H18,XSES,Hotel Grand Central Ltd,Consumer Cyclical,Lodging,,SGD,Free Cash Flow Growth % YOY,,-,-12.4,-31.2,-6.79,-53.38,32.29,-41.37,-,-,141.65,,-
H18,XSES,Hotel Grand Central Ltd,Consumer Cyclical,Lodging,,SGD,Free Cash Flow/Sales %,,26.81,21.8,15.1,14.74,11.42,11.42,5.74,-9.31,7.90,18.42,,18.42
H18,XSES,Hotel Grand Central Ltd,Consumer Cyclical,Lodging,,SGD,Free Cash Flow/Net Income,,0.77,0.93,0.94,0.86,0.28,1.01,9.75,-1.17,-0.79,-0.98,,-0.98
H18,XSES,Hotel Grand Central Ltd,Consumer Cyclical,Lodging,,SGD,Free Cash Flow/Share,,0.05,0.08,0.03,0.03,0.03,0.03,0.02,0.00,-0.01,0.03,,0.03
H20,XSES,Hoe Leong Corp Ltd,Industrials,Industrial Distribution,,SGD,Operating Cash Flow Growth % YOY,,-,47.33,-78.72,143.74,-56.64,-,-,-,-,181.45,,-
H20,XSES,Hoe Leong Corp Ltd,Industrials,Industrial Distribution,,SGD,Free Cash Flow Growth % YOY,,-,50.25,-85.92,205.73,-47.88,-,-,-,-,279.94,,-
H20,XSES,Hoe Leong Corp Ltd,Industrials,Industrial Distribution,,SGD,Free Cash Flow/Sales %,,11.97,16.64,2.03,7.17,5.41,-14.62,5.46,-5.22,2.47,10.72,,10.72
H20,XSES,Hoe Leong Corp Ltd,Industrials,Industrial Distribution,,SGD,Free Cash Flow/Net Income,,-0.15,-0.22,0.16,-0.27,1.12,-3.21,2.87,-8.35,1.50,8.73,,8.73
H20,XSES,Hoe Leong Corp Ltd,Industrials,Industrial Distribution,,SGD,Free Cash Flow/Share,,0.00,0.01,0.0,-,-,0.00,0.00,0.00,0.00,0.0,,0.00
H22,XSES,Hong Leong Asia Ltd,Consumer Cyclical,Auto Manufacturers,,SGD,Operating Cash Flow Growth % YOY,,14.37,-55.1,-58.08,416.34,-30.65,-57.31,-71.19,861.62,-20.0,105.13,,-
H22,XSES,Hong Leong Asia Ltd,Consumer Cyclical,Auto Manufacturers,,SGD,Free Cash Flow Growth % YOY,,38.37,-65.75,-,-,-63.64,-,-,-,-34.64,163.1,,-
H22,XSES,Hong Leong Asia Ltd,Consumer Cyclical,Auto Manufacturers,,SGD,Free Cash Flow/Sales %,,9.81,3.11,-1.38,4.27,1.42,-1.42,-2.89,6.41,4.02,8.68,,8.68
H22,XSES,Hong Leong Asia Ltd,Consumer Cyclical,Auto Manufacturers,,SGD,Free Cash Flow/Net Income,,-5.13,-1.88,8.69,5.08,1.36,-1.16,-2.06,4.03,1.95,3.99,,3.99
H22,XSES,Hong Leong Asia Ltd,Consumer Cyclical,Auto Manufacturers,,SGD,Free Cash Flow/Share,,1.3,-0.11,-0.02,0.46,-0.03,-0.02,0.12,-0.15,0.31,0.68,,0.68
H30,XSES,Hong Fok Corp Ltd,Real Estate,Real Estate Services,,SGD,Operating Cash Flow Growth % YOY,,-44.81,-46.75,695.39,-32.17,-52.38,87.39,105.8,-46.3,-8.14,1.67,,-
H30,XSES,Hong Fok Corp Ltd,Real Estate,Real Estate Services,,SGD,Free Cash Flow Growth % YOY,,-,-,-,-22.81,-49.21,89.33,107.62,-46.96,-9.68,-1.18,,-
H30,XSES,Hong Fok Corp Ltd,Real Estate,Real Estate Services,,SGD,Free Cash Flow/Sales %,,-74.72,-72.85,49.98,44.67,31.96,53.75,65.62,48.43,46.38,48.61,,48.61
H30,XSES,Hong Fok Corp Ltd,Real Estate,Real Estate Services,,SGD,Free Cash Flow/Net Income,,-0.60,-0.29,0.35,0.45,-2.95,1.25,0.46,0.61,2.04,1.68,,1.68
H30,XSES,Hong Fok Corp Ltd,Real Estate,Real Estate Services,,SGD,Free Cash Flow/Share,,-0.04,-0.08,-0.04,0.11,0.07,0.07,0.11,0.11,0.07,0.04,,0.04
H78,XSES,Hongkong Land Holdings Ltd,Real Estate,Real Estate - Development,,SGD,Operating Cash Flow Growth % YOY,,22.32,-27.0,-24.47,95.58,-17.00,-46.12,62.37,-18.26,-4.42,-12.85,,-
H78,XSES,Hongkong Land Holdings Ltd,Real Estate,Real Estate - Development,,SGD,Free Cash Flow Growth % YOY,,24.87,-31.54,-22.59,128.72,-,-,78.35,-19.3,-3.93,-29.03,,-
H78,XSES,Hongkong Land Holdings Ltd,Real Estate,Real Estate - Development,,SGD,Free Cash Flow/Sales %,,42.97,29.93,17.03,44.76,-174.15,17.96,34.03,33.42,29.57,29.01,,29.01
H78,XSES,Hongkong Land Holdings Ltd,Real Estate,Real Estate - Development,,SGD,Free Cash Flow/Net Income,,0.26,0.11,0.18,5.24,1.38,-1.23,3.77,-1.06,-0.43,0.33,,0.33
H78,XSES,Hongkong Land Holdings Ltd,Real Estate,Real Estate - Development,,SGD,Free Cash Flow/Share,,0.39,0.41,0.09,0.31,-1.45,0.46,-0.14,0.48,0.31,0.23,,0.23
HBBD,XSES,Alibaba Group Holding Ltd SGDR,Consumer Cyclical,Internet Retail,,SGD,Operating Cash Flow Growth % YOY,,37.89,41.33,55.83,20.62,19.63,28.34,-38.41,39.92,-8.59,-10.45,,-
HBBD,XSES,Alibaba Group Holding Ltd SGDR,Consumer Cyclical,Internet Retail,,SGD,Free Cash Flow Growth % YOY,,37.24,36.51,51.86,6.29,33.44,39.48,-52.58,84.94,-9.51,-48.19,,-
HBBD,XSES,Alibaba Group Holding Ltd SGDR,Consumer Cyclical,Internet Retail,,SGD,Free Cash Flow/Sales %,,45.47,39.67,38.09,26.89,26.53,26.29,10.48,19.04,15.90,7.78,,-4.96
HBBD,XSES,Alibaba Group Holding Ltd SGDR,Consumer Cyclical,Internet Retail,,SGD,Free Cash Flow/Net Income,,0.64,1.44,1.49,1.15,0.90,1.25,1.44,2.27,1.87,0.6,,-0.49
HBBD,XSES,Alibaba Group Holding Ltd SGDR,Consumer Cyclical,Internet Retail,,SGD,Free Cash Flow/Share,,-,-,-,-,-,-,-,-,-,1.12,,0.08
HBND,XSES,Bank Of China Ltd SGDR,Financial Services,Banks - Diversified,,SGD,Operating Cash Flow Growth % YOY,,-72.91,123.05,63.09,-,-,1054.71,-,-,-32.52,47.38,,-
HBND,XSES,Bank Of China Ltd SGDR,Financial Services,Banks - Diversified,,SGD,Free Cash Flow Growth % YOY,,-76.72,143.60,72.22,-,-,2333.95,-,-,-33.48,45.26,,-
HBND,XSES,Bank Of China Ltd SGDR,Financial Services,Banks - Diversified,,SGD,Free Cash Flow/Sales %,,30.62,74.70,123.55,-95.47,5.91,134.60,-6.33,126.59,83.21,115.76,,147.59
HBND,XSES,Bank Of China Ltd SGDR,Financial Services,Banks - Diversified,,SGD,Free Cash Flow/Net Income,,0.90,2.09,3.44,-2.79,0.17,3.75,-0.17,3.39,2.2,3.13,,4.04
HBND,XSES,Bank Of China Ltd SGDR,Financial Services,Banks - Diversified,,SGD,Free Cash Flow/Share,,-,-,-,-,-,-,-,-,0.28,0.23,,0.43
HHZD,XSES,Horizon Robotics SGDR,Technology,Software - Application,,SGD,Operating Cash Flow Growth % YOY,,,,,,,-,-,-,-,-,,-
HHZD,XSES,Horizon Robotics SGDR,Technology,Software - Application,,SGD,Free Cash Flow Growth % YOY,,,,,,,-,-,-,-,-,,-
HHZD,XSES,Horizon Robotics SGDR,Technology,Software - Application,,SGD,Free Cash Flow/Sales %,,,,,,,-286.05,-232.59,-141.69,-37.52,-74.70,,-74.70
HHZD,XSES,Horizon Robotics SGDR,Technology,Software - Application,,SGD,Free Cash Flow/Net Income,,,,,,,0.65,0.24,0.33,-0.38,0.27,,0.27
HHZD,XSES,Horizon Robotics SGDR,Technology,Software - Application,,SGD,Free Cash Flow/Share,,,,,,,-,-,-,-,-,,-
HJDD,XSES,JD.com Inc SGDR,Consumer Cyclical,Internet Retail,,SGD,Operating Cash Flow Growth % YOY,,-,183.12,-15.87,18.68,71.68,-0.57,36.68,2.94,-2.40,-67.31,,-
HJDD,XSES,JD.com Inc SGDR,Consumer Cyclical,Internet Retail,,SGD,Free Cash Flow Growth % YOY,,-,212.65,-,-,90.65,-33.45,74.33,13.18,12.07,-89.14,,-
HJDD,XSES,JD.com Inc SGDR,Consumer Cyclical,Internet Retail,,SGD,Free Cash Flow/Sales %,,1.66,3.72,-0.11,2.74,4.03,2.10,3.34,3.64,3.82,0.37,,1.78
HJDD,XSES,JD.com Inc SGDR,Consumer Cyclical,Internet Retail,,SGD,Free Cash Flow/Net Income,,-1.13,104.57,0.20,1.30,0.61,-5.62,3.36,1.63,1.07,0.24,,1.71
HJDD,XSES,JD.com Inc SGDR,Consumer Cyclical,Internet Retail,,SGD,Free Cash Flow/Share,,-,-,-,-,-,-,-,-,-,0.56,,1.19
HKB,XSES,AMTD IDEA Group Ordinary Shares Class A,Financial Services,Asset Management,,SGD,Operating Cash Flow Growth % YOY,,,-,-6.42,801.90,182.35,-78.32,-51.97,49.30,-87.10,245.71,,-
HKB,XSES,AMTD IDEA Group Ordinary Shares Class A,Financial Services,Asset Management,,SGD,Free Cash Flow Growth % YOY,,,-,-6.28,802.04,182.34,-78.32,-51.97,49.04,-87.09,231.76,,-
HKB,XSES,AMTD IDEA Group Ordinary Shares Class A,Financial Services,Asset Management,,SGD,Free Cash Flow/Sales %,,,8.15,10.94,1821.34,256.19,50.89,19.02,22.50,9.53,29.87,,29.87
HKB,XSES,AMTD IDEA Group Ordinary Shares Class A,Financial Services,Asset Management,,SGD,Free Cash Flow/Net Income,,,0.15,0.17,0.76,1.75,0.36,0.17,0.28,0.10,0.39,,0.39
HKB,XSES,AMTD IDEA Group Ordinary Shares Class A,Financial Services,Asset Management,,SGD,Free Cash Flow/Share,,,-,-,-,0.49,-,-,-,-,-,,-
HLPD,XSES,Laopu Gold Co Ltd SGDR,Consumer Cyclical,Luxury Goods,,SGD,Operating Cash Flow Growth % YOY,,,,,,,-,45.24,-,-,-,,-
HLPD,XSES,Laopu Gold Co Ltd SGDR,Consumer Cyclical,Luxury Goods,,SGD,Free Cash Flow Growth % YOY,,,,,,,-,60.28,-,-,-,,-
HLPD,XSES,Laopu Gold Co Ltd SGDR,Consumer Cyclical,Luxury Goods,,SGD,Free Cash Flow/Sales %,,,,,,,5.62,8.80,-2.79,-15.28,-25.61,,-25.61
HLPD,XSES,Laopu Gold Co Ltd SGDR,Consumer Cyclical,Luxury Goods,,SGD,Free Cash Flow/Net Income,,,,,,,0.62,1.20,-0.21,-0.88,-1.44,,-1.44
HLPD,XSES,Laopu Gold Co Ltd SGDR,Consumer Cyclical,Luxury Goods,,SGD,Free Cash Flow/Share,,,,,,,-,-,-,-,-,,-
HLS,XSES,Helens International Holdings Co Ltd,Consumer Cyclical,Restaurants,,SGD,Operating Cash Flow Growth % YOY,,,,-,-,54.60,49.11,-61.02,92.47,-39.81,-14.52,,-
HLS,XSES,Helens International Holdings Co Ltd,Consumer Cyclical,Restaurants,,SGD,Free Cash Flow Growth % YOY,,,,-,-,68.04,-,-,-,-31.44,-20.19,,-
HLS,XSES,Helens International Holdings Co Ltd,Consumer Cyclical,Restaurants,,SGD,Free Cash Flow/Sales %,,,,-42.14,14.72,17.08,-34.15,-14.64,18.99,20.91,23.29,,23.29
HLS,XSES,Helens International Holdings Co Ltd,Consumer Cyclical,Restaurants,,SGD,Free Cash Flow/Net Income,,,,-4.97,1.05,1.99,2.73,0.14,1.27,-2.02,3.7,,3.70
HLS,XSES,Helens International Holdings Co Ltd,Consumer Cyclical,Restaurants,,SGD,Free Cash Flow/Share,,,,-,-,-,-,-,-,0.03,0.02,,0.02
HMN,XSES,CapitaLand Ascott Trust Stapled Units,Real Estate,REIT - Diversified,,SGD,Operating Cash Flow Growth % YOY,,12.75,-9.39,25.0,1.03,-67.64,96.54,93.87,6.49,5.49,12.11,,-
HMN,XSES,CapitaLand Ascott Trust Stapled Units,Real Estate,REIT - Diversified,,SGD,Free Cash Flow Growth % YOY,,9.22,8.64,28.36,-0.88,-78.33,-9.37,503.28,-40.73,53.13,16.42,,-
HMN,XSES,CapitaLand Ascott Trust Stapled Units,Real Estate,REIT - Diversified,,SGD,Free Cash Flow/Sales %,,30.02,31.25,38.71,38.32,11.56,9.83,37.63,18.61,26.21,29.49,,29.49
HMN,XSES,CapitaLand Ascott Trust Stapled Units,Real Estate,REIT - Diversified,,SGD,Free Cash Flow/Net Income,,1.0,0.72,1.35,0.91,-0.19,0.13,1.05,0.6,0.88,0.75,,0.75
HMN,XSES,CapitaLand Ascott Trust Stapled Units,Real Estate,REIT - Diversified,,SGD,Free Cash Flow/Share,,0.07,0.09,0.08,0.09,0.04,0.02,0.04,0.07,0.04,0.06,,0.06
HPAD,XSES,Ping An Insurance (Group) Co. of China Ltd SGDR,Financial Services,Insurance - Life,,SGD,Operating Cash Flow Growth % YOY,,67.99,-46.76,70.07,20.94,25.11,-71.12,439.20,-25.83,6.12,72.2,,-
HPAD,XSES,Ping An Insurance (Group) Co. of China Ltd SGDR,Financial Services,Insurance - Life,,SGD,Free Cash Flow Growth % YOY,,77.34,-51.69,91.71,21.29,27.33,-74.20,512.13,-26.09,6.58,73.04,,-
HPAD,XSES,Ping An Insurance (Group) Co. of China Ltd SGDR,Financial Services,Insurance - Life,,SGD,Free Cash Flow/Sales %,,29.46,11.37,22.24,22.46,27.59,7.37,48.39,43.96,41.00,70.08,,58.99
HPAD,XSES,Ping An Insurance (Group) Co. of China Ltd SGDR,Financial Services,Insurance - Life,,SGD,Free Cash Flow/Net Income,,3.38,1.15,1.82,1.59,2.11,0.77,5.69,4.12,2.97,4.82,,4.05
HPAD,XSES,Ping An Insurance (Group) Co. of China Ltd SGDR,Financial Services,Insurance - Life,,SGD,Free Cash Flow/Share,,-,-,-,-,-,-,-,-,-,2.98,,6.71
HPCD,XSES,PetroChina Co Ltd SGDR,Energy,Oil & Gas Integrated,,SGD,Operating Cash Flow Growth % YOY,,1.48,38.27,-4.12,2.29,-11.41,7.19,15.32,15.96,-10.96,1.47,,-
HPCD,XSES,PetroChina Co Ltd SGDR,Energy,Oil & Gas Integrated,,SGD,Free Cash Flow Growth % YOY,,102.28,71.14,-41.52,-56.68,88.29,22.73,97.63,16.04,-40.32,15.25,,-
HPCD,XSES,PetroChina Co Ltd SGDR,Energy,Oil & Gas Integrated,,SGD,Free Cash Flow/Sales %,,4.69,6.43,3.22,1.31,3.20,2.90,4.63,5.78,3.54,4.18,,2.38
HPCD,XSES,PetroChina Co Ltd SGDR,Energy,Oil & Gas Integrated,,SGD,Free Cash Flow/Net Income,,9.59,5.69,1.44,0.72,3.25,0.82,1.00,1.08,0.63,0.76,,0.43
HPCD,XSES,PetroChina Co Ltd SGDR,Energy,Oil & Gas Integrated,,SGD,Free Cash Flow/Share,,-,-,-,-,-,-,-,-,-,0.12,,0.12
HQU,XSES,Oiltek International Ltd,Industrials,Specialty Industrial Machinery,,SGD,Operating Cash Flow Growth % YOY,,,,-,578.65,-73.09,-32.94,159.4,268.84,-,-,,-
HQU,XSES,Oiltek International Ltd,Industrials,Specialty Industrial Machinery,,SGD,Free Cash Flow Growth % YOY,,,,-,598.96,-73.26,-32.77,155.46,274.47,-,-,,-
HQU,XSES,Oiltek International Ltd,Industrials,Specialty Industrial Machinery,,SGD,Free Cash Flow/Sales %,,,,6.84,49.63,12.16,7.11,11.16,34.03,-5.37,6.61,,6.61
HQU,XSES,Oiltek International Ltd,Industrials,Specialty Industrial Machinery,,SGD,Free Cash Flow/Net Income,,,,1.28,4.75,0.88,0.74,1.44,3.58,-0.42,0.44,,0.44
HQU,XSES,Oiltek International Ltd,Industrials,Specialty Industrial Machinery,,SGD,Free Cash Flow/Share,,,,-,-,-,-,0.0,0.04,0.02,0.02,,0.02
HSHD,XSES,HSBC Holdings PLC SGDR,Financial Services,Banks - Diversified,,SGD,Operating Cash Flow Growth % YOY,,-,-,-,359.78,512.65,-42.75,-74.66,47.96,66.97,-54.42,,-
HSHD,XSES,HSBC Holdings PLC SGDR,Financial Services,Banks - Diversified,,SGD,Free Cash Flow Growth % YOY,,-,-,-,662.37,584.42,-43.63,-78.14,60.81,73.42,-59.13,,-
HSHD,XSES,HSBC Holdings PLC SGDR,Financial Services,Banks - Diversified,,SGD,Free Cash Flow/Sales %,,107.56,-20.19,5.37,36.85,284.19,158.35,32.87,56.20,91.13,37.91,,-
HSHD,XSES,HSBC Holdings PLC SGDR,Financial Services,Banks - Diversified,,SGD,Free Cash Flow/Net Income,,26.99,-1.20,0.25,3.54,34.18,7.24,1.37,1.50,2.56,1.13,,-
HSHD,XSES,HSBC Holdings PLC SGDR,Financial Services,Banks - Diversified,,SGD,Free Cash Flow/Share,,-,-,-,-,-,-,-,-,2.32,3.46,,3.46
HTCD,XSES,Tencent Holdings Ltd ADR,Communication Services,Internet Content & Information,,SGD,Operating Cash Flow Growth % YOY,,44.21,62.00,0.29,39.60,30.64,-9.75,-16.61,51.93,16.47,17.23,,-
HTCD,XSES,Tencent Holdings Ltd ADR,Communication Services,Internet Content & Information,,SGD,Free Cash Flow Growth % YOY,,44.66,58.53,-29.34,74.87,39.21,-11.37,-15.73,83.28,-6.92,17.05,,-
HTCD,XSES,Tencent Holdings Ltd ADR,Communication Services,Internet Content & Information,,SGD,Free Cash Flow/Sales %,,30.78,31.18,16.75,24.28,26.45,20.18,17.17,28.66,24.61,25.3,,25.30
HTCD,XSES,Tencent Holdings Ltd ADR,Communication Services,Internet Content & Information,,SGD,Free Cash Flow/Net Income,,1.14,1.04,0.67,0.98,0.80,0.50,0.51,1.52,0.84,0.85,,0.85
HTCD,XSES,Tencent Holdings Ltd ADR,Communication Services,Internet Content & Information,,SGD,Free Cash Flow/Share,,-,-,-,-,-,-,-,-,3.62,3.18,,3.18
HYDD,XSES,BYD Co Ltd SGDR,Consumer Cyclical,Auto Manufacturers,,SGD,Operating Cash Flow Growth % YOY,,-,-,96.66,17.71,207.93,44.22,115.13,20.51,-21.37,-55.69,,-
HYDD,XSES,BYD Co Ltd SGDR,Consumer Cyclical,Auto Manufacturers,,SGD,Free Cash Flow Growth % YOY,,-,-,-,-,-,-16.35,54.25,9.80,-24.22,-,,-
HYDD,XSES,BYD Co Ltd SGDR,Consumer Cyclical,Auto Manufacturers,,SGD,Free Cash Flow/Sales %,,-14.40,-7.94,-4.09,-4.61,21.47,13.01,10.23,7.91,4.64,-12.15,,-11.26
HYDD,XSES,BYD Co Ltd SGDR,Consumer Cyclical,Auto Manufacturers,,SGD,Free Cash Flow/Net Income,,-2.95,-2.07,-1.91,-3.65,7.94,9.24,2.61,1.59,0.9,-2.99,,-3.20
HYDD,XSES,BYD Co Ltd SGDR,Consumer Cyclical,Auto Manufacturers,,SGD,Free Cash Flow/Share,,-,-,-,-,-,-,-,-,0.8,-0.37,,-2.00
I06,XSES,Intraco Ltd,Industrials,Industrial Distribution,,SGD,Operating Cash Flow Growth % YOY,,-,-,-36.67,-94.72,-,-,-,-,-45.25,39.1,,-
I06,XSES,Intraco Ltd,Industrials,Industrial Distribution,,SGD,Free Cash Flow Growth % YOY,,-,-,-80.57,-92.72,-,-,-,-,-45.07,39.68,,-
I06,XSES,Intraco Ltd,Industrials,Industrial Distribution,,SGD,Free Cash Flow/Sales %,,-1.58,2.97,0.46,0.04,-2.55,-2.43,-2.66,6.02,2.87,4.74,,4.74
I06,XSES,Intraco Ltd,Industrials,Industrial Distribution,,SGD,Free Cash Flow/Net Income,,-2.15,1.74,0.28,0.05,0.27,4.97,3.88,3.00,2.57,4.52,,4.52
I06,XSES,Intraco Ltd,Industrials,Industrial Distribution,,SGD,Free Cash Flow/Share,,-0.03,-0.08,0.1,-0.01,-0.03,-0.11,0.01,0.04,-0.09,0.09,,0.09
I07,XSES,ISDN Holdings Ltd,Industrials,Engineering & Construction,,SGD,Operating Cash Flow Growth % YOY,,92.85,-60.77,154.39,-15.02,191.82,-71.68,165.47,-,-,11.94,,-
I07,XSES,ISDN Holdings Ltd,Industrials,Engineering & Construction,,SGD,Free Cash Flow Growth % YOY,,1584.13,-71.74,247.83,-43.69,267.4,-90.94,1038.54,-,-,27.64,,-
I07,XSES,ISDN Holdings Ltd,Industrials,Engineering & Construction,,SGD,Free Cash Flow/Sales %,,3.82,0.95,3.21,1.88,5.55,0.41,5.59,-8.34,2.92,3.15,,3.15
I07,XSES,ISDN Holdings Ltd,Industrials,Engineering & Construction,,SGD,Free Cash Flow/Net Income,,1.92,0.29,0.89,0.78,1.33,0.07,1.42,-5.76,1.27,2.05,,2.05
I07,XSES,ISDN Holdings Ltd,Industrials,Engineering & Construction,,SGD,Free Cash Flow/Share,,0.02,-0.01,0.03,0.01,0.04,0.03,0.05,0.00,-0.03,0.01,,0.01
I11,XSES,Renaissance United Ltd,Utilities,Utilities - Regulated Gas,,SGD,Operating Cash Flow Growth % YOY,,100.23,30.98,50.74,69.71,-49.55,47.50,-95.67,-,-,-,,-
I11,XSES,Renaissance United Ltd,Utilities,Utilities - Regulated Gas,,SGD,Free Cash Flow Growth % YOY,,-,-,-,-,-,-,-96.67,-,-,-,,-
I11,XSES,Renaissance United Ltd,Utilities,Utilities - Regulated Gas,,SGD,Free Cash Flow/Sales %,,-6.96,-3.64,-1.21,5.14,-2.35,12.73,0.41,-5.22,2.69,-5.55,,-1.22
I11,XSES,Renaissance United Ltd,Utilities,Utilities - Regulated Gas,,SGD,Free Cash Flow/Net Income,,-1.31,8.08,0.02,-0.09,9.47,-1.71,-0.03,0.64,-0.37,0.43,,0.12
I11,XSES,Renaissance United Ltd,Utilities,Utilities - Regulated Gas,,SGD,Free Cash Flow/Share,,0.00,0.00,0.00,0.00,0.00,0.00,0.0,0.00,0.00,0.00,,0.00
I49,XSES,IFS Capital Ltd,Financial Services,Credit Services,,SGD,Operating Cash Flow Growth % YOY,,-,-,-,-,-,484.52,-,-,-,-,,-
I49,XSES,IFS Capital Ltd,Financial Services,Credit Services,,SGD,Free Cash Flow Growth % YOY,,-,-,-,-,-,490.93,-,-,-,-,,-
I49,XSES,IFS Capital Ltd,Financial Services,Credit Services,,SGD,Free Cash Flow/Sales %,,-17.85,-36.25,-220.53,-13.95,59.90,318.25,-165.28,-230.28,-31.66,4.64,,4.64
I49,XSES,IFS Capital Ltd,Financial Services,Credit Services,,SGD,Free Cash Flow/Net Income,,2.74,-8.94,-5.50,-0.79,29.41,17.38,-18.98,-30.00,-8.60,0.61,,0.61
I49,XSES,IFS Capital Ltd,Financial Services,Credit Services,,SGD,Free Cash Flow/Share,,0.21,-0.10,-0.26,-0.02,0.06,0.01,0.26,-0.27,-0.01,-0.13,,-0.13
IBKD,XSES,PT Bank Central Asia Tbk SGDR,Financial Services,Banks - Regional,,SGD,Operating Cash Flow Growth % YOY,,55.02,-78.85,-49.14,957.33,-1.85,147.53,-73.23,72.04,-7.39,44.01,,-
IBKD,XSES,PT Bank Central Asia Tbk SGDR,Financial Services,Banks - Regional,,SGD,Free Cash Flow Growth % YOY,,59.47,-81.55,-67.62,1820.48,-1.95,154.38,-75.24,74.26,-6.35,51.18,,-
IBKD,XSES,PT Bank Central Asia Tbk SGDR,Financial Services,Banks - Regional,,SGD,Free Cash Flow/Sales %,,78.44,13.68,3.98,67.52,62.97,153.33,33.98,52.02,44.91,65.66,,76.14
IBKD,XSES,PT Bank Central Asia Tbk SGDR,Financial Services,Banks - Regional,,SGD,Free Cash Flow/Net Income,,2.08,0.34,0.10,1.72,1.78,3.91,0.75,1.09,0.91,1.30,,1.51
IBKD,XSES,PT Bank Central Asia Tbk SGDR,Financial Services,Banks - Regional,,SGD,Free Cash Flow/Share,,-,-,-,-,-,-,-,-,-,-,,0.05
IICD,XSES,PT Indofood CBP Sukses Makmur Tbk SGDR,Consumer Defensive,Packaged Foods,,SGD,Operating Cash Flow Growth % YOY,,31.54,12.86,-10.07,58.98,26.20,-14.43,10.21,41.01,0.32,-2.81,,-
IICD,XSES,PT Indofood CBP Sukses Makmur Tbk SGDR,Consumer Defensive,Packaged Foods,,SGD,Free Cash Flow Growth % YOY,,68.77,-4.48,-66.05,369.84,38.28,-22.63,22.24,50.97,-2.82,-17.71,,-
IICD,XSES,PT Indofood CBP Sukses Makmur Tbk SGDR,Consumer Defensive,Packaged Foods,,SGD,Free Cash Flow/Sales %,,10.21,9.44,2.97,12.68,15.90,10.10,10.83,15.60,14.18,11.32,,11.93
IICD,XSES,PT Indofood CBP Sukses Makmur Tbk SGDR,Consumer Defensive,Packaged Foods,,SGD,Free Cash Flow/Net Income,,0.98,0.89,0.25,1.06,1.13,0.90,1.53,1.52,1.45,0.92,,1.00
IICD,XSES,PT Indofood CBP Sukses Makmur Tbk SGDR,Consumer Defensive,Packaged Foods,,SGD,Free Cash Flow/Share,,-,-,-,-,-,-,-,-,-,-,,0.06
ITS,XSES,Info-Tech Systems Ltd,Technology,Software - Application,,SGD,Operating Cash Flow Growth % YOY,,,,,,,,-,36.16,23.89,-6.65,,-
ITS,XSES,Info-Tech Systems Ltd,Technology,Software - Application,,SGD,Free Cash Flow Growth % YOY,,,,,,,,-,32.85,33.65,-11.12,,-
ITS,XSES,Info-Tech Systems Ltd,Technology,Software - Application,,SGD,Free Cash Flow/Sales %,,,,,,,,32.19,34.65,40.33,27.74,,27.74
ITS,XSES,Info-Tech Systems Ltd,Technology,Software - Application,,SGD,Free Cash Flow/Net Income,,,,,,,,1.38,1.26,1.43,1.04,,1.04
ITS,XSES,Info-Tech Systems Ltd,Technology,Software - Application,,SGD,Free Cash Flow/Share,,,,,,,,-,-,-,0.06,,0.06
J03,XSES,Jadason Enterprises Ltd,Technology,Electronic Components,,SGD,Operating Cash Flow Growth % YOY,,-62.80,-,-,-26.3,45.03,-20.1,-,-,-,-,,-
J03,XSES,Jadason Enterprises Ltd,Technology,Electronic Components,,SGD,Free Cash Flow Growth % YOY,,-,-,-,-7.26,59.35,-20.12,-,-,-,-,,-
J03,XSES,Jadason Enterprises Ltd,Technology,Electronic Components,,SGD,Free Cash Flow/Sales %,,-2.43,-9.06,7.80,8.95,15.36,11.79,-2.32,-0.30,-10.04,-8.60,,-8.60
J03,XSES,Jadason Enterprises Ltd,Technology,Electronic Components,,SGD,Free Cash Flow/Net Income,,-0.76,-2.02,-3.18,-0.26,-1.55,-0.47,0.11,0.01,2.30,-1.76,,-1.76
J03,XSES,Jadason Enterprises Ltd,Technology,Electronic Components,,SGD,Free Cash Flow/Share,,-0.01,0.00,0.00,0.01,0.0,0.01,0.01,0.00,0.00,0.00,,0.00
J2T,XSES,Hock Lian Seng Holdings Ltd,Industrials,Engineering & Construction,,SGD,Operating Cash Flow Growth % YOY,,-58.71,-,-,-55.64,-,-,658.44,-,-,-,,-
J2T,XSES,Hock Lian Seng Holdings Ltd,Industrials,Engineering & Construction,,SGD,Free Cash Flow Growth % YOY,,-,-,-,-17.54,-,-,720.61,-,-,-,,-
J2T,XSES,Hock Lian Seng Holdings Ltd,Industrials,Engineering & Construction,,SGD,Free Cash Flow/Sales %,,-2.95,-16.21,4.37,3.68,-29.16,3.61,34.96,-3.42,15.89,-57.44,,-57.44
J2T,XSES,Hock Lian Seng Holdings Ltd,Industrials,Engineering & Construction,,SGD,Free Cash Flow/Net Income,,-0.10,-1.24,0.61,0.57,-4.15,0.24,3.02,-0.26,0.91,-6.29,,-6.29
J2T,XSES,Hock Lian Seng Holdings Ltd,Industrials,Engineering & Construction,,SGD,Free Cash Flow/Share,,0.00,-0.05,-0.01,0.04,0.01,-0.02,0.08,0.02,0.04,0.01,,0.01
J36,XSES,Jardine Matheson Holdings Ltd,Industrials,Conglomerates,,SGD,Operating Cash Flow Growth % YOY,,-4.08,8.81,-3.54,17.34,8.43,-3.77,-4.94,-4.99,9.05,,,-
J36,XSES,Jardine Matheson Holdings Ltd,Industrials,Conglomerates,,SGD,Free Cash Flow Growth % YOY,,-3.26,4.93,-11.65,29.28,33.61,-3.9,-15.94,-23.23,32.37,,,-
J36,XSES,Jardine Matheson Holdings Ltd,Industrials,Conglomerates,,SGD,Free Cash Flow/Sales %,,7.44,7.33,6.01,8.07,13.52,11.83,9.45,7.59,10.13,,,9.15
J36,XSES,Jardine Matheson Holdings Ltd,Industrials,Conglomerates,,SGD,Free Cash Flow/Net Income,,1.1,0.76,1.48,1.16,-11.2,2.25,10.07,3.99,-7.74,,,32.56
J36,XSES,Jardine Matheson Holdings Ltd,Industrials,Conglomerates,,SGD,Free Cash Flow/Share,,7.34,8.72,5.36,6.32,10.08,15.45,11.53,12.9,11.13,,,12.49
J69U,XSES,Frasers Centrepoint Trust,Real Estate,REIT - Retail,,SGD,Operating Cash Flow Growth % YOY,,4.99,-3.0,12.01,-4.47,-40.25,153.99,17.71,4.09,-11.3,19.02,,-
J69U,XSES,Frasers Centrepoint Trust,Real Estate,REIT - Retail,,SGD,Free Cash Flow Growth % YOY,,-5.4,-12.92,28.5,3.63,-46.7,187.39,18.2,3.13,-25.89,28.52,,-
J69U,XSES,Frasers Centrepoint Trust,Real Estate,REIT - Retail,,SGD,Free Cash Flow/Sales %,,58.99,51.99,62.75,64.02,40.77,56.46,63.79,63.51,49.47,57.4,,56.85
J69U,XSES,Frasers Centrepoint Trust,Real Estate,REIT - Retail,,SGD,Free Cash Flow/Net Income,,0.88,0.49,0.73,0.61,0.44,1.14,1.1,1.11,0.88,1.12,,1.07
J69U,XSES,Frasers Centrepoint Trust,Real Estate,REIT - Retail,,SGD,Free Cash Flow/Share,,0.12,0.1,0.12,0.13,0.11,0.09,0.11,0.14,0.12,0.11,,0.12
J85,XSES,CDL Hospitality Trusts Stapled Security Real Estate Investment Trust,Real Estate,REIT - Hotel & Motel,,SGD,Operating Cash Flow Growth % YOY,,1.73,4.14,-11.38,-1.85,-58.86,25.73,86.17,6.32,-2.47,-5.31,,-
J85,XSES,CDL Hospitality Trusts Stapled Security Real Estate Investment Trust,Real Estate,REIT - Hotel & Motel,,SGD,Free Cash Flow Growth % YOY,,1.63,5.49,-29.09,-11.66,-,-,47.62,-42.24,-,-,,-
J85,XSES,CDL Hospitality Trusts Stapled Security Real Estate Investment Trust,Real Estate,REIT - Hotel & Motel,,SGD,Free Cash Flow/Sales %,,63.74,59.51,42.72,38.69,-262.09,26.00,26.39,13.57,-18.34,26.81,,26.81
J85,XSES,CDL Hospitality Trusts Stapled Security Real Estate Investment Trust,Real Estate,REIT - Hotel & Motel,,SGD,Free Cash Flow/Net Income,,2.34,0.94,0.78,0.68,1.64,0.60,0.28,0.28,-3.32,-2.49,,-2.49
J85,XSES,CDL Hospitality Trusts Stapled Security Real Estate Investment Trust,Real Estate,REIT - Hotel & Motel,,SGD,Free Cash Flow/Share,,0.11,0.12,0.08,0.06,0.05,-0.25,0.01,0.06,0.04,-0.03,,-0.03
JYEU,XSES,Lendlease Global Commercial REIT,Real Estate,REIT - Diversified,,SGD,Operating Cash Flow Growth % YOY,,,,,,,-,43.19,82.73,-25.98,26.27,,-
JYEU,XSES,Lendlease Global Commercial REIT,Real Estate,REIT - Diversified,,SGD,Free Cash Flow Growth % YOY,,,,,,,-,39.52,85.74,-28.12,21.66,,-
JYEU,XSES,Lendlease Global Commercial REIT,Real Estate,REIT - Diversified,,SGD,Free Cash Flow/Sales %,,,,,,,83.20,89.26,82.27,54.85,71.37,,72.47
JYEU,XSES,Lendlease Global Commercial REIT,Real Estate,REIT - Diversified,,SGD,Free Cash Flow/Net Income,,,,,,,-33.58,0.64,1.69,1.57,2.08,,1.57
JYEU,XSES,Lendlease Global Commercial REIT,Real Estate,REIT - Diversified,,SGD,Free Cash Flow/Share,,,,,,,-,0.05,0.07,0.07,0.04,,0.06
K03,XSES,Khong Guan Ltd,Consumer Defensive,Food Distribution,,SGD,Operating Cash Flow Growth % YOY,,-,-,27.43,-46.83,43.63,-36.46,-,-,-,-,,-
K03,XSES,Khong Guan Ltd,Consumer Defensive,Food Distribution,,SGD,Free Cash Flow Growth % YOY,,-,-,18.54,-,-,-,-,-,-,-,,-
K03,XSES,Khong Guan Ltd,Consumer Defensive,Food Distribution,,SGD,Free Cash Flow/Sales %,,-4.76,1.96,2.18,-2.66,-0.18,0.92,-0.75,0.11,-1.71,0.26,,0.32
K03,XSES,Khong Guan Ltd,Consumer Defensive,Food Distribution,,SGD,Free Cash Flow/Net Income,,-47.85,0.86,1.28,2.26,-2.17,-1.63,-1.41,-0.27,0.89,-0.48,,-0.50
K03,XSES,Khong Guan Ltd,Consumer Defensive,Food Distribution,,SGD,Free Cash Flow/Share,,-0.17,0.05,-0.01,-0.03,-0.06,0.06,0.01,-0.06,0.04,-0.05,,0.01
K29,XSES,Karin Technology Holdings Ltd,Technology,Information Technology Services,,SGD,Operating Cash Flow Growth % YOY,,-,-,-,-,-7.89,-,-,-,190.69,-34.69,,-
K29,XSES,Karin Technology Holdings Ltd,Technology,Information Technology Services,,SGD,Free Cash Flow Growth % YOY,,-,-,-,-,-8.67,-,-,-,212.55,-35.08,,-
K29,XSES,Karin Technology Holdings Ltd,Technology,Information Technology Services,,SGD,Free Cash Flow/Sales %,,-2.33,2.91,-1.23,3.97,3.69,-2.70,-1.76,2.00,5.79,4.29,,6.41
K29,XSES,Karin Technology Holdings Ltd,Technology,Information Technology Services,,SGD,Free Cash Flow/Net Income,,-3.82,6.55,-0.89,2.21,13.6,-1.56,-1.72,0.87,6.71,4.33,,-6.47
K29,XSES,Karin Technology Holdings Ltd,Technology,Information Technology Services,,SGD,Free Cash Flow/Share,,0.01,0.02,-0.05,-0.03,0.12,-0.02,-0.02,-0.03,0.08,0.07,,0.06
K6S,XSES,Prudential PLC,Financial Services,Insurance - Life,,SGD,Operating Cash Flow Growth % YOY,,-27.63,-19.38,42.81,-,-,-85.86,287.77,-22.82,333.77,-32.11,,-
K6S,XSES,Prudential PLC,Financial Services,Insurance - Life,,SGD,Free Cash Flow Growth % YOY,,-32.23,-12.16,37.43,-,-,-87.31,331.41,-24.52,345.18,-33.12,,-
K6S,XSES,Prudential PLC,Financial Services,Insurance - Life,,SGD,Free Cash Flow/Sales %,,2.58,1.72,8.72,-0.29,3.29,0.91,-12.7,4.12,21.64,8.56,,8.56
K6S,XSES,Prudential PLC,Financial Services,Insurance - Life,,SGD,Free Cash Flow/Net Income,,0.96,0.62,0.72,-0.35,0.90,-0.12,1.05,0.46,1.54,0.59,,0.59
K6S,XSES,Prudential PLC,Financial Services,Insurance - Life,,SGD,Free Cash Flow/Share,,0.3,0.51,-,0.21,1.10,0.59,0.27,0.22,0.61,0.78,,0.78
K71U,XSES,Keppel REIT,Real Estate,REIT - Office,,SGD,Operating Cash Flow Growth % YOY,,-5.34,10.89,-2.41,-20.92,12.83,8.82,42.72,4.73,11.24,18.17,,-
K71U,XSES,Keppel REIT,Real Estate,REIT - Office,,SGD,Free Cash Flow Growth % YOY,,-5.29,10.93,-2.42,-20.92,12.84,8.82,42.71,4.58,11.4,18.18,,-
K71U,XSES,Keppel REIT,Real Estate,REIT - Office,,SGD,Free Cash Flow/Sales %,,67.07,72.92,70.58,56.43,61.37,52.48,73.98,72.79,72.24,81.37,,81.37
K71U,XSES,Keppel REIT,Real Estate,REIT - Office,,SGD,Free Cash Flow/Net Income,,0.42,0.67,0.76,0.73,-17.64,0.47,0.39,0.95,1.74,0.49,,0.49
K71U,XSES,Keppel REIT,Real Estate,REIT - Office,,SGD,Free Cash Flow/Share,,0.03,0.03,0.04,0.02,0.03,0.04,0.03,0.04,0.05,0.05,,0.05
K75,XSES,Koh Brothers Group Ltd,Industrials,Engineering & Construction,,SGD,Operating Cash Flow Growth % YOY,,104.47,-97.41,-,-,288.42,-,-,91.6,-19.13,5.65,,-
K75,XSES,Koh Brothers Group Ltd,Industrials,Engineering & Construction,,SGD,Free Cash Flow Growth % YOY,,384.38,-,-,-,-,-,-,102.74,-19.78,1.38,,-
K75,XSES,Koh Brothers Group Ltd,Industrials,Engineering & Construction,,SGD,Free Cash Flow/Sales %,,19.59,-1.28,-42.30,-4.02,10.79,-9.25,10.24,20.58,24.67,18.1,,18.10
K75,XSES,Koh Brothers Group Ltd,Industrials,Engineering & Construction,,SGD,Free Cash Flow/Net Income,,5.09,-0.24,-25.82,-2.47,-1.77,-3.39,6.01,-3.34,-10.79,3.21,,3.21
K75,XSES,Koh Brothers Group Ltd,Industrials,Engineering & Construction,,SGD,Free Cash Flow/Share,,0.31,0.01,-0.37,-0.16,0.05,-0.01,0.05,0.1,0.23,0.16,,0.16
KIN,XSES,Kin Global Ltd,Industrials,Specialty Business Services,,SGD,Operating Cash Flow Growth % YOY,,,,,,,,-,-,-,-,,-
KIN,XSES,Kin Global Ltd,Industrials,Specialty Business Services,,SGD,Free Cash Flow Growth % YOY,,,,,,,,-,-,-,-,,-
KIN,XSES,Kin Global Ltd,Industrials,Specialty Business Services,,SGD,Free Cash Flow/Sales %,,,,,,,,18.23,-0.53,-6.15,7.55,,7.55
KIN,XSES,Kin Global Ltd,Industrials,Specialty Business Services,,SGD,Free Cash Flow/Net Income,,,,,,,,1.98,-0.13,-0.75,1.23,,1.23
KIN,XSES,Kin Global Ltd,Industrials,Specialty Business Services,,SGD,Free Cash Flow/Share,,,,,,,,-,-,-,-,,-
KJ5,XSES,BBR Holdings (S) Ltd,Industrials,Engineering & Construction,,SGD,Operating Cash Flow Growth % YOY,,149.82,-,-,-,-,-,-71.64,-1.32,1087.76,-41.52,,-
KJ5,XSES,BBR Holdings (S) Ltd,Industrials,Engineering & Construction,,SGD,Free Cash Flow Growth % YOY,,-,-,-,-,-,-,-93.35,234.39,1453.31,-43.84,,-
KJ5,XSES,BBR Holdings (S) Ltd,Industrials,Engineering & Construction,,SGD,Free Cash Flow/Sales %,,16.52,-65.00,-9.20,-21.25,-29.58,8.46,0.59,1.43,18.15,12.1,,12.10
KJ5,XSES,BBR Holdings (S) Ltd,Industrials,Engineering & Construction,,SGD,Free Cash Flow/Net Income,,40.51,-15.78,3.23,2.12,1.36,9.53,0.18,0.53,2.49,6.61,,6.61
KJ5,XSES,BBR Holdings (S) Ltd,Industrials,Engineering & Construction,,SGD,Free Cash Flow/Share,,0.17,-0.25,-0.04,-0.08,-0.20,0.10,0.02,-0.05,0.04,0.19,,0.19
KUH,XSES,TSH Corp Ltd,Consumer Cyclical,Restaurants,,SGD,Operating Cash Flow Growth % YOY,,-,-,-,-,-,-,-,0.7,732.97,10.96,,-
KUH,XSES,TSH Corp Ltd,Consumer Cyclical,Restaurants,,SGD,Free Cash Flow Growth % YOY,,-,-,-,-,-,-,-,-54.38,2261.32,12.34,,-
KUH,XSES,TSH Corp Ltd,Consumer Cyclical,Restaurants,,SGD,Free Cash Flow/Sales %,,-,-,-,7.32,-9.25,-27.09,2.95,1.1,24.1,25.21,,25.21
KUH,XSES,TSH Corp Ltd,Consumer Cyclical,Restaurants,,SGD,Free Cash Flow/Net Income,,-0.96,1.21,0.51,0.96,0.20,4.43,0.31,0.31,3.32,2.52,,2.52
KUH,XSES,TSH Corp Ltd,Consumer Cyclical,Restaurants,,SGD,Free Cash Flow/Share,,1.40,-0.17,-0.05,-0.05,-,-0.01,-0.02,-0.02,0.04,0.07,,0.07
KUO,XSES,International Cement Group Ltd Ordinary Shares,Basic Materials,Building Materials,,SGD,Operating Cash Flow Growth % YOY,,,-,1058.43,49.95,-0.73,4.12,23.15,23.27,-17.94,61.55,,-
KUO,XSES,International Cement Group Ltd Ordinary Shares,Basic Materials,Building Materials,,SGD,Free Cash Flow Growth % YOY,,,-,-,-,-,-,-,147.37,-39.14,52.75,,-
KUO,XSES,International Cement Group Ltd Ordinary Shares,Basic Materials,Building Materials,,SGD,Free Cash Flow/Sales %,,,-15.64,-3.98,-5.62,16.71,-4.98,7.21,15.59,9.27,9.85,,9.85
KUO,XSES,International Cement Group Ltd Ordinary Shares,Basic Materials,Building Materials,,SGD,Free Cash Flow/Net Income,,,4.27,-0.28,-0.47,2.69,-0.34,0.56,2.49,180.96,0.62,,0.62
KUO,XSES,International Cement Group Ltd Ordinary Shares,Basic Materials,Building Materials,,SGD,Free Cash Flow/Share,,,-,-,0.00,0.00,0.00,0.00,0.01,0.0,0.01,,0.01
KUX,XSES,OIO Holdings Ltd Ordinary Shares,Technology,Software - Application,,SGD,Operating Cash Flow Growth % YOY,,,-,-,-,-,-,-,-,-,-,,-
KUX,XSES,OIO Holdings Ltd Ordinary Shares,Technology,Software - Application,,SGD,Free Cash Flow Growth % YOY,,,-,-,-,-,-,-,-,-,-,,-
KUX,XSES,OIO Holdings Ltd Ordinary Shares,Technology,Software - Application,,SGD,Free Cash Flow/Sales %,,,3.76,-19.42,-143.39,-33.94,-69.42,-175.34,-279.09,-361.29,-406.66,,-633.46
KUX,XSES,OIO Holdings Ltd Ordinary Shares,Technology,Software - Application,,SGD,Free Cash Flow/Net Income,,,0.24,2.85,0.40,0.59,3.15,0.50,3.70,0.50,0.68,,0.87
KUX,XSES,OIO Holdings Ltd Ordinary Shares,Technology,Software - Application,,SGD,Free Cash Flow/Share,,,-,0.00,-,-,-0.02,-0.02,-0.02,-0.01,-0.01,,-0.01
L02,XSES,Metis Energy Ltd,Utilities,Utilities - Renewable,,SGD,Operating Cash Flow Growth % YOY,,-55.48,-,-,-,-,-,-,-,-,-,,-
L02,XSES,Metis Energy Ltd,Utilities,Utilities - Renewable,,SGD,Free Cash Flow Growth % YOY,,-56.21,-,-,-,-,-,-,-,-,-,,-
L02,XSES,Metis Energy Ltd,Utilities,Utilities - Renewable,,SGD,Free Cash Flow/Sales %,,33.68,-52.57,-2.82,-127.05,-132.08,-72.75,-276.29,-1282.01,-2320.94,-947.20,,-947.20
L02,XSES,Metis Energy Ltd,Utilities,Utilities - Renewable,,SGD,Free Cash Flow/Net Income,,-0.38,1.00,-0.21,0.59,-1.50,3.96,-7.72,4.58,8.38,3.53,,3.53
L02,XSES,Metis Energy Ltd,Utilities,Utilities - Renewable,,SGD,Free Cash Flow/Share,,-0.01,0.01,0.01,-0.01,-0.01,-0.01,0.00,-0.01,-0.02,-0.03,,-0.03
L19,XSES,Lum Chang Holdings Ltd,Industrials,Engineering & Construction,,SGD,Operating Cash Flow Growth % YOY,,-,,,-,-32.79,-,-,-59.83,-,-,,-
L19,XSES,Lum Chang Holdings Ltd,Industrials,Engineering & Construction,,SGD,Free Cash Flow Growth % YOY,,-,,,-,-28.62,-,-,-62.63,-,-,,-
L19,XSES,Lum Chang Holdings Ltd,Industrials,Engineering & Construction,,SGD,Free Cash Flow/Sales %,,10.14,,,10.59,5.63,-12.81,14.65,5.8,-2.88,14.74,,0.27
L19,XSES,Lum Chang Holdings Ltd,Industrials,Engineering & Construction,,SGD,Free Cash Flow/Net Income,,1.46,,,1.09,-8.6,-14.03,-5.64,-0.8,-1.96,4.38,,0.06
L19,XSES,Lum Chang Holdings Ltd,Industrials,Engineering & Construction,,SGD,Free Cash Flow/Share,,0.03,,,-,0.12,-0.07,0.09,0.1,-0.03,0.19,,0.18
L23,XSES,Enviro-Hub Holdings Ltd,Industrials,Waste Management,,SGD,Operating Cash Flow Growth % YOY,,163.57,-36.12,-,-,3.85,-14.35,-45.62,371.37,-78.99,278.43,,-
L23,XSES,Enviro-Hub Holdings Ltd,Industrials,Waste Management,,SGD,Free Cash Flow Growth % YOY,,177.71,-41.58,-,-,342.69,-37.41,-,-,-81.21,292.36,,-
L23,XSES,Enviro-Hub Holdings Ltd,Industrials,Waste Management,,SGD,Free Cash Flow/Sales %,,20.17,20.06,-14.93,2.26,11.12,5.3,-2.48,18.32,4.63,13.91,,13.91
L23,XSES,Enviro-Hub Holdings Ltd,Industrials,Waste Management,,SGD,Free Cash Flow/Net Income,,-3.99,-1.2,-7.54,2.59,-3.46,0.8,-0.49,6.64,-0.05,-8.31,,-8.31
L23,XSES,Enviro-Hub Holdings Ltd,Industrials,Waste Management,,SGD,Free Cash Flow/Share,,0.02,0.02,-0.01,-0.01,0.01,0.0,0.00,0.00,0.0,0.0,,0.00
LCC,XSES,Lum Chang Creations Ltd,Industrials,Engineering & Construction,,SGD,Operating Cash Flow Growth % YOY,,,,,,,,-,-,331.52,137.58,,-
LCC,XSES,Lum Chang Creations Ltd,Industrials,Engineering & Construction,,SGD,Free Cash Flow Growth % YOY,,,,,,,,-,-,386.44,118.42,,-
LCC,XSES,Lum Chang Creations Ltd,Industrials,Engineering & Construction,,SGD,Free Cash Flow/Sales %,,,,,,,,-10.59,4.92,15.99,18.14,,27.50
LCC,XSES,Lum Chang Creations Ltd,Industrials,Engineering & Construction,,SGD,Free Cash Flow/Net Income,,,,,,,,-2.96,0.43,2.00,1.60,,1.88
LCC,XSES,Lum Chang Creations Ltd,Industrials,Engineering & Construction,,SGD,Free Cash Flow/Share,,,,,,,,-,-,-,-,,0.07
LGH,XSES,Leong Guan Holdings Ltd,Consumer Defensive,Packaged Foods,,SGD,Operating Cash Flow Growth % YOY,,,,,,,,-,-65.02,-50.90,93.65,,-
LGH,XSES,Leong Guan Holdings Ltd,Consumer Defensive,Packaged Foods,,SGD,Free Cash Flow Growth % YOY,,,,,,,,-,-72.05,-,-,,-
LGH,XSES,Leong Guan Holdings Ltd,Consumer Defensive,Packaged Foods,,SGD,Free Cash Flow/Sales %,,,,,,,,26.48,6.93,-1.91,-2.41,,-2.41
LGH,XSES,Leong Guan Holdings Ltd,Consumer Defensive,Packaged Foods,,SGD,Free Cash Flow/Net Income,,,,,,,,6.37,2.01,-0.41,-1.94,,-1.94
LGH,XSES,Leong Guan Holdings Ltd,Consumer Defensive,Packaged Foods,,SGD,Free Cash Flow/Share,,,,,,,,-,-,-,-0.01,,-0.01
LJ3,XSES,OUE Ltd,Real Estate,Real Estate - Diversified,,SGD,Operating Cash Flow Growth % YOY,,743.57,-46.55,-52.09,232.2,-54.43,-27.61,50.32,44.33,-6.39,-22.03,,-
LJ3,XSES,OUE Ltd,Real Estate,Real Estate - Diversified,,SGD,Free Cash Flow Growth % YOY,,807.86,-48.55,-52.99,243.25,-56.37,-66.42,151.34,65.01,0.84,-25.08,,-
LJ3,XSES,OUE Ltd,Real Estate,Real Estate - Diversified,,SGD,Free Cash Flow/Sales %,,52.47,31.65,17.46,41.38,31.68,18.76,28.88,37.56,36.51,28.66,,28.66
LJ3,XSES,OUE Ltd,Real Estate,Real Estate - Diversified,,SGD,Free Cash Flow/Net Income,,3.21,2.41,11.2,1.51,-0.49,0.7,0.74,2.83,-0.83,-0.81,,-0.81
LJ3,XSES,OUE Ltd,Real Estate,Real Estate - Diversified,,SGD,Free Cash Flow/Share,,0.47,0.31,0.12,0.29,0.33,0.12,0.11,0.24,0.27,0.29,,0.29
LMS,XSES,Lms Compliance Ltd,Industrials,Specialty Business Services,,SGD,Operating Cash Flow Growth % YOY,,,,,-,19.40,-24.89,-52.11,144.37,3.93,45.85,,-
LMS,XSES,Lms Compliance Ltd,Industrials,Specialty Business Services,,SGD,Free Cash Flow Growth % YOY,,,,,-,26.15,-22.51,-62.14,188.69,-27.99,122.52,,-
LMS,XSES,Lms Compliance Ltd,Industrials,Specialty Business Services,,SGD,Free Cash Flow/Sales %,,,,,31.59,36.54,26.40,9.09,23.45,13.91,23.35,,23.35
LMS,XSES,Lms Compliance Ltd,Industrials,Specialty Business Services,,SGD,Free Cash Flow/Net Income,,,,,1.16,1.23,0.91,2.36,0.89,0.68,1.21,,1.21
LMS,XSES,Lms Compliance Ltd,Industrials,Specialty Business Services,,SGD,Free Cash Flow/Share,,,,,-,-,-,0.01,0.01,0.01,0.01,,0.01
LS9,XSES,Leader Environmental Technologies Ltd,Industrials,Pollution & Treatment Controls,,SGD,Operating Cash Flow Growth % YOY,,-,-,-,-,20.8,-,-,-,-,-,,-
LS9,XSES,Leader Environmental Technologies Ltd,Industrials,Pollution & Treatment Controls,,SGD,Free Cash Flow Growth % YOY,,-,-,-,-,20.52,-,-,-,-,-,,-
LS9,XSES,Leader Environmental Technologies Ltd,Industrials,Pollution & Treatment Controls,,SGD,Free Cash Flow/Sales %,,59.56,-1.67,-23.85,37.83,123.59,-132.77,-45.93,-185.87,-619.92,-414.00,,-414.00
LS9,XSES,Leader Environmental Technologies Ltd,Industrials,Pollution & Treatment Controls,,SGD,Free Cash Flow/Net Income,,10.86,-0.15,1.25,-0.58,-0.26,-11.33,2.60,1.47,0.76,-0.23,,-0.23
LS9,XSES,Leader Environmental Technologies Ltd,Industrials,Pollution & Treatment Controls,,SGD,Free Cash Flow/Share,,0.00,0.00,0.00,0.00,0.0,0.01,-0.01,-0.01,0.00,-0.01,,-0.01
LVR,XSES,17LIVE Group Ltd,Technology,Software - Application,,SGD,Operating Cash Flow Growth % YOY,,,,,,,,-,-,-,-,,-
LVR,XSES,17LIVE Group Ltd,Technology,Software - Application,,SGD,Free Cash Flow Growth % YOY,,,,,,,,-,-,-,-,,-
LVR,XSES,17LIVE Group Ltd,Technology,Software - Application,,SGD,Free Cash Flow/Sales %,,,,,,,,-,0.73,-9.08,2.61,,2.61
LVR,XSES,17LIVE Group Ltd,Technology,Software - Application,,SGD,Free Cash Flow/Net Income,,,,,,,,-0.21,-0.01,5.33,-4.48,,-4.48
LVR,XSES,17LIVE Group Ltd,Technology,Software - Application,,SGD,Free Cash Flow/Share,,,,,,,,-,-0.16,-0.17,0.00,,0.00
LYY,XSES,SinoCloud Group Ltd,Technology,Information Technology Services,,SGD,Operating Cash Flow Growth % YOY,-,-,-,-0.84,,-53.91,-,-,-,,,,-
LYY,XSES,SinoCloud Group Ltd,Technology,Information Technology Services,,SGD,Free Cash Flow Growth % YOY,-,-,-,-,,-,-,-,-,,,,-
LYY,XSES,SinoCloud Group Ltd,Technology,Information Technology Services,,SGD,Free Cash Flow/Sales %,-347.52,-116.25,0.61,-165.14,,-49.10,-10.28,-51.52,-41.77,,,,-39.33
LYY,XSES,SinoCloud Group Ltd,Technology,Information Technology Services,,SGD,Free Cash Flow/Net Income,1.07,0.20,-0.01,2.96,,0.15,0.07,0.07,0.20,,,,0.64
LYY,XSES,SinoCloud Group Ltd,Technology,Information Technology Services,,SGD,Free Cash Flow/Share,-0.14,-0.12,0.01,-0.01,,-0.03,-0.01,0.00,-0.01,,,,0.00
M01,XSES,Metro Holdings Ltd,Consumer Cyclical,Department Stores,,SGD,Operating Cash Flow Growth % YOY,,-,-,-,-,-,-,3.2,-38.46,-93.24,2225.82,,-
M01,XSES,Metro Holdings Ltd,Consumer Cyclical,Department Stores,,SGD,Free Cash Flow Growth % YOY,,-,-,-,-,-,-,8.27,-40.09,-94.73,2898.14,,-
M01,XSES,Metro Holdings Ltd,Consumer Cyclical,Department Stores,,SGD,Free Cash Flow/Sales %,,-11.76,-10.65,-32.40,-14.66,-22.99,43.55,45.66,23.45,1.25,41.54,,33.24
M01,XSES,Metro Holdings Ltd,Consumer Cyclical,Department Stores,,SGD,Free Cash Flow/Net Income,,-0.16,-0.17,-0.28,-0.26,-1.50,1.15,1.94,1.09,0.1,-0.19,,-0.13
M01,XSES,Metro Holdings Ltd,Consumer Cyclical,Department Stores,,SGD,Free Cash Flow/Share,,-0.01,-0.02,-0.03,0.00,-0.14,0.03,0.05,0.04,0.02,-0.01,,0.05
M03,XSES,Miyoshi Ltd,Industrials,Metal Fabrication,,SGD,Operating Cash Flow Growth % YOY,,-,-43.94,89.25,-49.19,-19.56,77.23,-,-,-,-,,-
M03,XSES,Miyoshi Ltd,Industrials,Metal Fabrication,,SGD,Free Cash Flow Growth % YOY,,-,-,-,-,-,-,-,-,-,-,,-
M03,XSES,Miyoshi Ltd,Industrials,Metal Fabrication,,SGD,Free Cash Flow/Sales %,,7.93,-1.61,-1.34,-3.69,2.01,-6.37,-3.75,-2.45,1.32,-4.80,,-8.36
M03,XSES,Miyoshi Ltd,Industrials,Metal Fabrication,,SGD,Free Cash Flow/Net Income,,3.39,-0.37,-0.54,2.45,-0.04,0.37,-13.63,0.66,-0.16,0.53,,1.38
M03,XSES,Miyoshi Ltd,Industrials,Metal Fabrication,,SGD,Free Cash Flow/Share,,0.00,0.01,0.00,0.00,0.01,-0.01,0.00,0.00,0.00,0.00,,0.00
M05,XSES,,,,,SGD,Operating Cash Flow Growth % YOY,,-66.4,-98.16,-,-,-,-,-98.85,2496.85,33.20,89.67,,-
M05,XSES,,,,,SGD,Free Cash Flow Growth % YOY,,-83.79,-,-,-,-,-,-,-,-,-,,-
M05,XSES,,,,,SGD,Free Cash Flow/Sales %,,1.16,-1.02,-8.82,1.98,-3.82,19.01,-16.49,-3.64,-4.35,-19.35,,-22.52
M05,XSES,,,,,SGD,Free Cash Flow/Net Income,,-0.14,0.09,0.35,-0.53,-0.64,-1.24,-6.51,-0.82,-0.34,-2.53,,-20.09
M05,XSES,,,,,SGD,Free Cash Flow/Share,,0.09,-0.02,-0.07,-0.02,0.01,0.04,0.01,-0.06,-0.01,-0.02,,-0.05
M11,XSES,Manufacturing Integration Technology Ltd,Technology,Semiconductor Equipment & Materials,,SGD,Operating Cash Flow Growth % YOY,,-72.95,256.05,-,-,-,-,-,-,-,-,,-
M11,XSES,Manufacturing Integration Technology Ltd,Technology,Semiconductor Equipment & Materials,,SGD,Free Cash Flow Growth % YOY,,-78.08,214.6,-,-,-,-,-,-,-,-,,-
M11,XSES,Manufacturing Integration Technology Ltd,Technology,Semiconductor Equipment & Materials,,SGD,Free Cash Flow/Sales %,,5.65,9.58,-47.51,-80.72,-7.00,-5.91,-13.26,-48.68,-24.83,-11.68,,-11.68
M11,XSES,Manufacturing Integration Technology Ltd,Technology,Semiconductor Equipment & Materials,,SGD,Free Cash Flow/Net Income,,-0.37,1.05,1.45,-0.19,-0.14,0.29,0.67,1.18,0.48,0.71,,0.71
M11,XSES,Manufacturing Integration Technology Ltd,Technology,Semiconductor Equipment & Materials,,SGD,Free Cash Flow/Share,,0.05,0.01,-0.02,-0.05,0.01,0.00,0.00,-0.01,-0.01,-0.01,,-0.01
M14,XSES,InnoTek Ltd,Industrials,Metal Fabrication,,SGD,Operating Cash Flow Growth % YOY,,-,38.97,35.09,-3.27,70.44,-59.59,-54.75,40.55,174.82,-55.02,,-
M14,XSES,InnoTek Ltd,Industrials,Metal Fabrication,,SGD,Free Cash Flow Growth % YOY,,-,13.47,20.56,49.39,57.92,-79.15,-,-,-,-,,-
M14,XSES,InnoTek Ltd,Industrials,Metal Fabrication,,SGD,Free Cash Flow/Sales %,,3.55,4.07,4.78,8.35,13.44,2.96,-0.75,-2.57,4.34,-0.50,,-0.50
M14,XSES,InnoTek Ltd,Industrials,Metal Fabrication,,SGD,Free Cash Flow/Net Income,,0.66,0.88,0.52,0.94,1.78,0.45,-0.63,-1.13,1.78,-0.53,,-0.53
M14,XSES,InnoTek Ltd,Industrials,Metal Fabrication,,SGD,Free Cash Flow/Share,,0.00,0.03,0.06,0.07,0.06,0.1,-0.03,0.00,0.00,0.04,,0.04
M15,XSES,Nanyang New Development Ltd,Basic Materials,Specialty Chemicals,,SGD,Operating Cash Flow Growth % YOY,,-,-,-,-,-,-,-,-,-,-,,-
M15,XSES,Nanyang New Development Ltd,Basic Materials,Specialty Chemicals,,SGD,Free Cash Flow Growth % YOY,,-,-,-,-,-,-,-,-,-,-,,-
M15,XSES,Nanyang New Development Ltd,Basic Materials,Specialty Chemicals,,SGD,Free Cash Flow/Sales %,,3.39,-4.03,-5.80,-3.54,-18.97,-0.17,-8.57,-10.25,-42.40,-90.27,,-90.27
M15,XSES,Nanyang New Development Ltd,Basic Materials,Specialty Chemicals,,SGD,Free Cash Flow/Net Income,,-1.80,0.21,0.68,0.22,0.73,0.01,-0.17,0.23,1.12,0.78,,0.78
M15,XSES,Nanyang New Development Ltd,Basic Materials,Specialty Chemicals,,SGD,Free Cash Flow/Share,,0.00,0.02,-0.02,0.00,0.00,-0.01,0.02,-0.02,-0.01,-,,-
M1GU,XSES,Alpha Integrated REIT,Real Estate,REIT - Industrial,,SGD,Operating Cash Flow Growth % YOY,,-30.46,4.23,-15.9,-7.99,2.23,21.72,-0.66,-8.33,-20.09,73.43,,-
M1GU,XSES,Alpha Integrated REIT,Real Estate,REIT - Industrial,,SGD,Free Cash Flow Growth % YOY,,-31.66,-31.31,25.71,-18.92,-23.35,56.34,16.63,-39.4,-50.29,327.92,,-
M1GU,XSES,Alpha Integrated REIT,Real Estate,REIT - Industrial,,SGD,Free Cash Flow/Sales %,,51.03,37.77,49.97,42.97,35.07,47.99,48.31,24.83,12.19,49.22,,49.22
M1GU,XSES,Alpha Integrated REIT,Real Estate,REIT - Industrial,,SGD,Free Cash Flow/Net Income,,-0.75,-1.2,0.6,1.59,-0.6,0.81,0.87,1.54,1.21,0.92,,0.92
M1GU,XSES,Alpha Integrated REIT,Real Estate,REIT - Industrial,,SGD,Free Cash Flow/Share,,0.06,0.05,0.03,0.03,0.03,0.03,0.04,0.04,0.02,0.04,,0.04
M44U,XSES,Mapletree Logistics Trust,Real Estate,REIT - Industrial,,SGD,Operating Cash Flow Growth % YOY,,-2.2,15.53,-0.15,32.87,4.28,20.95,10.59,23.45,-5.95,-6.53,,-
M44U,XSES,Mapletree Logistics Trust,Real Estate,REIT - Industrial,,SGD,Free Cash Flow Growth % YOY,,-2.2,15.53,-0.15,32.87,4.28,20.95,10.59,23.45,-5.95,-6.53,,-
M44U,XSES,Mapletree Logistics Trust,Real Estate,REIT - Industrial,,SGD,Free Cash Flow/Sales %,,66.02,71.53,67.44,77.95,75.24,79.6,74.15,84.89,79.32,74.99,,77.96
M44U,XSES,Mapletree Logistics Trust,Real Estate,REIT - Industrial,,SGD,Free Cash Flow/Net Income,,1.11,1.26,0.56,0.78,0.94,0.97,0.63,1.08,1.75,2.58,,1.96
M44U,XSES,Mapletree Logistics Trust,Real Estate,REIT - Industrial,,SGD,Free Cash Flow/Share,,0.1,0.1,0.1,0.11,0.1,0.11,0.11,0.13,0.12,0.11,,0.11
ME8U,XSES,Mapletree Industrial Trust Units Real Estate Investment Trust,Real Estate,REIT - Industrial,,SGD,Operating Cash Flow Growth % YOY,,7.23,6.55,4.92,-0.25,17.12,-17.46,109.92,-9.86,-3.41,12.82,,-
ME8U,XSES,Mapletree Industrial Trust Units Real Estate Investment Trust,Real Estate,REIT - Industrial,,SGD,Free Cash Flow Growth % YOY,,7.22,6.55,4.88,-0.27,17.17,-17.48,109.98,-9.85,-3.41,12.82,,-
ME8U,XSES,Mapletree Industrial Trust Units Real Estate Investment Trust,Real Estate,REIT - Industrial,,SGD,Free Cash Flow/Sales %,,69.86,72.66,72.67,69.89,75.66,56.82,89.77,73.31,65.51,71.69,,67.32
ME8U,XSES,Mapletree Industrial Trust Units Real Estate Investment Trust,Real Estate,REIT - Industrial,,SGD,Free Cash Flow/Net Income,,0.81,0.87,0.82,0.9,0.78,1.44,1.13,1.54,3.59,1.41,,1.96
ME8U,XSES,Mapletree Industrial Trust Units Real Estate Investment Trust,Real Estate,REIT - Industrial,,SGD,Free Cash Flow/Share,,0.12,0.13,0.13,0.12,0.13,0.13,0.15,0.16,0.15,0.19,,0.15
META,XNAS,,,,,USD,Operating Cash Flow Growth % YOY,,87.32,50.34,20.89,24.05,6.7,48.87,-12.5,40.89,28.43,26.8,,-
META,XNAS,,,,,USD,Free Cash Flow Growth % YOY,,91.19,50.5,-12.15,38.11,11.41,65.52,-51.31,130.24,23.32,-14.73,,-
META,XNAS,,,,,USD,Free Cash Flow/Sales %,,42.03,43.01,27.51,30.0,27.49,33.17,16.33,32.5,32.87,22.94,,22.45
META,XNAS,,,,,USD,Free Cash Flow/Net Income,,1.14,1.1,0.69,1.15,0.81,0.99,0.82,1.12,0.87,0.76,,0.68
META,XNAS,,,,,USD,Free Cash Flow/Share,,3.0,5.33,5.94,6.79,6.66,12.42,9.63,14.28,19.86,17.34,,17.91
MF6,XSES,Mun Siong Engineering Ltd,Industrials,Engineering & Construction,,SGD,Operating Cash Flow Growth % YOY,,-,-,-,-,292.41,-80.61,14.56,-,-,-,,-
MF6,XSES,Mun Siong Engineering Ltd,Industrials,Engineering & Construction,,SGD,Free Cash Flow Growth % YOY,,-,-,-,-,549.51,-,-,-,-,-,,-
MF6,XSES,Mun Siong Engineering Ltd,Industrials,Engineering & Construction,,SGD,Free Cash Flow/Sales %,,-4.59,24.55,-13.75,1.29,12.64,-1.84,-7.51,-24.90,-4.19,2.45,,2.45
MF6,XSES,Mun Siong Engineering Ltd,Industrials,Engineering & Construction,,SGD,Free Cash Flow/Net Income,,-1.65,8.34,2.30,1.84,-11.27,-2.04,-12.81,6.32,0.49,-0.32,,-0.32
MF6,XSES,Mun Siong Engineering Ltd,Industrials,Engineering & Construction,,SGD,Free Cash Flow/Share,,0.00,0.02,-0.01,0.01,0.02,-0.01,0.00,-0.05,0.01,0.00,,0.00
MIJ,XSES,Alliance Healthcare Group Ltd,Healthcare,Medical Care Facilities,,SGD,Operating Cash Flow Growth % YOY,,-,-3.39,142.04,-47.63,42.1,12.96,108.32,-74.84,80.92,28.63,,-
MIJ,XSES,Alliance Healthcare Group Ltd,Healthcare,Medical Care Facilities,,SGD,Free Cash Flow Growth % YOY,,-,-11.70,229.53,-88.75,465.36,20.27,148.63,-98.15,505.52,291.56,,-
MIJ,XSES,Alliance Healthcare Group Ltd,Healthcare,Medical Care Facilities,,SGD,Free Cash Flow/Sales %,,6.57,5.09,14.61,1.52,7.34,8.14,17.15,0.3,1.55,5.34,,8.77
MIJ,XSES,Alliance Healthcare Group Ltd,Healthcare,Medical Care Facilities,,SGD,Free Cash Flow/Net Income,,3.31,1.11,1.60,1.75,1.35,2.47,3.02,0.08,1.46,2.7,,2.60
MIJ,XSES,Alliance Healthcare Group Ltd,Healthcare,Medical Care Facilities,,SGD,Free Cash Flow/Share,,-,-,-,0.01,0.01,0.02,0.03,0.02,0.0,0.02,,0.02
MR7,XSES,Nordic Group Ltd,Industrials,Engineering & Construction,,SGD,Operating Cash Flow Growth % YOY,,42.99,13.65,-39.83,79.23,10.9,-44.79,252.69,-67.73,62.31,64.72,,-
MR7,XSES,Nordic Group Ltd,Industrials,Engineering & Construction,,SGD,Free Cash Flow Growth % YOY,,92.88,7.74,-,-,31.27,-46.19,270.85,-70.18,60.51,78.57,,-
MR7,XSES,Nordic Group Ltd,Industrials,Engineering & Construction,,SGD,Free Cash Flow/Sales %,,14.68,14.15,-1.47,15.39,21.16,8.93,20.96,6.33,10.31,19.03,,19.03
MR7,XSES,Nordic Group Ltd,Industrials,Engineering & Construction,,SGD,Free Cash Flow/Net Income,,0.94,0.85,-0.12,1.54,3.12,0.66,1.65,0.64,0.93,1.53,,1.53
MR7,XSES,Nordic Group Ltd,Industrials,Engineering & Construction,,SGD,Free Cash Flow/Share,,0.01,0.04,0.00,0.03,0.03,0.03,0.07,0.03,0.05,0.06,,0.06
MSFT,XNAS,,,,,USD,Operating Cash Flow Growth % YOY,,14.6,18.55,11.08,18.92,16.27,26.48,16.02,-1.63,35.36,14.86,,-
MSFT,XNAS,,,,,USD,Free Cash Flow Growth % YOY,,7.98,25.6,2.79,18.63,18.23,24.06,16.09,-8.71,24.54,-3.32,,-
MSFT,XNAS,,,,,USD,Free Cash Flow/Sales %,,29.28,34.88,29.22,30.4,31.63,33.39,32.86,28.07,30.22,25.42,,22.91
MSFT,XNAS,,,,,USD,Free Cash Flow/Net Income,,1.49,1.48,1.95,0.98,1.02,0.92,0.9,0.82,0.84,0.7,,0.58
MSFT,XNAS,,,,,USD,Free Cash Flow/Share,,2.93,3.62,4.3,4.33,5.63,7.05,8.42,7.67,9.45,9.29,,10.37
MV4,XSES,Mewah International Inc,Consumer Defensive,Packaged Foods,,SGD,Operating Cash Flow Growth % YOY,,-,-,-,498.44,30.48,-,-,-,-,-,,-
MV4,XSES,Mewah International Inc,Consumer Defensive,Packaged Foods,,SGD,Free Cash Flow Growth % YOY,,-,-,-,-,98.62,-,-,-,-,-,,-
MV4,XSES,Mewah International Inc,Consumer Defensive,Packaged Foods,,SGD,Free Cash Flow/Sales %,,5.28,-4.33,-2.00,2.50,4.05,-0.81,-2.99,4.27,-5.04,-1.57,,-1.57
MV4,XSES,Mewah International Inc,Consumer Defensive,Packaged Foods,,SGD,Free Cash Flow/Net Income,,7.72,-3.76,-4.00,6.04,1.61,-0.44,-1.43,4.34,-6.21,-1.75,,-1.75
MV4,XSES,Mewah International Inc,Consumer Defensive,Packaged Foods,,SGD,Free Cash Flow/Share,,0.02,-0.05,-0.12,0.14,0.16,-0.11,-0.10,0.11,-0.01,-0.27,,-0.27
MXNU,XSES,Elite UK REIT Units,Real Estate,REIT - Office,,SGD,Operating Cash Flow Growth % YOY,,,,,-,49.09,4.97,22.8,59.9,-40.8,39.11,,-
MXNU,XSES,Elite UK REIT Units,Real Estate,REIT - Office,,SGD,Free Cash Flow Growth % YOY,,,,,-,49.09,4.97,-9.98,100.17,-44.46,61.58,,-
MXNU,XSES,Elite UK REIT Units,Real Estate,REIT - Office,,SGD,Free Cash Flow/Sales %,,,,,62.25,92.90,65.33,55.09,90.44,58.11,95.78,,95.78
MXNU,XSES,Elite UK REIT Units,Real Estate,REIT - Office,,SGD,Free Cash Flow/Net Income,,,,,1.59,0.89,-4.79,-1.11,-1.84,1.11,2.65,,2.65
MXNU,XSES,Elite UK REIT Units,Real Estate,REIT - Office,,SGD,Free Cash Flow/Share,,,,,-,-,0.07,0.04,0.06,0.08,0.06,,0.06
MZH,XSES,Nanofilm Technologies International Ltd Ordinary Shares,Technology,Electronic Components,,SGD,Operating Cash Flow Growth % YOY,,,-,-14.37,77.21,12.44,24.03,-1.07,-46.08,-45.64,129.16,,-
MZH,XSES,Nanofilm Technologies International Ltd Ordinary Shares,Technology,Electronic Components,,SGD,Free Cash Flow Growth % YOY,,,-,-,-,-,-,-,-,-,-,,-
MZH,XSES,Nanofilm Technologies International Ltd Ordinary Shares,Technology,Electronic Components,,SGD,Free Cash Flow/Sales %,,,20.32,-0.44,3.17,-9.92,-13.99,4.33,-13.72,-14.14,-5.92,,-5.92
MZH,XSES,Nanofilm Technologies International Ltd Ordinary Shares,Technology,Electronic Components,,SGD,Free Cash Flow/Net Income,,,0.78,-0.02,0.13,-0.38,-0.55,0.23,-7.75,-3.73,-1.23,,-1.23
MZH,XSES,Nanofilm Technologies International Ltd Ordinary Shares,Technology,Electronic Components,,SGD,Free Cash Flow/Share,,,-,-,-,-0.02,-0.01,-0.05,0.00,-0.05,-0.05,,-0.05
N01,XSES,NeraTelecommunications Ltd,Technology,Communication Equipment,,SGD,Operating Cash Flow Growth % YOY,,-5.14,-57.45,705.97,-,-,-,-,3.48,-,-,,-
N01,XSES,NeraTelecommunications Ltd,Technology,Communication Equipment,,SGD,Free Cash Flow Growth % YOY,,-,-,738.23,-,-,-,-,-8.75,-,-,,-
N01,XSES,NeraTelecommunications Ltd,Technology,Communication Equipment,,SGD,Free Cash Flow/Sales %,,-0.30,1.05,10.29,-8.21,0.58,-1.04,5.36,4.58,-0.30,3.82,,3.82
N01,XSES,NeraTelecommunications Ltd,Technology,Communication Equipment,,SGD,Free Cash Flow/Net Income,,-0.01,0.24,2.22,-3.00,0.20,0.07,-0.97,1.14,0.10,-1.28,,-1.28
N01,XSES,NeraTelecommunications Ltd,Technology,Communication Equipment,,SGD,Free Cash Flow/Share,,-0.01,0.02,0.04,-0.01,-0.02,0.02,0.01,0.0,0.03,0.00,,0.00
N02,XSES,NSL Ltd,Basic Materials,Building Materials,,SGD,Operating Cash Flow Growth % YOY,,-44.44,-,-,1.28,217.10,-63.18,432.90,0.14,-36.39,,,-
N02,XSES,NSL Ltd,Basic Materials,Building Materials,,SGD,Free Cash Flow Growth % YOY,,-92.62,-,-,-,-,-,-,39.57,-46.01,,,-
N02,XSES,NSL Ltd,Basic Materials,Building Materials,,SGD,Free Cash Flow/Sales %,,0.66,-6.96,-10.74,-8.56,4.31,-1.01,6.13,10.61,5.64,,,14.68
N02,XSES,NSL Ltd,Basic Materials,Building Materials,,SGD,Free Cash Flow/Net Income,,0.02,-6.34,10.49,0.70,-0.64,-0.53,2.12,-1.69,0.8,,,1.44
N02,XSES,NSL Ltd,Basic Materials,Building Materials,,SGD,Free Cash Flow/Share,,0.08,-0.06,-0.12,-0.09,-0.02,0.02,0.00,0.11,0.08,,,0.05
N08,XSES,New Toyo International Holdings Ltd,Consumer Cyclical,Packaging & Containers,,SGD,Operating Cash Flow Growth % YOY,,-27.89,-11.35,-,-,66.39,-56.11,25.25,25.47,-46.91,20.42,,-
N08,XSES,New Toyo International Holdings Ltd,Consumer Cyclical,Packaging & Containers,,SGD,Free Cash Flow Growth % YOY,,-89.23,-,-,-,169.12,-60.82,13.29,-18.51,-89.69,631.43,,-
N08,XSES,New Toyo International Holdings Ltd,Consumer Cyclical,Packaging & Containers,,SGD,Free Cash Flow/Sales %,,0.92,-7.06,-17.42,5.40,18.06,7.32,6.8,5.17,0.51,3.84,,3.84
N08,XSES,New Toyo International Holdings Ltd,Consumer Cyclical,Packaging & Containers,,SGD,Free Cash Flow/Net Income,,0.14,-10.71,-11.20,-1.07,5.77,2.11,1.95,1.24,0.17,2.85,,2.85
N08,XSES,New Toyo International Holdings Ltd,Consumer Cyclical,Packaging & Containers,,SGD,Free Cash Flow/Share,,0.02,-0.04,-0.08,-0.01,0.08,0.09,0.02,0.06,0.02,-0.02,,-0.02
N0Z,XSES,Combine Will International Holdings Ltd,Consumer Cyclical,Leisure,,SGD,Operating Cash Flow Growth % YOY,-69.31,-0.55,508.64,-,-,31.17,59.17,-0.86,-43.77,-67.80,,,-
N0Z,XSES,Combine Will International Holdings Ltd,Consumer Cyclical,Leisure,,SGD,Free Cash Flow Growth % YOY,-,-,-,-,-,-,-,49.8,-70.53,-,,,-
N0Z,XSES,Combine Will International Holdings Ltd,Consumer Cyclical,Leisure,,SGD,Free Cash Flow/Sales %,-0.55,-3.03,11.71,-12.49,-1.94,-0.81,8.40,10.69,3.8,-10.07,,,-9.49
N0Z,XSES,Combine Will International Holdings Ltd,Consumer Cyclical,Leisure,,SGD,Free Cash Flow/Net Income,-0.62,1.02,15.22,-3.70,-0.63,-0.25,2.35,3.35,0.99,-3.24,,,-4.63
N0Z,XSES,Combine Will International Holdings Ltd,Consumer Cyclical,Leisure,,SGD,Free Cash Flow/Share,0.52,-0.80,0.47,-0.72,-0.01,-0.29,0.28,1.0,0.39,-0.28,,,-1.21
N2IU,XSES,Mapletree Pan Asia Commercial Trust Units Real Estate Investment Trust Reg S,Real Estate,REIT - Office,,SGD,Operating Cash Flow Growth % YOY,,4.53,35.18,15.56,1.42,9.84,-3.99,2.3,66.46,19.78,-12.55,,-
N2IU,XSES,Mapletree Pan Asia Commercial Trust Units Real Estate Investment Trust Reg S,Real Estate,REIT - Office,,SGD,Free Cash Flow Growth % YOY,,4.6,35.13,15.57,1.44,9.79,-3.96,2.32,66.36,19.82,-12.66,,-
N2IU,XSES,Mapletree Pan Asia Commercial Trust Units Real Estate Investment Trust Reg S,Real Estate,REIT - Office,,SGD,Free Cash Flow/Sales %,,77.23,79.03,80.08,79.25,79.67,76.8,76.46,77.91,80.93,74.93,,72.43
N2IU,XSES,Mapletree Pan Asia Commercial Trust Units Real Estate Investment Trust Reg S,Real Estate,REIT - Office,,SGD,Free Cash Flow/Net Income,,0.71,0.83,0.59,0.58,0.68,5.18,1.05,1.25,1.25,1.08,,2.24
N2IU,XSES,Mapletree Pan Asia Commercial Trust Units Real Estate Investment Trust Reg S,Real Estate,REIT - Office,,SGD,Free Cash Flow/Share,,0.1,0.11,0.11,0.11,0.12,0.11,0.11,0.13,0.14,0.12,,0.12
N32,XSES,Nippecraft Ltd,Basic Materials,Paper & Paper Products,,SGD,Operating Cash Flow Growth % YOY,,-60.67,-,-,-,-,80.72,-,-,-,-,,-
N32,XSES,Nippecraft Ltd,Basic Materials,Paper & Paper Products,,SGD,Free Cash Flow Growth % YOY,,-63.07,-,-,-,-,84.48,-,-,-,-,,-
N32,XSES,Nippecraft Ltd,Basic Materials,Paper & Paper Products,,SGD,Free Cash Flow/Sales %,,0.41,-4.08,3.67,-0.28,2.13,4.01,-4.04,0.43,-1.02,1.28,,1.28
N32,XSES,Nippecraft Ltd,Basic Materials,Paper & Paper Products,,SGD,Free Cash Flow/Net Income,,-0.24,-320.94,-69.15,0.38,51.64,17.35,-1311.50,0.36,-2.21,1.62,,1.62
N32,XSES,Nippecraft Ltd,Basic Materials,Paper & Paper Products,,SGD,Free Cash Flow/Share,,-0.01,0.00,0.00,0.01,0.00,0.0,0.02,-0.01,0.00,-0.01,,-0.01
NC2,XSES,Sri Trang Agro-Industry PLC Shs Foreign Registered,Basic Materials,Specialty Chemicals,,SGD,Operating Cash Flow Growth % YOY,,-,-,172.54,-85.31,595.14,33.24,7.37,-81.58,-,-,,-
NC2,XSES,Sri Trang Agro-Industry PLC Shs Foreign Registered,Basic Materials,Specialty Chemicals,,SGD,Free Cash Flow Growth % YOY,,-,-,931.99,-,-,-66.41,82.34,-,-,-,,-
NC2,XSES,Sri Trang Agro-Industry PLC Shs Foreign Registered,Basic Materials,Specialty Chemicals,,SGD,Free Cash Flow/Sales %,,-16.19,0.86,10.81,-4.03,11.21,2.4,4.68,-2.92,-12.39,10.32,,11.46
NC2,XSES,Sri Trang Agro-Industry PLC Shs Foreign Registered,Basic Materials,Specialty Chemicals,,SGD,Free Cash Flow/Net Income,,16.50,-0.54,3.85,16.84,0.89,0.18,1.08,5.66,-8.49,-9.25,,-9.27
NC2,XSES,Sri Trang Agro-Industry PLC Shs Foreign Registered,Basic Materials,Specialty Chemicals,,SGD,Free Cash Flow/Share,,-0.16,-0.33,0.29,0.00,0.16,0.44,-0.05,0.20,-0.37,0.24,,0.30
NEX,XSES,Reclaims Global Ltd,Industrials,Waste Management,,SGD,Operating Cash Flow Growth % YOY,,-,-5.16,14.48,-79.58,200.31,22.32,89.64,-87.40,269.89,77.19,,-
NEX,XSES,Reclaims Global Ltd,Industrials,Waste Management,,SGD,Free Cash Flow Growth % YOY,,-,-,147.22,-,-,236.61,93.34,-,-,84.52,,-
NEX,XSES,Reclaims Global Ltd,Industrials,Waste Management,,SGD,Free Cash Flow/Sales %,,-5.72,7.08,18.91,-2.85,3.62,16.88,22.12,-4.11,11.43,11.54,,1.56
NEX,XSES,Reclaims Global Ltd,Industrials,Waste Management,,SGD,Free Cash Flow/Net Income,,-0.29,0.57,1.63,-3.33,0.79,1.92,1.66,-0.55,1.83,0.92,,0.11
NEX,XSES,Reclaims Global Ltd,Industrials,Waste Management,,SGD,Free Cash Flow/Share,,-,-,-,-,-0.01,0.02,0.03,0.01,0.01,0.0,,0.04
NHD,XSES,Jubilee Industries Holdings Ltd,Technology,Electronics & Computer Distribution,,SGD,Operating Cash Flow Growth % YOY,,-,-,-,-,-,-36.83,-,-,-,-,,-
NHD,XSES,Jubilee Industries Holdings Ltd,Technology,Electronics & Computer Distribution,,SGD,Free Cash Flow Growth % YOY,,-,-,-,-,-,-40.08,-,-,-,-,,-
NHD,XSES,Jubilee Industries Holdings Ltd,Technology,Electronics & Computer Distribution,,SGD,Free Cash Flow/Sales %,,-3.95,7.01,-3.50,-8.43,6.26,3.46,-1.66,5.76,-188.63,-,,38.67
NHD,XSES,Jubilee Industries Holdings Ltd,Technology,Electronics & Computer Distribution,,SGD,Free Cash Flow/Net Income,,0.15,-1.02,-6.00,-5.10,-2.09,-2.77,0.80,-0.14,-3.54,0.35,,0.13
NHD,XSES,Jubilee Industries Holdings Ltd,Technology,Electronics & Computer Distribution,,SGD,Free Cash Flow/Share,,-0.03,-0.01,0.00,0.01,-0.05,0.02,0.02,-0.02,-0.02,0.00,,-0.01
NIO,XSES,NIO Inc Class A,Consumer Cyclical,Auto Manufacturers,,SGD,Operating Cash Flow Growth % YOY,,-,-,-,-,-,0.79,-,-,-,-,,-
NIO,XSES,NIO Inc Class A,Consumer Cyclical,Auto Manufacturers,,SGD,Free Cash Flow Growth % YOY,,-,-,-,-,-,-,-,-,-,-,,-
NIO,XSES,NIO Inc Class A,Consumer Cyclical,Auto Manufacturers,,SGD,Free Cash Flow/Sales %,,-,-,-213.20,-133.27,5.06,-5.85,-22.00,-28.27,-25.85,-3.51,,-3.51
NIO,XSES,NIO Inc Class A,Consumer Cyclical,Auto Manufacturers,,SGD,Free Cash Flow/Net Income,,1.13,1.14,1.09,0.91,-0.15,0.20,0.74,0.74,0.75,0.20,,0.20
NIO,XSES,NIO Inc Class A,Consumer Cyclical,Auto Manufacturers,,SGD,Free Cash Flow/Share,,-,-,-,-,-,-,-0.19,-1.94,-0.97,-1.12,,-1.12
NPW,XSES,Malaysia Smelting Corp Bhd,Basic Materials,Other Industrial Metals & Mining,,SGD,Operating Cash Flow Growth % YOY,,-,-,-,-37.29,-,-,1871.71,-31.11,-50.01,-1.45,,-
NPW,XSES,Malaysia Smelting Corp Bhd,Basic Materials,Other Industrial Metals & Mining,,SGD,Free Cash Flow Growth % YOY,,-,-,-,-42.03,-,-,8098.73,-32.74,-57.4,-10.36,,-
NPW,XSES,Malaysia Smelting Corp Bhd,Basic Materials,Other Industrial Metals & Mining,,SGD,Free Cash Flow/Sales %,,-0.19,-8.43,4.33,3.27,-15.15,0.26,14.98,10.55,3.81,3.29,,3.29
NPW,XSES,Malaysia Smelting Corp Bhd,Basic Materials,Other Industrial Metals & Mining,,SGD,Free Cash Flow/Net Income,,-0.08,-7.52,1.62,1.05,-8.13,0.02,2.29,1.78,0.81,0.71,,0.71
NPW,XSES,Malaysia Smelting Corp Bhd,Basic Materials,Other Industrial Metals & Mining,,SGD,Free Cash Flow/Share,,0.01,-0.05,-,0.02,-0.02,-0.02,0.05,0.08,-0.01,0.03,,0.03
NR7,XSES,Raffles Education Ltd,Consumer Defensive,Education & Training Services,,SGD,Operating Cash Flow Growth % YOY,,-80.44,-,-,-,-46.18,60.53,18.10,-74.59,355.09,-77.58,,-
NR7,XSES,Raffles Education Ltd,Consumer Defensive,Education & Training Services,,SGD,Free Cash Flow Growth % YOY,,-,-,-,-,-,-,-,-,-,-97.54,,-
NR7,XSES,Raffles Education Ltd,Consumer Defensive,Education & Training Services,,SGD,Free Cash Flow/Sales %,,-50.40,-88.14,-35.59,-34.00,-10.67,-13.36,-15.02,-10.93,5.07,0.13,,0.80
NR7,XSES,Raffles Education Ltd,Consumer Defensive,Education & Training Services,,SGD,Free Cash Flow/Net Income,,-3.54,45.77,-3.23,-0.83,0.65,-0.80,-1.65,2.29,-0.30,0.02,,0.27
NR7,XSES,Raffles Education Ltd,Consumer Defensive,Education & Training Services,,SGD,Free Cash Flow/Share,,-0.05,-0.06,-0.04,-0.04,-0.03,-0.01,-0.02,-0.01,0.01,0.0,,0.00
NS8U,XSES,Hutchison Port Holdings Trust Units Reg S,Industrials,Marine Shipping,,SGD,Operating Cash Flow Growth % YOY,,3.6,11.15,-26.04,9.18,-1.08,46.9,-13.14,-34.02,13.82,12.11,,-
NS8U,XSES,Hutchison Port Holdings Trust Units Reg S,Industrials,Marine Shipping,,SGD,Free Cash Flow Growth % YOY,,15.5,44.12,-28.52,15.76,1.67,57.79,-17.91,-36.96,19.51,11.39,,-
NS8U,XSES,Hutchison Port Holdings Trust Units Reg S,Industrials,Marine Shipping,,SGD,Free Cash Flow/Sales %,,28.64,42.67,30.78,36.92,38.77,49.34,44.51,32.74,35.84,38.59,,38.59
NS8U,XSES,Hutchison Port Holdings Trust Units Reg S,Industrials,Marine Shipping,,SGD,Free Cash Flow/Net Income,,1.98,5.19,-0.3,7.67,4.96,3.72,4.86,14.42,6.19,5.99,,5.99
NS8U,XSES,Hutchison Port Holdings Trust Units Reg S,Industrials,Marine Shipping,,SGD,Free Cash Flow/Share,,0.05,0.07,0.05,0.07,0.05,0.09,0.08,0.06,0.06,0.07,,0.07
NTDU,XSES,NTT DC REIT Units,Real Estate,REIT - Diversified,,SGD,Operating Cash Flow Growth % YOY,,,,,,,,,,-,,,-
NTDU,XSES,NTT DC REIT Units,Real Estate,REIT - Diversified,,SGD,Free Cash Flow Growth % YOY,,,,,,,,,,-,,,-
NTDU,XSES,NTT DC REIT Units,Real Estate,REIT - Diversified,,SGD,Free Cash Flow/Sales %,,,,,,,,,,-825.34,,,-768.32
NTDU,XSES,NTT DC REIT Units,Real Estate,REIT - Diversified,,SGD,Free Cash Flow/Net Income,,,,,,,,,,39.07,,,-380.25
NTDU,XSES,NTT DC REIT Units,Real Estate,REIT - Diversified,,SGD,Free Cash Flow/Share,,,,,,,,,,-,,,-1.17
NVDA,XNAS,,,,,USD,Operating Cash Flow Growth % YOY,,,42.3,109.45,6.88,27.2,22.29,56.44,-38.07,397.96,128.16,60.27,-
NVDA,XNAS,,,,,USD,Free Cash Flow Growth % YOY,,,37.37,94.45,8.04,35.92,9.88,73.24,-53.17,609.59,125.21,58.87,-
NVDA,XNAS,,,,,USD,Free Cash Flow/Sales %,,,21.65,29.95,26.83,39.13,28.15,30.21,14.12,44.35,46.63,44.77,46.97
NVDA,XNAS,,,,,USD,Free Cash Flow/Net Income,,,0.9,0.95,0.76,1.53,1.08,0.83,0.87,0.91,0.83,0.81,0.75
NVDA,XNAS,,,,,USD,Free Cash Flow/Share,,,0.05,0.1,0.14,0.15,0.17,0.28,0.19,0.7,2.27,3.15,3.94
O08,XSES,Ossia International Ltd,Consumer Cyclical,Apparel Retail,,SGD,Operating Cash Flow Growth % YOY,,-51.32,7.06,138.87,-94.43,1258.41,109.71,70.46,-34.21,-,-,,-
O08,XSES,Ossia International Ltd,Consumer Cyclical,Apparel Retail,,SGD,Free Cash Flow Growth % YOY,,-,-,2117.54,-,-,822.04,64.52,-30.39,-,-,,-
O08,XSES,Ossia International Ltd,Consumer Cyclical,Apparel Retail,,SGD,Free Cash Flow/Sales %,,-3.59,0.19,4.28,-6.43,1.23,11.4,20.06,10.95,-4.83,-0.67,,-0.67
O08,XSES,Ossia International Ltd,Consumer Cyclical,Apparel Retail,,SGD,Free Cash Flow/Net Income,,0.46,-0.18,0.3,-0.40,0.06,0.61,0.72,0.33,-0.22,-0.03,,-0.03
O08,XSES,Ossia International Ltd,Consumer Cyclical,Apparel Retail,,SGD,Free Cash Flow/Share,,0.00,-0.01,0.0,0.00,-0.02,0.02,0.01,0.0,0.01,-0.01,,-0.01
O10,XSES,Far East Orchard Ltd,Real Estate,Real Estate Services,,SGD,Operating Cash Flow Growth % YOY,,-36.71,-76.55,-,-,-39.29,-14.15,124.7,62.01,-8.08,-3.25,,-
O10,XSES,Far East Orchard Ltd,Real Estate,Real Estate Services,,SGD,Free Cash Flow Growth % YOY,,-50.31,-80.1,-,-,-42.9,-62.83,450.52,55.36,-11.82,-12.12,,-
O10,XSES,Far East Orchard Ltd,Real Estate,Real Estate Services,,SGD,Free Cash Flow/Sales %,,14.09,3.43,-7.55,19.84,15.75,6.15,25.67,30.61,25.83,17.59,,17.59
O10,XSES,Far East Orchard Ltd,Real Estate,Real Estate Services,,SGD,Free Cash Flow/Net Income,,0.4,0.24,-0.35,1.19,11.49,0.23,1.65,0.85,0.84,0.81,,0.81
O10,XSES,Far East Orchard Ltd,Real Estate,Real Estate Services,,SGD,Free Cash Flow/Share,,0.07,0.01,0.03,0.03,0.07,0.01,0.04,0.11,0.09,0.1,,0.10
O39,XSES,Oversea-Chinese Banking Corp Ltd,Financial Services,Banks - Regional,,SGD,Operating Cash Flow Growth % YOY,,-,-,-,21.44,91.07,-8.66,-37.46,2.18,-56.57,130.2,,-
O39,XSES,Oversea-Chinese Banking Corp Ltd,Financial Services,Banks - Regional,,SGD,Free Cash Flow Growth % YOY,,-,-,-,21.32,95.16,-9.26,-38.92,1.62,-61.0,143.04,,-
O39,XSES,Oversea-Chinese Banking Corp Ltd,Financial Services,Banks - Regional,,SGD,Free Cash Flow/Sales %,,-37.47,-88.36,66.86,72.52,151.32,132.21,73.02,63.93,23.2,56.02,,-
O39,XSES,Oversea-Chinese Banking Corp Ltd,Financial Services,Banks - Regional,,SGD,Free Cash Flow/Net Income,,-0.90,-2.03,1.43,1.61,4.25,2.85,1.47,1.22,0.44,1.1,,-
O39,XSES,Oversea-Chinese Banking Corp Ltd,Financial Services,Banks - Regional,,SGD,Free Cash Flow/Share,,-0.71,-3.37,1.51,2.61,2.44,2.16,4.46,3.26,-0.5,2.12,,2.12
O5RU,XSES,AIMS APAC REIT Units Real Estate Investment Trust,Real Estate,REIT - Industrial,,SGD,Operating Cash Flow Growth % YOY,,-1.17,4.61,-6.06,-1.3,13.84,-5.52,24.6,13.06,6.94,7.88,,-
O5RU,XSES,AIMS APAC REIT Units Real Estate Investment Trust,Real Estate,REIT - Industrial,,SGD,Free Cash Flow Growth % YOY,,97.46,-42.07,33.5,44.57,-7.3,38.73,20.0,19.01,5.99,-10.54,,-
O5RU,XSES,AIMS APAC REIT Units Real Estate Investment Trust,Real Estate,REIT - Industrial,,SGD,Free Cash Flow/Sales %,,41.75,25.04,34.35,49.17,45.28,60.88,62.92,63.7,63.75,54.17,,57.24
O5RU,XSES,AIMS APAC REIT Units Real Estate Investment Trust,Real Estate,REIT - Industrial,,SGD,Free Cash Flow/Net Income,,1.27,2.23,0.66,1.16,0.63,1.44,0.86,0.94,1.8,1.89,,0.83
O5RU,XSES,AIMS APAC REIT Units Real Estate Investment Trust,Real Estate,REIT - Industrial,,SGD,Free Cash Flow/Share,,0.1,0.04,0.06,0.09,0.08,0.1,0.11,0.14,0.15,0.13,,0.12
O9E,XSES,Parkson retail Asia Ltd,Consumer Cyclical,Department Stores,,SGD,Operating Cash Flow Growth % YOY,,-41.52,69.49,-,-,-22.52,,-,-46.51,43.59,-4.85,,-
O9E,XSES,Parkson retail Asia Ltd,Consumer Cyclical,Department Stores,,SGD,Free Cash Flow Growth % YOY,,-,-,-,-,66.79,,-,-47.88,38.53,-2.52,,-
O9E,XSES,Parkson retail Asia Ltd,Consumer Cyclical,Department Stores,,SGD,Free Cash Flow/Sales %,,-12.02,-0.20,-6.45,1.04,2.57,,41.02,22.5,32.15,32.32,,32.32
O9E,XSES,Parkson retail Asia Ltd,Consumer Cyclical,Department Stores,,SGD,Free Cash Flow/Net Income,,-1.55,0.01,0.63,-0.12,-0.08,,3.33,1.98,2.86,3.22,,3.22
O9E,XSES,Parkson retail Asia Ltd,Consumer Cyclical,Department Stores,,SGD,Free Cash Flow/Share,,-0.10,-0.08,0.01,-0.01,0.07,,0.06,0.08,0.1,0.1,,0.10
OAJ,XSES,Fortress Minerals Ltd,Basic Materials,Steel,,SGD,Operating Cash Flow Growth % YOY,,-,226.05,-,-,45.97,71.8,43.79,-0.84,-34.81,-9.74,,-
OAJ,XSES,Fortress Minerals Ltd,Basic Materials,Steel,,SGD,Free Cash Flow Growth % YOY,,-,-,-,-,-,320.51,-37.62,84.91,-33.41,7.65,,-
OAJ,XSES,Fortress Minerals Ltd,Basic Materials,Steel,,SGD,Free Cash Flow/Sales %,,-,-,-,-0.69,10.93,24.97,17.14,25.67,16.97,17.52,,12.51
OAJ,XSES,Fortress Minerals Ltd,Basic Materials,Steel,,SGD,Free Cash Flow/Net Income,,-0.06,-18.35,27.59,-0.03,0.44,0.65,0.54,1.13,0.91,1.56,,0.82
OAJ,XSES,Fortress Minerals Ltd,Basic Materials,Steel,,SGD,Free Cash Flow/Share,,-,-,-,-,0.01,0.03,0.03,0.03,0.03,0.02,,0.02
ODBU,XSES,United Hampshire US REIT Units,Real Estate,REIT - Retail,,SGD,Operating Cash Flow Growth % YOY,,,,-,,,-,10.81,4.69,-5.21,0.36,,-
ODBU,XSES,United Hampshire US REIT Units,Real Estate,REIT - Retail,,SGD,Free Cash Flow Growth % YOY,,,,-,,,-,-4.9,-27.98,10.34,0.91,,-
ODBU,XSES,United Hampshire US REIT Units,Real Estate,REIT - Retail,,SGD,Free Cash Flow/Sales %,,,,55.85,,,71.57,55.94,37.43,40.86,41.89,,41.89
ODBU,XSES,United Hampshire US REIT Units,Real Estate,REIT - Retail,,SGD,Free Cash Flow/Net Income,,,,1.62,,,0.92,1.43,0.82,0.99,1.45,,1.45
ODBU,XSES,United Hampshire US REIT Units,Real Estate,REIT - Retail,,SGD,Free Cash Flow/Share,,,,-,,,0.04,0.09,0.06,0.04,0.05,,0.05
OMK,XSES,Vividthree Holdings Ltd Ordinary Shares,Communication Services,Entertainment,,SGD,Operating Cash Flow Growth % YOY,,-,-64.36,323.28,-,-,-,-,-,60.04,-,,-
OMK,XSES,Vividthree Holdings Ltd Ordinary Shares,Communication Services,Entertainment,,SGD,Free Cash Flow Growth % YOY,,-,-83.13,944.19,-,-,-,-,-,63.37,-,,-
OMK,XSES,Vividthree Holdings Ltd Ordinary Shares,Communication Services,Entertainment,,SGD,Free Cash Flow/Sales %,,27.64,3.49,27.30,-83.29,-25.48,-276.72,-76.21,47.89,32.14,-78.02,,-11.21
OMK,XSES,Vividthree Holdings Ltd Ordinary Shares,Communication Services,Entertainment,,SGD,Free Cash Flow/Net Income,,0.77,0.14,0.71,-2.37,2.06,1.25,0.37,-0.41,-1.28,0.29,,0.03
OMK,XSES,Vividthree Holdings Ltd Ordinary Shares,Communication Services,Entertainment,,SGD,Free Cash Flow/Share,,-,-,-,-0.03,-0.04,-0.02,0.00,0.00,0.0,0.00,,-0.01
OTS,XSES,OTS Holdings Ltd Ordinary Shares,Consumer Defensive,Packaged Foods,,SGD,Operating Cash Flow Growth % YOY,,,,-,51.19,18.22,228.21,-62.02,-13.3,87.40,-71.29,,-
OTS,XSES,OTS Holdings Ltd Ordinary Shares,Consumer Defensive,Packaged Foods,,SGD,Free Cash Flow Growth % YOY,,,,-,505.87,30.61,272.08,-93.86,203.01,-,-,,-
OTS,XSES,OTS Holdings Ltd Ordinary Shares,Consumer Defensive,Packaged Foods,,SGD,Free Cash Flow/Sales %,,,,0.69,3.81,3.79,12.65,0.88,2.95,-9.22,-19.88,,-13.91
OTS,XSES,OTS Holdings Ltd Ordinary Shares,Consumer Defensive,Packaged Foods,,SGD,Free Cash Flow/Net Income,,,,0.12,0.63,0.37,1.63,0.27,-0.48,12.08,19.39,,2.93
OTS,XSES,OTS Holdings Ltd Ordinary Shares,Consumer Defensive,Packaged Foods,,SGD,Free Cash Flow/Share,,,,-,-,-,0.01,0.02,-0.01,0.01,-0.03,,-0.03
OTX,XSES,Medinex Ltd Ordinary Shares,Healthcare,Medical Care Facilities,,SGD,Operating Cash Flow Growth % YOY,,15.12,75.46,-11.83,,,64.29,-6.09,6.03,-10.93,24.18,,-
OTX,XSES,Medinex Ltd Ordinary Shares,Healthcare,Medical Care Facilities,,SGD,Free Cash Flow Growth % YOY,,7.13,92.54,-13.22,,,62.23,-9.74,7.98,-5.95,24.75,,-
OTX,XSES,Medinex Ltd Ordinary Shares,Healthcare,Medical Care Facilities,,SGD,Free Cash Flow/Sales %,,33.29,37.09,10.87,,,26.97,21.89,21.87,21.19,25.96,,24.42
OTX,XSES,Medinex Ltd Ordinary Shares,Healthcare,Medical Care Facilities,,SGD,Free Cash Flow/Net Income,,0.79,1.19,1.2,,,0.83,0.94,1.67,2.58,1.17,,0.87
OTX,XSES,Medinex Ltd Ordinary Shares,Healthcare,Medical Care Facilities,,SGD,Free Cash Flow/Share,,-,-,0.01,,,0.01,0.02,0.03,0.01,0.02,,0.02
OU8,XSES,Centurion Corp Ltd,Consumer Cyclical,Lodging,,SGD,Operating Cash Flow Growth % YOY,,28.57,-18.1,0.95,22.22,-13.9,22.93,40.13,17.89,25.19,5.64,,-
OU8,XSES,Centurion Corp Ltd,Consumer Cyclical,Lodging,,SGD,Free Cash Flow Growth % YOY,,34.78,-16.57,1.33,21.04,-11.13,18.78,46.41,15.97,21.54,9.5,,-
OU8,XSES,Centurion Corp Ltd,Consumer Cyclical,Lodging,,SGD,Free Cash Flow/Sales %,,54.07,39.58,45.79,49.91,46.08,49.12,57.0,57.56,57.17,53.65,,53.65
OU8,XSES,Centurion Corp Ltd,Consumer Cyclical,Lodging,,SGD,Free Cash Flow/Net Income,,2.27,1.71,0.69,0.67,3.44,1.33,1.44,0.78,0.42,1.38,,1.38
OU8,XSES,Centurion Corp Ltd,Consumer Cyclical,Lodging,,SGD,Free Cash Flow/Share,,0.08,0.09,0.06,0.07,0.08,0.06,0.11,0.13,0.14,0.19,,0.19
OV8,XSES,Sheng Siong Group Ltd,Consumer Defensive,Grocery Stores,,SGD,Operating Cash Flow Growth % YOY,,6.26,0.59,17.43,27.21,133.67,-37.0,-3.42,6.15,23.68,8.05,,-
OV8,XSES,Sheng Siong Group Ltd,Consumer Defensive,Grocery Stores,,SGD,Free Cash Flow Growth % YOY,,-,-,5.33,-0.54,303.41,-45.14,12.06,5.63,20.3,7.45,,-
OV8,XSES,Sheng Siong Group Ltd,Consumer Defensive,Grocery Stores,,SGD,Free Cash Flow/Sales %,,-1.48,7.33,7.19,6.43,18.44,10.29,11.8,12.2,14.05,13.74,,13.74
OV8,XSES,Sheng Siong Group Ltd,Consumer Defensive,Grocery Stores,,SGD,Free Cash Flow/Net Income,,-0.19,0.87,0.9,0.84,1.85,1.06,1.19,1.25,1.46,1.44,,1.44
OV8,XSES,Sheng Siong Group Ltd,Consumer Defensive,Grocery Stores,,SGD,Free Cash Flow/Share,,-0.02,0.05,0.04,0.06,0.14,0.11,0.09,0.12,0.12,0.15,,0.15
OXMU,XSES,Prime US REIT Unit,Real Estate,REIT - Office,,SGD,Operating Cash Flow Growth % YOY,,,,-,,-,6.49,-6.8,-3.98,-15.69,-12.07,,-
OXMU,XSES,Prime US REIT Unit,Real Estate,REIT - Office,,SGD,Free Cash Flow Growth % YOY,,,,-,,-,1.89,-25.0,2.53,-44.45,-23.53,,-
OXMU,XSES,Prime US REIT Unit,Real Estate,REIT - Office,,SGD,Free Cash Flow/Sales %,,,,59.61,,57.35,54.99,38.63,40.78,25.68,20.91,,20.91
OXMU,XSES,Prime US REIT Unit,Real Estate,REIT - Office,,SGD,Free Cash Flow/Net Income,,,,1.72,,3.37,1.17,-2.22,-0.53,4.22,1.28,,1.28
OXMU,XSES,Prime US REIT Unit,Real Estate,REIT - Office,,SGD,Free Cash Flow/Share,,,,-,,0.06,0.06,0.06,0.04,0.04,0.02,,0.02
OYY,XSES,PropNex Ltd Ordinary Shares,Real Estate,Real Estate Services,,SGD,Operating Cash Flow Growth % YOY,,82.89,135.67,-1.96,26.3,43.04,98.03,-38.12,13.38,-34.75,139.8,,-
OYY,XSES,PropNex Ltd Ordinary Shares,Real Estate,Real Estate Services,,SGD,Free Cash Flow Growth % YOY,,96.21,127.62,-3.77,28.41,51.06,99.07,-38.16,12.79,-34.44,140.57,,-
OYY,XSES,PropNex Ltd Ordinary Shares,Real Estate,Real Estate Services,,SGD,Free Cash Flow/Sales %,,3.98,6.15,4.95,6.54,8.04,8.62,4.96,6.87,4.82,8.13,,8.13
OYY,XSES,PropNex Ltd Ordinary Shares,Real Estate,Real Estate Services,,SGD,Free Cash Flow/Net Income,,1.28,1.36,1.1,1.37,1.43,1.38,0.82,1.2,0.92,1.29,,1.29
OYY,XSES,PropNex Ltd Ordinary Shares,Real Estate,Real Estate Services,,SGD,Free Cash Flow/Share,,-,-,0.03,0.03,0.05,0.09,0.09,0.08,0.06,0.09,,0.09
P15,XSES,Pacific Century Regional Developments Ltd,Financial Services,Asset Management,,SGD,Operating Cash Flow Growth % YOY,,-,-,-,-,-,-,-,-,-,-,,-
P15,XSES,Pacific Century Regional Developments Ltd,Financial Services,Asset Management,,SGD,Free Cash Flow Growth % YOY,,-,-,-,-,-,-,-,-,-,-,,-
P15,XSES,Pacific Century Regional Developments Ltd,Financial Services,Asset Management,,SGD,Free Cash Flow/Sales %,,-18.92,-38.20,-37.30,-55.22,-26.16,-25.49,-28.40,-67.26,-30.05,-232.53,,-232.53
P15,XSES,Pacific Century Regional Developments Ltd,Financial Services,Asset Management,,SGD,Free Cash Flow/Net Income,,-0.03,-0.06,-0.12,-0.31,0.19,-0.12,-0.52,0.21,0.23,0.31,,0.31
P15,XSES,Pacific Century Regional Developments Ltd,Financial Services,Asset Management,,SGD,Free Cash Flow/Share,,0.00,0.00,0.00,0.00,0.00,0.00,0.00,0.00,-0.01,0.00,,0.00
P34,XSES,Delfi Ltd,Consumer Defensive,Confectioners,,SGD,Operating Cash Flow Growth % YOY,,37.94,-57.73,-52.58,168.28,32.16,82.02,-89.97,225.78,108.42,48.49,,-
P34,XSES,Delfi Ltd,Consumer Defensive,Confectioners,,SGD,Free Cash Flow Growth % YOY,,117.68,-68.22,-,-,74.93,96.91,-94.85,-60.91,1491.05,190.61,,-
P34,XSES,Delfi Ltd,Consumer Defensive,Confectioners,,SGD,Free Cash Flow/Sales %,,10.52,3.53,-2.08,4.54,9.73,18.22,0.79,0.28,4.7,13.74,,13.74
P34,XSES,Delfi Ltd,Consumer Defensive,Confectioners,,SGD,Free Cash Flow/Net Income,,1.62,0.61,-0.42,0.76,2.14,2.52,0.09,0.03,0.7,2.07,,2.07
P34,XSES,Delfi Ltd,Consumer Defensive,Confectioners,,SGD,Free Cash Flow/Share,,0.08,0.06,-0.01,0.04,0.06,0.13,0.09,-0.01,0.01,0.13,,0.13
P36,XSES,Pan Hong Holdings Group Ltd,Real Estate,Real Estate - Development,,SGD,Operating Cash Flow Growth % YOY,,-,51.55,-,-,-,272.38,-,-,629.42,-97.77,,-
P36,XSES,Pan Hong Holdings Group Ltd,Real Estate,Real Estate - Development,,SGD,Free Cash Flow Growth % YOY,,-,53.24,-,-,-,274.09,-,-,657.52,-98.34,,-
P36,XSES,Pan Hong Holdings Group Ltd,Real Estate,Real Estate - Development,,SGD,Free Cash Flow/Sales %,,50.86,33.7,-18.83,-11.20,5.60,10.05,-221.14,82.44,55.54,1.01,,-5.39
P36,XSES,Pan Hong Holdings Group Ltd,Real Estate,Real Estate - Development,,SGD,Free Cash Flow/Net Income,,3.83,4.68,-1.62,-0.60,0.32,0.49,-10.04,-4.04,6.24,0.17,,-0.63
P36,XSES,Pan Hong Holdings Group Ltd,Real Estate,Real Estate - Development,,SGD,Free Cash Flow/Share,,0.08,0.18,0.08,0.01,-0.15,0.13,-0.25,-0.10,0.09,0.0,,0.00
P40U,XSES,Starhill Global Real Estate Investment Trust,Real Estate,REIT - Retail,,SGD,Operating Cash Flow Growth % YOY,,-,-9.09,-3.71,-1.43,-23.24,38.31,-12.61,-0.6,10.57,-8.03,,-
P40U,XSES,Starhill Global Real Estate Investment Trust,Real Estate,REIT - Retail,,SGD,Free Cash Flow Growth % YOY,,-,-13.83,-7.47,3.34,-42.15,46.83,-2.87,1.45,15.28,-5.58,,-
P40U,XSES,Starhill Global Real Estate Investment Trust,Real Estate,REIT - Retail,,SGD,Free Cash Flow/Sales %,,69.77,61.04,58.53,61.25,40.42,59.18,55.89,56.3,64.2,59.9,,59.80
P40U,XSES,Starhill Global Real Estate Investment Trust,Real Estate,REIT - Retail,,SGD,Free Cash Flow/Net Income,,1.32,1.2,1.18,1.25,0.94,1.22,1.16,1.19,1.44,1.31,,1.30
P40U,XSES,Starhill Global Real Estate Investment Trust,Real Estate,REIT - Retail,,SGD,Free Cash Flow/Share,,0.06,0.06,0.06,0.06,0.05,0.04,0.04,0.05,0.05,0.05,,0.05
P52,XSES,Pan-United Corp Ltd,Basic Materials,Building Materials,,SGD,Operating Cash Flow Growth % YOY,,28.60,-28.78,-94.78,2039.56,39.86,-3.47,-64.13,196.81,43.61,-9.12,,-
P52,XSES,Pan-United Corp Ltd,Basic Materials,Building Materials,,SGD,Free Cash Flow Growth % YOY,,-,-15.25,-,-,40.91,-5.61,-89.75,887.48,40.54,-56.94,,-
P52,XSES,Pan-United Corp Ltd,Basic Materials,Building Materials,,SGD,Free Cash Flow/Sales %,,1.07,1.01,-1.19,4.77,12.76,8.31,0.71,6.38,8.54,3.33,,3.33
P52,XSES,Pan-United Corp Ltd,Basic Materials,Building Materials,,SGD,Free Cash Flow/Net Income,,0.55,0.32,-1.47,1.79,49.87,2.61,0.21,1.44,1.7,0.59,,0.59
P52,XSES,Pan-United Corp Ltd,Basic Materials,Building Materials,,SGD,Free Cash Flow/Share,,0.01,-0.01,0.00,0.06,0.13,0.02,0.03,0.04,0.12,0.03,,0.03
P74,XSES,China Kangda Food Co Ltd,Consumer Defensive,Packaged Foods,,SGD,Operating Cash Flow Growth % YOY,259.71,-79.46,-64.97,2319.71,-,-,-15.65,-,-,-,,,-
P74,XSES,China Kangda Food Co Ltd,Consumer Defensive,Packaged Foods,,SGD,Free Cash Flow Growth % YOY,-,-,-,-,-,-,1492.94,-,-,-,,,-
P74,XSES,China Kangda Food Co Ltd,Consumer Defensive,Packaged Foods,,SGD,Free Cash Flow/Sales %,-6.59,-0.75,-2.62,23.20,-23.21,0.20,3.13,-6.05,22.44,-6.13,,,-2.13
P74,XSES,China Kangda Food Co Ltd,Consumer Defensive,Packaged Foods,,SGD,Free Cash Flow/Net Income,2.88,-1.50,2.22,57.71,-74.97,-0.08,-1.17,6.86,-44.53,4.71,,,2.28
P74,XSES,China Kangda Food Co Ltd,Consumer Defensive,Packaged Foods,,SGD,Free Cash Flow/Share,-0.01,-0.16,-0.04,-0.02,0.14,-0.15,0.0,0.02,-,0.16,,,-0.04
P8A,XSES,Cordlife Group Ltd,Healthcare,Diagnostics & Research,,SGD,Operating Cash Flow Growth % YOY,,-,-,,18.75,36.95,-40.25,-37.44,64.8,-,-,,-
P8A,XSES,Cordlife Group Ltd,Healthcare,Diagnostics & Research,,SGD,Free Cash Flow Growth % YOY,,-,-,,26.16,52.09,-45.4,-55.26,96.31,-,-,,-
P8A,XSES,Cordlife Group Ltd,Healthcare,Diagnostics & Research,,SGD,Free Cash Flow/Sales %,,-16.38,3.93,,15.51,28.7,14.0,6.43,12.5,-53.21,-3.64,,-3.64
P8A,XSES,Cordlife Group Ltd,Healthcare,Diagnostics & Research,,SGD,Free Cash Flow/Net Income,,-0.79,-0.92,,1.48,2.22,1.29,0.73,1.98,0.78,0.11,,0.11
P8A,XSES,Cordlife Group Ltd,Healthcare,Diagnostics & Research,,SGD,Free Cash Flow/Share,,-0.04,-0.01,,0.03,0.05,0.05,0.03,0.03,-0.02,-0.01,,-0.01
P8Z,XSES,Bumitama Agri Ltd,Consumer Defensive,Farm Products,,SGD,Operating Cash Flow Growth % YOY,,2.84,37.21,-19.4,-20.53,102.82,8.31,32.63,-6.73,-0.37,43.1,,-
P8Z,XSES,Bumitama Agri Ltd,Consumer Defensive,Farm Products,,SGD,Free Cash Flow Growth % YOY,,-6.89,116.02,-19.7,-37.91,183.65,9.48,41.29,-26.54,10.21,75.34,,-
P8Z,XSES,Bumitama Agri Ltd,Consumer Defensive,Farm Products,,SGD,Free Cash Flow/Sales %,,7.03,12.38,9.64,6.53,15.64,12.72,13.91,10.48,10.66,15.67,,15.67
P8Z,XSES,Bumitama Agri Ltd,Consumer Defensive,Farm Products,,SGD,Free Cash Flow/Net Income,,0.46,0.84,0.74,0.73,1.26,0.91,0.78,0.66,0.78,1.12,,1.12
P8Z,XSES,Bumitama Agri Ltd,Consumer Defensive,Farm Products,,SGD,Free Cash Flow/Share,,0.05,0.07,0.05,0.02,0.03,0.07,0.12,0.07,0.09,0.12,,0.12
P9D,XSES,Civmec Ltd,Industrials,Engineering & Construction,,SGD,Operating Cash Flow Growth % YOY,,-20.17,-,-,-,20.72,-38.8,-96.96,5268.66,-25.08,-14.63,,-
P9D,XSES,Civmec Ltd,Industrials,Engineering & Construction,,SGD,Free Cash Flow Growth % YOY,,-98.08,-,-,-,136.62,45.64,-,-,-38.77,21.57,,-
P9D,XSES,Civmec Ltd,Industrials,Engineering & Construction,,SGD,Free Cash Flow/Sales %,,0.15,-13.70,-6.59,2.18,6.42,5.44,-0.63,9.07,4.46,6.92,,10.30
P9D,XSES,Civmec Ltd,Industrials,Engineering & Construction,,SGD,Free Cash Flow/Net Income,,0.03,-5.62,-1.86,1.75,1.43,1.05,-0.10,1.31,0.72,1.32,,1.89
P9D,XSES,Civmec Ltd,Industrials,Engineering & Construction,,SGD,Free Cash Flow/Share,,0.01,-0.04,-0.01,-0.13,0.01,0.11,-0.02,0.14,0.18,-0.11,,0.09
PCT,XSES,PC Partner Group Ltd,Technology,Computer Hardware,,SGD,Operating Cash Flow Growth % YOY,,-87.20,3770.17,-,-,-3.63,51.17,-61.39,33.92,-45.39,44.02,,-
PCT,XSES,PC Partner Group Ltd,Technology,Computer Hardware,,SGD,Free Cash Flow Growth % YOY,,-,-,-,-,-3.53,50.03,-68.96,66.00,-48.84,53.23,,-
PCT,XSES,PC Partner Group Ltd,Technology,Computer Hardware,,SGD,Free Cash Flow/Sales %,,-0.08,8.61,-7.23,62.69,58.88,44.35,19.75,38.54,17.93,19.85,,19.85
PCT,XSES,PC Partner Group Ltd,Technology,Computer Hardware,,SGD,Free Cash Flow/Net Income,,-0.03,2.22,-2.43,461.45,22.05,2.89,3.03,58.07,6.9,5.6,,5.60
PCT,XSES,PC Partner Group Ltd,Technology,Computer Hardware,,SGD,Free Cash Flow/Share,,-,-,-,-,-,-,-,-,0.9,0.81,,0.81
PPC,XSES,ProsperCap Corp Ltd,Consumer Cyclical,Lodging,,SGD,Operating Cash Flow Growth % YOY,,-,-,-,-,-,-,-,-,-,14.77,,-
PPC,XSES,ProsperCap Corp Ltd,Consumer Cyclical,Lodging,,SGD,Free Cash Flow Growth % YOY,,-,-,-,-,-,-,-,-,-,24.06,,-
PPC,XSES,ProsperCap Corp Ltd,Consumer Cyclical,Lodging,,SGD,Free Cash Flow/Sales %,,-474.93,-2733.51,-2103.01,-3432.50,-1818.97,-1876.19,-301.02,-,5.95,7.1,,7.10
PPC,XSES,ProsperCap Corp Ltd,Consumer Cyclical,Lodging,,SGD,Free Cash Flow/Net Income,,1.05,2.97,0.14,0.11,0.45,0.32,-0.28,0.10,-0.36,-0.61,,-0.61
PPC,XSES,ProsperCap Corp Ltd,Consumer Cyclical,Lodging,,SGD,Free Cash Flow/Share,,-1.38,-0.97,-0.40,-0.16,-0.10,-0.10,-0.09,-0.02,0.01,0.02,,0.02
PRH,XSES,Livingstone Health Holdings Ltd,Healthcare,Medical Care Facilities,,SGD,Operating Cash Flow Growth % YOY,,-,-,-,-,-,,-,-35.45,-71.24,398.59,,-
PRH,XSES,Livingstone Health Holdings Ltd,Healthcare,Medical Care Facilities,,SGD,Free Cash Flow Growth % YOY,,-,-,-,-,-,,-,-44.97,-78.1,810.2,,-
PRH,XSES,Livingstone Health Holdings Ltd,Healthcare,Medical Care Facilities,,SGD,Free Cash Flow/Sales %,,-6.46,1.15,-0.95,-1.06,-254.81,,10.74,6.13,1.74,14.56,,14.54
PRH,XSES,Livingstone Health Holdings Ltd,Healthcare,Medical Care Facilities,,SGD,Free Cash Flow/Net Income,,0.37,0.61,0.82,-17.23,0.74,,1.21,2.79,-0.15,7.23,,6.40
PRH,XSES,Livingstone Health Holdings Ltd,Healthcare,Medical Care Facilities,,SGD,Free Cash Flow/Share,,-,-,-0.01,0.00,-0.01,,0.00,0.01,0.0,0.0,,0.01
Q01,XSES,QAF Ltd,Consumer Defensive,Packaged Foods,,SGD,Operating Cash Flow Growth % YOY,,17.37,-39.19,-66.19,183.68,61.64,13.76,-51.97,9.78,13.35,-18.46,,-
Q01,XSES,QAF Ltd,Consumer Defensive,Packaged Foods,,SGD,Free Cash Flow Growth % YOY,,14.25,-95.45,-,-,170.94,22.07,-67.29,-30.91,156.95,-22.92,,-
Q01,XSES,QAF Ltd,Consumer Defensive,Packaged Foods,,SGD,Free Cash Flow/Sales %,,3.1,0.15,-6.58,2.77,11.67,14.18,4.48,2.84,7.22,5.59,,5.59
Q01,XSES,QAF Ltd,Consumer Defensive,Packaged Foods,,SGD,Free Cash Flow/Net Income,,0.23,0.04,-6.59,0.87,2.34,1.52,1.33,0.65,1.32,0.89,,0.89
Q01,XSES,QAF Ltd,Consumer Defensive,Packaged Foods,,SGD,Free Cash Flow/Share,,0.06,0.02,-0.09,0.00,0.08,0.11,0.09,0.02,0.06,0.08,,0.08
Q0F,XSES,IHH Healthcare Bhd,Healthcare,Medical Care Facilities,,SGD,Operating Cash Flow Growth % YOY,,-2.62,16.91,-17.54,31.29,-0.11,44.46,3.84,2.5,13.98,30.08,,-
Q0F,XSES,IHH Healthcare Bhd,Healthcare,Medical Care Facilities,,SGD,Free Cash Flow Growth % YOY,,-,-,6.39,70.05,12.82,59.75,-20.71,-6.95,-42.39,81.36,,-
Q0F,XSES,IHH Healthcare Bhd,Healthcare,Medical Care Facilities,,SGD,Free Cash Flow/Sales %,,-3.53,6.77,6.97,9.16,11.49,14.37,10.85,8.67,4.29,7.37,,7.37
Q0F,XSES,IHH Healthcare Bhd,Healthcare,Medical Care Facilities,,SGD,Free Cash Flow/Net Income,,-0.58,0.78,1.28,2.48,5.33,1.32,1.26,0.62,0.39,0.9,,0.90
Q0F,XSES,IHH Healthcare Bhd,Healthcare,Medical Care Facilities,,SGD,Free Cash Flow/Share,,0.00,0.02,0.03,0.05,0.05,0.08,0.08,0.06,0.05,0.05,,0.05
Q0X,XSES,Ley Choon Group Holdings Ltd,Industrials,Engineering & Construction,,SGD,Operating Cash Flow Growth % YOY,,11.94,-85.35,47.78,-68.11,265.39,-12.19,65.19,8.83,92.89,-46.99,,-
Q0X,XSES,Ley Choon Group Holdings Ltd,Industrials,Engineering & Construction,,SGD,Free Cash Flow Growth % YOY,,155.18,-98.59,791.17,-55.14,299.5,-12.26,95.53,-0.54,87.87,-45.44,,-
Q0X,XSES,Ley Choon Group Holdings Ltd,Industrials,Engineering & Construction,,SGD,Free Cash Flow/Sales %,,29.37,0.39,3.82,1.76,7.66,8.4,13.36,9.96,17.96,9.7,,12.13
Q0X,XSES,Ley Choon Group Holdings Ltd,Industrials,Engineering & Construction,,SGD,Free Cash Flow/Net Income,,-0.51,0.03,2.68,-0.19,-1.58,7.27,2.61,1.34,2.13,0.87,,1.19
Q0X,XSES,Ley Choon Group Holdings Ltd,Industrials,Engineering & Construction,,SGD,Free Cash Flow/Share,,0.03,0.03,0.0,0.0,0.0,0.01,0.01,0.0,0.01,0.01,,0.01
Q5T,XSES,Far East Hospitality Trust,Real Estate,REIT - Diversified,,SGD,Operating Cash Flow Growth % YOY,,-13.2,-7.82,13.87,0.36,-24.42,-9.38,3.75,35.32,-3.73,-7.49,,-
Q5T,XSES,Far East Hospitality Trust,Real Estate,REIT - Diversified,,SGD,Free Cash Flow Growth % YOY,,-16.77,-2.89,13.18,1.77,-26.92,-4.95,-5.41,43.69,-2.91,-70.42,,-
Q5T,XSES,Far East Hospitality Trust,Real Estate,REIT - Diversified,,SGD,Free Cash Flow/Sales %,,80.64,82.26,85.03,85.14,86.36,82.08,77.34,86.96,82.95,23.95,,23.95
Q5T,XSES,Far East Hospitality Trust,Real Estate,REIT - Diversified,,SGD,Free Cash Flow/Net Income,,2.92,5.97,1.07,1.63,-0.77,0.52,0.32,0.71,1.93,0.9,,0.90
Q5T,XSES,Far East Hospitality Trust,Real Estate,REIT - Diversified,,SGD,Free Cash Flow/Share,,0.05,0.05,0.05,0.05,0.04,0.03,0.04,0.04,0.05,0.04,,0.04
QC7,XSES,Q & M Dental Group (Singapore) Ltd,Healthcare,Medical Care Facilities,,SGD,Operating Cash Flow Growth % YOY,,42.01,-16.83,-16.7,113.57,-15.04,113.86,-33.95,-0.86,20.56,-7.97,,-
QC7,XSES,Q & M Dental Group (Singapore) Ltd,Healthcare,Medical Care Facilities,,SGD,Free Cash Flow Growth % YOY,,-,1.94,-4.7,99.93,-20.26,154.33,-46.16,18.32,19.76,-0.2,,-
QC7,XSES,Q & M Dental Group (Singapore) Ltd,Healthcare,Medical Care Facilities,,SGD,Free Cash Flow/Sales %,,6.87,8.79,8.63,16.16,11.98,20.4,12.46,14.62,17.71,16.19,,16.19
QC7,XSES,Q & M Dental Group (Singapore) Ltd,Healthcare,Medical Care Facilities,,SGD,Free Cash Flow/Net Income,,0.38,0.45,0.74,1.15,0.84,1.38,2.0,2.32,2.19,3.43,,3.43
QC7,XSES,Q & M Dental Group (Singapore) Ltd,Healthcare,Medical Care Facilities,,SGD,Free Cash Flow/Share,,0.01,0.02,0.01,0.02,0.01,0.04,0.03,0.02,0.03,0.03,,0.03
QES,XSES,China Sunsine Chemical Holdings Ltd,Basic Materials,Specialty Chemicals,,SGD,Operating Cash Flow Growth % YOY,,-52.84,94.98,76.72,-35.9,-4.72,-13.02,-44.12,186.0,-3.41,9.49,,-
QES,XSES,China Sunsine Chemical Holdings Ltd,Basic Materials,Specialty Chemicals,,SGD,Free Cash Flow Growth % YOY,,-69.89,55.13,205.09,-34.01,-59.65,-47.39,-38.6,756.67,9.52,-18.08,,-
QES,XSES,China Sunsine Chemical Holdings Ltd,Basic Materials,Specialty Chemicals,,SGD,Free Cash Flow/Sales %,,5.9,6.81,17.34,13.96,6.5,2.14,1.28,12.02,13.07,11.48,,11.48
QES,XSES,China Sunsine Chemical Holdings Ltd,Basic Materials,Specialty Chemicals,,SGD,Free Cash Flow/Net Income,,0.54,0.55,0.89,0.97,0.69,0.16,0.08,1.13,1.08,0.93,,0.93
QES,XSES,China Sunsine Chemical Holdings Ltd,Basic Materials,Specialty Chemicals,,SGD,Free Cash Flow/Share,,0.03,0.04,0.09,0.11,0.04,0.02,-0.01,0.07,0.07,0.11,,0.11
QNS,XSES,Southern Alliance Mining Ltd Ordinary Shares,Basic Materials,Steel,,SGD,Operating Cash Flow Growth % YOY,,,-,-,642.00,203.05,55.05,-,-,-,-70.47,,-
QNS,XSES,Southern Alliance Mining Ltd Ordinary Shares,Basic Materials,Steel,,SGD,Free Cash Flow Growth % YOY,,,-,-,963.72,212.76,39.67,-,-,-,-,,-
QNS,XSES,Southern Alliance Mining Ltd Ordinary Shares,Basic Materials,Steel,,SGD,Free Cash Flow/Sales %,,,-10.86,3.11,17.18,39.96,36.63,-15.39,-31.63,-4.92,-11.92,,-3.27
QNS,XSES,Southern Alliance Mining Ltd Ordinary Shares,Basic Materials,Steel,,SGD,Free Cash Flow/Net Income,,,0.20,-0.18,0.37,1.64,0.96,-1.69,5.05,1.84,0.87,,0.41
QNS,XSES,Southern Alliance Mining Ltd Ordinary Shares,Basic Materials,Steel,,SGD,Free Cash Flow/Share,,,-,-,-,0.05,0.06,0.06,-0.04,-0.01,-0.02,,-0.02
QS9,XSES,Global Invacom Group Ltd,Technology,Communication Equipment,,SGD,Operating Cash Flow Growth % YOY,,-,-,-,188.42,-11.73,-,-,41.14,-,-,,-
QS9,XSES,Global Invacom Group Ltd,Technology,Communication Equipment,,SGD,Free Cash Flow Growth % YOY,,-,-,-,237.98,0.86,-,-,32.31,-,-,,-
QS9,XSES,Global Invacom Group Ltd,Technology,Communication Equipment,,SGD,Free Cash Flow/Sales %,,1.03,-2.41,1.83,5.61,7.39,-1.94,0.94,1.41,-5.73,-3.97,,-3.97
QS9,XSES,Global Invacom Group Ltd,Technology,Communication Equipment,,SGD,Free Cash Flow/Net Income,,-0.48,-0.95,1.45,-0.61,2.91,-2.85,-0.04,-0.94,0.24,0.54,,0.54
QS9,XSES,Global Invacom Group Ltd,Technology,Communication Equipment,,SGD,Free Cash Flow/Share,,0.02,-0.02,0.00,0.03,0.03,0.03,0.01,-0.01,0.00,0.00,,0.00
QZG,XSES,Accrelist Ltd,Healthcare,Medical Care Facilities,,SGD,Operating Cash Flow Growth % YOY,,-,-,-50.89,-,-,-44.94,-,-,-,-,,-
QZG,XSES,Accrelist Ltd,Healthcare,Medical Care Facilities,,SGD,Free Cash Flow Growth % YOY,,-,-,-56.65,-,-,-45.16,-,-,-,-,,-
QZG,XSES,Accrelist Ltd,Healthcare,Medical Care Facilities,,SGD,Free Cash Flow/Sales %,,-88.30,1027.11,3.47,-6.67,8.49,4.27,-0.88,1.16,-58.27,-22.92,,-30.48
QZG,XSES,Accrelist Ltd,Healthcare,Medical Care Facilities,,SGD,Free Cash Flow/Net Income,,0.37,-1.08,-12.58,-77.98,-0.98,-11.16,0.17,-0.08,4.18,0.69,,0.87
QZG,XSES,Accrelist Ltd,Healthcare,Medical Care Facilities,,SGD,Free Cash Flow/Share,,-0.25,0.01,0.04,0.01,-0.02,0.02,0.03,-0.01,-0.03,0.01,,-0.01
R14,XSES,Eneco Energy Ltd,Industrials,Integrated Freight & Logistics,,SGD,Operating Cash Flow Growth % YOY,,-,-,-,-,220.93,-25.31,-4.54,-17.93,-14.23,,,-
R14,XSES,Eneco Energy Ltd,Industrials,Integrated Freight & Logistics,,SGD,Free Cash Flow Growth % YOY,,-,-,-,-,450.48,-25.65,-13.51,-13.3,-18.9,,,-
R14,XSES,Eneco Energy Ltd,Industrials,Integrated Freight & Logistics,,SGD,Free Cash Flow/Sales %,,-22.86,-27.91,-26.17,3.29,20.37,14.04,14.98,13.61,10.78,,,25.11
R14,XSES,Eneco Energy Ltd,Industrials,Integrated Freight & Logistics,,SGD,Free Cash Flow/Net Income,,0.51,1.90,0.29,-0.05,0.58,0.81,2.3,36.17,-4.72,,,16.06
R14,XSES,Eneco Energy Ltd,Industrials,Integrated Freight & Logistics,,SGD,Free Cash Flow/Share,,-0.04,-0.04,-0.03,0.00,-,-,0.01,0.0,0.0,,,0.00
RCU,XSES,Assurance Healthcare Ltd,Technology,Information Technology Services,,SGD,Operating Cash Flow Growth % YOY,,-99.95,-,-,-,-,-,-,-,-,-,,-
RCU,XSES,Assurance Healthcare Ltd,Technology,Information Technology Services,,SGD,Free Cash Flow Growth % YOY,,-,-,-,-,-,-,-,-,-,-,,-
RCU,XSES,Assurance Healthcare Ltd,Technology,Information Technology Services,,SGD,Free Cash Flow/Sales %,,-0.78,-88.34,-23.36,-23.11,8.90,-38.63,-15.20,-540.83,-255.53,-105.32,,-105.32
RCU,XSES,Assurance Healthcare Ltd,Technology,Information Technology Services,,SGD,Free Cash Flow/Net Income,,0.01,-10.72,0.19,0.11,6.03,1.50,0.29,0.54,1.32,1.07,,1.07
RCU,XSES,Assurance Healthcare Ltd,Technology,Information Technology Services,,SGD,Free Cash Flow/Share,,-,-,-,0.02,-0.01,-0.01,-0.01,-0.01,-0.01,-0.01,,-0.01
RE4,XSES,Geo Energy Resources Ltd,Energy,Thermal Coal,,SGD,Operating Cash Flow Growth % YOY,,207.66,-33.21,-,-,1627.75,384.3,-37.72,-,-,36.86,,-
RE4,XSES,Geo Energy Resources Ltd,Energy,Thermal Coal,,SGD,Free Cash Flow Growth % YOY,,5697.42,-81.03,-,-,-,449.84,-37.75,-,-,-58.9,,-
RE4,XSES,Geo Energy Resources Ltd,Energy,Thermal Coal,,SGD,Free Cash Flow/Sales %,,33.06,3.61,-16.25,-10.66,15.81,41.53,22.63,-11.15,7.18,2.11,,0.26
RE4,XSES,Geo Energy Resources Ltd,Energy,Thermal Coal,,SGD,Free Cash Flow/Net Income,,2.71,0.31,-2.70,0.56,0.51,1.5,1.03,-0.88,0.78,0.43,,0.07
RE4,XSES,Geo Energy Resources Ltd,Energy,Thermal Coal,,SGD,Free Cash Flow/Share,,0.01,0.04,-0.02,-0.02,0.00,0.13,0.26,-,-,0.06,,0.06
RQ1,XSES,Overseas Education Ltd,Consumer Defensive,Education & Training Services,,SGD,Operating Cash Flow Growth % YOY,,-31.93,36.43,1.61,15.29,-13.62,-29.89,76.47,-13.3,-23.43,-24.49,,-
RQ1,XSES,Overseas Education Ltd,Consumer Defensive,Education & Training Services,,SGD,Free Cash Flow Growth % YOY,,-,38.8,0.02,16.31,-13.62,-30.67,83.4,-17.71,-23.8,-23.57,,-
RQ1,XSES,Overseas Education Ltd,Consumer Defensive,Education & Training Services,,SGD,Free Cash Flow/Sales %,,18.53,27.28,28.48,33.41,30.01,22.01,39.46,28.34,21.49,17.28,,17.28
RQ1,XSES,Overseas Education Ltd,Consumer Defensive,Education & Training Services,,SGD,Free Cash Flow/Net Income,,3.22,3.92,3.41,3.42,2.3,2.59,5.7,3.68,3.01,70.0,,70.00
RQ1,XSES,Overseas Education Ltd,Consumer Defensive,Education & Training Services,,SGD,Free Cash Flow/Share,,0.05,0.04,0.06,0.06,0.05,0.06,0.04,0.06,0.06,0.04,,0.04
RXS,XSES,Pacific Radiance Ltd,Industrials,Marine Shipping,,SGD,Operating Cash Flow Growth % YOY,,-,-,-,-,-,-23.05,-66.29,372.26,74.39,-,,-
RXS,XSES,Pacific Radiance Ltd,Industrials,Marine Shipping,,SGD,Free Cash Flow Growth % YOY,,-,-,-,-,-,50.12,-86.79,736.61,-,-,,-
RXS,XSES,Pacific Radiance Ltd,Industrials,Marine Shipping,,SGD,Free Cash Flow/Sales %,,-245.30,-37.34,-16.67,-10.77,3.88,37.59,1.64,13.03,-10.20,-7.55,,-7.55
RXS,XSES,Pacific Radiance Ltd,Industrials,Marine Shipping,,SGD,Free Cash Flow/Net Income,,1.44,0.08,0.10,0.10,-0.04,-0.08,0.0,0.28,-0.17,-0.26,,-0.26
RXS,XSES,Pacific Radiance Ltd,Industrials,Marine Shipping,,SGD,Free Cash Flow/Share,,-4.50,-0.85,-,-,-,-,0.01,0.01,0.00,-0.01,,-0.01
S07,XSES,Shangri-La Asia Ltd,Consumer Cyclical,Lodging,,SGD,Operating Cash Flow Growth % YOY,,15.75,20.74,-5.77,-48.37,-,-,-,-,-39.22,9.85,,-
S07,XSES,Shangri-La Asia Ltd,Consumer Cyclical,Lodging,,SGD,Free Cash Flow Growth % YOY,,-,-,238.8,-,-,-,-,-,-69.76,262.94,,-
S07,XSES,Shangri-La Asia Ltd,Consumer Cyclical,Lodging,,SGD,Free Cash Flow/Sales %,,-9.97,1.99,5.87,-4.65,-48.21,-21.30,-16.14,3.91,1.16,4.11,,4.11
S07,XSES,Shangri-La Asia Ltd,Consumer Cyclical,Lodging,,SGD,Free Cash Flow/Net Income,,-1.93,0.28,0.77,-0.74,1.08,0.91,1.49,0.45,0.16,0.82,,0.82
S07,XSES,Shangri-La Asia Ltd,Consumer Cyclical,Lodging,,SGD,Free Cash Flow/Share,,-0.88,-0.45,0.1,0.32,-0.25,-1.09,-0.58,-0.52,0.18,0.05,,0.05
S08,XSES,Singapore Post Ltd,Industrials,Integrated Freight & Logistics,,SGD,Operating Cash Flow Growth % YOY,,-44.10,52.31,-0.91,-23.24,20.36,17.62,-58.44,29.19,-19.25,-16.74,,-
S08,XSES,Singapore Post Ltd,Industrials,Integrated Freight & Logistics,,SGD,Free Cash Flow Growth % YOY,,-,-,-,-11.2,29.11,24.06,-66.28,33.64,-56.23,-30.14,,-
S08,XSES,Singapore Post Ltd,Industrials,Integrated Freight & Logistics,,SGD,Free Cash Flow/Sales %,,-12.89,0.02,9.30,7.76,11.88,13.78,3.92,4.66,2.26,3.28,,-7.45
S08,XSES,Singapore Post Ltd,Industrials,Integrated Freight & Logistics,,SGD,Free Cash Flow/Net Income,,-0.60,0.01,1.08,6.37,1.71,4.06,0.79,3.53,0.49,0.11,,-0.46
S08,XSES,Singapore Post Ltd,Industrials,Integrated Freight & Logistics,,SGD,Free Cash Flow/Share,,-0.03,0.00,0.05,0.05,0.04,0.11,0.05,0.02,0.04,0.03,,-0.01
S19,XSES,Singapore Shipping Corp Ltd,Industrials,Marine Shipping,,SGD,Operating Cash Flow Growth % YOY,,110.08,-4.55,-5.28,4.84,0.5,-11.58,-2.43,-5.27,-13.4,18.14,,-
S19,XSES,Singapore Shipping Corp Ltd,Industrials,Marine Shipping,,SGD,Free Cash Flow Growth % YOY,,-,-7.67,-0.95,1.99,-5.84,-3.81,-0.64,-10.5,-15.81,16.45,,-
S19,XSES,Singapore Shipping Corp Ltd,Industrials,Marine Shipping,,SGD,Free Cash Flow/Sales %,,53.48,51.04,47.53,46.23,45.21,48.13,44.03,38.11,33.4,36.45,,38.27
S19,XSES,Singapore Shipping Corp Ltd,Industrials,Marine Shipping,,SGD,Free Cash Flow/Net Income,,2.51,2.59,2.11,2.12,2.3,1.98,2.05,1.57,1.66,1.55,,1.40
S19,XSES,Singapore Shipping Corp Ltd,Industrials,Marine Shipping,,SGD,Free Cash Flow/Share,,-0.22,0.07,0.07,0.07,0.07,0.07,0.07,0.06,0.06,0.06,,0.06
S20,XSES,Straits Trading Co Ltd,Basic Materials,Other Industrial Metals & Mining,,SGD,Operating Cash Flow Growth % YOY,,-,-,-,276.33,-,-,62.74,-38.98,-61.04,129.51,,-
S20,XSES,Straits Trading Co Ltd,Basic Materials,Other Industrial Metals & Mining,,SGD,Free Cash Flow Growth % YOY,,-,-,-,2473.83,-,-,111.03,-,-,-,,-
S20,XSES,Straits Trading Co Ltd,Basic Materials,Other Industrial Metals & Mining,,SGD,Free Cash Flow/Sales %,,-2.22,-9.59,0.15,4.84,-16.95,5.21,8.26,-20.98,-19.10,0.13,,0.13
S20,XSES,Straits Trading Co Ltd,Basic Materials,Other Industrial Metals & Mining,,SGD,Free Cash Flow/Net Income,,-0.17,-0.94,0.01,0.21,-1.02,0.09,0.08,3.61,14.92,0.00,,0.00
S20,XSES,Straits Trading Co Ltd,Basic Materials,Other Industrial Metals & Mining,,SGD,Free Cash Flow/Share,,0.01,-0.07,-0.16,0.07,-0.03,-0.09,0.12,0.05,-0.26,-0.18,,-0.18
S23,XSES,Singapura Finance Ltd,Financial Services,Credit Services,,SGD,Operating Cash Flow Growth % YOY,,,-,-,-,-,-,-,-67.47,-84.35,707.4,,-
S23,XSES,Singapura Finance Ltd,Financial Services,Credit Services,,SGD,Free Cash Flow Growth % YOY,,,-,-,-,-,-,-,-67.48,-85.77,705.35,,-
S23,XSES,Singapura Finance Ltd,Financial Services,Credit Services,,SGD,Free Cash Flow/Sales %,,,205.01,-25.75,352.66,-439.99,-15.58,191.06,74.22,9.97,64.72,,64.72
S23,XSES,Singapura Finance Ltd,Financial Services,Credit Services,,SGD,Free Cash Flow/Net Income,,,9.74,-0.71,9.95,-18.70,-0.41,6.11,2.69,0.39,2.07,,2.07
S23,XSES,Singapura Finance Ltd,Financial Services,Credit Services,,SGD,Free Cash Flow/Share,,,0.25,-0.67,-0.09,0.90,-0.87,0.03,0.97,-0.29,-0.02,,-0.02
S29,XSES,Stamford Tyres Corp Ltd,Consumer Cyclical,Auto Parts,,SGD,Operating Cash Flow Growth % YOY,,-,-30.62,-35.58,-,-,286.51,-,-,7.35,-,,-
S29,XSES,Stamford Tyres Corp Ltd,Consumer Cyclical,Auto Parts,,SGD,Free Cash Flow Growth % YOY,,-,-22.97,-37.01,-,-,340.38,-,-,5.75,-,,-
S29,XSES,Stamford Tyres Corp Ltd,Consumer Cyclical,Auto Parts,,SGD,Free Cash Flow/Sales %,,9.65,7.55,4.58,-1.98,2.81,12.73,-4.51,8.75,9.44,-6.14,,3.20
S29,XSES,Stamford Tyres Corp Ltd,Consumer Cyclical,Auto Parts,,SGD,Free Cash Flow/Net Income,,9.04,2.22,2.18,-9.76,-1.40,9.94,-2.26,4.07,2.97,-12.76,,8.89
S29,XSES,Stamford Tyres Corp Ltd,Consumer Cyclical,Auto Parts,,SGD,Free Cash Flow/Share,,0.12,0.07,0.06,-0.04,-0.03,0.13,-0.05,0.02,0.1,-0.04,,-0.05
S35,XSES,Sing Investments & Finance Ltd,Financial Services,Credit Services,,SGD,Operating Cash Flow Growth % YOY,,-23.94,-,-,-99.79,-,-,-,-,-,-,,-
S35,XSES,Sing Investments & Finance Ltd,Financial Services,Credit Services,,SGD,Free Cash Flow Growth % YOY,,-23.87,-,-,-,-,-,-,-,-,-,,-
S35,XSES,Sing Investments & Finance Ltd,Financial Services,Credit Services,,SGD,Free Cash Flow/Sales %,,216.33,-320.45,154.73,-5.54,114.28,-88.44,-58.46,124.39,-118.32,-43.83,,-43.83
S35,XSES,Sing Investments & Finance Ltd,Financial Services,Credit Services,,SGD,Free Cash Flow/Net Income,,6.72,-6.91,5.00,-0.24,4.96,-2.13,-1.16,4.45,-4.32,-1.35,,-1.35
S35,XSES,Sing Investments & Finance Ltd,Financial Services,Credit Services,,SGD,Free Cash Flow/Share,,0.24,-0.12,0.02,0.00,0.68,0.12,-0.50,1.06,-0.92,0.49,,0.49
S3N,XSES,Global Resource Construction Ltd,Real Estate,Real Estate Services,,SGD,Operating Cash Flow Growth % YOY,,-25.96,-11.04,-,-,-44.96,68.58,-84.86,-30.57,-47.94,4266.73,,-
S3N,XSES,Global Resource Construction Ltd,Real Estate,Real Estate Services,,SGD,Free Cash Flow Growth % YOY,,-71.97,130.43,-,-,-45.05,68.64,-87.17,-20.45,-50.11,4391.48,,-
S3N,XSES,Global Resource Construction Ltd,Real Estate,Real Estate Services,,SGD,Free Cash Flow/Sales %,,14.54,18.87,-24.84,59.03,34.95,55.74,7.01,6.32,4.21,14.9,,5.06
S3N,XSES,Global Resource Construction Ltd,Real Estate,Real Estate Services,,SGD,Free Cash Flow/Net Income,,-0.64,-0.36,-1.36,-1.15,-0.24,2.48,-0.05,0.36,0.13,2.77,,1.15
S3N,XSES,Global Resource Construction Ltd,Real Estate,Real Estate Services,,SGD,Free Cash Flow/Share,,0.01,0.01,0.00,0.01,0.01,0.01,0.01,0.0,0.0,0.0,,0.01
S41,XSES,Hong Leong Finance Ltd,Financial Services,Banks - Regional,,SGD,Operating Cash Flow Growth % YOY,,-,-,-,-,-,-,-,280.89,-,-,,-
S41,XSES,Hong Leong Finance Ltd,Financial Services,Banks - Regional,,SGD,Free Cash Flow Growth % YOY,,-,-,-,-,-,-,-,282.32,-,-,,-
S41,XSES,Hong Leong Finance Ltd,Financial Services,Banks - Regional,,SGD,Free Cash Flow/Sales %,,-178.28,-37.16,187.07,-178.37,-211.11,-34.74,68.24,317.97,-132.52,-103.79,,-103.79
S41,XSES,Hong Leong Finance Ltd,Financial Services,Banks - Regional,,SGD,Free Cash Flow/Net Income,,-5.02,-0.82,3.60,-3.73,-5.20,-0.78,1.35,7.23,-2.97,-3.04,,-3.04
S41,XSES,Hong Leong Finance Ltd,Financial Services,Banks - Regional,,SGD,Free Cash Flow/Share,,-0.08,0.45,0.40,-0.60,-0.03,-0.60,0.27,0.57,0.20,0.59,,0.59
S44,XSES,EnGro Corp Ltd,Basic Materials,Building Materials,,SGD,Operating Cash Flow Growth % YOY,,-,-,-,-,-,44.27,-,-,-80.60,1031.21,,-
S44,XSES,EnGro Corp Ltd,Basic Materials,Building Materials,,SGD,Free Cash Flow Growth % YOY,,-,-,-,-,-,48.69,-,-,-,-,,-
S44,XSES,EnGro Corp Ltd,Basic Materials,Building Materials,,SGD,Free Cash Flow/Sales %,,1.42,-9.23,-1.72,-0.89,9.21,10.24,-9.39,3.21,-4.65,4.89,,4.89
S44,XSES,EnGro Corp Ltd,Basic Materials,Building Materials,,SGD,Free Cash Flow/Net Income,,0.38,-3.60,-0.42,-0.11,0.41,0.26,7.74,-0.81,-7.89,0.68,,0.68
S44,XSES,EnGro Corp Ltd,Basic Materials,Building Materials,,SGD,Free Cash Flow/Share,,-0.02,-0.06,-0.08,0.00,0.13,-0.04,-0.02,0.05,-0.08,0.08,,0.08
S56,XSES,Samudera Shipping Line Ltd,Industrials,Marine Shipping,,SGD,Operating Cash Flow Growth % YOY,,30.85,-74.99,-,-,29.71,214.31,243.75,-47.4,-56.14,35.01,,-
S56,XSES,Samudera Shipping Line Ltd,Industrials,Marine Shipping,,SGD,Free Cash Flow Growth % YOY,,29.12,-88.14,-,-,37.79,231.92,215.57,-68.1,-78.8,180.58,,-
S56,XSES,Samudera Shipping Line Ltd,Industrials,Marine Shipping,,SGD,Free Cash Flow/Sales %,,11.08,1.21,-1.50,7.21,10.67,23.38,39.25,21.27,4.94,12.18,,12.18
S56,XSES,Samudera Shipping Line Ltd,Industrials,Marine Shipping,,SGD,Free Cash Flow/Net Income,,-5.32,0.58,-0.77,6.89,5.13,0.96,1.21,1.22,0.37,0.96,,0.96
S56,XSES,Samudera Shipping Line Ltd,Industrials,Marine Shipping,,SGD,Free Cash Flow/Share,,0.06,0.03,0.02,0.00,0.05,0.15,0.61,0.77,0.13,0.18,,0.18
S58,XSES,SATS Ltd,Industrials,Airports & Air Services,,SGD,Operating Cash Flow Growth % YOY,,15.51,13.13,-20.52,20.41,-17.49,-51.73,-47.08,27.64,543.76,74.01,,-
S58,XSES,SATS Ltd,Industrials,Airports & Air Services,,SGD,Free Cash Flow Growth % YOY,,26.7,-0.47,-33.74,42.18,-19.1,-66.6,-,-,-,105.02,,-
S58,XSES,SATS Ltd,Industrials,Airports & Air Services,,SGD,Free Cash Flow/Sales %,,13.06,12.77,8.48,11.38,8.67,5.8,-1.33,-2.27,6.34,11.5,,9.88
S58,XSES,SATS Ltd,Industrials,Airports & Air Services,,SGD,Free Cash Flow/Net Income,,1.01,0.86,0.56,0.84,1.0,-0.71,-0.77,1.50,5.79,2.75,,2.23
S58,XSES,SATS Ltd,Industrials,Airports & Air Services,,SGD,Free Cash Flow/Share,,0.16,0.2,0.15,0.16,0.17,0.02,0.03,-0.06,0.12,0.39,,0.51
S59,XSES,,,,,SGD,Operating Cash Flow Growth % YOY,,,70.96,-58.73,38.52,20.81,82.13,-82.39,121.26,55.39,66.33,-99.98,-
S59,XSES,,,,,SGD,Free Cash Flow Growth % YOY,,,179.73,-87.12,212.79,33.32,206.59,-95.93,-15.82,939.41,98.38,-,-
S59,XSES,,,,,SGD,Free Cash Flow/Sales %,,,8.0,1.04,3.48,4.77,32.82,1.04,0.63,4.73,8.24,0.00,0.00
S59,XSES,,,,,SGD,Free Cash Flow/Net Income,,,0.27,0.06,0.22,0.24,-12.93,0.09,0.07,0.53,0.74,0.00,0.00
S59,XSES,,,,,SGD,Free Cash Flow/Share,,,0.09,0.01,0.03,0.07,0.05,0.16,-0.07,0.02,-0.02,0.14,0.14
S61,XSES,SBS Transit Ltd,Industrials,Railroads,,SGD,Operating Cash Flow Growth % YOY,,3836.26,44.24,69.66,-47.34,80.78,48.36,-18.62,-58.99,-44.11,207.25,,-
S61,XSES,SBS Transit Ltd,Industrials,Railroads,,SGD,Free Cash Flow Growth % YOY,,-,41.42,123.51,-58.28,143.09,43.9,-10.12,-65.55,-63.69,385.21,,-
S61,XSES,SBS Transit Ltd,Industrials,Railroads,,SGD,Free Cash Flow/Sales %,,3.77,4.92,9.47,3.78,10.8,14.59,11.34,3.88,1.38,6.87,,6.87
S61,XSES,SBS Transit Ltd,Industrials,Railroads,,SGD,Free Cash Flow/Net Income,,1.32,1.24,1.64,0.67,1.68,3.7,2.53,0.86,0.31,1.7,,1.70
S61,XSES,SBS Transit Ltd,Industrials,Railroads,,SGD,Free Cash Flow/Share,,-0.26,0.29,0.29,0.31,0.53,0.51,0.43,0.53,-0.04,0.24,,0.24
S63,XSES,Singapore Technologies Engineering Ltd,Industrials,Aerospace & Defense,,SGD,Operating Cash Flow Growth % YOY,,63.03,0.64,-16.26,-7.75,159.82,-27.31,-39.59,75.10,45.78,-0.57,,-
S63,XSES,Singapore Technologies Engineering Ltd,Industrials,Aerospace & Defense,,SGD,Free Cash Flow Growth % YOY,,153.7,-3.07,-55.01,3.95,537.49,-44.97,-,-,108.49,-3.86,,-
S63,XSES,Singapore Technologies Engineering Ltd,Industrials,Aerospace & Defense,,SGD,Free Cash Flow/Sales %,,6.45,6.31,2.81,2.48,17.4,8.91,-3.24,5.57,10.4,9.13,,9.13
S63,XSES,Singapore Technologies Engineering Ltd,Industrials,Aerospace & Defense,,SGD,Free Cash Flow/Net Income,,0.89,0.82,0.38,0.34,2.39,1.2,-0.55,0.96,1.67,2.44,,2.44
S63,XSES,Singapore Technologies Engineering Ltd,Industrials,Aerospace & Defense,,SGD,Free Cash Flow/Share,,0.09,0.11,0.14,0.04,0.26,0.21,0.08,0.12,0.18,0.36,,0.36
S68,XSES,Singapore Exchange Ltd,Financial Services,Financial Data & Stock Exchanges,,SGD,Operating Cash Flow Growth % YOY,,-1.3,-10.8,12.99,-2.19,49.51,-11.41,5.53,-23.45,37.86,36.68,,-
S68,XSES,Singapore Exchange Ltd,Financial Services,Financial Data & Stock Exchanges,,SGD,Free Cash Flow Growth % YOY,,0.87,-9.16,9.66,6.28,59.28,-13.89,6.25,-27.25,40.48,40.33,,-
S68,XSES,Singapore Exchange Ltd,Financial Services,Financial Data & Stock Exchanges,,SGD,Free Cash Flow/Sales %,,42.74,39.66,41.23,40.68,56.0,48.08,49.08,32.85,44.75,56.44,,53.02
S68,XSES,Singapore Exchange Ltd,Financial Services,Financial Data & Stock Exchanges,,SGD,Free Cash Flow/Net Income,,1.0,0.93,0.96,0.95,1.25,1.14,1.19,0.69,0.92,1.19,,1.16
S68,XSES,Singapore Exchange Ltd,Financial Services,Financial Data & Stock Exchanges,,SGD,Free Cash Flow/Share,,0.34,0.28,0.33,0.33,0.52,0.55,0.47,0.42,0.42,0.62,,0.72
S69,XSES,Serial System Ltd,Technology,Electronics & Computer Distribution,,SGD,Operating Cash Flow Growth % YOY,,-43.86,-,-,700.71,-85.17,-,-,-,42.23,-,,-
S69,XSES,Serial System Ltd,Technology,Electronics & Computer Distribution,,SGD,Free Cash Flow Growth % YOY,,-48.24,-,-,857.25,-85.81,-,-,-,43.38,-,,-
S69,XSES,Serial System Ltd,Technology,Electronics & Computer Distribution,,SGD,Free Cash Flow/Sales %,,1.27,-0.84,0.58,10.72,1.65,-5.67,-2.89,3.19,4.41,-0.26,,-0.26
S69,XSES,Serial System Ltd,Technology,Electronics & Computer Distribution,,SGD,Free Cash Flow/Net Income,,3.91,-1.31,0.50,10.56,46.14,-4.56,5.67,-1.63,67.36,-0.98,,-0.98
S69,XSES,Serial System Ltd,Technology,Electronics & Computer Distribution,,SGD,Free Cash Flow/Share,,0.07,0.04,-0.04,0.15,0.03,-0.03,-0.06,0.01,0.06,0.03,,0.03
S71,XSES,Sunright Ltd,Technology,Semiconductors,,SGD,Operating Cash Flow Growth % YOY,,-1.69,7.47,-5.16,3.0,9.56,-56.32,-29.81,-16.94,58.27,-46.99,,-
S71,XSES,Sunright Ltd,Technology,Semiconductors,,SGD,Free Cash Flow Growth % YOY,,-,-,-,45.26,40.33,-,-,-,-,-86.22,,-
S71,XSES,Sunright Ltd,Technology,Semiconductors,,SGD,Free Cash Flow/Sales %,,12.96,-3.99,8.53,14.22,24.11,-0.47,-19.47,-6.98,9.16,1.42,,2.08
S71,XSES,Sunright Ltd,Technology,Semiconductors,,SGD,Free Cash Flow/Net Income,,12.09,-0.64,1.93,-7.53,15.83,-0.40,4.93,1.98,3.37,-0.18,,-0.86
S71,XSES,Sunright Ltd,Technology,Semiconductors,,SGD,Free Cash Flow/Share,,0.14,0.02,0.01,0.09,0.22,0.05,0.01,-0.19,0.02,0.04,,0.01
S7OU,XSES,Asian Pay Television Trust,Communication Services,Entertainment,,SGD,Operating Cash Flow Growth % YOY,,9.87,1.71,-15.06,0.07,5.34,20.93,-24.61,-28.23,16.18,-7.97,,-
S7OU,XSES,Asian Pay Television Trust,Communication Services,Entertainment,,SGD,Free Cash Flow Growth % YOY,,13.24,6.31,-17.71,-7.17,59.92,55.78,-30.72,-34.74,20.54,-8.55,,-
S7OU,XSES,Asian Pay Television Trust,Communication Services,Entertainment,,SGD,Free Cash Flow/Sales %,,26.3,26.65,23.4,23.3,35.47,56.66,41.14,28.82,36.72,34.45,,34.45
S7OU,XSES,Asian Pay Television Trust,Communication Services,Entertainment,,SGD,Free Cash Flow/Net Income,,1.41,2.45,9.91,3.57,6.29,8.53,2.6,-0.19,1.94,5.4,,5.40
S7OU,XSES,Asian Pay Television Trust,Communication Services,Entertainment,,SGD,Free Cash Flow/Share,,0.06,0.05,0.07,0.04,0.06,0.08,0.07,0.06,0.04,0.05,,0.05
S85,XSES,Straco Corp Ltd,Consumer Cyclical,Leisure,,SGD,Operating Cash Flow Growth % YOY,,3.17,-1.48,-22.16,-5.46,-98.98,3982.64,-,-,0.38,-26.81,,-
S85,XSES,Straco Corp Ltd,Consumer Cyclical,Leisure,,SGD,Free Cash Flow Growth % YOY,,3.53,0.28,-25.66,-9.12,-,-,-,-,1.64,-41.15,,-
S85,XSES,Straco Corp Ltd,Consumer Cyclical,Leisure,,SGD,Free Cash Flow/Sales %,,50.59,50.06,40.04,39.42,-17.17,38.66,-19.66,40.24,41.21,26.58,,26.58
S85,XSES,Straco Corp Ltd,Consumer Cyclical,Leisure,,SGD,Free Cash Flow/Net Income,,1.36,1.33,1.13,1.13,5.20,1.40,0.51,1.29,1.23,1.1,,1.10
S85,XSES,Straco Corp Ltd,Consumer Cyclical,Leisure,,SGD,Free Cash Flow/Share,,0.07,0.04,0.07,0.06,0.01,0.02,0.00,0.02,0.04,0.03,,0.03
S9B,XSES,Amcorp Global Ltd,Real Estate,Real Estate - Development,,SGD,Operating Cash Flow Growth % YOY,,-,-,-,-,,31.74,0.77,12.28,-11.13,227.94,,-
S9B,XSES,Amcorp Global Ltd,Real Estate,Real Estate - Development,,SGD,Free Cash Flow Growth % YOY,,-,-,-,-,,33.46,-0.77,13.32,-10.48,228.13,,-
S9B,XSES,Amcorp Global Ltd,Real Estate,Real Estate - Development,,SGD,Free Cash Flow/Sales %,,-50.02,-30.21,-60.76,9.89,,83.72,39.67,22.47,20.79,987.94,,1171.50
S9B,XSES,Amcorp Global Ltd,Real Estate,Real Estate - Development,,SGD,Free Cash Flow/Net Income,,-2.38,27.30,13.65,-0.42,,-6.4,-1.78,29.04,-1.12,24.8,,14.65
S9B,XSES,Amcorp Global Ltd,Real Estate,Real Estate - Development,,SGD,Free Cash Flow/Share,,-0.18,-0.08,-0.16,0.04,,0.07,0.04,0.03,0.05,0.02,,0.12
SEG,XSES,Concord New Energy Group Ltd,Utilities,Utilities - Renewable,,SGD,Operating Cash Flow Growth % YOY,,-43.10,-37.62,179.01,22.16,3.10,34.06,85.50,-34.14,38.60,4.67,,-
SEG,XSES,Concord New Energy Group Ltd,Utilities,Utilities - Renewable,,SGD,Free Cash Flow Growth % YOY,,-,-,-,-,-,-,-,-,-,-,,-
SEG,XSES,Concord New Energy Group Ltd,Utilities,Utilities - Renewable,,SGD,Free Cash Flow/Sales %,,-74.11,-223.23,-115.38,-24.72,-23.30,-84.27,-86.19,-116.35,-94.47,-30.33,,-30.33
SEG,XSES,Concord New Energy Group Ltd,Utilities,Utilities - Renewable,,SGD,Free Cash Flow/Net Income,,-2.89,-11.56,-3.25,-0.75,-0.69,-2.36,-2.25,-2.71,-2.87,-5.01,,-5.01
SEG,XSES,Concord New Energy Group Ltd,Utilities,Utilities - Renewable,,SGD,Free Cash Flow/Share,,-,-,-,-,-,-,-,-,-,-,,-
SEJ,XSES,Noontalk Media Ltd,Communication Services,Entertainment,,SGD,Operating Cash Flow Growth % YOY,,,,,,-,596.77,-,-,-,-,,-
SEJ,XSES,Noontalk Media Ltd,Communication Services,Entertainment,,SGD,Free Cash Flow Growth % YOY,,,,,,-,654.80,-,-,-,-,,-
SEJ,XSES,Noontalk Media Ltd,Communication Services,Entertainment,,SGD,Free Cash Flow/Sales %,,,,,,5.51,33.05,-11.90,-41.36,-20.67,-14.39,,-32.86
SEJ,XSES,Noontalk Media Ltd,Communication Services,Entertainment,,SGD,Free Cash Flow/Net Income,,,,,,2.27,6.69,-33.83,0.53,0.24,0.50,,0.79
SEJ,XSES,Noontalk Media Ltd,Communication Services,Entertainment,,SGD,Free Cash Flow/Share,,,,,,-,-,-,0.00,-0.01,0.00,,-0.01
SES,XSES,,,,,SGD,Operating Cash Flow Growth % YOY,,-,-,-,-,-,-72.91,-43.91,235.78,,,,-
SES,XSES,,,,,SGD,Free Cash Flow Growth % YOY,,-,-,-,-,-,-,-,-,,,,-
SES,XSES,,,,,SGD,Free Cash Flow/Sales %,,-4.25,-8.16,-16.71,-,14.26,-7.15,-8.35,11.78,,,,-3.43
SES,XSES,,,,,SGD,Free Cash Flow/Net Income,,0.28,0.27,0.53,0.75,1.09,0.10,0.45,-0.87,,,,-39.14
SES,XSES,,,,,SGD,Free Cash Flow/Share,,0.01,-0.01,-0.03,-0.03,-0.01,-0.01,0.00,0.01,,,,0.00
SET,XSES,Stoneweg Europe Stapled Trust Unit,Real Estate,REIT - Diversified,,SGD,Operating Cash Flow Growth % YOY,,,,-,-,1.34,9.35,-4.67,-3.48,-20.63,22.55,,-
SET,XSES,Stoneweg Europe Stapled Trust Unit,Real Estate,REIT - Diversified,,SGD,Free Cash Flow Growth % YOY,,,,-,-,-11.27,9.78,-27.98,-88.63,346.47,53.27,,-
SET,XSES,Stoneweg Europe Stapled Trust Unit,Real Estate,REIT - Diversified,,SGD,Free Cash Flow/Sales %,,,,48.46,43.04,36.16,37.09,24.07,2.81,12.75,19.38,,19.38
SET,XSES,Stoneweg Europe Stapled Trust Unit,Real Estate,REIT - Diversified,,SGD,Free Cash Flow/Net Income,,,,0.76,0.70,0.85,0.77,1.27,-0.08,0.76,0.53,,0.53
SET,XSES,Stoneweg Europe Stapled Trust Unit,Real Estate,REIT - Diversified,,SGD,Free Cash Flow/Share,,,,-,-,0.14,0.14,0.12,0.05,0.02,0.06,,0.06
SGR,XSES,Sheffield Green Ltd,Industrials,Staffing & Employment Services,,SGD,Operating Cash Flow Growth % YOY,,,,,,-,-,-,-,1.79,18.04,,-
SGR,XSES,Sheffield Green Ltd,Industrials,Staffing & Employment Services,,SGD,Free Cash Flow Growth % YOY,,,,,,-,-,-,-,0.81,-55.87,,-
SGR,XSES,Sheffield Green Ltd,Industrials,Staffing & Employment Services,,SGD,Free Cash Flow/Sales %,,,,,,-19.14,-2.28,-4.13,7.38,11.91,4.69,,-2.18
SGR,XSES,Sheffield Green Ltd,Industrials,Staffing & Employment Services,,SGD,Free Cash Flow/Net Income,,,,,,1.81,-0.44,-5.64,0.59,25.56,0.93,,-0.36
SGR,XSES,Sheffield Green Ltd,Industrials,Staffing & Employment Services,,SGD,Free Cash Flow/Share,,,,,,-,-,-,-,0.03,0.01,,0.01
SHE,XSES,Soon Hock Enterprise Holding Ltd,Real Estate,Real Estate - Diversified,,SGD,Operating Cash Flow Growth % YOY,,,,,,,,-,-,-,-,,-
SHE,XSES,Soon Hock Enterprise Holding Ltd,Real Estate,Real Estate - Diversified,,SGD,Free Cash Flow Growth % YOY,,,,,,,,-,-,-,-,,-
SHE,XSES,Soon Hock Enterprise Holding Ltd,Real Estate,Real Estate - Diversified,,SGD,Free Cash Flow/Sales %,,,,,,,,906.01,-25.05,-3142.03,44.63,,44.63
SHE,XSES,Soon Hock Enterprise Holding Ltd,Real Estate,Real Estate - Diversified,,SGD,Free Cash Flow/Net Income,,,,,,,,4.37,-2.26,-47.38,2.68,,2.68
SHE,XSES,Soon Hock Enterprise Holding Ltd,Real Estate,Real Estate - Diversified,,SGD,Free Cash Flow/Share,,,,,,,,-,-,-,-0.67,,-0.67
SO7,XSES,Yangzijiang Shipbuilding (Holdings) Ltd,Industrials,Aerospace & Defense,,SGD,Operating Cash Flow Growth % YOY,,37.5,-63.35,-17.38,252.58,-,-,-24.59,72.12,62.56,-65.55,,-
SO7,XSES,Yangzijiang Shipbuilding (Holdings) Ltd,Industrials,Aerospace & Defense,,SGD,Free Cash Flow Growth % YOY,,36.45,-61.46,-46.82,400.65,-,-,-31.87,92.62,65.79,-78.93,,-
SO7,XSES,Yangzijiang Shipbuilding (Holdings) Ltd,Industrials,Aerospace & Defense,,SGD,Free Cash Flow/Sales %,,26.32,7.97,3.50,17.27,-6.10,32.62,18.00,29.77,44.83,8.8,,8.80
SO7,XSES,Yangzijiang Shipbuilding (Holdings) Ltd,Industrials,Aerospace & Defense,,SGD,Free Cash Flow/Net Income,,2.27,0.52,0.23,1.31,-0.36,1.48,1.33,1.75,1.79,0.29,,0.29
SO7,XSES,Yangzijiang Shipbuilding (Holdings) Ltd,Industrials,Aerospace & Defense,,SGD,Free Cash Flow/Share,,0.4,-,-,-,-,-,-,-,-,1.44,,1.44
STG,XSES,Sri Trang Gloves Thailand PCL Ordinary Shares (Alien Market),Basic Materials,Specialty Chemicals,,SGD,Operating Cash Flow Growth % YOY,,-,24.54,-7.65,16.49,913.77,76.85,-83.03,-58.79,-27.46,227.10,,-
STG,XSES,Sri Trang Gloves Thailand PCL Ordinary Shares (Alien Market),Basic Materials,Specialty Chemicals,,SGD,Free Cash Flow Growth % YOY,,-,-19.06,-,-,-,16.15,-,-,-,-,,-
STG,XSES,Sri Trang Gloves Thailand PCL Ordinary Shares (Alien Market),Basic Materials,Specialty Chemicals,,SGD,Free Cash Flow/Sales %,,7.30,4.77,-3.49,-15.32,38.01,28.23,-12.83,3.09,-0.14,13.05,,10.74
STG,XSES,Sri Trang Gloves Thailand PCL Ordinary Shares (Alien Market),Basic Materials,Specialty Chemicals,,SGD,Free Cash Flow/Net Income,,1.11,1.79,-0.36,-2.90,0.80,0.57,-1.81,3.98,-0.04,-28.72,,-16.49
STG,XSES,Sri Trang Gloves Thailand PCL Ordinary Shares (Alien Market),Basic Materials,Specialty Chemicals,,SGD,Free Cash Flow/Share,,-,-,-,-,-,0.3,-0.05,0.01,0.01,0.04,,0.04
T12,XSES,Tat Seng Packaging Group Ltd,Consumer Cyclical,Packaging & Containers,,SGD,Operating Cash Flow Growth % YOY,,-43.13,-,-,38.60,-32.76,-28.64,134.95,1.27,-32.19,-8.4,,-
T12,XSES,Tat Seng Packaging Group Ltd,Consumer Cyclical,Packaging & Containers,,SGD,Free Cash Flow Growth % YOY,,-63.41,-,-,-,-23.55,-56.96,153.92,37.43,-21.84,-29.96,,-
T12,XSES,Tat Seng Packaging Group Ltd,Consumer Cyclical,Packaging & Containers,,SGD,Free Cash Flow/Sales %,,4.21,-7.86,-0.83,9.79,7.12,2.53,7.02,12.53,9.98,7.67,,7.67
T12,XSES,Tat Seng Packaging Group Ltd,Consumer Cyclical,Packaging & Containers,,SGD,Free Cash Flow/Net Income,,0.66,-1.17,-0.14,1.97,0.93,0.4,1.14,1.72,1.35,1.05,,1.05
T12,XSES,Tat Seng Packaging Group Ltd,Consumer Cyclical,Packaging & Containers,,SGD,Free Cash Flow/Share,,0.14,0.00,-0.12,0.13,0.15,0.07,0.08,0.3,0.06,0.17,,0.17
T13,XSES,RH Petrogas Ltd,Energy,Oil & Gas E&P,,SGD,Operating Cash Flow Growth % YOY,,-,20.17,-68.76,188.7,-40.85,206.64,12.15,-45.78,100.93,-36.86,,-
T13,XSES,RH Petrogas Ltd,Energy,Oil & Gas E&P,,SGD,Free Cash Flow Growth % YOY,,-,21.22,-84.26,159.89,54.91,208.7,14.51,-83.08,73.83,89.42,,-
T13,XSES,RH Petrogas Ltd,Energy,Oil & Gas E&P,,SGD,Free Cash Flow/Sales %,,21.77,24.13,3.49,8.61,17.21,32.54,29.28,5.52,9.76,22.06,,22.06
T13,XSES,RH Petrogas Ltd,Energy,Oil & Gas E&P,,SGD,Free Cash Flow/Net Income,,-1.32,1.6,0.58,2.65,-2.33,1.14,1.53,2.0,0.62,6.74,,6.74
T13,XSES,RH Petrogas Ltd,Energy,Oil & Gas E&P,,SGD,Free Cash Flow/Share,,-0.01,0.02,0.01,0.02,0.01,0.04,0.05,0.04,0.0,0.03,,0.03
T14,XSES,Tianjin Pharmaceutical Da Ren Tang Group Corp Ltd Class S,Healthcare,Drug Manufacturers - Specialty & Generic,,SGD,Operating Cash Flow Growth % YOY,,16.45,-,-,41.51,35.51,26.95,-20.55,1.66,34.3,-50.14,,-
T14,XSES,Tianjin Pharmaceutical Da Ren Tang Group Corp Ltd Class S,Healthcare,Drug Manufacturers - Specialty & Generic,,SGD,Free Cash Flow Growth % YOY,,13.34,-,-,66.27,66.37,44.21,-18.13,-3.83,47.36,-57.56,,-
T14,XSES,Tianjin Pharmaceutical Da Ren Tang Group Corp Ltd Class S,Healthcare,Drug Manufacturers - Specialty & Generic,,SGD,Free Cash Flow/Sales %,,4.92,-2.08,2.74,4.14,7.3,10.07,6.9,6.66,11.04,6.96,,8.37
T14,XSES,Tianjin Pharmaceutical Da Ren Tang Group Corp Ltd Class S,Healthcare,Drug Manufacturers - Specialty & Generic,,SGD,Free Cash Flow/Net Income,,0.72,-0.25,0.31,0.46,0.73,0.9,0.66,0.55,0.36,0.16,,0.19
T14,XSES,Tianjin Pharmaceutical Da Ren Tang Group Corp Ltd Class S,Healthcare,Drug Manufacturers - Specialty & Generic,,SGD,Free Cash Flow/Share,,0.05,0.02,0.03,0.02,0.08,0.16,0.03,0.09,0.18,0.16,,0.06
T15,XSES,Tan Chong International Ltd,Consumer Cyclical,Auto & Truck Dealerships,,SGD,Operating Cash Flow Growth % YOY,,-95.71,3225.28,-32.93,-73.64,353.59,-9.26,-,-,-,78.65,,-
T15,XSES,Tan Chong International Ltd,Consumer Cyclical,Auto & Truck Dealerships,,SGD,Free Cash Flow Growth % YOY,,-,-,-71.92,-,-,4.26,-,-,-,602.06,,-
T15,XSES,Tan Chong International Ltd,Consumer Cyclical,Auto & Truck Dealerships,,SGD,Free Cash Flow/Sales %,,-2.36,4.23,1.2,-1.38,5.16,5.58,-4.94,-11.14,1.00,7.42,,7.42
T15,XSES,Tan Chong International Ltd,Consumer Cyclical,Auto & Truck Dealerships,,SGD,Free Cash Flow/Net Income,,-2.07,1.34,0.31,-0.94,66.85,1.75,-1.59,-5.50,0.27,6.22,,6.22
T15,XSES,Tan Chong International Ltd,Consumer Cyclical,Auto & Truck Dealerships,,SGD,Free Cash Flow/Share,,0.14,-0.20,0.33,0.09,-0.10,0.32,0.33,-0.95,-0.77,0.06,,0.06
T24,XSES,Tuan Sing Holdings Ltd,Real Estate,Real Estate - Diversified,,SGD,Operating Cash Flow Growth % YOY,,24.82,-46.57,-,-,237.36,15.14,-31.01,161.17,-44.69,-12.55,,-
T24,XSES,Tuan Sing Holdings Ltd,Real Estate,Real Estate - Diversified,,SGD,Free Cash Flow Growth % YOY,,19.59,-47.59,-,-,374.86,14.91,-41.08,216.99,-,-,,-
T24,XSES,Tuan Sing Holdings Ltd,Real Estate,Real Estate - Diversified,,SGD,Free Cash Flow/Sales %,,44.1,26.09,-28.96,4.31,32.3,29.77,19.1,44.92,-27.38,34.39,,34.39
T24,XSES,Tuan Sing Holdings Ltd,Real Estate,Real Estate - Diversified,,SGD,Free Cash Flow/Net Income,,5.31,1.49,-0.72,0.40,1.08,0.87,9.37,28.21,-22.48,1.56,,1.56
T24,XSES,Tuan Sing Holdings Ltd,Real Estate,Real Estate - Diversified,,SGD,Free Cash Flow/Share,,0.16,0.06,-0.06,0.01,0.04,0.07,0.03,0.1,0.03,-0.03,,-0.03
T41,XSES,TeleChoice International Ltd,Communication Services,Telecom Services,,SGD,Operating Cash Flow Growth % YOY,,0.26,-93.91,-,-,339.92,14.16,-,-,-,-,,-
T41,XSES,TeleChoice International Ltd,Communication Services,Telecom Services,,SGD,Free Cash Flow Growth % YOY,,0.41,-,-,-,373.03,13.53,-,-,-,-,,-
T41,XSES,TeleChoice International Ltd,Communication Services,Telecom Services,,SGD,Free Cash Flow/Sales %,,4.47,-0.23,-2.21,1.58,10.96,13.67,-0.68,4.80,-3.62,3.21,,3.21
T41,XSES,TeleChoice International Ltd,Communication Services,Telecom Services,,SGD,Free Cash Flow/Net Income,,2.94,-0.14,-2.71,0.92,-4.16,-9.84,0.13,-0.99,-3.30,2.52,,2.52
T41,XSES,TeleChoice International Ltd,Communication Services,Telecom Services,,SGD,Free Cash Flow/Share,,0.07,-0.01,0.02,-0.01,0.07,0.04,0.00,0.03,-0.03,0.03,,0.03
T43,XSES,Yunnan Energy International Co Ltd,Technology,Scientific & Technical Instruments,,SGD,Operating Cash Flow Growth % YOY,,-65.89,-,-,-,-,-,-,-,-,-,,-
T43,XSES,Yunnan Energy International Co Ltd,Technology,Scientific & Technical Instruments,,SGD,Free Cash Flow Growth % YOY,,-,-,-,-,-,-,-,-,-,-,,-
T43,XSES,Yunnan Energy International Co Ltd,Technology,Scientific & Technical Instruments,,SGD,Free Cash Flow/Sales %,,-0.72,-2.47,16.82,-5.45,126.57,-80.18,-2.64,4.08,-13.15,3.31,,3.31
T43,XSES,Yunnan Energy International Co Ltd,Technology,Scientific & Technical Instruments,,SGD,Free Cash Flow/Net Income,,-1.30,-3.69,-1.46,0.86,-1.24,2.50,0.86,-2.80,-154.38,-14.45,,-14.45
T43,XSES,Yunnan Energy International Co Ltd,Technology,Scientific & Technical Instruments,,SGD,Free Cash Flow/Share,,-0.01,-0.01,-,-,-0.01,-,-,-,0.01,-0.05,,-0.05
T55,XSES,TIH Ltd,Financial Services,Asset Management,,SGD,Operating Cash Flow Growth % YOY,,-,-,-,-3.12,79.93,-89.02,614.45,-,-,-,,-
T55,XSES,TIH Ltd,Financial Services,Asset Management,,SGD,Free Cash Flow Growth % YOY,,-,-,-,-2.39,78.96,-88.95,606.12,-,-,-,,-
T55,XSES,TIH Ltd,Financial Services,Asset Management,,SGD,Free Cash Flow/Sales %,,24.83,-81.64,-61.07,19.94,-423.46,4.76,49.88,-135.10,76.54,-29.46,,-29.46
T55,XSES,TIH Ltd,Financial Services,Asset Management,,SGD,Free Cash Flow/Net Income,,0.34,-1.62,-0.33,0.27,-1.01,0.07,1.2,0.88,0.48,-0.52,,-0.52
T55,XSES,TIH Ltd,Financial Services,Asset Management,,SGD,Free Cash Flow/Share,,-0.02,0.00,0.02,0.01,0.04,0.04,-0.01,0.03,0.01,0.01,,0.01
T6I,XSES,ValueMax Group Ltd,Consumer Cyclical,Luxury Goods,,SGD,Operating Cash Flow Growth % YOY,,-,-,-,-,-,-,-,-,-,-,,-
T6I,XSES,ValueMax Group Ltd,Consumer Cyclical,Luxury Goods,,SGD,Free Cash Flow Growth % YOY,,-,-,-,-,-,-,-,-,-,-,,-
T6I,XSES,ValueMax Group Ltd,Consumer Cyclical,Luxury Goods,,SGD,Free Cash Flow/Sales %,,-39.73,1.77,-19.89,-12.94,4.52,-57.03,-57.32,-0.51,-14.84,-30.83,,-30.83
T6I,XSES,ValueMax Group Ltd,Consumer Cyclical,Luxury Goods,,SGD,Free Cash Flow/Net Income,,-6.47,0.22,-2.05,-1.20,0.37,-3.79,-3.70,-0.03,-0.82,-1.67,,-1.67
T6I,XSES,ValueMax Group Ltd,Consumer Cyclical,Luxury Goods,,SGD,Free Cash Flow/Share,,-0.13,-0.03,-0.08,-0.03,-0.03,-0.11,-0.21,-0.24,0.05,-0.07,,-0.07
T82U,XSES,Suntec Real Estate Investment Trust,Real Estate,REIT - Diversified,,SGD,Operating Cash Flow Growth % YOY,,-14.54,14.39,-6.98,9.08,-7.57,14.92,16.6,-11.32,1.04,5.11,,-
T82U,XSES,Suntec Real Estate Investment Trust,Real Estate,REIT - Diversified,,SGD,Free Cash Flow Growth % YOY,,13.57,253.27,-19.27,-15.43,-,-,14.73,-10.88,0.55,1.45,,-
T82U,XSES,Suntec Real Estate Investment Trust,Real Estate,REIT - Diversified,,SGD,Free Cash Flow/Sales %,,17.3,56.7,44.6,37.39,-8.82,65.75,63.21,52.02,52.21,52.07,,52.07
T82U,XSES,Suntec Real Estate Investment Trust,Real Estate,REIT - Diversified,,SGD,Free Cash Flow/Net Income,,0.23,0.91,0.53,0.35,0.39,0.49,0.57,1.3,1.91,1.38,,1.38
T82U,XSES,Suntec Real Estate Investment Trust,Real Estate,REIT - Diversified,,SGD,Free Cash Flow/Share,,0.0,0.08,0.08,0.04,0.05,0.00,0.1,0.08,0.09,0.08,,0.08
TADD,XSES,Advanced Info Service PCL SGDR,Communication Services,Telecom Services,,SGD,Operating Cash Flow Growth % YOY,,0.01,6.32,5.50,10.84,11.75,1.17,-6.04,7.66,33.07,3.59,,-
TADD,XSES,Advanced Info Service PCL SGDR,Communication Services,Telecom Services,,SGD,Free Cash Flow Growth % YOY,,15.28,135.76,100.35,74.58,-38.00,34.48,-7.96,-3.67,114.48,-6.27,,-
TADD,XSES,Advanced Info Service PCL SGDR,Communication Services,Telecom Services,,SGD,Free Cash Flow/Sales %,,3.95,8.99,16.72,27.41,17.78,22.80,20.51,19.40,36.81,32.56,,31.49
TADD,XSES,Advanced Info Service PCL SGDR,Communication Services,Telecom Services,,SGD,Free Cash Flow/Net Income,,0.20,0.47,0.96,1.59,1.12,1.54,1.46,1.26,2.24,1.54,,1.41
TADD,XSES,Advanced Info Service PCL SGDR,Communication Services,Telecom Services,,SGD,Free Cash Flow/Share,,-,-,-,-,-,-,-,-,0.09,0.1,,0.10
TAP,XSES,Assembly Place Holdings Ltd Ordinary Shares,Real Estate,Real Estate Services,,SGD,Operating Cash Flow Growth % YOY,,,,,,,,-,86.89,40.77,,,-
TAP,XSES,Assembly Place Holdings Ltd Ordinary Shares,Real Estate,Real Estate Services,,SGD,Free Cash Flow Growth % YOY,,,,,,,,-,104.06,42.60,,,-
TAP,XSES,Assembly Place Holdings Ltd Ordinary Shares,Real Estate,Real Estate Services,,SGD,Free Cash Flow/Sales %,,,,,,,,62.43,61.08,65.89,,,57.39
TAP,XSES,Assembly Place Holdings Ltd Ordinary Shares,Real Estate,Real Estate Services,,SGD,Free Cash Flow/Net Income,,,,,,,,12.73,-9.73,2.01,,,2.34
TAP,XSES,Assembly Place Holdings Ltd Ordinary Shares,Real Estate,Real Estate Services,,SGD,Free Cash Flow/Share,,,,,,,,-,-,-,,,-
TATD,XSES,Airports Of Thailand PLC SGDR,Industrials,Airports & Air Services,,SGD,Operating Cash Flow Growth % YOY,,21.76,-10.63,24.78,-2.67,-99.21,-,-,-,143.33,-28.54,,-
TATD,XSES,Airports Of Thailand PLC SGDR,Industrials,Airports & Air Services,,SGD,Free Cash Flow Growth % YOY,,38.13,-14.48,10.24,-3.97,-,-,-,-,430.66,-29.14,,-
TATD,XSES,Airports Of Thailand PLC SGDR,Industrials,Airports & Air Services,,SGD,Free Cash Flow/Sales %,,49.98,39.67,39.66,36.72,-43.11,-287.16,-58.84,10.95,41.66,29.72,,40.03
TATD,XSES,Airports Of Thailand PLC SGDR,Industrials,Airports & Air Services,,SGD,Free Cash Flow/Net Income,,1.30,1.05,0.95,0.92,-3.11,1.25,0.88,0.60,1.46,1.09,,1.47
TATD,XSES,Airports Of Thailand PLC SGDR,Industrials,Airports & Air Services,,SGD,Free Cash Flow/Share,,-,-,-,-,-,-,-,0.01,0.05,0.07,,0.07
TCPD,XSES,CP All PCL SGDR,Consumer Defensive,Grocery Stores,,SGD,Operating Cash Flow Growth % YOY,,20.75,21.66,-10.68,-1.82,-3.28,18.32,50.85,24.76,-12.62,-2.51,,-
TCPD,XSES,CP All PCL SGDR,Consumer Defensive,Grocery Stores,,SGD,Free Cash Flow Growth % YOY,,35.42,50.57,-9.26,-11.32,-3.61,31.56,38.39,48.49,-14.4,-7.3,,-
TCPD,XSES,CP All PCL SGDR,Consumer Defensive,Grocery Stores,,SGD,Free Cash Flow/Sales %,,4.29,5.96,5.01,4.10,4.14,5.06,4.78,6.57,5.25,4.71,,5.00
TCPD,XSES,CP All PCL SGDR,Consumer Defensive,Grocery Stores,,SGD,Free Cash Flow/Net Income,,1.12,1.41,1.22,1.01,1.35,2.20,2.99,3.18,1.99,1.66,,1.69
TCPD,XSES,CP All PCL SGDR,Consumer Defensive,Grocery Stores,,SGD,Free Cash Flow/Share,,-,-,-,-,-,-,-,0.24,0.24,0.25,,0.20
TCU,XSES,Credit Bureau Asia Ltd Ordinary Shares,Financial Services,Financial Data & Stock Exchanges,,SGD,Operating Cash Flow Growth % YOY,,,-,9.81,65.19,4.1,-3.06,14.35,14.51,15.67,-4.77,,-
TCU,XSES,Credit Bureau Asia Ltd Ordinary Shares,Financial Services,Financial Data & Stock Exchanges,,SGD,Free Cash Flow Growth % YOY,,,-,18.58,50.94,16.67,-12.18,18.36,24.85,15.13,-4.94,,-
TCU,XSES,Credit Bureau Asia Ltd Ordinary Shares,Financial Services,Financial Data & Stock Exchanges,,SGD,Free Cash Flow/Sales %,,,25.71,29.09,40.42,44.16,37.07,40.95,45.89,47.93,45.26,,45.26
TCU,XSES,Credit Bureau Asia Ltd Ordinary Shares,Financial Services,Financial Data & Stock Exchanges,,SGD,Free Cash Flow/Net Income,,,1.77,1.99,2.34,2.8,2.15,2.37,2.53,2.55,2.53,,2.53
TCU,XSES,Credit Bureau Asia Ltd Ordinary Shares,Financial Services,Financial Data & Stock Exchanges,,SGD,Free Cash Flow/Share,,,-,-,-,0.08,0.07,0.08,0.09,0.11,0.12,,0.12
TDED,XSES,Delta Electronics (Thailand) PCL SGDR,Industrials,Electrical Equipment & Parts,,SGD,Operating Cash Flow Growth % YOY,,-24.02,-16.02,-4.40,20.73,40.02,-75.36,584.16,9.18,134.73,-10.15,,-
TDED,XSES,Delta Electronics (Thailand) PCL SGDR,Industrials,Electrical Equipment & Parts,,SGD,Free Cash Flow Growth % YOY,,-42.02,-25.07,-19.31,-,-,-,-,-69.56,847.32,-19.79,,-
TDED,XSES,Delta Electronics (Thailand) PCL SGDR,Industrials,Electrical Equipment & Parts,,SGD,Free Cash Flow/Sales %,,6.95,4.96,3.71,-0.43,6.05,-7.30,4.77,1.18,9.91,6.61,,4.80
TDED,XSES,Delta Electronics (Thailand) PCL SGDR,Industrials,Electrical Equipment & Parts,,SGD,Free Cash Flow/Net Income,,0.59,0.50,0.38,-0.07,0.54,-0.92,0.37,0.09,0.86,0.53,,0.37
TDED,XSES,Delta Electronics (Thailand) PCL SGDR,Industrials,Electrical Equipment & Parts,,SGD,Free Cash Flow/Share,,-,-,-,-,-,-,-,-,0.04,0.02,,0.04
TKKD,XSES,Kasikornbank Public Co Ltd SGDR,Financial Services,Banks - Regional,,SGD,Operating Cash Flow Growth % YOY,,-,-,-,-32.49,-16.12,181.97,-99.79,1793.39,716.03,179.55,,-
TKKD,XSES,Kasikornbank Public Co Ltd SGDR,Financial Services,Banks - Regional,,SGD,Free Cash Flow Growth % YOY,,-,-,-,-34.54,-21.35,213.00,-,-,10592.79,206.22,,-
TKKD,XSES,Kasikornbank Public Co Ltd SGDR,Financial Services,Banks - Regional,,SGD,Free Cash Flow/Sales %,,101.92,-58.31,89.28,56.60,47.35,139.88,-5.26,0.31,32.88,101.54,,132.79
TKKD,XSES,Kasikornbank Public Co Ltd SGDR,Financial Services,Banks - Regional,,SGD,Free Cash Flow/Net Income,,4.09,-2.80,3.81,2.48,2.56,6.21,-0.26,0.02,1.42,4.25,,5.43
TKKD,XSES,Kasikornbank Public Co Ltd SGDR,Financial Services,Banks - Regional,,SGD,Free Cash Flow/Share,,-,-,-,-,-,-,-,-,0.02,3.22,,3.49
TKU,XSES,Toku Ltd,Technology,Software - Application,,SGD,Operating Cash Flow Growth % YOY,,,,,,,,-,-,-,-,,-
TKU,XSES,Toku Ltd,Technology,Software - Application,,SGD,Free Cash Flow Growth % YOY,,,,,,,,-,-,-,-,,-
TKU,XSES,Toku Ltd,Technology,Software - Application,,SGD,Free Cash Flow/Sales %,,,,,,,,-17.94,-10.64,-15.14,-15.41,,-15.41
TKU,XSES,Toku Ltd,Technology,Software - Application,,SGD,Free Cash Flow/Net Income,,,,,,,,0.97,0.68,0.87,0.59,,0.59
TKU,XSES,Toku Ltd,Technology,Software - Application,,SGD,Free Cash Flow/Share,,,,,,,,-,-,-,-,,-
TPED,XSES,PTT Exploration & Production PCL SGDR,Energy,Oil & Gas E&P,,SGD,Operating Cash Flow Growth % YOY,,-18.50,12.32,17.33,2.93,-20.60,26.99,49.83,-7.92,33.22,-25.65,,-
TPED,XSES,PTT Exploration & Production PCL SGDR,Energy,Oil & Gas E&P,,SGD,Free Cash Flow Growth % YOY,,29.46,-0.33,55.50,4.17,-32.09,16.44,74.25,-30.45,39.6,-69.31,,-
TPED,XSES,PTT Exploration & Production PCL SGDR,Energy,Oil & Gas E&P,,SGD,Free Cash Flow/Sales %,,29.55,29.95,40.04,37.51,30.34,25.87,29.80,22.84,30.69,10.45,,8.16
TPED,XSES,PTT Exploration & Production PCL SGDR,Energy,Oil & Gas E&P,,SGD,Free Cash Flow/Net Income,,3.45,2.15,1.90,1.47,2.15,1.46,1.39,0.9,1.22,0.49,,0.42
TPED,XSES,PTT Exploration & Production PCL SGDR,Energy,Oil & Gas E&P,,SGD,Free Cash Flow/Share,,-,-,-,-,-,-,-,0.66,1.16,0.31,,0.29
TQ5,XSES,Frasers Property Ltd,Real Estate,Real Estate - Diversified,,SGD,Operating Cash Flow Growth % YOY,,60.36,-13.89,-47.85,178.43,-99.96,-,-12.69,31.41,-20.05,-17.16,,-
TQ5,XSES,Frasers Property Ltd,Real Estate,Real Estate - Diversified,,SGD,Free Cash Flow Growth % YOY,,61.98,-14.84,-54.25,229.87,-,-,-17.36,30.97,-17.43,-16.8,,-
TQ5,XSES,Frasers Property Ltd,Real Estate,Real Estate - Diversified,,SGD,Free Cash Flow/Sales %,,30.08,21.88,9.35,35.07,-1.09,35.08,28.14,36.21,28.0,28.85,,27.95
TQ5,XSES,Frasers Property Ltd,Real Estate,Real Estate - Diversified,,SGD,Free Cash Flow/Net Income,,1.73,1.28,0.53,2.37,-0.21,1.58,1.18,8.25,5.72,4.04,,4.90
TQ5,XSES,Frasers Property Ltd,Real Estate,Real Estate - Diversified,,SGD,Free Cash Flow/Share,,0.31,0.33,0.07,0.7,0.01,0.13,0.38,0.42,0.22,0.29,,0.25
TS0U,XSES,OUE Real Estate Investment Trust Units Real Estate Investment Trust,Real Estate,REIT - Office,,SGD,Operating Cash Flow Growth % YOY,,69.85,-7.44,8.71,21.26,45.69,-28.83,10.03,16.27,-7.13,-14.05,,-
TS0U,XSES,OUE Real Estate Investment Trust Units Real Estate Investment Trust,Real Estate,REIT - Office,,SGD,Free Cash Flow Growth % YOY,,72.16,-21.86,26.62,18.58,48.08,-51.49,23.5,49.4,-15.02,-9.33,,-
TS0U,XSES,OUE Real Estate Investment Trust Units Real Estate Investment Trust,Real Estate,REIT - Office,,SGD,Free Cash Flow/Sales %,,73.34,57.8,73.15,59.46,77.59,43.98,56.2,71.14,58.31,57.11,,57.11
TS0U,XSES,OUE Real Estate Investment Trust Units Real Estate Investment Trust,Real Estate,REIT - Office,,SGD,Free Cash Flow/Net Income,,2.1,0.75,1.1,1.29,-6.25,2.83,0.49,1.01,-2.52,5.49,,5.49
TS0U,XSES,OUE Real Estate Investment Trust Units Real Estate Investment Trust,Real Estate,REIT - Office,,SGD,Free Cash Flow/Share,,0.06,0.04,0.05,0.05,0.04,0.03,0.02,0.03,0.03,0.03,,0.03
TSCD,XSES,Siam City Cement PCL SGDR,Basic Materials,Building Materials,,SGD,Operating Cash Flow Growth % YOY,,-18.68,-23.82,77.32,8.54,17.74,-22.21,-40.36,40.06,41.82,6.47,,-
TSCD,XSES,Siam City Cement PCL SGDR,Basic Materials,Building Materials,,SGD,Free Cash Flow Growth % YOY,,-47.92,-64.72,722.88,30.42,37.89,-30.91,-60.10,98.36,29.89,-16.26,,-
TSCD,XSES,Siam City Cement PCL SGDR,Basic Materials,Building Materials,,SGD,Free Cash Flow/Sales %,,4.57,1.26,10.13,12.43,19.42,13.52,4.48,10.56,13.23,8.95,,7.53
TSCD,XSES,Siam City Cement PCL SGDR,Basic Materials,Building Materials,,SGD,Free Cash Flow/Net Income,,0.40,0.30,1.50,1.87,2.22,1.33,1.21,1.66,1.07,1.39,,1.05
TSCD,XSES,Siam City Cement PCL SGDR,Basic Materials,Building Materials,,SGD,Free Cash Flow/Share,,-,-,-,-,-,-,-,-,0.11,0.06,,0.06
TSH,XSES,TSH Resources Bhd,Consumer Defensive,Farm Products,,SGD,Operating Cash Flow Growth % YOY,,-,54.83,-15.10,5.35,28.75,67.75,-47.20,9.12,6.15,33.53,,-
TSH,XSES,TSH Resources Bhd,Consumer Defensive,Farm Products,,SGD,Free Cash Flow Growth % YOY,,-,-,-49.03,301.58,130.13,94.59,-64.39,31.49,12.67,31.3,,-
TSH,XSES,TSH Resources Bhd,Consumer Defensive,Farm Products,,SGD,Free Cash Flow/Sales %,,-7.42,3.53,2.13,9.24,22.83,29.21,9.47,15.25,17.97,22.69,,22.69
TSH,XSES,TSH Resources Bhd,Consumer Defensive,Farm Products,,SGD,Free Cash Flow/Net Income,,-1.12,0.33,0.48,1.75,2.25,2.05,0.27,1.71,1.35,1.31,,1.31
TSH,XSES,TSH Resources Bhd,Consumer Defensive,Farm Products,,SGD,Free Cash Flow/Share,,-,-,-,-,-,-,-,0.04,0.03,0.06,,0.06
TSLA,XNAS,,,,,USD,Operating Cash Flow Growth % YOY,,-,-,-,14.64,147.11,93.45,28.07,-9.97,12.58,-1.18,,-
TSLA,XNAS,,,,,USD,Free Cash Flow Growth % YOY,,-,-,-,-,179.03,28.95,116.82,-42.31,-17.81,73.69,,-
TSLA,XNAS,,,,,USD,Free Cash Flow/Sales %,,-22.35,-35.22,-1.03,3.94,8.56,6.47,9.27,4.5,3.67,6.56,,7.15
TSLA,XNAS,,,,,USD,Free Cash Flow/Net Income,,2.32,2.11,0.23,-1.12,3.91,0.63,0.6,0.29,0.5,1.64,,1.81
TSLA,XNAS,,,,,USD,Free Cash Flow/Share,,-0.42,-2.00,-0.59,0.33,0.6,0.75,2.58,1.07,1.03,1.94,,1.76
TVV,XSES,OxPay Financial Ltd,Technology,Software - Infrastructure,,SGD,Operating Cash Flow Growth % YOY,,-,-,-,-,-,-,-,-,-,-,,-
TVV,XSES,OxPay Financial Ltd,Technology,Software - Infrastructure,,SGD,Free Cash Flow Growth % YOY,,-,-,-,-,-,-,-,-,-,-,,-
TVV,XSES,OxPay Financial Ltd,Technology,Software - Infrastructure,,SGD,Free Cash Flow/Sales %,,-98.11,-35.83,-,-,-,113.90,-41.77,-163.20,-147.67,-66.78,,-66.78
TVV,XSES,OxPay Financial Ltd,Technology,Software - Infrastructure,,SGD,Free Cash Flow/Net Income,,1.43,0.49,0.01,0.67,0.20,-0.74,8.72,9.99,1.74,1.06,,1.06
TVV,XSES,OxPay Financial Ltd,Technology,Software - Infrastructure,,SGD,Free Cash Flow/Share,,-0.44,-0.35,-0.21,0.10,-0.02,0.00,0.04,0.05,-0.12,-0.01,,-0.01
TWL,XSES,Memiontec Holdings Ltd,Utilities,Utilities - Regulated Water,,SGD,Operating Cash Flow Growth % YOY,,-,1124.07,89.15,-78.79,-64.59,895.78,-88.31,-,-,-,,-
TWL,XSES,Memiontec Holdings Ltd,Utilities,Utilities - Regulated Water,,SGD,Free Cash Flow Growth % YOY,,-,-,171.63,-79.82,-72.19,1115.71,-92.02,-,-,-,,-
TWL,XSES,Memiontec Holdings Ltd,Utilities,Utilities - Regulated Water,,SGD,Free Cash Flow/Sales %,,-2.77,6.64,15.55,2.62,0.62,5.68,0.48,-6.56,-18.91,-6.81,,-6.81
TWL,XSES,Memiontec Holdings Ltd,Utilities,Utilities - Regulated Water,,SGD,Free Cash Flow/Net Income,,-0.41,2.00,0.83,2.50,0.16,1.69,0.08,-1.36,1.35,0.19,,0.19
TWL,XSES,Memiontec Holdings Ltd,Utilities,Utilities - Regulated Water,,SGD,Free Cash Flow/Share,,-,-,-,-,0.0,0.0,0.0,0.00,-0.01,-0.01,,-0.01
U06,XSES,Singapore Land Group Ltd,Real Estate,Real Estate - Diversified,,SGD,Operating Cash Flow Growth % YOY,,-13.3,252.88,-56.7,17.64,-55.32,-13.68,47.22,20.19,-23.14,22.7,,-
U06,XSES,Singapore Land Group Ltd,Real Estate,Real Estate - Diversified,,SGD,Free Cash Flow Growth % YOY,,-13.94,258.49,-57.06,16.3,-60.62,-16.46,66.39,13.69,-16.39,23.3,,-
U06,XSES,Singapore Land Group Ltd,Real Estate,Real Estate - Diversified,,SGD,Free Cash Flow/Sales %,,22.74,65.38,55.22,53.44,24.75,22.86,37.8,38.35,29.97,34.56,,34.56
U06,XSES,Singapore Land Group Ltd,Real Estate,Real Estate - Diversified,,SGD,Free Cash Flow/Net Income,,0.82,2.8,1.16,0.7,1.84,0.42,0.51,0.97,0.77,0.99,,0.99
U06,XSES,Singapore Land Group Ltd,Real Estate,Real Estate - Diversified,,SGD,Free Cash Flow/Share,,0.17,0.33,0.51,0.26,0.24,0.08,0.15,0.15,0.2,0.13,,0.13
U10,XSES,UOB-Kay Hian Holdings Ltd,Financial Services,Capital Markets,,SGD,Operating Cash Flow Growth % YOY,,-,-,-,-,-,-,1059.83,-51.89,-,-,,-
U10,XSES,UOB-Kay Hian Holdings Ltd,Financial Services,Capital Markets,,SGD,Free Cash Flow Growth % YOY,,-,-,-,-,-,-,1148.54,-52.25,-,-,,-
U10,XSES,UOB-Kay Hian Holdings Ltd,Financial Services,Capital Markets,,SGD,Free Cash Flow/Sales %,,116.14,-20.00,-68.12,-11.61,-44.50,10.36,179.1,83.6,-18.15,-13.17,,-13.17
U10,XSES,UOB-Kay Hian Holdings Ltd,Financial Services,Capital Markets,,SGD,Free Cash Flow/Net Income,,6.69,-0.96,-3.25,-0.58,-1.56,0.42,7.81,2.23,-0.43,-0.34,,-0.34
U10,XSES,UOB-Kay Hian Holdings Ltd,Financial Services,Capital Markets,,SGD,Free Cash Flow/Share,,0.23,-0.18,0.01,0.00,-0.65,-0.96,1.9,0.13,0.10,0.00,,0.00
U11,XSES,United Overseas Bank Ltd,Financial Services,Banks - Regional,,SGD,Operating Cash Flow Growth % YOY,,-,-,-,-,15.49,-,-,6.55,-,-,,-
U11,XSES,United Overseas Bank Ltd,Financial Services,Banks - Regional,,SGD,Free Cash Flow Growth % YOY,,-,-,-,-,16.76,-,-,5.26,-,-,,-
U11,XSES,United Overseas Bank Ltd,Financial Services,Banks - Regional,,SGD,Free Cash Flow/Sales %,,-169.93,40.21,-46.36,77.37,98.7,-34.31,81.20,71.0,-109.88,0.33,,0.33
U11,XSES,United Overseas Bank Ltd,Financial Services,Banks - Regional,,SGD,Free Cash Flow/Net Income,,-4.42,1.05,-1.05,1.79,3.11,-0.82,2.06,1.73,-2.60,0.01,,0.01
U11,XSES,United Overseas Bank Ltd,Financial Services,Banks - Regional,,SGD,Free Cash Flow/Share,,-10.68,-0.88,-1.41,-3.04,8.42,0.49,1.78,9.83,-8.37,1.35,,1.35
U13,XSES,United Overseas Insurance Ltd,Financial Services,Insurance - Property & Casualty,,SGD,Operating Cash Flow Growth % YOY,,205.55,45.38,-65.56,-88.45,2761.63,-59.83,-30.15,214.62,-80.51,269.76,,-
U13,XSES,United Overseas Insurance Ltd,Financial Services,Insurance - Property & Casualty,,SGD,Free Cash Flow Growth % YOY,,210.62,45.12,-65.6,-97.9,-,-,25.76,325.28,-81.52,290.5,,-
U13,XSES,United Overseas Insurance Ltd,Financial Services,Insurance - Property & Casualty,,SGD,Free Cash Flow/Sales %,,20.85,27.63,11.08,0.17,-0.41,4.89,7.15,390.1,52.69,113.78,,113.78
U13,XSES,United Overseas Insurance Ltd,Financial Services,Insurance - Property & Casualty,,SGD,Free Cash Flow/Net Income,,0.65,0.66,0.31,0.0,-0.01,0.15,0.3,0.73,0.13,0.48,,0.48
U13,XSES,United Overseas Insurance Ltd,Financial Services,Insurance - Property & Casualty,,SGD,Free Cash Flow/Share,,0.24,0.36,0.11,0.09,-0.19,0.22,0.04,0.36,0.16,0.2,,0.20
U14,XSES,UOL Group Ltd,Real Estate,Real Estate - Development,,SGD,Operating Cash Flow Growth % YOY,,4.24,73.87,-,-,-44.49,29.62,-81.14,470.74,0.3,59.25,,-
U14,XSES,UOL Group Ltd,Real Estate,Real Estate - Development,,SGD,Free Cash Flow Growth % YOY,,0.24,72.65,-,-,-47.58,39.48,-,-,132.64,78.62,,-
U14,XSES,UOL Group Ltd,Real Estate,Real Estate - Development,,SGD,Free Cash Flow/Sales %,,32.61,38.57,-32.90,31.25,18.92,20.01,-3.21,10.63,23.73,36.63,,36.63
U14,XSES,UOL Group Ltd,Real Estate,Real Estate - Development,,SGD,Free Cash Flow/Net Income,,1.64,0.91,-1.82,1.49,28.46,1.7,-0.21,0.40,1.85,2.46,,2.46
U14,XSES,UOL Group Ltd,Real Estate,Real Estate - Development,,SGD,Free Cash Flow/Share,,0.26,0.9,-0.27,0.47,-0.23,0.94,0.01,0.44,-0.14,1.22,,1.22
U77,XSES,Sarine Technologies Ltd,Technology,Software - Application,,SGD,Operating Cash Flow Growth % YOY,,242.08,-51.41,28.69,-42.92,-,-,-38.96,-,-,-52.99,,-
U77,XSES,Sarine Technologies Ltd,Technology,Software - Application,,SGD,Free Cash Flow Growth % YOY,,-,-62.2,78.82,-41.27,-,-,-41.13,-,-,-57.42,,-
U77,XSES,Sarine Technologies Ltd,Technology,Software - Application,,SGD,Free Cash Flow/Sales %,,24.62,11.51,20.63,13.81,-6.25,32.57,20.27,-5.68,20.38,11.5,,11.50
U77,XSES,Sarine Technologies Ltd,Technology,Software - Application,,SGD,Free Cash Flow/Net Income,,0.99,1.17,1.59,-5.17,-1.08,1.23,1.35,0.87,7.44,-0.88,,-0.88
U77,XSES,Sarine Technologies Ltd,Technology,Software - Application,,SGD,Free Cash Flow/Share,,0.06,0.03,0.04,0.03,-0.01,0.07,0.05,0.01,0.02,0.02,,0.02
U96,XSES,Sembcorp Industries Ltd,Utilities,Utilities - Diversified,,SGD,Operating Cash Flow Growth % YOY,,-,-25.43,13.63,32.21,-49.74,148.27,35.52,-10.35,-4.66,-17.14,,-
U96,XSES,Sembcorp Industries Ltd,Utilities,Utilities - Diversified,,SGD,Free Cash Flow Growth % YOY,,-,-,-,-,267.44,487.97,11.63,-37.8,-,-,,-
U96,XSES,Sembcorp Industries Ltd,Utilities,Utilities - Diversified,,SGD,Free Cash Flow/Sales %,,0.46,-1.15,-3.32,0.45,2.9,11.92,13.25,9.16,-3.05,3.59,,3.59
U96,XSES,Sembcorp Industries Ltd,Utilities,Utilities - Diversified,,SGD,Free Cash Flow/Net Income,,0.09,-0.42,-1.12,0.17,-0.16,3.33,1.22,0.68,-0.19,0.21,,0.21
U96,XSES,Sembcorp Industries Ltd,Utilities,Utilities - Diversified,,SGD,Free Cash Flow/Share,,-0.25,-0.52,0.04,0.09,-0.12,0.24,0.55,0.56,0.12,0.05,,0.05
U9E,XSES,China Everbright Water Ltd,Utilities,Utilities - Regulated Water,,SGD,Operating Cash Flow Growth % YOY,,-38.06,-,-,-,-,-,-,-,-,-,,-
U9E,XSES,China Everbright Water Ltd,Utilities,Utilities - Regulated Water,,SGD,Free Cash Flow Growth % YOY,,-12.14,-,-,-,-,-,-,-,-,-,,-
U9E,XSES,China Everbright Water Ltd,Utilities,Utilities - Regulated Water,,SGD,Free Cash Flow/Sales %,,0.29,-13.79,-25.33,-23.52,-26.58,-17.09,-15.05,-8.72,-6.41,14.54,,14.54
U9E,XSES,China Everbright Water Ltd,Utilities,Utilities - Regulated Water,,SGD,Free Cash Flow/Net Income,,0.02,-0.97,-1.79,-1.57,-1.47,-0.98,-1.00,-0.49,-0.43,0.92,,0.92
U9E,XSES,China Everbright Water Ltd,Utilities,Utilities - Regulated Water,,SGD,Free Cash Flow/Share,,0.01,-0.02,-0.08,-0.07,-0.08,-0.07,-0.09,-0.05,-0.03,0.00,,0.00
UD1U,XSES,IREIT Global Units Real Estate Investment Trust Reg S,Real Estate,REIT - Office,,SGD,Operating Cash Flow Growth % YOY,,25.09,2.16,-0.25,-0.09,-9.22,47.15,2.31,-14.14,41.16,-68.62,,-
UD1U,XSES,IREIT Global Units Real Estate Investment Trust Reg S,Real Estate,REIT - Office,,SGD,Free Cash Flow Growth % YOY,,25.09,2.16,-1.85,-0.73,-11.24,40.82,1.97,-28.54,76.65,-,,-
UD1U,XSES,IREIT Global Units Real Estate Investment Trust Reg S,Real Estate,REIT - Office,,SGD,Free Cash Flow/Sales %,,83.3,83.74,82.54,80.88,66.94,68.34,58.97,39.98,60.72,-7.43,,-7.43
UD1U,XSES,IREIT Global Units Real Estate Investment Trust Reg S,Real Estate,REIT - Office,,SGD,Free Cash Flow/Net Income,,0.94,0.99,0.5,0.41,1.28,0.28,1.0,-0.25,5.33,0.06,,0.06
UD1U,XSES,IREIT Global Units Real Estate Investment Trust Reg S,Real Estate,REIT - Office,,SGD,Free Cash Flow/Share,,0.06,0.07,0.06,0.06,0.06,0.05,0.05,0.04,0.05,0.02,,0.02
UIBU,XSES,UI Boustead REIT Units,Real Estate,REIT - Industrial,,SGD,Operating Cash Flow Growth % YOY,,,,,,,,,,,-,,-
UIBU,XSES,UI Boustead REIT Units,Real Estate,REIT - Industrial,,SGD,Free Cash Flow Growth % YOY,,,,,,,,,,,-,,-
UIBU,XSES,UI Boustead REIT Units,Real Estate,REIT - Industrial,,SGD,Free Cash Flow/Sales %,,,,,,,,,,,58.83,,-
UIBU,XSES,UI Boustead REIT Units,Real Estate,REIT - Industrial,,SGD,Free Cash Flow/Net Income,,,,,,,,,,,0.79,,-
UIBU,XSES,UI Boustead REIT Units,Real Estate,REIT - Industrial,,SGD,Free Cash Flow/Share,,,,,,,,,,,-,,-
UIX,XSES,China Environmental Resources Group Ltd,Consumer Cyclical,Auto & Truck Dealerships,,SGD,Operating Cash Flow Growth % YOY,,-,-,-,-,-,-,-,-,-,-,,-
UIX,XSES,China Environmental Resources Group Ltd,Consumer Cyclical,Auto & Truck Dealerships,,SGD,Free Cash Flow Growth % YOY,,-,-,-,-,-,-,-,-,-,-,,-
UIX,XSES,China Environmental Resources Group Ltd,Consumer Cyclical,Auto & Truck Dealerships,,SGD,Free Cash Flow/Sales %,,-434.25,-271.11,-52.88,-36.08,-10.00,1.19,-2.64,-16.29,-28.17,-16.50,,-25.80
UIX,XSES,China Environmental Resources Group Ltd,Consumer Cyclical,Auto & Truck Dealerships,,SGD,Free Cash Flow/Net Income,,0.54,0.78,0.70,0.35,0.14,-0.02,0.15,0.39,0.34,0.25,,0.93
UIX,XSES,China Environmental Resources Group Ltd,Consumer Cyclical,Auto & Truck Dealerships,,SGD,Free Cash Flow/Share,,-0.03,-0.03,-0.03,-0.05,-0.01,0.00,-0.01,0.00,-0.01,0.00,,0.00
ULG,XSES,Ultragreen Ai Ltd Ordinary Shares,Healthcare,Health Information Services,,SGD,Operating Cash Flow Growth % YOY,,,,,,,,-,7.28,111.68,-1.11,,-
ULG,XSES,Ultragreen Ai Ltd Ordinary Shares,Healthcare,Health Information Services,,SGD,Free Cash Flow Growth % YOY,,,,,,,,-,-63.46,389.86,8.83,,-
ULG,XSES,Ultragreen Ai Ltd Ordinary Shares,Healthcare,Health Information Services,,SGD,Free Cash Flow/Sales %,,,,,,,,47.05,11.74,38.36,32.69,,32.69
ULG,XSES,Ultragreen Ai Ltd Ordinary Shares,Healthcare,Health Information Services,,SGD,Free Cash Flow/Net Income,,,,,,,,0.98,0.26,0.74,0.6,,0.60
ULG,XSES,Ultragreen Ai Ltd Ordinary Shares,Healthcare,Health Information Services,,SGD,Free Cash Flow/Share,,,,,,,,-,-,-,0.04,,0.04
URR,XSES,Sim Leisure Group Ltd Ordinary Shares,Consumer Cyclical,Leisure,,SGD,Operating Cash Flow Growth % YOY,,,-,169.96,-18.56,-,-,1314.95,-8.47,-8.42,167.28,,-
URR,XSES,Sim Leisure Group Ltd Ordinary Shares,Consumer Cyclical,Leisure,,SGD,Free Cash Flow Growth % YOY,,,-,-,-,-,-,1497.94,-32.63,-3.84,261.6,,-
URR,XSES,Sim Leisure Group Ltd Ordinary Shares,Consumer Cyclical,Leisure,,SGD,Free Cash Flow/Sales %,,,-102.05,11.23,-26.84,-88.75,9.56,40.0,13.44,10.44,45.86,,45.86
URR,XSES,Sim Leisure Group Ltd Ordinary Shares,Consumer Cyclical,Leisure,,SGD,Free Cash Flow/Net Income,,,-7.67,0.39,-24.98,-1.00,-0.14,1.22,0.83,0.76,1.55,,1.55
URR,XSES,Sim Leisure Group Ltd Ordinary Shares,Consumer Cyclical,Leisure,,SGD,Free Cash Flow/Share,,,-,-,0.00,-0.02,-0.02,0.03,0.05,0.02,0.02,,0.02
UZF,XSES,Dezign Format Group Ltd,Industrials,Specialty Business Services,,SGD,Operating Cash Flow Growth % YOY,,,,,,,,-,339.21,8.38,-,,-
UZF,XSES,Dezign Format Group Ltd,Industrials,Specialty Business Services,,SGD,Free Cash Flow Growth % YOY,,,,,,,,-,374.41,-36.93,-,,-
UZF,XSES,Dezign Format Group Ltd,Industrials,Specialty Business Services,,SGD,Free Cash Flow/Sales %,,,,,,,,6.71,22.37,10.95,-19.87,,-19.87
UZF,XSES,Dezign Format Group Ltd,Industrials,Specialty Business Services,,SGD,Free Cash Flow/Net Income,,,,,,,,0.75,1.78,0.74,-5.71,,-5.71
UZF,XSES,Dezign Format Group Ltd,Industrials,Specialty Business Services,,SGD,Free Cash Flow/Share,,,,,,,,-,-,-,0.02,,0.02
V03,XSES,Venture Corp Ltd,Technology,Electronic Components,,SGD,Operating Cash Flow Growth % YOY,,-1.1,93.91,-43.32,-9.65,97.28,-77.53,164.24,93.77,-7.46,-47.87,,-
V03,XSES,Venture Corp Ltd,Technology,Electronic Components,,SGD,Free Cash Flow Growth % YOY,,-9.63,108.06,-52.53,-0.44,118.55,-78.72,160.28,101.07,-1.64,-52.02,,-
V03,XSES,Venture Corp Ltd,Technology,Electronic Components,,SGD,Free Cash Flow/Sales %,,6.88,10.28,5.61,5.35,14.11,2.91,6.1,15.66,17.03,8.82,,8.82
V03,XSES,Venture Corp Ltd,Technology,Electronic Components,,SGD,Free Cash Flow/Net Income,,1.09,1.1,0.53,0.54,1.43,0.29,0.64,1.75,1.9,0.98,,0.98
V03,XSES,Venture Corp Ltd,Technology,Electronic Components,,SGD,Free Cash Flow/Share,,0.94,1.02,1.05,1.06,0.86,1.07,-0.01,1.46,1.73,1.19,,1.19
V2Y,XSES,Oceanscape International Ltd Ordinary Shares,Industrials,Specialty Industrial Machinery,,SGD,Operating Cash Flow Growth % YOY,,-,-,-,-,-,-,-,-,-,-,,-
V2Y,XSES,Oceanscape International Ltd Ordinary Shares,Industrials,Specialty Industrial Machinery,,SGD,Free Cash Flow Growth % YOY,,-,-,-,-,-,-,-,-,-,-,,-
V2Y,XSES,Oceanscape International Ltd Ordinary Shares,Industrials,Specialty Industrial Machinery,,SGD,Free Cash Flow/Sales %,,-57.29,-50.80,-31.93,-40.11,-47.71,-70.62,-581.25,-382.79,-78.38,-12885.71,,-12885.71
V2Y,XSES,Oceanscape International Ltd Ordinary Shares,Industrials,Specialty Industrial Machinery,,SGD,Free Cash Flow/Net Income,,0.93,1.21,0.69,0.92,-0.01,0.43,0.81,0.89,0.44,0.39,,0.39
V2Y,XSES,Oceanscape International Ltd Ordinary Shares,Industrials,Specialty Industrial Machinery,,SGD,Free Cash Flow/Share,,-,-,-0.01,-0.04,0.02,-0.02,-0.01,0.00,0.00,-,,-
V3M,XSES,Metech International Ltd,Industrials,Specialty Business Services,,SGD,Operating Cash Flow Growth % YOY,,-,-,-,-,-,-,-,,,,,-
V3M,XSES,Metech International Ltd,Industrials,Specialty Business Services,,SGD,Free Cash Flow Growth % YOY,,-,-,-,-,-,-,-,,,,,-
V3M,XSES,Metech International Ltd,Industrials,Specialty Business Services,,SGD,Free Cash Flow/Sales %,,-15.27,-1.35,-1.97,-3.23,11.84,-5.65,-124.44,,,,,-
V3M,XSES,Metech International Ltd,Industrials,Specialty Business Services,,SGD,Free Cash Flow/Net Income,,0.87,-1.86,0.25,3.39,-3.15,0.76,3.40,,,,,-
V3M,XSES,Metech International Ltd,Industrials,Specialty Business Services,,SGD,Free Cash Flow/Share,,-0.08,-0.03,-0.03,-0.01,0.01,-0.02,-0.04,,,,,-0.02
V7R,XSES,Resources Global Development Ltd Ordinary Shares,Industrials,Marine Shipping,,SGD,Operating Cash Flow Growth % YOY,,-,-54.46,16.37,105.00,-82.23,1302.89,-25.99,155.01,-29.16,-10.00,,-
V7R,XSES,Resources Global Development Ltd Ordinary Shares,Industrials,Marine Shipping,,SGD,Free Cash Flow Growth % YOY,,-,-59.01,-5.48,-,-,-,-,-,-,-,,-
V7R,XSES,Resources Global Development Ltd Ordinary Shares,Industrials,Marine Shipping,,SGD,Free Cash Flow/Sales %,,48.17,19.18,7.78,-12.55,-1.31,11.99,-6.26,23.75,-24.62,-1.96,,-1.96
V7R,XSES,Resources Global Development Ltd Ordinary Shares,Industrials,Marine Shipping,,SGD,Free Cash Flow/Net Income,,4.28,3.06,1.55,-13.87,-0.31,1.08,-0.56,1.94,-1.91,-0.09,,-0.09
V7R,XSES,Resources Global Development Ltd Ordinary Shares,Industrials,Marine Shipping,,SGD,Free Cash Flow/Share,,-,-,-,-,0.00,0.03,0.00,0.03,0.00,-0.03,,-0.03
V8Y,XSES,Quantum Healthcare Ltd,Healthcare,Medical Devices,,SGD,Operating Cash Flow Growth % YOY,,-,-,-,-,-,-,-,-,-,34.05,,-
V8Y,XSES,Quantum Healthcare Ltd,Healthcare,Medical Devices,,SGD,Free Cash Flow Growth % YOY,,-,-,-,-,-,-,-,-,-,72.69,,-
V8Y,XSES,Quantum Healthcare Ltd,Healthcare,Medical Devices,,SGD,Free Cash Flow/Sales %,,-150.39,-29.21,-258.24,-101.94,-1076.30,-,-22.73,-7.08,8.63,14.47,,12.19
V8Y,XSES,Quantum Healthcare Ltd,Healthcare,Medical Devices,,SGD,Free Cash Flow/Net Income,,1.34,0.18,-0.97,0.84,0.79,0.19,0.25,0.26,-0.49,-0.69,,-0.57
V8Y,XSES,Quantum Healthcare Ltd,Healthcare,Medical Devices,,SGD,Free Cash Flow/Share,,-0.03,-0.01,-0.02,-0.01,0.00,0.00,0.00,0.00,0.00,0.0,,0.00
VC2,XSES,Olam Group Ltd,Consumer Defensive,Food Distribution,,SGD,Operating Cash Flow Growth % YOY,,-,167.56,-10.53,-52.99,-,-,39.70,-,-,-,,-
VC2,XSES,Olam Group Ltd,Consumer Defensive,Food Distribution,,SGD,Free Cash Flow Growth % YOY,,-,-,-5.36,-88.29,-,-,-,-,-,-,,-
VC2,XSES,Olam Group Ltd,Consumer Defensive,Food Distribution,,SGD,Free Cash Flow/Sales %,,-0.70,2.66,2.17,0.24,-2.11,-0.01,0.28,-2.14,-10.70,1.13,,1.13
VC2,XSES,Olam Group Ltd,Consumer Defensive,Food Distribution,,SGD,Free Cash Flow/Net Income,,-0.41,1.20,1.9,0.14,-3.08,0.00,0.24,-3.70,-69.55,0.75,,0.75
VC2,XSES,Olam Group Ltd,Consumer Defensive,Food Distribution,,SGD,Free Cash Flow/Share,,-0.27,0.22,0.07,0.36,-0.07,-0.22,-0.13,-0.15,-1.52,-0.42,,-0.42
VI2,XSES,Trans-China Automotive Holdings Ltd,Consumer Cyclical,Auto & Truck Dealerships,,SGD,Operating Cash Flow Growth % YOY,,,,-,-,-,115.12,-2.07,-52.91,-48.95,50.46,,-
VI2,XSES,Trans-China Automotive Holdings Ltd,Consumer Cyclical,Auto & Truck Dealerships,,SGD,Free Cash Flow Growth % YOY,,,,-,-,-,443.31,-29.39,-81.02,-99.79,-,,-
VI2,XSES,Trans-China Automotive Holdings Ltd,Consumer Cyclical,Auto & Truck Dealerships,,SGD,Free Cash Flow/Sales %,,,,3.90,-2.83,0.78,3.97,3.14,0.69,0.0,3.04,,3.04
VI2,XSES,Trans-China Automotive Holdings Ltd,Consumer Cyclical,Auto & Truck Dealerships,,SGD,Free Cash Flow/Net Income,,,,48.99,-4.53,0.30,1.44,6.03,-0.26,0.0,-0.45,,-0.45
VI2,XSES,Trans-China Automotive Holdings Ltd,Consumer Cyclical,Auto & Truck Dealerships,,SGD,Free Cash Flow/Share,,,,-,-,-,0.1,-0.07,0.03,-0.01,0.04,,0.04
VIN,XSES,Vins Holdings Ltd,Consumer Cyclical,Auto & Truck Dealerships,,SGD,Operating Cash Flow Growth % YOY,,,,,,,-,-,-,-,-,,-
VIN,XSES,Vins Holdings Ltd,Consumer Cyclical,Auto & Truck Dealerships,,SGD,Free Cash Flow Growth % YOY,,,,,,,-,-,-,-,-,,-
VIN,XSES,Vins Holdings Ltd,Consumer Cyclical,Auto & Truck Dealerships,,SGD,Free Cash Flow/Sales %,,,,,,,-4.38,-8.74,4.36,-5.43,-2.26,,-2.26
VIN,XSES,Vins Holdings Ltd,Consumer Cyclical,Auto & Truck Dealerships,,SGD,Free Cash Flow/Net Income,,,,,,,-1.34,-2.89,1.47,-2.70,-4.44,,-4.44
VIN,XSES,Vins Holdings Ltd,Consumer Cyclical,Auto & Truck Dealerships,,SGD,Free Cash Flow/Share,,,,,,,-,-,-,-,0.01,,0.01
W05,XSES,Wing Tai Holdings Ltd,Real Estate,Real Estate - Development,,SGD,Operating Cash Flow Growth % YOY,,-,-,-24.57,-,-,-46.08,-34.76,-,-,-,,-
W05,XSES,Wing Tai Holdings Ltd,Real Estate,Real Estate - Development,,SGD,Free Cash Flow Growth % YOY,,-,-,-27.3,-,-,-46.86,-37.08,-,-,-,,-
W05,XSES,Wing Tai Holdings Ltd,Real Estate,Real Estate - Development,,SGD,Free Cash Flow/Sales %,,-6.33,50.06,25.66,-145.55,73.91,31.58,17.82,-52.35,185.05,-194.37,,54.43
W05,XSES,Wing Tai Holdings Ltd,Real Estate,Real Estate - Development,,SGD,Free Cash Flow/Net Income,,-4.87,6.55,0.44,-10.04,17.17,3.34,0.65,-18.74,-3.98,7.34,,-6.87
W05,XSES,Wing Tai Holdings Ltd,Real Estate,Real Estate - Development,,SGD,Free Cash Flow/Share,,0.07,0.06,0.15,0.12,-0.70,0.55,0.18,-0.34,0.26,-0.60,,-0.59
W8W,XSES,Coliwoo Holdings Ltd,Real Estate,Real Estate Services,,SGD,Operating Cash Flow Growth % YOY,,,,,,,,-,114.74,-24.13,75.44,,-
W8W,XSES,Coliwoo Holdings Ltd,Real Estate,Real Estate Services,,SGD,Free Cash Flow Growth % YOY,,,,,,,,-,92.00,-24.61,67.28,,-
W8W,XSES,Coliwoo Holdings Ltd,Real Estate,Real Estate Services,,SGD,Free Cash Flow/Sales %,,,,,,,,55.96,58.54,24.16,44.28,,40.96
W8W,XSES,Coliwoo Holdings Ltd,Real Estate,Real Estate Services,,SGD,Free Cash Flow/Net Income,,,,,,,,0.25,1.90,0.36,1.38,,1.08
W8W,XSES,Coliwoo Holdings Ltd,Real Estate,Real Estate Services,,SGD,Free Cash Flow/Share,,,,,,,,-,-,-,-,,0.04
WJ9,XSES,Advanced Systems Automation Ltd,Technology,Semiconductor Equipment & Materials,,SGD,Operating Cash Flow Growth % YOY,-,-,-,-,-,-,39.50,346.74,-87.63,-,,,-
WJ9,XSES,Advanced Systems Automation Ltd,Technology,Semiconductor Equipment & Materials,,SGD,Free Cash Flow Growth % YOY,-,-,-,-,-,-,-,-,-,-,,,-
WJ9,XSES,Advanced Systems Automation Ltd,Technology,Semiconductor Equipment & Materials,,SGD,Free Cash Flow/Sales %,-18.48,-9.41,-17.01,-15.28,-11.95,-,-5.10,9.75,-3.20,-15.94,,,-29.10
WJ9,XSES,Advanced Systems Automation Ltd,Technology,Semiconductor Equipment & Materials,,SGD,Free Cash Flow/Net Income,0.26,0.91,0.96,0.41,0.36,0.24,3.97,63.78,0.10,0.37,,,0.63
WJ9,XSES,Advanced Systems Automation Ltd,Technology,Semiconductor Equipment & Materials,,SGD,Free Cash Flow/Share,-0.02,-0.02,-0.03,-0.01,0.00,0.00,0.00,0.00,0.00,0.00,,,0.00
WJP,XSES,Vicom Ltd,Consumer Cyclical,Auto & Truck Dealerships,,SGD,Operating Cash Flow Growth % YOY,,-8.65,0.21,-9.67,19.62,2.1,-19.21,-14.4,24.7,10.36,66.55,,-
WJP,XSES,Vicom Ltd,Consumer Cyclical,Auto & Truck Dealerships,,SGD,Free Cash Flow Growth % YOY,,-10.42,-1.24,-86.61,691.44,-29.01,-19.96,-5.17,14.48,22.09,-16.87,,-
WJP,XSES,Vicom Ltd,Consumer Cyclical,Auto & Truck Dealerships,,SGD,Free Cash Flow/Sales %,,29.69,30.67,3.98,30.36,25.88,17.61,15.54,17.22,19.66,11.59,,11.59
WJP,XSES,Vicom Ltd,Consumer Cyclical,Auto & Truck Dealerships,,SGD,Free Cash Flow/Net Income,,1.04,1.09,0.11,1.08,0.89,0.7,0.63,0.68,0.79,0.45,,0.45
WJP,XSES,Vicom Ltd,Consumer Cyclical,Auto & Truck Dealerships,,SGD,Free Cash Flow/Share,,0.08,0.09,0.07,0.03,0.07,0.05,0.06,0.04,0.06,0.05,,0.05
WKS,XSES,Winking Studios Ltd,Communication Services,Electronic Gaming & Multimedia,,SGD,Operating Cash Flow Growth % YOY,,,,,,-,138.11,-54.16,75.29,-81.67,744.34,,-
WKS,XSES,Winking Studios Ltd,Communication Services,Electronic Gaming & Multimedia,,SGD,Free Cash Flow Growth % YOY,,,,,,-,152.80,-90.19,859.25,-96.64,4772.34,,-
WKS,XSES,Winking Studios Ltd,Communication Services,Electronic Gaming & Multimedia,,SGD,Free Cash Flow/Sales %,,,,,,8.13,12.57,1.19,9.57,0.29,10.07,,10.07
WKS,XSES,Winking Studios Ltd,Communication Services,Electronic Gaming & Multimedia,,SGD,Free Cash Flow/Net Income,,,,,,0.64,0.96,0.28,1.57,0.18,14.05,,14.05
WKS,XSES,Winking Studios Ltd,Communication Services,Electronic Gaming & Multimedia,,SGD,Free Cash Flow/Share,,,,,,-,-,-,0.01,0.02,0.0,,0.00
WPC,XSES,Vallianz Holdings Ltd,Industrials,Marine Shipping,,SGD,Operating Cash Flow Growth % YOY,,,,-,-,110.68,-,-,-,-50.69,232.54,,-
WPC,XSES,Vallianz Holdings Ltd,Industrials,Marine Shipping,,SGD,Free Cash Flow Growth % YOY,,,,-,-,852.17,-,-,-,-,-,,-
WPC,XSES,Vallianz Holdings Ltd,Industrials,Marine Shipping,,SGD,Free Cash Flow/Sales %,,,,-3.55,0.69,6.41,-58.71,-12.14,0.47,-1.93,1.43,,1.43
WPC,XSES,Vallianz Holdings Ltd,Industrials,Marine Shipping,,SGD,Free Cash Flow/Net Income,,,,-0.39,-0.01,-0.09,2.26,3.29,-0.07,-0.47,0.45,,0.45
WPC,XSES,Vallianz Holdings Ltd,Industrials,Marine Shipping,,SGD,Free Cash Flow/Share,,,,-0.42,-0.27,-0.02,-0.03,-0.01,0.00,-0.03,-0.01,,-0.01
X5N,XSES,Avarga Ltd,Industrials,Industrial Distribution,,SGD,Operating Cash Flow Growth % YOY,,-2.14,215.54,-2.39,5.53,1.81,110.38,-57.43,101.81,-56.34,-26.53,,-
X5N,XSES,Avarga Ltd,Industrials,Industrial Distribution,,SGD,Free Cash Flow Growth % YOY,,-2.15,216.44,-5.97,12.23,-2.11,120.54,-60.87,114.21,-57.81,-31.53,,-
X5N,XSES,Avarga Ltd,Industrials,Industrial Distribution,,SGD,Free Cash Flow/Sales %,,27.21,3.75,3.26,4.1,3.33,5.1,2.05,6.13,2.71,1.97,,1.97
X5N,XSES,Avarga Ltd,Industrials,Industrial Distribution,,SGD,Free Cash Flow/Net Income,,1.37,3.34,4.59,1.77,1.03,1.7,0.96,9.53,1.87,2.3,,2.30
X5N,XSES,Avarga Ltd,Industrials,Industrial Distribution,,SGD,Free Cash Flow/Share,,0.19,0.34,0.52,0.74,0.66,0.38,1.27,0.95,0.76,0.56,,0.56
XCF,XSES,KTMG Ltd,Consumer Cyclical,Apparel Manufacturing,,SGD,Operating Cash Flow Growth % YOY,,-,-,-,-,-40.71,-,-,-92.61,-,-,,-
XCF,XSES,KTMG Ltd,Consumer Cyclical,Apparel Manufacturing,,SGD,Free Cash Flow Growth % YOY,,-,-,-,-,-7.78,-,-,-98.23,-,-,,-
XCF,XSES,KTMG Ltd,Consumer Cyclical,Apparel Manufacturing,,SGD,Free Cash Flow/Sales %,,-,-,-,2.51,2.85,-3.73,13.91,0.29,-4.82,9.54,,9.54
XCF,XSES,KTMG Ltd,Consumer Cyclical,Apparel Manufacturing,,SGD,Free Cash Flow/Net Income,,0.65,0.87,0.90,-1.15,0.65,-1.73,4.27,-0.13,0.89,-1.58,,-1.58
XCF,XSES,KTMG Ltd,Consumer Cyclical,Apparel Manufacturing,,SGD,Free Cash Flow/Share,,-0.22,-0.17,-0.14,-0.02,0.03,0.01,0.00,0.04,-0.03,0.01,,0.01
XHV,XSES,Serial Achieva Ltd,Technology,Computer Hardware,,SGD,Operating Cash Flow Growth % YOY,,-,-,-,-,-,-,-,-,-,-,,-
XHV,XSES,Serial Achieva Ltd,Technology,Computer Hardware,,SGD,Free Cash Flow Growth % YOY,,-,-,-,-,-,-,-,-,-,-,,-
XHV,XSES,Serial Achieva Ltd,Technology,Computer Hardware,,SGD,Free Cash Flow/Sales %,,-26.34,-6.81,-4.15,11.12,-13054.16,-,-,-,-2.47,8.87,,8.87
XHV,XSES,Serial Achieva Ltd,Technology,Computer Hardware,,SGD,Free Cash Flow/Net Income,,1.36,1.97,-0.65,1.05,-0.07,1.56,0.97,0.69,0.33,-12.84,,-12.84
XHV,XSES,Serial Achieva Ltd,Technology,Computer Hardware,,SGD,Free Cash Flow/Share,,-0.02,-0.04,-0.03,0.02,-,-,-,-,0.00,0.01,,0.01
XJB,XSES,GHY Culture & Media Holding Co Ltd Ordinary Shares,Communication Services,Entertainment,,SGD,Operating Cash Flow Growth % YOY,,,,,-,-,-,-,-47.3,-,-,,-
XJB,XSES,GHY Culture & Media Holding Co Ltd Ordinary Shares,Communication Services,Entertainment,,SGD,Free Cash Flow Growth % YOY,,,,,-,-,-,-,-32.33,-,-,,-
XJB,XSES,GHY Culture & Media Holding Co Ltd Ordinary Shares,Communication Services,Entertainment,,SGD,Free Cash Flow/Sales %,,,,,-21.43,8.86,-58.68,6.83,2.75,-13.19,-11.21,,-11.21
XJB,XSES,GHY Culture & Media Holding Co Ltd Ordinary Shares,Communication Services,Entertainment,,SGD,Free Cash Flow/Net Income,,,,,-1.14,0.30,-12.53,-0.33,-0.21,0.38,-7.90,,-7.90
XJB,XSES,GHY Culture & Media Holding Co Ltd Ordinary Shares,Communication Services,Entertainment,,SGD,Free Cash Flow/Share,,,,,-,0.01,-0.01,-0.03,0.01,0.01,-0.03,,-0.03
XVG,XSES,Aedge Group Ltd Ordinary Shares,Industrials,Conglomerates,,SGD,Operating Cash Flow Growth % YOY,,,,-,12.87,-58.21,242.51,-,-,-,10.38,,-
XVG,XSES,Aedge Group Ltd Ordinary Shares,Industrials,Conglomerates,,SGD,Free Cash Flow Growth % YOY,,,,-,-58.51,-30.81,321.3,-,-,-,6.38,,-
XVG,XSES,Aedge Group Ltd Ordinary Shares,Industrials,Conglomerates,,SGD,Free Cash Flow/Sales %,,,,13.04,4.39,3.15,17.56,-8.15,-8.70,12.92,11.71,,15.38
XVG,XSES,Aedge Group Ltd Ordinary Shares,Industrials,Conglomerates,,SGD,Free Cash Flow/Net Income,,,,5.57,0.86,1.77,-3.17,1.16,1.02,-5.22,-5.05,,4.93
XVG,XSES,Aedge Group Ltd Ordinary Shares,Industrials,Conglomerates,,SGD,Free Cash Flow/Share,,,,-,-,-,0.03,0.00,-0.02,0.01,0.01,,0.02
XWA,XSES,AEM Holdings Ltd,Technology,Semiconductor Equipment & Materials,,SGD,Operating Cash Flow Growth % YOY,,-,-,-31.70,98.45,27.55,-39.74,-,-,-,-,,-
XWA,XSES,AEM Holdings Ltd,Technology,Semiconductor Equipment & Materials,,SGD,Free Cash Flow Growth % YOY,,-,-,-38.13,119.12,25.97,-56.53,-,-,-,-,,-
XWA,XSES,AEM Holdings Ltd,Technology,Semiconductor Equipment & Materials,,SGD,Free Cash Flow/Sales %,,-3.24,21.42,11.19,19.91,15.62,6.23,-6.77,2.99,-10.97,28.75,,28.75
XWA,XSES,AEM Holdings Ltd,Technology,Semiconductor Equipment & Materials,,SGD,Free Cash Flow/Net Income,,-0.49,1.51,0.88,1.22,0.83,0.38,-0.46,-11.63,-3.65,6.77,,6.77
XWA,XSES,AEM Holdings Ltd,Technology,Semiconductor Equipment & Materials,,SGD,Free Cash Flow/Share,,-,-,-,-,-,-,-,-,0.05,-,,-
XZB,XSES,,,,,SGD,Operating Cash Flow Growth % YOY,,,,,,,,,,,,,-
XZB,XSES,,,,,SGD,Free Cash Flow Growth % YOY,,,,,,,,,,,,,-
XZB,XSES,,,,,SGD,Free Cash Flow/Sales %,,,,,,,,,,,,,-
XZB,XSES,,,,,SGD,Free Cash Flow/Net Income,,,,,,,,,,,,,-
XZB,XSES,,,,,SGD,Free Cash Flow/Share,,,,,,,,,,,,,-
XZL,XSES,Acrophyte Hospitality Trust,Real Estate,REIT - Hotel & Motel,,SGD,Operating Cash Flow Growth % YOY,,,,-,,-,146.97,57.69,19.80,-21.90,-6.95,,-
XZL,XSES,Acrophyte Hospitality Trust,Real Estate,REIT - Hotel & Motel,,SGD,Free Cash Flow Growth % YOY,,,,-,,-,-,88.39,-,-,-5.41,,-
XZL,XSES,Acrophyte Hospitality Trust,Real Estate,REIT - Hotel & Motel,,SGD,Free Cash Flow/Sales %,,,,-364.11,,-109.25,11.19,16.3,-2.08,8.75,8.81,,8.81
XZL,XSES,Acrophyte Hospitality Trust,Real Estate,REIT - Hotel & Motel,,SGD,Free Cash Flow/Net Income,,,,-40.55,,0.90,-1.06,2.9,0.33,-0.62,-0.52,,-0.52
XZL,XSES,Acrophyte Hospitality Trust,Real Estate,REIT - Hotel & Motel,,SGD,Free Cash Flow/Share,,,,-,,-1.15,0.02,0.05,0.00,0.03,0.04,,0.04
Y03,XSES,Yeo Hiap Seng Ltd,Consumer Defensive,Packaged Foods,,SGD,Operating Cash Flow Growth % YOY,,0.40,-82.58,-58.51,590.96,-55.32,-,-,305.41,-26.16,-91.98,,-
Y03,XSES,Yeo Hiap Seng Ltd,Consumer Defensive,Packaged Foods,,SGD,Free Cash Flow Growth % YOY,,-,-,-,-,-,-,-,-,-39.77,-,,-
Y03,XSES,Yeo Hiap Seng Ltd,Consumer Defensive,Packaged Foods,,SGD,Free Cash Flow/Sales %,,-3.18,-4.38,-2.92,0.57,-3.62,-3.69,-2.04,7.03,4.29,-2.52,,-2.52
Y03,XSES,Yeo Hiap Seng Ltd,Consumer Defensive,Packaged Foods,,SGD,Free Cash Flow/Net Income,,-0.45,-0.10,-0.85,0.12,1.16,4.28,-3.06,3.49,2.05,-0.35,,-0.35
Y03,XSES,Yeo Hiap Seng Ltd,Consumer Defensive,Packaged Foods,,SGD,Free Cash Flow/Share,,-0.03,-0.02,-0.02,0.00,0.01,-0.04,-0.04,0.05,0.03,0.00,,0.00
Y06,XSES,Green Build Technology Ltd,Industrials,Engineering & Construction,,SGD,Operating Cash Flow Growth % YOY,,-,-,-,-,-,2489.61,-70.73,-60.6,-,-,,-
Y06,XSES,Green Build Technology Ltd,Industrials,Engineering & Construction,,SGD,Free Cash Flow Growth % YOY,,-,-,-,-,-,2490.12,-70.73,-60.6,-,-,,-
Y06,XSES,Green Build Technology Ltd,Industrials,Engineering & Construction,,SGD,Free Cash Flow/Sales %,,-17.05,-63.79,46.31,-87.35,314.83,472.7,1935.11,238.33,-30.37,-3.78,,-3.78
Y06,XSES,Green Build Technology Ltd,Industrials,Engineering & Construction,,SGD,Free Cash Flow/Net Income,,-11.87,25.02,3.66,8.58,9.06,15.01,-0.11,0.08,0.34,0.04,,0.04
Y06,XSES,Green Build Technology Ltd,Industrials,Engineering & Construction,,SGD,Free Cash Flow/Share,,-0.12,-0.20,-,-0.13,0.05,0.04,0.03,0.01,0.00,0.00,,0.00
Y35,XSES,AnAn International Ltd,Energy,Oil & Gas Refining & Marketing,,SGD,Operating Cash Flow Growth % YOY,,-,-,-48.1,-58.68,-,-,-,-25.54,19.49,76.0,,-
Y35,XSES,AnAn International Ltd,Energy,Oil & Gas Refining & Marketing,,SGD,Free Cash Flow Growth % YOY,,-,-,-53.96,-74.15,-,-,-,-75.98,487.52,124.8,,-
Y35,XSES,AnAn International Ltd,Energy,Oil & Gas Refining & Marketing,,SGD,Free Cash Flow/Sales %,,-1.13,1.94,1.01,0.32,-4.60,-2.05,0.68,0.2,1.24,2.6,,2.60
Y35,XSES,AnAn International Ltd,Energy,Oil & Gas Refining & Marketing,,SGD,Free Cash Flow/Net Income,,-4.14,-0.40,-0.99,-1.71,-24.11,-7.86,1.03,0.93,-28.7,8.72,,8.72
Y35,XSES,AnAn International Ltd,Energy,Oil & Gas Refining & Marketing,,SGD,Free Cash Flow/Share,,-0.01,0.00,0.02,0.01,0.00,-0.02,0.00,0.0,0.02,0.03,,0.03
Y3D,XSES,mDR Ltd,Technology,Electronics & Computer Distribution,,SGD,Operating Cash Flow Growth % YOY,,-14.97,-10.40,-,-,310.75,-8.39,-79.97,78.48,33.91,-54.12,,-
Y3D,XSES,mDR Ltd,Technology,Electronics & Computer Distribution,,SGD,Free Cash Flow Growth % YOY,,-0.45,-,-,-,409.22,-10.96,-81.37,86.66,36.56,-57.48,,-
Y3D,XSES,mDR Ltd,Technology,Electronics & Computer Distribution,,SGD,Free Cash Flow/Sales %,,0.69,-1.38,-5.29,1.81,13.64,12.37,2.49,3.78,4.79,1.91,,1.91
Y3D,XSES,mDR Ltd,Technology,Electronics & Computer Distribution,,SGD,Free Cash Flow/Net Income,,0.75,-0.93,-5.53,5.03,-1.84,5.73,0.6,-0.19,2.03,-5.95,,-5.95
Y3D,XSES,mDR Ltd,Technology,Electronics & Computer Distribution,,SGD,Free Cash Flow/Share,,0.01,0.00,-0.01,-0.01,0.02,0.01,0.02,0.0,0.01,0.0,,0.00
Y8E,XSES,Samurai 2K Aerosol Ltd,Basic Materials,Specialty Chemicals,,SGD,Operating Cash Flow Growth % YOY,,503.59,-57.54,-,-,-,166.15,-61.26,-,-,-53.30,,-
Y8E,XSES,Samurai 2K Aerosol Ltd,Basic Materials,Specialty Chemicals,,SGD,Free Cash Flow Growth % YOY,,-,-,-,-,-,233.68,-77.29,-,-,-,,-
Y8E,XSES,Samurai 2K Aerosol Ltd,Basic Materials,Specialty Chemicals,,SGD,Free Cash Flow/Sales %,,-1.16,-1.88,-8.54,-18.62,18.54,35.27,7.84,-57.81,-3.68,-3.33,,1.28
Y8E,XSES,Samurai 2K Aerosol Ltd,Basic Materials,Specialty Chemicals,,SGD,Free Cash Flow/Net Income,,-0.07,-0.33,-0.66,-1.29,2.29,2.23,0.68,3.55,-1.91,0.35,,0.05
Y8E,XSES,Samurai 2K Aerosol Ltd,Basic Materials,Specialty Chemicals,,SGD,Free Cash Flow/Share,,-,0.00,0.00,-0.02,-0.01,0.03,0.01,-0.01,-0.02,0.00,,0.00
Y92,XSES,Thai Beverage PLC,Consumer Defensive,Beverages - Wineries & Distilleries,,SGD,Operating Cash Flow Growth % YOY,,,16.95,-24.66,72.69,-3.15,-13.95,40.37,-28.97,19.11,20.89,,-
Y92,XSES,Thai Beverage PLC,Consumer Defensive,Beverages - Wineries & Distilleries,,SGD,Free Cash Flow Growth % YOY,,,16.57,-38.19,120.04,-0.14,-12.59,45.62,-34.87,5.99,11.54,,-
Y92,XSES,Thai Beverage PLC,Consumer Defensive,Beverages - Wineries & Distilleries,,SGD,Free Cash Flow/Sales %,,,12.64,6.46,12.22,12.87,11.85,15.24,9.69,8.42,9.59,,11.07
Y92,XSES,Thai Beverage PLC,Consumer Defensive,Beverages - Wineries & Distilleries,,SGD,Free Cash Flow/Net Income,,,0.7,0.8,1.4,1.43,1.16,1.38,0.99,1.05,1.26,,1.46
Y92,XSES,Thai Beverage PLC,Consumer Defensive,Beverages - Wineries & Distilleries,,SGD,Free Cash Flow/Share,,,0.04,0.03,0.05,0.05,0.06,0.06,0.04,0.04,0.04,,0.05
YF8,XSES,Yangzijiang Financial Holding Ltd,Financial Services,Asset Management,,SGD,Operating Cash Flow Growth % YOY,,,,,-,-,-,-61.12,212.33,-51.34,-,,-
YF8,XSES,Yangzijiang Financial Holding Ltd,Financial Services,Asset Management,,SGD,Free Cash Flow Growth % YOY,,,,,-,-,-,-61.12,171.23,-49.16,-,,-
YF8,XSES,Yangzijiang Financial Holding Ltd,Financial Services,Asset Management,,SGD,Free Cash Flow/Sales %,,,,,114.43,-142.76,179.64,97.33,260.55,197.43,-163.24,,-163.24
YF8,XSES,Yangzijiang Financial Holding Ltd,Financial Services,Asset Management,,SGD,Free Cash Flow/Net Income,,,,,1.50,-1.91,2.45,1.92,4.19,1.41,28.76,,28.76
YF8,XSES,Yangzijiang Financial Holding Ltd,Financial Services,Asset Management,,SGD,Free Cash Flow/Share,,,,,-,-,-,0.02,0.14,0.25,0.11,,0.11
YK9,XSES,YKGI Ltd,Consumer Cyclical,Restaurants,,SGD,Operating Cash Flow Growth % YOY,,,,,-,79.65,48.38,-25.63,10.96,35.6,-0.69,,-
YK9,XSES,YKGI Ltd,Consumer Cyclical,Restaurants,,SGD,Free Cash Flow Growth % YOY,,,,,-,150.43,52.52,-27.58,7.31,39.31,-5.93,,-
YK9,XSES,YKGI Ltd,Consumer Cyclical,Restaurants,,SGD,Free Cash Flow/Sales %,,,,,11.31,22.95,24.33,18.37,17.99,23.84,21.08,,21.08
YK9,XSES,YKGI Ltd,Consumer Cyclical,Restaurants,,SGD,Free Cash Flow/Net Income,,,,,3.44,1.82,1.53,2.30,7.76,3.09,3.62,,3.62
YK9,XSES,YKGI Ltd,Consumer Cyclical,Restaurants,,SGD,Free Cash Flow/Share,,,,,-,-,-,-,0.02,0.03,0.03,,0.03
YYB,XSES,Bacui Technologies International Ltd,Communication Services,Publishing,,SGD,Operating Cash Flow Growth % YOY,,-,-,-,-,-,-,-,-,-,-,,-
YYB,XSES,Bacui Technologies International Ltd,Communication Services,Publishing,,SGD,Free Cash Flow Growth % YOY,,-,-,-,-,-,-,-,-,-,-,,-
YYB,XSES,Bacui Technologies International Ltd,Communication Services,Publishing,,SGD,Free Cash Flow/Sales %,,-30.42,-371.20,-121.84,-128.92,-123.82,-80.40,-98.89,-184.98,-1.23,-3.55,,-3.55
YYB,XSES,Bacui Technologies International Ltd,Communication Services,Publishing,,SGD,Free Cash Flow/Net Income,,0.46,0.47,1.40,0.98,1.04,0.99,0.96,-3.65,-2.32,-4.91,,-4.91
YYB,XSES,Bacui Technologies International Ltd,Communication Services,Publishing,,SGD,Free Cash Flow/Share,,-0.02,-0.02,-0.01,0.00,0.00,0.00,0.00,0.00,0.00,0.00,,0.00
Z25,XSES,Yanlord Land Group Ltd,Real Estate,Real Estate - Development,,SGD,Operating Cash Flow Growth % YOY,,-26.25,-,-,147.96,3.68,-46.27,303.99,-46.84,-43.32,-70.03,,-
Z25,XSES,Yanlord Land Group Ltd,Real Estate,Real Estate - Development,,SGD,Free Cash Flow Growth % YOY,,-26.3,-,-,245.42,5.35,-48.01,317.42,-46.87,-44.27,-71.08,,-
Z25,XSES,Yanlord Land Group Ltd,Real Estate,Real Estate - Development,,SGD,Free Cash Flow/Sales %,,38.6,-45.66,4.20,19.34,15.9,5.68,28.75,10.11,6.72,4.92,,4.92
Z25,XSES,Yanlord Land Group Ltd,Real Estate,Real Estate - Development,,SGD,Free Cash Flow/Net Income,,3.67,-3.64,0.29,1.08,1.47,0.74,5.39,-4.7,-0.71,2.64,,2.64
Z25,XSES,Yanlord Land Group Ltd,Real Estate,Real Estate - Development,,SGD,Free Cash Flow/Share,,1.12,-0.95,0.22,0.22,-0.28,1.34,-0.66,1.54,0.09,0.18,,0.18
Z4D,XSES,Medi Lifestyle Ltd Ordinary Shares,Healthcare,Medical Care Facilities,,SGD,Operating Cash Flow Growth % YOY,,-23.82,-,-,-,-,-,-,-,-,-,,-
Z4D,XSES,Medi Lifestyle Ltd Ordinary Shares,Healthcare,Medical Care Facilities,,SGD,Free Cash Flow Growth % YOY,,-,-,-,-,-,-,-,-,-,-,,-
Z4D,XSES,Medi Lifestyle Ltd Ordinary Shares,Healthcare,Medical Care Facilities,,SGD,Free Cash Flow/Sales %,,0.57,-33.97,-245.31,-36.52,-1739.26,-308.09,-96.30,-351.59,-354.73,-90.05,,-221.15
Z4D,XSES,Medi Lifestyle Ltd Ordinary Shares,Healthcare,Medical Care Facilities,,SGD,Free Cash Flow/Net Income,,-0.06,0.17,0.43,-7.32,3.92,0.18,0.54,0.95,1.22,1.03,,0.81
Z4D,XSES,Medi Lifestyle Ltd Ordinary Shares,Healthcare,Medical Care Facilities,,SGD,Free Cash Flow/Share,,-0.05,-0.07,-0.05,-0.07,-0.06,-0.03,-0.01,-0.03,-0.01,-0.01,,-0.01
Z59,XSES,Yoma Strategic Holdings Ltd,Industrials,Conglomerates,,SGD,Operating Cash Flow Growth % YOY,,-,363.83,-,-,-85.79,33.04,,,261.69,,,-
Z59,XSES,Yoma Strategic Holdings Ltd,Industrials,Conglomerates,,SGD,Free Cash Flow Growth % YOY,,-,-,-,-,-,-,,,-,,,-
Z59,XSES,Yoma Strategic Holdings Ltd,Industrials,Conglomerates,,SGD,Free Cash Flow/Sales %,,-12.70,31.49,-24.52,-7.10,-20.27,-15.66,,,35.42,,,12.25
Z59,XSES,Yoma Strategic Holdings Ltd,Industrials,Conglomerates,,SGD,Free Cash Flow/Net Income,,-0.38,1.09,-0.99,-0.21,0.26,0.69,,,4.24,,,2.53
Z59,XSES,Yoma Strategic Holdings Ltd,Industrials,Conglomerates,,SGD,Free Cash Flow/Share,,-0.06,0.02,-0.02,-0.01,-0.03,-0.01,,,0.00,,,0.04
Z74,XSES,Singapore Telecommunications Ltd,Communication Services,Telecom Services,,SGD,Operating Cash Flow Growth % YOY,,-19.68,14.35,12.05,-9.87,8.38,-3.58,-5.55,-9.85,-1.21,-2.31,,-
Z74,XSES,Singapore Telecommunications Ltd,Communication Services,Telecom Services,,SGD,Free Cash Flow Growth % YOY,,-1.49,9.9,-11.25,33.36,3.66,-7.29,-11.87,-10.99,-5.6,-85.03,,-
Z74,XSES,Singapore Telecommunications Ltd,Communication Services,Telecom Services,,SGD,Free Cash Flow/Sales %,,15.0,16.73,14.16,19.05,20.74,20.33,18.27,17.06,16.67,2.49,,16.25
Z74,XSES,Singapore Telecommunications Ltd,Communication Services,Telecom Services,,SGD,Free Cash Flow/Net Income,,0.66,0.73,0.46,1.07,3.19,5.74,1.44,1.12,2.96,0.09,,0.41
Z74,XSES,Singapore Telecommunications Ltd,Communication Services,Telecom Services,,SGD,Free Cash Flow/Share,,0.18,0.17,0.15,0.19,0.22,0.19,0.2,0.16,0.12,0.08,,0.11
Z77,XSES,Singapore Telecommunications Ltd Shs Board lot 10,Communication Services,Telecom Services,,SGD,Operating Cash Flow Growth % YOY,,-19.68,14.35,12.05,-9.87,8.38,-3.58,-5.55,-9.85,-1.21,-2.31,,-
Z77,XSES,Singapore Telecommunications Ltd Shs Board lot 10,Communication Services,Telecom Services,,SGD,Free Cash Flow Growth % YOY,,-1.49,9.9,-11.25,33.36,3.66,-7.29,-11.87,-10.99,-5.6,-85.03,,-
Z77,XSES,Singapore Telecommunications Ltd Shs Board lot 10,Communication Services,Telecom Services,,SGD,Free Cash Flow/Sales %,,15.0,16.73,14.16,19.05,20.74,20.33,18.27,17.06,16.67,2.49,,16.25
Z77,XSES,Singapore Telecommunications Ltd Shs Board lot 10,Communication Services,Telecom Services,,SGD,Free Cash Flow/Net Income,,0.66,0.73,0.46,1.07,3.19,5.74,1.44,1.12,2.96,0.09,,0.41
Z77,XSES,Singapore Telecommunications Ltd Shs Board lot 10,Communication Services,Telecom Services,,SGD,Free Cash Flow/Share,,0.18,0.17,0.15,0.19,0.22,0.19,0.2,0.16,0.12,0.08,,0.11
ZB9,XSES,Union Steel Holdings Ltd,Industrials,Waste Management,,SGD,Operating Cash Flow Growth % YOY,,-6.85,-98.90,5298.25,-84.47,172.38,330.75,-32.77,33.68,-5.9,89.61,,-
ZB9,XSES,Union Steel Holdings Ltd,Industrials,Waste Management,,SGD,Free Cash Flow Growth % YOY,,19.6,-,-,-,-,-,-55.58,47.95,-86.86,40.53,,-
ZB9,XSES,Union Steel Holdings Ltd,Industrials,Waste Management,,SGD,Free Cash Flow/Sales %,,16.33,-2.26,10.01,-0.32,-0.04,17.55,7.52,8.31,1.02,1.55,,2.64
ZB9,XSES,Union Steel Holdings Ltd,Industrials,Waste Management,,SGD,Free Cash Flow/Net Income,,-0.85,-1.26,7.16,0.05,0.00,1.78,0.85,0.81,0.09,0.17,,0.34
ZB9,XSES,Union Steel Holdings Ltd,Industrials,Waste Management,,SGD,Free Cash Flow/Share,,0.07,0.02,0.09,-0.04,-,0.08,0.06,0.04,0.04,0.01,,0.01
ZKX,XSES,Ever Glory United Holdings Ltd,Industrials,Engineering & Construction,,SGD,Operating Cash Flow Growth % YOY,,,,,,-,527.78,-,-,58.06,10.14,,-
ZKX,XSES,Ever Glory United Holdings Ltd,Industrials,Engineering & Construction,,SGD,Free Cash Flow Growth % YOY,,,,,,-,524.39,-,-,57.36,11.28,,-
ZKX,XSES,Ever Glory United Holdings Ltd,Industrials,Engineering & Construction,,SGD,Free Cash Flow/Sales %,,,,,,1.76,9.64,-2.85,12.33,12.34,8.81,,8.81
ZKX,XSES,Ever Glory United Holdings Ltd,Industrials,Engineering & Construction,,SGD,Free Cash Flow/Net Income,,,,,,0.32,2.99,-0.45,0.86,1.03,0.51,,0.51
ZKX,XSES,Ever Glory United Holdings Ltd,Industrials,Engineering & Construction,,SGD,Free Cash Flow/Share,,,,,,-,-,-,0.01,0.01,0.01,,0.01
ZQM,XSES,Soilbuild Construction Group Ltd,Industrials,Engineering & Construction,,SGD,Operating Cash Flow Growth % YOY,,2525.75,-27.10,-,-,-,-,-,-,1063.05,337.67,,-
ZQM,XSES,Soilbuild Construction Group Ltd,Industrials,Engineering & Construction,,SGD,Free Cash Flow Growth % YOY,,-,-,-,-,-,-,-,-,-,455.01,,-
ZQM,XSES,Soilbuild Construction Group Ltd,Industrials,Engineering & Construction,,SGD,Free Cash Flow/Sales %,,7.60,-2.46,-19.98,-7.03,-6.27,-7.39,-2.87,-2.15,7.02,25.85,,25.85
ZQM,XSES,Soilbuild Construction Group Ltd,Industrials,Engineering & Construction,,SGD,Free Cash Flow/Net Income,,2.56,0.78,12.86,1.82,0.33,7.27,0.22,-0.73,1.04,2.4,,2.40
ZQM,XSES,Soilbuild Construction Group Ltd,Industrials,Engineering & Construction,,SGD,Free Cash Flow/Share,,0.13,0.06,-0.19,-0.06,-0.05,-0.04,-0.01,0.02,-0.01,0.08,,0.08
