Ticker,Exchange,Company,Sector,Industry,Employees,Currency,Metric,2015,2016,2017,2018,2019,2020,2021,2022,2023,2024,2025,2026,TTM
1A1,XSES,Wong Fong Industries Ltd,Industrials,Farm & Heavy Construction Machinery,,SGD,Current Ratio,,2.75,2.87,2.94,2.89,2.64,2.91,2.49,3.07,2.92,2.79,,
1A1,XSES,Wong Fong Industries Ltd,Industrials,Farm & Heavy Construction Machinery,,SGD,Quick Ratio,,1.91,2.17,2.28,2.21,1.97,1.96,1.49,1.94,1.79,1.66,,
1A1,XSES,Wong Fong Industries Ltd,Industrials,Farm & Heavy Construction Machinery,,SGD,Interest Coverage,,16.82,22.29,16.15,7.9,8.26,12.2,7.93,13.06,14.08,24.29,,
1A1,XSES,Wong Fong Industries Ltd,Industrials,Farm & Heavy Construction Machinery,,SGD,Financial Leverage,,1.51,1.5,1.5,1.62,1.68,1.59,1.73,1.48,1.4,1.44,,
1A1,XSES,Wong Fong Industries Ltd,Industrials,Farm & Heavy Construction Machinery,,SGD,Debt/Equity,,0.15,0.12,0.09,0.2,0.21,0.18,0.26,0.21,0.13,0.09,,
1A1,XSES,Wong Fong Industries Ltd,Industrials,Farm & Heavy Construction Machinery,,SGD,Book Value/Share,,0.14,0.19,0.2,0.21,0.21,0.22,0.22,0.23,0.23,0.23,,
1A1,XSES,Wong Fong Industries Ltd,Industrials,Farm & Heavy Construction Machinery,,SGD,Cap Ex as a % of Sales,,3.74,1.64,1.11,2.2,0.9,2.74,4.95,2.88,2.24,1.14,,
1AZ,XSES,Audience Analytics Ltd Ordinary Shares,Industrials,Consulting Services,,SGD,Current Ratio,,-,-,2.64,2.87,1.70,6.7,5.77,7.12,8.41,9.20,,
1AZ,XSES,Audience Analytics Ltd Ordinary Shares,Industrials,Consulting Services,,SGD,Quick Ratio,,-,-,2.54,2.76,1.63,6.57,5.69,6.97,8.23,9.01,,
1AZ,XSES,Audience Analytics Ltd Ordinary Shares,Industrials,Consulting Services,,SGD,Interest Coverage,,113.90,202.88,523.18,901.44,1492.14,511.28,981.86,1962.22,-,-,,
1AZ,XSES,Audience Analytics Ltd Ordinary Shares,Industrials,Consulting Services,,SGD,Financial Leverage,,-,-,1.61,1.51,2.30,1.18,1.21,1.16,1.13,1.12,,
1AZ,XSES,Audience Analytics Ltd Ordinary Shares,Industrials,Consulting Services,,SGD,Debt/Equity,,-,-,0.04,0.02,0.01,0.01,0.0,0.01,0.00,0.00,,
1AZ,XSES,Audience Analytics Ltd Ordinary Shares,Industrials,Consulting Services,,SGD,Book Value/Share,,-,-,-,-,-,0.01,0.05,0.06,0.07,0.08,,
1AZ,XSES,Audience Analytics Ltd Ordinary Shares,Industrials,Consulting Services,,SGD,Cap Ex as a % of Sales,,1.02,0.04,0.40,0.02,2.54,1.28,2.64,0.73,-,-,,
1B0,XSES,mm2 Asia Ltd,Communication Services,Entertainment,,SGD,Current Ratio,1.90,1.39,1.55,0.81,1.47,0.97,0.63,0.73,1.1,1.15,,,
1B0,XSES,mm2 Asia Ltd,Communication Services,Entertainment,,SGD,Quick Ratio,1.50,0.99,1.1,0.66,0.85,0.49,0.3,0.33,0.43,0.49,,,
1B0,XSES,mm2 Asia Ltd,Communication Services,Entertainment,,SGD,Interest Coverage,366.56,26.81,42.94,27.02,3.23,1.5,-4.15,-2.05,-1.59,1.11,,,
1B0,XSES,mm2 Asia Ltd,Communication Services,Entertainment,,SGD,Financial Leverage,1.96,1.91,1.88,3.21,3.11,3.39,4.92,3.62,8.33,6.26,,,
1B0,XSES,mm2 Asia Ltd,Communication Services,Entertainment,,SGD,Debt/Equity,0.00,0.08,0.06,0.33,0.87,0.86,0.91,0.49,2.21,1.48,,,
1B0,XSES,mm2 Asia Ltd,Communication Services,Entertainment,,SGD,Book Value/Share,-,0.02,0.05,0.1,0.12,0.13,0.15,0.06,0.05,0.01,,,
1B0,XSES,mm2 Asia Ltd,Communication Services,Entertainment,,SGD,Cap Ex as a % of Sales,3.19,2.82,10.59,7.15,18.39,10.6,14.07,6.83,0.75,2.21,,,
1B1,XSES,HC Surgical Specialists Ltd,Healthcare,Diagnostics & Research,,SGD,Current Ratio,,4.75,6.80,1.35,1.64,2.04,1.88,1.19,1.11,1.03,1.72,,
1B1,XSES,HC Surgical Specialists Ltd,Healthcare,Diagnostics & Research,,SGD,Quick Ratio,,4.68,6.51,1.24,1.50,1.82,1.78,1.08,1.03,0.92,1.5,,
1B1,XSES,HC Surgical Specialists Ltd,Healthcare,Diagnostics & Research,,SGD,Interest Coverage,,3.75,6.02,160.66,169.64,10.99,50.37,44.52,25.27,32.43,64.77,,
1B1,XSES,HC Surgical Specialists Ltd,Healthcare,Diagnostics & Research,,SGD,Financial Leverage,,1.21,1.13,1.36,1.34,1.87,3.69,2.81,2.58,1.9,1.3,,
1B1,XSES,HC Surgical Specialists Ltd,Healthcare,Diagnostics & Research,,SGD,Debt/Equity,,-,-,-,-,0.42,0.57,0.37,0.26,0.13,0.07,,
1B1,XSES,HC Surgical Specialists Ltd,Healthcare,Diagnostics & Research,,SGD,Book Value/Share,,-,0.10,0.10,0.14,0.12,0.13,0.06,0.08,0.1,0.11,,
1B1,XSES,HC Surgical Specialists Ltd,Healthcare,Diagnostics & Research,,SGD,Cap Ex as a % of Sales,,2.29,11.58,1.62,1.63,7.63,2.19,1.14,3.71,0.38,2.54,,
1B6,XSES,Ocean Sky International Ltd,Industrials,Engineering & Construction,,SGD,Current Ratio,,2.63,2.82,3.71,2.31,2.24,2.68,1.71,4.05,3.76,1.98,,
1B6,XSES,Ocean Sky International Ltd,Industrials,Engineering & Construction,,SGD,Quick Ratio,,2.6,2.52,3.12,1.7,2.2,2.63,1.66,3.96,3.66,1.94,,
1B6,XSES,Ocean Sky International Ltd,Industrials,Engineering & Construction,,SGD,Interest Coverage,,37.54,26.95,-29.63,-19.5,-5.03,2.64,-0.26,-1.85,1.37,3.09,,
1B6,XSES,Ocean Sky International Ltd,Industrials,Engineering & Construction,,SGD,Financial Leverage,,1.39,1.46,1.42,1.59,1.96,1.74,1.73,1.7,1.64,1.66,,
1B6,XSES,Ocean Sky International Ltd,Industrials,Engineering & Construction,,SGD,Debt/Equity,,0.19,0.17,0.23,0.22,0.62,0.51,0.21,0.45,0.37,0.14,,
1B6,XSES,Ocean Sky International Ltd,Industrials,Engineering & Construction,,SGD,Book Value/Share,,0.13,0.16,0.15,0.12,0.1,0.1,0.1,0.1,0.09,0.1,,
1B6,XSES,Ocean Sky International Ltd,Industrials,Engineering & Construction,,SGD,Cap Ex as a % of Sales,,15.24,0.96,0.63,5.3,0.63,3.43,1.64,0.47,0.98,1.57,,
1D0,XSES,Kimly Ltd,Consumer Cyclical,Restaurants,,SGD,Current Ratio,,1.46,2.94,3.06,3.12,1.06,1.3,0.98,1.17,1.18,0.96,,
1D0,XSES,Kimly Ltd,Consumer Cyclical,Restaurants,,SGD,Quick Ratio,,1.31,2.90,2.91,2.85,1.0,1.25,0.85,1.05,1.08,0.86,,
1D0,XSES,Kimly Ltd,Consumer Cyclical,Restaurants,,SGD,Interest Coverage,,218.13,82.18,161.7,5986.75,9.09,11.17,11.95,13.56,10.5,7.92,,
1D0,XSES,Kimly Ltd,Consumer Cyclical,Restaurants,,SGD,Financial Leverage,,4.29,1.44,1.39,1.38,2.9,2.45,2.21,1.89,2.19,2.07,,
1D0,XSES,Kimly Ltd,Consumer Cyclical,Restaurants,,SGD,Debt/Equity,,-,-,0.0,0.0,1.16,0.84,0.56,0.33,0.6,0.56,,
1D0,XSES,Kimly Ltd,Consumer Cyclical,Restaurants,,SGD,Book Value/Share,,-,0.06,0.07,0.08,0.07,0.1,0.12,0.13,0.15,0.15,,
1D0,XSES,Kimly Ltd,Consumer Cyclical,Restaurants,,SGD,Cap Ex as a % of Sales,,0.99,2.27,3.39,2.46,26.63,1.42,1.53,1.59,1.78,9.31,,
1D1,XSES,UnUsUaL Ltd,Communication Services,Advertising Agencies,,SGD,Current Ratio,,-,-,3.53,2.15,2.65,2.25,2.39,1.99,3.23,2.28,,
1D1,XSES,UnUsUaL Ltd,Communication Services,Advertising Agencies,,SGD,Quick Ratio,,-,-,2.61,0.63,1.29,0.87,0.84,0.93,1.81,1.56,,
1D1,XSES,UnUsUaL Ltd,Communication Services,Advertising Agencies,,SGD,Interest Coverage,,2051.68,1039.50,10.69,-15.32,-7.41,3.44,32.33,-155.08,-,-,,
1D1,XSES,UnUsUaL Ltd,Communication Services,Advertising Agencies,,SGD,Financial Leverage,,-,-,1.29,1.70,1.59,1.5,1.57,1.51,1.21,1.34,,
1D1,XSES,UnUsUaL Ltd,Communication Services,Advertising Agencies,,SGD,Debt/Equity,,-,-,-,-,0.16,0.13,0.2,0.08,0.01,0.00,,
1D1,XSES,UnUsUaL Ltd,Communication Services,Advertising Agencies,,SGD,Book Value/Share,,-,-,0.04,0.05,0.06,0.05,0.05,0.05,0.06,0.05,,
1D1,XSES,UnUsUaL Ltd,Communication Services,Advertising Agencies,,SGD,Cap Ex as a % of Sales,,14.39,21.93,2.27,36.02,0.08,2.57,4.21,4.4,-,-,,
1D4,XSES,Aoxin Q & M Dental Group Ltd,Healthcare,Medical Care Facilities,,SGD,Current Ratio,,0.64,3.86,4.81,1.77,2.27,2.6,2.46,3.26,3.73,7.82,,
1D4,XSES,Aoxin Q & M Dental Group Ltd,Healthcare,Medical Care Facilities,,SGD,Quick Ratio,,0.44,3.51,3.72,1.33,1.81,2.18,2.05,2.79,3.35,7.33,,
1D4,XSES,Aoxin Q & M Dental Group Ltd,Healthcare,Medical Care Facilities,,SGD,Interest Coverage,,23.78,8485.00,200.50,-2.53,-2.62,-1.19,-28.92,-23.56,0.78,9.68,,
1D4,XSES,Aoxin Q & M Dental Group Ltd,Healthcare,Medical Care Facilities,,SGD,Financial Leverage,,2.63,1.13,1.08,1.32,1.36,1.21,1.19,1.19,1.17,1.1,,
1D4,XSES,Aoxin Q & M Dental Group Ltd,Healthcare,Medical Care Facilities,,SGD,Debt/Equity,,-,-,-,0.16,0.15,0.08,0.07,0.07,0.04,0.02,,
1D4,XSES,Aoxin Q & M Dental Group Ltd,Healthcare,Medical Care Facilities,,SGD,Book Value/Share,,-,0.11,0.11,0.1,0.1,0.08,0.12,0.1,0.09,0.05,,
1D4,XSES,Aoxin Q & M Dental Group Ltd,Healthcare,Medical Care Facilities,,SGD,Cap Ex as a % of Sales,,7.06,4.38,28.45,10.86,2.59,4.22,2.88,2.18,1.17,1.29,,
1D5,XSES,Capital World Ltd,Real Estate,Real Estate - Development,,SGD,Current Ratio,,1.76,0.71,0.81,1.27,0.72,0.79,1.04,2.27,1.95,1.78,,
1D5,XSES,Capital World Ltd,Real Estate,Real Estate - Development,,SGD,Quick Ratio,,0.59,0.17,0.22,0.17,0.02,0.01,0.03,0.26,0.06,0.04,,
1D5,XSES,Capital World Ltd,Real Estate,Real Estate - Development,,SGD,Interest Coverage,,-151.7,6383.06,33.85,-1.30,-26.98,-8188.68,589.72,-86.71,-6096.77,-324.24,,
1D5,XSES,Capital World Ltd,Real Estate,Real Estate - Development,,SGD,Financial Leverage,,1.4,2.99,2.68,2.62,4.25,-,2.19,1.86,2.13,2.27,,
1D5,XSES,Capital World Ltd,Real Estate,Real Estate - Development,,SGD,Debt/Equity,,0.0,0.0,0.01,-,-,-,-,0.00,0.0,0.0,,
1D5,XSES,Capital World Ltd,Real Estate,Real Estate - Development,,SGD,Book Value/Share,,0.08,0.01,0.07,0.06,-,-,-,-,0.0,0.0,,
1D5,XSES,Capital World Ltd,Real Estate,Real Estate - Development,,SGD,Cap Ex as a % of Sales,,6.98,8.99,1.25,23.79,3.95,-,-,-1.17,-5.74,-1.99,,
1F0,XSES,shopper360 Ltd,Communication Services,Advertising Agencies,,SGD,Current Ratio,,2.10,1.69,2.76,2.7,3.48,3.31,2.69,2.75,3.24,3.05,,
1F0,XSES,shopper360 Ltd,Communication Services,Advertising Agencies,,SGD,Quick Ratio,,1.97,1.57,2.6,2.52,3.26,3.12,2.54,2.6,3.05,2.85,,
1F0,XSES,shopper360 Ltd,Communication Services,Advertising Agencies,,SGD,Interest Coverage,,677.00,1080.03,226.04,777.36,41.11,85.83,52.22,43.42,18.84,-75.07,,
1F0,XSES,shopper360 Ltd,Communication Services,Advertising Agencies,,SGD,Financial Leverage,,1.80,2.04,1.46,1.5,1.39,1.41,1.53,1.43,1.3,1.33,,
1F0,XSES,shopper360 Ltd,Communication Services,Advertising Agencies,,SGD,Debt/Equity,,0.00,0.00,0.0,0.0,0.02,0.02,0.02,0.02,0.01,0.01,,
1F0,XSES,shopper360 Ltd,Communication Services,Advertising Agencies,,SGD,Book Value/Share,,-,-,0.14,0.14,0.15,0.16,0.16,0.16,0.17,0.2,,
1F0,XSES,shopper360 Ltd,Communication Services,Advertising Agencies,,SGD,Cap Ex as a % of Sales,,3.31,1.67,0.54,0.8,0.5,0.63,0.92,0.51,0.89,0.76,,
1F1,XSES,Y Ventures Group Ltd,Consumer Cyclical,Internet Retail,,SGD,Current Ratio,,1.87,3.46,1.29,1.11,1.2,1.28,1.15,1.09,1.09,1.08,,
1F1,XSES,Y Ventures Group Ltd,Consumer Cyclical,Internet Retail,,SGD,Quick Ratio,,0.66,0.76,0.21,0.08,0.12,0.25,0.17,0.13,0.15,0.09,,
1F1,XSES,Y Ventures Group Ltd,Consumer Cyclical,Internet Retail,,SGD,Interest Coverage,,81.58,-42.64,-51.08,-18.28,15.78,-40.3,-11.9,-37.93,-76.53,-57.14,,
1F1,XSES,Y Ventures Group Ltd,Consumer Cyclical,Internet Retail,,SGD,Financial Leverage,,2.50,1.59,3.97,8.19,5.74,4.25,7.31,12.49,12.32,11.66,,
1F1,XSES,Y Ventures Group Ltd,Consumer Cyclical,Internet Retail,,SGD,Debt/Equity,,0.40,0.15,0.27,0.31,0.2,0.27,0.03,0.01,0.04,0.05,,
1F1,XSES,Y Ventures Group Ltd,Consumer Cyclical,Internet Retail,,SGD,Book Value/Share,,-,0.01,0.03,0.01,0.01,0.01,0.01,0.01,0.0,0.0,,
1F1,XSES,Y Ventures Group Ltd,Consumer Cyclical,Internet Retail,,SGD,Cap Ex as a % of Sales,,0.45,2.38,1.8,0.23,0.14,0.08,0.05,0.04,0.01,0.86,,
1F2,XSES,Union Gas Holdings Ltd,Consumer Cyclical,Specialty Retail,,SGD,Current Ratio,,1.14,2.82,2.16,1.4,1.82,1.3,1.17,1.4,1.42,1.23,,
1F2,XSES,Union Gas Holdings Ltd,Consumer Cyclical,Specialty Retail,,SGD,Quick Ratio,,1.06,2.74,1.87,1.1,1.57,0.94,0.88,0.99,0.94,0.88,,
1F2,XSES,Union Gas Holdings Ltd,Consumer Cyclical,Specialty Retail,,SGD,Interest Coverage,,114.05,121.63,123.31,130.89,373.16,35.81,9.06,11.98,13.37,9.84,,
1F2,XSES,Union Gas Holdings Ltd,Consumer Cyclical,Specialty Retail,,SGD,Financial Leverage,,2.17,1.38,1.46,1.8,1.66,2.27,2.43,2.11,1.94,2.25,,
1F2,XSES,Union Gas Holdings Ltd,Consumer Cyclical,Specialty Retail,,SGD,Debt/Equity,,0.06,0.01,0.05,0.02,0.02,0.55,0.65,0.47,0.33,0.49,,
1F2,XSES,Union Gas Holdings Ltd,Consumer Cyclical,Specialty Retail,,SGD,Book Value/Share,,-,0.05,0.1,0.12,0.15,0.12,0.18,0.2,0.23,0.24,,
1F2,XSES,Union Gas Holdings Ltd,Consumer Cyclical,Specialty Retail,,SGD,Cap Ex as a % of Sales,,7.31,5.1,6.88,2.13,0.83,16.21,4.07,3.56,9.23,6.02,,
1F3,XSES,Aspen (Group) Holdings Ltd,Real Estate,Real Estate - Development,,SGD,Current Ratio,,1.23,1.89,1.88,1.64,1.67,1.08,-,0.99,0.98,1.01,,
1F3,XSES,Aspen (Group) Holdings Ltd,Real Estate,Real Estate - Development,,SGD,Quick Ratio,,0.33,0.62,0.73,0.37,0.43,0.21,-,0.26,0.21,0.19,,
1F3,XSES,Aspen (Group) Holdings Ltd,Real Estate,Real Estate - Development,,SGD,Interest Coverage,,1.53,73.54,10.65,6.64,29.14,-8.01,-6.22,-4.66,5.83,-,,
1F3,XSES,Aspen (Group) Holdings Ltd,Real Estate,Real Estate - Development,,SGD,Financial Leverage,,12.94,2.67,2.41,3.37,2.77,3.52,-,5.67,4.31,3.04,,
1F3,XSES,Aspen (Group) Holdings Ltd,Real Estate,Real Estate - Development,,SGD,Debt/Equity,,0.88,0.22,0.27,0.72,0.53,0.66,-,0.52,0.14,0.06,,
1F3,XSES,Aspen (Group) Holdings Ltd,Real Estate,Real Estate - Development,,SGD,Book Value/Share,,-,0.09,0.14,0.14,0.12,0.16,-,0.1,0.08,0.08,,
1F3,XSES,Aspen (Group) Holdings Ltd,Real Estate,Real Estate - Development,,SGD,Cap Ex as a % of Sales,,14.39,-,-,0.52,0.19,0.11,0.49,0.34,0.32,-,,
1H2,XSES,Olive Tree Estates Ltd,Real Estate,Real Estate - Diversified,,SGD,Current Ratio,,1.31,1.65,2.63,2.18,0.57,0.77,2.40,1.89,3.56,4.74,,
1H2,XSES,Olive Tree Estates Ltd,Real Estate,Real Estate - Diversified,,SGD,Quick Ratio,,0.00,1.36,1.69,0.86,0.35,0.76,2.39,1.89,0.75,4.73,,
1H2,XSES,Olive Tree Estates Ltd,Real Estate,Real Estate - Diversified,,SGD,Interest Coverage,,-,-,0.17,-1.66,-4.06,-2.55,-5.46,-2.74,-0.74,-7.13,,
1H2,XSES,Olive Tree Estates Ltd,Real Estate,Real Estate - Diversified,,SGD,Financial Leverage,,-,4.13,2.28,2.56,2.89,3.42,2.16,2.04,1.89,1.73,,
1H2,XSES,Olive Tree Estates Ltd,Real Estate,Real Estate - Diversified,,SGD,Debt/Equity,,-,1.32,0.85,1.21,1.08,1.80,0.81,0.68,0.49,0.44,,
1H2,XSES,Olive Tree Estates Ltd,Real Estate,Real Estate - Diversified,,SGD,Book Value/Share,,-,-0.24,0.14,0.13,0.12,0.10,0.05,0.09,0.09,0.08,,
1H2,XSES,Olive Tree Estates Ltd,Real Estate,Real Estate - Diversified,,SGD,Cap Ex as a % of Sales,,-,-,0.22,0.09,-,-,-,-,-,-,,
1H3,XSES,Clearbridge Health Ltd,Healthcare,Diagnostics & Research,,SGD,Current Ratio,,1.14,5.7,1.59,1.25,1.57,1.81,2.12,1.73,0.87,1.48,,
1H3,XSES,Clearbridge Health Ltd,Healthcare,Diagnostics & Research,,SGD,Quick Ratio,,1.14,5.54,1.44,1.11,1.19,1.32,1.84,1.66,0.6,1.11,,
1H3,XSES,Clearbridge Health Ltd,Healthcare,Diagnostics & Research,,SGD,Interest Coverage,,-10.43,-42.62,-55.92,-4.91,1.91,-8.43,-11.98,-44.52,-5.12,-38.84,,
1H3,XSES,Clearbridge Health Ltd,Healthcare,Diagnostics & Research,,SGD,Financial Leverage,,1.21,1.13,1.32,1.93,1.6,1.58,1.41,2.35,2.3,2.85,,
1H3,XSES,Clearbridge Health Ltd,Healthcare,Diagnostics & Research,,SGD,Debt/Equity,,-,0.03,0.05,0.35,0.24,0.11,0.13,0.55,0.09,0.23,,
1H3,XSES,Clearbridge Health Ltd,Healthcare,Diagnostics & Research,,SGD,Book Value/Share,,-,0.05,0.06,0.05,0.06,0.06,0.04,0.04,0.0,0.0,,
1H3,XSES,Clearbridge Health Ltd,Healthcare,Diagnostics & Research,,SGD,Cap Ex as a % of Sales,,1440.77,922.22,27.32,8.02,2.98,2.44,4.2,4.77,1.77,0.57,,
1H8,XSES,LY Corp Ltd Ordinary Shares,Consumer Cyclical,"Furnishings, Fixtures & Appliances",,SGD,Current Ratio,,2.63,2.27,4.9,3.01,2.1,2.01,2.51,2.28,2.07,2.16,,
1H8,XSES,LY Corp Ltd Ordinary Shares,Consumer Cyclical,"Furnishings, Fixtures & Appliances",,SGD,Quick Ratio,,1.60,1.26,3.47,1.84,0.78,0.68,0.77,1.32,0.77,0.9,,
1H8,XSES,LY Corp Ltd Ordinary Shares,Consumer Cyclical,"Furnishings, Fixtures & Appliances",,SGD,Interest Coverage,,80.32,431.31,99.3,9.0,11.2,-8.12,6.76,-3.33,-1.44,-20.73,,
1H8,XSES,LY Corp Ltd Ordinary Shares,Consumer Cyclical,"Furnishings, Fixtures & Appliances",,SGD,Financial Leverage,,1.32,1.35,1.19,1.26,1.52,1.56,1.45,1.37,1.31,1.21,,
1H8,XSES,LY Corp Ltd Ordinary Shares,Consumer Cyclical,"Furnishings, Fixtures & Appliances",,SGD,Debt/Equity,,0.00,0.01,0.0,0.03,0.11,0.17,0.14,0.06,0.02,0.03,,
1H8,XSES,LY Corp Ltd Ordinary Shares,Consumer Cyclical,"Furnishings, Fixtures & Appliances",,SGD,Book Value/Share,,-,-,0.15,0.15,0.15,0.15,0.14,0.13,0.14,0.13,,
1H8,XSES,LY Corp Ltd Ordinary Shares,Consumer Cyclical,"Furnishings, Fixtures & Appliances",,SGD,Cap Ex as a % of Sales,,4.62,5.30,4.54,8.79,8.82,10.09,2.54,1.1,2.75,2.33,,
1J4,XSES,JEP Holdings Ltd,Industrials,Aerospace & Defense,,SGD,Current Ratio,,1.19,1.28,1.5,1.95,3.98,3.04,3.03,3.59,3.18,3.11,,
1J4,XSES,JEP Holdings Ltd,Industrials,Aerospace & Defense,,SGD,Quick Ratio,,0.76,0.88,0.9,1.28,2.7,2.0,1.88,2.11,1.69,1.17,,
1J4,XSES,JEP Holdings Ltd,Industrials,Aerospace & Defense,,SGD,Interest Coverage,,-0.54,0.77,3.08,4.81,1.91,12.42,13.39,4.24,6.61,8.66,,
1J4,XSES,JEP Holdings Ltd,Industrials,Aerospace & Defense,,SGD,Financial Leverage,,2.42,2.48,2.15,1.99,1.77,1.77,1.64,1.54,1.47,1.41,,
1J4,XSES,JEP Holdings Ltd,Industrials,Aerospace & Defense,,SGD,Debt/Equity,,0.53,0.7,0.58,0.56,0.55,0.42,0.32,0.28,0.19,0.18,,
1J4,XSES,JEP Holdings Ltd,Industrials,Aerospace & Defense,,SGD,Book Value/Share,,0.11,0.13,0.12,0.14,0.16,0.15,0.18,0.18,0.19,0.2,,
1J4,XSES,JEP Holdings Ltd,Industrials,Aerospace & Defense,,SGD,Cap Ex as a % of Sales,,8.16,11.55,4.05,1.09,2.94,6.63,13.16,9.8,11.64,37.71,,
1J5,XSES,Hyphens Pharma International Ltd Ordinary Shares,Healthcare,Medical Distribution,,SGD,Current Ratio,,1.43,1.28,1.80,2.01,2.07,1.73,2.24,1.87,1.84,2.03,,
1J5,XSES,Hyphens Pharma International Ltd Ordinary Shares,Healthcare,Medical Distribution,,SGD,Quick Ratio,,1.10,0.93,1.43,1.63,1.56,1.11,1.67,1.29,1.18,1.3,,
1J5,XSES,Hyphens Pharma International Ltd Ordinary Shares,Healthcare,Medical Distribution,,SGD,Interest Coverage,,18.69,35.76,55.26,58.88,65.62,87.91,61.05,39.0,23.94,16.5,,
1J5,XSES,Hyphens Pharma International Ltd Ordinary Shares,Healthcare,Medical Distribution,,SGD,Financial Leverage,,2.69,3.16,1.91,1.82,1.85,1.8,1.66,1.92,1.91,1.76,,
1J5,XSES,Hyphens Pharma International Ltd Ordinary Shares,Healthcare,Medical Distribution,,SGD,Debt/Equity,,0.16,0.08,-,0.06,0.08,0.02,0.05,0.07,0.04,0.04,,
1J5,XSES,Hyphens Pharma International Ltd Ordinary Shares,Healthcare,Medical Distribution,,SGD,Book Value/Share,,-,-,0.13,0.14,0.15,0.16,0.21,0.22,0.21,0.21,,
1J5,XSES,Hyphens Pharma International Ltd Ordinary Shares,Healthcare,Medical Distribution,,SGD,Cap Ex as a % of Sales,,0.52,0.15,2.79,0.51,0.97,0.66,0.81,0.7,1.63,0.71,,
1L2,XSES,Hiap Seng Industries Ltd,Industrials,Engineering & Construction,,SGD,Current Ratio,,1.69,2.15,1.37,0.75,0.47,0.51,0.57,0.55,3.58,5.91,,
1L2,XSES,Hiap Seng Industries Ltd,Industrials,Engineering & Construction,,SGD,Quick Ratio,,1.5,2.03,1.28,0.68,0.42,0.39,0.55,0.53,3.41,5.78,,
1L2,XSES,Hiap Seng Industries Ltd,Industrials,Engineering & Construction,,SGD,Interest Coverage,,56.35,16.63,-48.66,-41.12,-21.95,-3.59,8.28,-4.13,47.99,776.44,,
1L2,XSES,Hiap Seng Industries Ltd,Industrials,Engineering & Construction,,SGD,Financial Leverage,,1.84,1.52,2.15,12.45,-,-,-,-,1.32,1.15,,
1L2,XSES,Hiap Seng Industries Ltd,Industrials,Engineering & Construction,,SGD,Debt/Equity,,0.0,0.0,0.01,0.04,-,-,-,-,-,-,,
1L2,XSES,Hiap Seng Industries Ltd,Industrials,Engineering & Construction,,SGD,Book Value/Share,,0.11,0.11,0.09,0.03,-,-,-,-,0.00,0.01,,
1L2,XSES,Hiap Seng Industries Ltd,Industrials,Engineering & Construction,,SGD,Cap Ex as a % of Sales,,1.77,1.6,2.61,5.92,0.52,0.99,0.18,0.31,0.45,28.76,,
1MZ,XSES,Nam Cheong Ltd,Industrials,Aerospace & Defense,,SGD,Current Ratio,,1.87,0.29,1.16,0.76,0.18,0.17,0.20,0.25,2.18,2.55,,
1MZ,XSES,Nam Cheong Ltd,Industrials,Aerospace & Defense,,SGD,Quick Ratio,,0.42,0.11,0.57,0.42,0.16,0.14,0.17,0.23,1.59,1.54,,
1MZ,XSES,Nam Cheong Ltd,Industrials,Aerospace & Defense,,SGD,Interest Coverage,,-4.08,-43.83,40.46,2.66,-9.40,3.70,4.31,7.80,47.06,18.27,,
1MZ,XSES,Nam Cheong Ltd,Industrials,Aerospace & Defense,,SGD,Financial Leverage,,2.99,-,-,-,-,-,-,-,2.28,1.76,,
1MZ,XSES,Nam Cheong Ltd,Industrials,Aerospace & Defense,,SGD,Debt/Equity,,0.64,-,-,-,-,-,-,-,0.75,0.4,,
1MZ,XSES,Nam Cheong Ltd,Industrials,Aerospace & Defense,,SGD,Book Value/Share,,17.4,-,-2.42,-1.72,-,-,-,-,0.32,0.55,,
1MZ,XSES,Nam Cheong Ltd,Industrials,Aerospace & Defense,,SGD,Cap Ex as a % of Sales,,0.05,0.91,27.40,20.62,2.99,8.10,25.58,16.47,14.35,13.52,,
1R6,XSES,Avi-Tech Holdings Ltd,Technology,Semiconductor Equipment & Materials,,SGD,Current Ratio,,-,-,-,-,-,7.65,8.43,7.97,10.89,8.61,,
1R6,XSES,Avi-Tech Holdings Ltd,Technology,Semiconductor Equipment & Materials,,SGD,Quick Ratio,,-,-,-,-,-,7.16,7.62,6.99,9.92,8.03,,
1R6,XSES,Avi-Tech Holdings Ltd,Technology,Semiconductor Equipment & Materials,,SGD,Interest Coverage,,124.29,147.44,204.50,189.00,58.13,-,-,-,-,-,,
1R6,XSES,Avi-Tech Holdings Ltd,Technology,Semiconductor Equipment & Materials,,SGD,Financial Leverage,,-,-,-,-,-,1.16,1.14,1.15,1.12,1.14,,
1R6,XSES,Avi-Tech Holdings Ltd,Technology,Semiconductor Equipment & Materials,,SGD,Debt/Equity,,-,-,-,-,-,0.02,0.02,0.01,0.01,0.00,,
1R6,XSES,Avi-Tech Holdings Ltd,Technology,Semiconductor Equipment & Materials,,SGD,Book Value/Share,,-,-,-,-,-,-,0.30,0.30,0.31,0.29,,
1R6,XSES,Avi-Tech Holdings Ltd,Technology,Semiconductor Equipment & Materials,,SGD,Cap Ex as a % of Sales,,1.25,5.76,3.37,0.97,0.46,-,-,-,-,-,,
1V3,XSES,Mooreast Holdings Ltd,Industrials,Aerospace & Defense,,SGD,Current Ratio,,-,-,-,-,3.27,3.23,3.98,3.79,2.96,2.47,,
1V3,XSES,Mooreast Holdings Ltd,Industrials,Aerospace & Defense,,SGD,Quick Ratio,,-,-,-,-,1.45,2.28,3.06,2.71,2.15,1.83,,
1V3,XSES,Mooreast Holdings Ltd,Industrials,Aerospace & Defense,,SGD,Interest Coverage,,82.09,-1.19,2.13,0.25,0.10,3.45,-,-,-,-,,
1V3,XSES,Mooreast Holdings Ltd,Industrials,Aerospace & Defense,,SGD,Financial Leverage,,-,-,-,-,1.33,3.50,3.22,3.36,3.73,3.13,,
1V3,XSES,Mooreast Holdings Ltd,Industrials,Aerospace & Defense,,SGD,Debt/Equity,,-,-,-,-,0.05,1.90,1.72,1.80,1.93,1.38,,
1V3,XSES,Mooreast Holdings Ltd,Industrials,Aerospace & Defense,,SGD,Book Value/Share,,-,-,-,-,-,-,0.09,0.10,0.08,0.09,,
1V3,XSES,Mooreast Holdings Ltd,Industrials,Aerospace & Defense,,SGD,Cap Ex as a % of Sales,,2.63,150.82,9.42,3.60,5.16,9.74,-,-,-,-,,
1Y1,XSES,9R Ltd,Technology,Computer Hardware,,SGD,Current Ratio,,1.1,1.49,1.22,0.69,0.57,0.68,3.1,2.73,-,-,,
1Y1,XSES,9R Ltd,Technology,Computer Hardware,,SGD,Quick Ratio,,0.78,0.74,0.69,0.48,0.51,0.56,2.74,2.2,-,-,,
1Y1,XSES,9R Ltd,Technology,Computer Hardware,,SGD,Interest Coverage,,-3.44,-3.75,-7.05,-8.40,-2.65,23.77,-28.76,-61.96,-,-,,
1Y1,XSES,9R Ltd,Technology,Computer Hardware,,SGD,Financial Leverage,,1.96,2.01,2.75,15.19,-,-,1.49,1.65,-,-,,
1Y1,XSES,9R Ltd,Technology,Computer Hardware,,SGD,Debt/Equity,,0.22,0.18,0.24,0.30,-,-,0.16,0.41,-,-,,
1Y1,XSES,9R Ltd,Technology,Computer Hardware,,SGD,Book Value/Share,,4.02,2.77,2.42,-,-,0.00,0.0,0.02,-,-,,
1Y1,XSES,9R Ltd,Technology,Computer Hardware,,SGD,Cap Ex as a % of Sales,,0.68,0.17,0.42,0.07,0.20,0.47,0.19,42.8,-,-,,
40N,XSES,Versalink Holdings Ltd,Industrials,Business Equipment & Supplies,,SGD,Current Ratio,,4.53,6.12,4.26,2.99,3.33,2.63,2.72,2.11,2.6,2.14,,
40N,XSES,Versalink Holdings Ltd,Industrials,Business Equipment & Supplies,,SGD,Quick Ratio,,3.24,4.00,2.21,1.16,1.52,1.24,1.24,1.47,1.56,1.21,,
40N,XSES,Versalink Holdings Ltd,Industrials,Business Equipment & Supplies,,SGD,Interest Coverage,,26.64,-8.36,-4.4,-24.83,-2.87,-16.61,-14.77,76.15,-21.31,-11.89,,
40N,XSES,Versalink Holdings Ltd,Industrials,Business Equipment & Supplies,,SGD,Financial Leverage,,1.19,1.13,1.23,1.2,1.17,1.24,1.25,1.88,1.63,1.71,,
40N,XSES,Versalink Holdings Ltd,Industrials,Business Equipment & Supplies,,SGD,Debt/Equity,,0.01,-,0.02,0.01,0.01,-,0.01,0.16,0.1,0.0,,
40N,XSES,Versalink Holdings Ltd,Industrials,Business Equipment & Supplies,,SGD,Book Value/Share,,0.16,0.16,0.16,0.15,-,0.12,0.11,0.11,0.05,0.05,,
40N,XSES,Versalink Holdings Ltd,Industrials,Business Equipment & Supplies,,SGD,Cap Ex as a % of Sales,,8.11,6.54,3.24,14.59,3.96,0.88,3.24,1.04,0.16,0.26,,
40T,XSES,ISEC Healthcare Ltd,Healthcare,Medical Care Facilities,,SGD,Current Ratio,,4.42,6.69,6.06,4.15,3.22,2.65,1.72,1.87,1.48,1.96,,
40T,XSES,ISEC Healthcare Ltd,Healthcare,Medical Care Facilities,,SGD,Quick Ratio,,4.15,6.22,5.71,3.89,2.99,2.45,1.58,1.64,1.27,1.7,,
40T,XSES,ISEC Healthcare Ltd,Healthcare,Medical Care Facilities,,SGD,Interest Coverage,,1890.36,1440.86,2799.25,39.54,16.38,23.72,31.23,27.6,29.55,28.62,,
40T,XSES,ISEC Healthcare Ltd,Healthcare,Medical Care Facilities,,SGD,Financial Leverage,,1.10,1.08,1.10,1.18,1.24,1.28,1.38,1.33,1.32,1.43,,
40T,XSES,ISEC Healthcare Ltd,Healthcare,Medical Care Facilities,,SGD,Debt/Equity,,-,-,-,0.05,0.09,0.11,0.14,0.13,0.11,0.24,,
40T,XSES,ISEC Healthcare Ltd,Healthcare,Medical Care Facilities,,SGD,Book Value/Share,,0.11,0.12,0.13,0.12,0.13,0.13,0.13,0.14,0.16,0.17,,
40T,XSES,ISEC Healthcare Ltd,Healthcare,Medical Care Facilities,,SGD,Cap Ex as a % of Sales,,3.61,1.93,2.20,3.18,6.66,1.95,9.08,5.02,16.26,24.76,,
40V,XSES,Alset International Ltd,Real Estate,Real Estate - Development,,SGD,Current Ratio,,1.61,2.32,2.19,2.14,9.88,3.79,3.78,6.33,5.17,4.05,,
40V,XSES,Alset International Ltd,Real Estate,Real Estate - Development,,SGD,Quick Ratio,,0.09,0.23,0.14,0.25,6.81,2.38,1.17,4.32,5.15,4.03,,
40V,XSES,Alset International Ltd,Real Estate,Real Estate - Development,,SGD,Interest Coverage,,-126.7,-42.63,-9.31,-18.28,-35.82,-2198.41,-3661.27,-132.53,-869.78,-1004.83,,
40V,XSES,Alset International Ltd,Real Estate,Real Estate - Development,,SGD,Financial Leverage,,3.18,1.91,1.91,1.87,1.15,1.25,1.34,1.13,1.12,1.2,,
40V,XSES,Alset International Ltd,Real Estate,Real Estate - Development,,SGD,Debt/Equity,,0.08,0.04,-,-,0.01,0.0,0.01,0.01,0.0,0.0,,
40V,XSES,Alset International Ltd,Real Estate,Real Estate - Development,,SGD,Book Value/Share,,0.04,0.04,0.03,0.03,0.02,0.03,0.03,0.03,0.02,0.02,,
40V,XSES,Alset International Ltd,Real Estate,Real Estate - Development,,SGD,Cap Ex as a % of Sales,,6.17,0.24,0.16,0.02,0.16,2.85,24.87,1.29,0.06,26.02,,
40W,XSES,ZICO Holdings Inc,Industrials,Specialty Business Services,,SGD,Current Ratio,,1.35,1.44,1.32,1.17,0.88,1.09,1.35,1.09,0.83,1.32,,
40W,XSES,ZICO Holdings Inc,Industrials,Specialty Business Services,,SGD,Quick Ratio,,1.19,1.31,1.21,1.08,0.79,0.99,1.22,0.97,0.72,1.26,,
40W,XSES,ZICO Holdings Inc,Industrials,Specialty Business Services,,SGD,Interest Coverage,,5.02,7.29,4.99,-1.45,-1.86,4.18,0.67,-6.23,-6.21,-6.98,,
40W,XSES,ZICO Holdings Inc,Industrials,Specialty Business Services,,SGD,Financial Leverage,,1.76,1.69,1.85,1.78,1.77,1.68,1.73,1.61,1.71,1.45,,
40W,XSES,ZICO Holdings Inc,Industrials,Specialty Business Services,,SGD,Debt/Equity,,0.08,0.02,0.03,0.1,0.1,0.1,0.14,0.12,0.06,0.03,,
40W,XSES,ZICO Holdings Inc,Industrials,Specialty Business Services,,SGD,Book Value/Share,,0.11,0.12,0.13,0.13,0.11,0.11,0.1,0.09,0.07,0.06,,
40W,XSES,ZICO Holdings Inc,Industrials,Specialty Business Services,,SGD,Cap Ex as a % of Sales,,10.86,5.79,2.35,0.29,0.42,0.59,2.64,1.2,0.23,0.22,,
41B,XSES,Huationg Global Ltd,Industrials,Engineering & Construction,,SGD,Current Ratio,,0.97,1.12,1.12,1.04,1.05,1.23,1.52,1.24,1.16,1.22,,
41B,XSES,Huationg Global Ltd,Industrials,Engineering & Construction,,SGD,Quick Ratio,,0.93,0.98,1.08,1.01,1.0,1.18,1.25,1.18,1.08,1.12,,
41B,XSES,Huationg Global Ltd,Industrials,Engineering & Construction,,SGD,Interest Coverage,,3.47,5.47,3.8,2.39,-2.2,3.09,5.49,6.38,8.33,10.92,,
41B,XSES,Huationg Global Ltd,Industrials,Engineering & Construction,,SGD,Financial Leverage,,3.2,3.39,3.26,3.47,4.2,3.1,2.6,2.91,3.05,2.78,,
41B,XSES,Huationg Global Ltd,Industrials,Engineering & Construction,,SGD,Debt/Equity,,0.74,0.56,0.53,0.7,0.83,0.55,0.31,0.28,0.29,0.22,,
41B,XSES,Huationg Global Ltd,Industrials,Engineering & Construction,,SGD,Book Value/Share,,0.37,0.41,0.47,0.49,0.38,0.37,0.43,0.5,0.6,0.67,,
41B,XSES,Huationg Global Ltd,Industrials,Engineering & Construction,,SGD,Cap Ex as a % of Sales,,1.49,2.38,0.96,3.64,0.66,1.03,2.15,2.9,15.25,8.27,,
41F,XSES,GSS Energy Ltd,Technology,Electronic Components,,SGD,Current Ratio,,2.47,1.66,1.75,1.75,1.55,1.61,1.28,1.15,1.04,0.95,,
41F,XSES,GSS Energy Ltd,Technology,Electronic Components,,SGD,Quick Ratio,,2.07,1.25,1.28,1.3,1.12,0.76,0.56,0.74,0.68,0.56,,
41F,XSES,GSS Energy Ltd,Technology,Electronic Components,,SGD,Interest Coverage,,997.07,286.38,22.14,7.57,23.27,13.49,-9.38,-3.34,-6.98,-9.44,,
41F,XSES,GSS Energy Ltd,Technology,Electronic Components,,SGD,Financial Leverage,,1.51,1.73,1.64,1.58,1.88,1.91,2.07,2.42,2.73,2.55,,
41F,XSES,GSS Energy Ltd,Technology,Electronic Components,,SGD,Debt/Equity,,0.0,-,-,0.0,0.09,0.11,0.15,0.23,0.18,0.11,,
41F,XSES,GSS Energy Ltd,Technology,Electronic Components,,SGD,Book Value/Share,,0.06,0.07,0.08,0.08,0.09,0.08,0.09,0.06,0.05,0.03,,
41F,XSES,GSS Energy Ltd,Technology,Electronic Components,,SGD,Cap Ex as a % of Sales,,3.04,15.23,8.47,4.51,5.51,0.74,3.15,3.18,2.69,1.31,,
41O,XSES,LHN Ltd,Real Estate,Real Estate Services,,SGD,Current Ratio,,1.59,1.4,1.48,1.16,1.16,1.12,1.1,1.42,1.31,1.37,,
41O,XSES,LHN Ltd,Real Estate,Real Estate Services,,SGD,Quick Ratio,,1.29,1.19,1.29,0.9,0.86,0.7,0.77,0.84,0.55,0.47,,
41O,XSES,LHN Ltd,Real Estate,Real Estate Services,,SGD,Interest Coverage,,28.05,5.94,8.5,7.7,6.72,8.04,11.75,3.58,5.35,3.42,,
41O,XSES,LHN Ltd,Real Estate,Real Estate Services,,SGD,Financial Leverage,,1.75,1.76,1.69,1.96,2.83,2.65,2.52,2.56,2.74,2.65,,
41O,XSES,LHN Ltd,Real Estate,Real Estate Services,,SGD,Debt/Equity,,0.3,0.28,0.22,0.47,1.0,0.99,0.97,1.06,1.3,1.1,,
41O,XSES,LHN Ltd,Real Estate,Real Estate Services,,SGD,Book Value/Share,,0.17,0.19,0.21,0.23,0.26,0.32,0.42,0.49,0.54,0.62,,
41O,XSES,LHN Ltd,Real Estate,Real Estate Services,,SGD,Cap Ex as a % of Sales,,4.6,4.7,6.5,17.63,16.76,16.65,7.24,20.1,4.03,3.12,,
41T,XSES,GCCP Resources Ltd,Basic Materials,Building Materials,,SGD,Current Ratio,2.63,2.03,2.1,0.31,0.19,0.14,0.14,0.49,0.35,0.24,,,
41T,XSES,GCCP Resources Ltd,Basic Materials,Building Materials,,SGD,Quick Ratio,2.52,0.79,0.28,0.08,0.04,0.04,0.08,0.07,0.13,0.07,,,
41T,XSES,GCCP Resources Ltd,Basic Materials,Building Materials,,SGD,Interest Coverage,-43.92,-4.27,-2.01,-3.23,-8.61,-10.78,-12.7,-7.94,17.7,-175.06,,,
41T,XSES,GCCP Resources Ltd,Basic Materials,Building Materials,,SGD,Financial Leverage,1.21,1.59,1.74,1.41,1.5,1.64,1.53,1.73,1.27,1.41,,,
41T,XSES,GCCP Resources Ltd,Basic Materials,Building Materials,,SGD,Debt/Equity,0.04,0.31,0.39,0.1,0.06,0.09,0.03,0.02,0.01,0.01,,,
41T,XSES,GCCP Resources Ltd,Basic Materials,Building Materials,,SGD,Book Value/Share,0.03,0.02,0.02,0.02,0.02,0.02,0.01,0.01,0.01,0.01,,,
41T,XSES,GCCP Resources Ltd,Basic Materials,Building Materials,,SGD,Cap Ex as a % of Sales,801.29,7.33,15.15,0.21,0.07,0.04,27.07,23.63,22.44,33.35,,,
42C,XSES,iX Biopharma Ltd,Healthcare,Drug Manufacturers - Specialty & Generic,,SGD,Current Ratio,,10.74,8.93,3.38,7.31,2.47,2.55,2.14,1.53,0.89,0.47,,
42C,XSES,iX Biopharma Ltd,Healthcare,Drug Manufacturers - Specialty & Generic,,SGD,Quick Ratio,,9.41,8.28,3.08,6.33,1.81,1.78,1.79,1.1,0.42,0.22,,
42C,XSES,iX Biopharma Ltd,Healthcare,Drug Manufacturers - Specialty & Generic,,SGD,Interest Coverage,,-242.22,-30.33,-55.76,-56.19,-43.11,-46.32,-19.29,-34.82,-21.59,-30.59,,
42C,XSES,iX Biopharma Ltd,Healthcare,Drug Manufacturers - Specialty & Generic,,SGD,Financial Leverage,,1.21,1.24,1.54,1.3,1.67,1.61,1.44,1.57,3.37,30.92,,
42C,XSES,iX Biopharma Ltd,Healthcare,Drug Manufacturers - Specialty & Generic,,SGD,Debt/Equity,,0.11,0.13,0.2,0.18,0.34,0.29,0.04,0.07,0.54,4.24,,
42C,XSES,iX Biopharma Ltd,Healthcare,Drug Manufacturers - Specialty & Generic,,SGD,Book Value/Share,,0.05,0.06,0.04,0.04,0.02,0.02,0.04,0.02,0.01,0.0,,
42C,XSES,iX Biopharma Ltd,Healthcare,Drug Manufacturers - Specialty & Generic,,SGD,Cap Ex as a % of Sales,,20.03,17.54,18.15,251.56,100.91,31.69,1.39,11.75,4.78,2.59,,
42E,XSES,Choo Chiang Holdings Ltd,Technology,Electronics & Computer Distribution,,SGD,Current Ratio,,2.97,2.99,3.46,3.02,3.43,3.52,3.57,3.83,4.08,3.86,,
42E,XSES,Choo Chiang Holdings Ltd,Technology,Electronics & Computer Distribution,,SGD,Quick Ratio,,1.41,1.56,1.98,1.81,1.86,2.04,2.1,2.47,2.66,2.53,,
42E,XSES,Choo Chiang Holdings Ltd,Technology,Electronics & Computer Distribution,,SGD,Interest Coverage,,104.77,287.55,170.82,55.33,32.11,97.24,97.53,111.76,130.06,107.3,,
42E,XSES,Choo Chiang Holdings Ltd,Technology,Electronics & Computer Distribution,,SGD,Financial Leverage,,1.31,1.32,1.26,1.31,1.3,1.31,1.31,1.29,1.27,1.28,,
42E,XSES,Choo Chiang Holdings Ltd,Technology,Electronics & Computer Distribution,,SGD,Debt/Equity,,0.06,0.05,0.04,0.06,0.06,0.05,0.05,0.04,0.04,0.04,,
42E,XSES,Choo Chiang Holdings Ltd,Technology,Electronics & Computer Distribution,,SGD,Book Value/Share,,0.17,0.19,0.21,0.22,0.22,0.24,0.26,0.29,0.31,0.34,,
42E,XSES,Choo Chiang Holdings Ltd,Technology,Electronics & Computer Distribution,,SGD,Cap Ex as a % of Sales,,3.23,1.14,1.49,3.14,0.17,0.05,0.56,0.75,0.87,0.3,,
42F,XSES,Totm Technologies Ltd,Technology,Software - Infrastructure,,SGD,Current Ratio,,1.9,1.98,1.48,1.12,0.98,1.55,5.46,7.32,4.96,3.75,,
42F,XSES,Totm Technologies Ltd,Technology,Software - Infrastructure,,SGD,Quick Ratio,,1.8,1.86,1.33,0.91,0.77,1.45,4.65,6.36,2.91,2.01,,
42F,XSES,Totm Technologies Ltd,Technology,Software - Infrastructure,,SGD,Interest Coverage,,-11.42,-38.01,-34.94,6.98,-17.39,-43.06,-73.72,-157.99,-138.11,-278.32,,
42F,XSES,Totm Technologies Ltd,Technology,Software - Infrastructure,,SGD,Financial Leverage,,1.81,2.0,2.78,5.78,33.14,1.84,1.32,1.11,1.1,1.16,,
42F,XSES,Totm Technologies Ltd,Technology,Software - Infrastructure,,SGD,Debt/Equity,,0.03,0.04,0.03,0.12,0.64,0.03,0.02,0.02,0.02,0.03,,
42F,XSES,Totm Technologies Ltd,Technology,Software - Infrastructure,,SGD,Book Value/Share,,0.08,0.08,-,0.04,-,0.01,0.07,0.05,0.05,0.04,,
42F,XSES,Totm Technologies Ltd,Technology,Software - Infrastructure,,SGD,Cap Ex as a % of Sales,,3.9,1.36,1.65,1.86,1.16,0.84,7.57,3.85,8.9,1.66,,
42L,XSES,Taka Jewellery Holdings Ltd,Consumer Cyclical,Luxury Goods,,SGD,Current Ratio,,2.45,2.73,2.94,2.59,-,3.19,3.17,2.94,2.65,2.52,,
42L,XSES,Taka Jewellery Holdings Ltd,Consumer Cyclical,Luxury Goods,,SGD,Quick Ratio,,0.93,1.13,1.28,1.07,-,1.49,1.3,1.04,1.02,0.99,,
42L,XSES,Taka Jewellery Holdings Ltd,Consumer Cyclical,Luxury Goods,,SGD,Interest Coverage,,10.56,8.85,15.48,7.56,4.25,10.8,6.32,5.25,6.05,-,,
42L,XSES,Taka Jewellery Holdings Ltd,Consumer Cyclical,Luxury Goods,,SGD,Financial Leverage,,1.66,1.53,1.47,1.68,-,1.56,1.55,1.62,1.64,1.79,,
42L,XSES,Taka Jewellery Holdings Ltd,Consumer Cyclical,Luxury Goods,,SGD,Debt/Equity,,0.03,0.01,0.01,0.1,-,0.13,0.12,0.15,0.1,0.16,,
42L,XSES,Taka Jewellery Holdings Ltd,Consumer Cyclical,Luxury Goods,,SGD,Book Value/Share,,0.18,0.18,0.18,0.19,-,0.19,0.19,0.21,0.22,0.24,,
42L,XSES,Taka Jewellery Holdings Ltd,Consumer Cyclical,Luxury Goods,,SGD,Cap Ex as a % of Sales,,0.56,0.86,0.15,5.64,0.12,0.28,1.87,0.61,3.45,-,,
42N,XSES,IPS Securex Holdings Ltd,Industrials,Security & Protection Services,,SGD,Current Ratio,,1.85,2.23,2.41,1.91,2.9,3.41,3.1,2.77,2.33,2.40,,
42N,XSES,IPS Securex Holdings Ltd,Industrials,Security & Protection Services,,SGD,Quick Ratio,,1.66,2.03,1.91,1.22,1.93,1.82,2.29,2.1,1.65,1.38,,
42N,XSES,IPS Securex Holdings Ltd,Industrials,Security & Protection Services,,SGD,Interest Coverage,,64.73,-49.73,-33.7,-50.08,26.18,0.81,3.28,-19.81,2.85,-51.62,,
42N,XSES,IPS Securex Holdings Ltd,Industrials,Security & Protection Services,,SGD,Financial Leverage,,1.61,1.52,1.44,1.75,1.56,2.03,1.89,1.83,1.7,1.67,,
42N,XSES,IPS Securex Holdings Ltd,Industrials,Security & Protection Services,,SGD,Debt/Equity,,0.06,0.05,0.01,0.01,0.06,0.45,0.29,0.19,0.03,-,,
42N,XSES,IPS Securex Holdings Ltd,Industrials,Security & Protection Services,,SGD,Book Value/Share,,0.02,0.02,0.02,0.01,0.02,0.02,0.02,0.02,0.01,0.01,,
42N,XSES,IPS Securex Holdings Ltd,Industrials,Security & Protection Services,,SGD,Cap Ex as a % of Sales,,4.83,4.28,1.17,0.6,0.26,0.44,0.6,3.01,0.4,1.28,,
42R,XSES,Jumbo Group Ltd,Consumer Cyclical,Restaurants,,SGD,Current Ratio,,3.53,4.31,3.32,3.49,1.67,1.46,1.51,1.61,1.3,1.32,,
42R,XSES,Jumbo Group Ltd,Consumer Cyclical,Restaurants,,SGD,Quick Ratio,,3.41,4.02,2.80,3.00,1.32,1.13,1.22,1.44,1.15,1.09,,
42R,XSES,Jumbo Group Ltd,Consumer Cyclical,Restaurants,,SGD,Interest Coverage,,712.14,4455.75,-,-,-11.0,-12.02,1.27,13.69,11.82,5.4,,
42R,XSES,Jumbo Group Ltd,Consumer Cyclical,Restaurants,,SGD,Financial Leverage,,1.33,1.28,1.35,1.31,1.73,2.29,2.41,2.27,2.33,2.7,,
42R,XSES,Jumbo Group Ltd,Consumer Cyclical,Restaurants,,SGD,Debt/Equity,,0.01,-,-,-,0.24,0.57,0.62,0.46,0.35,0.88,,
42R,XSES,Jumbo Group Ltd,Consumer Cyclical,Restaurants,,SGD,Book Value/Share,,0.1,0.10,0.10,0.10,0.1,0.08,0.06,0.08,0.08,0.09,,
42R,XSES,Jumbo Group Ltd,Consumer Cyclical,Restaurants,,SGD,Cap Ex as a % of Sales,,5.77,4.06,4.06,3.99,7.69,6.15,5.0,5.58,4.27,5.43,,
42T,XSES,The Trendlines Group Ltd,Financial Services,Asset Management,,SGD,Current Ratio,,3.33,3.3,2.2,4.14,4.55,2.13,1.91,1.78,1.77,1.54,,
42T,XSES,The Trendlines Group Ltd,Financial Services,Asset Management,,SGD,Quick Ratio,,3.29,3.3,2.2,4.14,4.51,2.13,1.7,1.76,1.75,1.52,,
42T,XSES,The Trendlines Group Ltd,Financial Services,Asset Management,,SGD,Interest Coverage,,-214.96,558.5,-14.15,1.11,-71.33,13.84,-431.98,-1735.05,-442.43,18.69,,
42T,XSES,The Trendlines Group Ltd,Financial Services,Asset Management,,SGD,Financial Leverage,,1.31,1.28,1.28,1.26,1.21,1.17,1.11,1.1,1.1,1.1,,
42T,XSES,The Trendlines Group Ltd,Financial Services,Asset Management,,SGD,Debt/Equity,,0.06,0.04,0.03,0.06,0.05,0.05,0.04,0.05,0.05,0.05,,
42T,XSES,The Trendlines Group Ltd,Financial Services,Asset Management,,SGD,Book Value/Share,,0.22,0.18,0.2,0.15,0.16,0.17,0.14,0.14,0.09,0.06,,
42T,XSES,The Trendlines Group Ltd,Financial Services,Asset Management,,SGD,Cap Ex as a % of Sales,,2.0,8.46,2.57,3.68,12.51,24.95,3.13,1.73,1.57,6.86,,
42W,XSES,Zixin Group Holdings Ltd,Consumer Defensive,Packaged Foods,,SGD,Current Ratio,,3.28,5.32,2.90,3.25,5.62,5.0,5.69,3.39,2.98,2.78,,
42W,XSES,Zixin Group Holdings Ltd,Consumer Defensive,Packaged Foods,,SGD,Quick Ratio,,2.89,4.70,2.44,1.92,2.63,3.95,4.37,2.7,2.27,2.06,,
42W,XSES,Zixin Group Holdings Ltd,Consumer Defensive,Packaged Foods,,SGD,Interest Coverage,,46.16,40.55,15.35,30.89,-4.78,-8.1,5.03,-4.04,10.24,17.75,,
42W,XSES,Zixin Group Holdings Ltd,Consumer Defensive,Packaged Foods,,SGD,Financial Leverage,,1.22,1.09,1.19,1.12,1.09,1.14,1.11,1.17,1.19,1.24,,
42W,XSES,Zixin Group Holdings Ltd,Consumer Defensive,Packaged Foods,,SGD,Debt/Equity,,-,-,-,-,-,0.0,-,0.0,0.0,-,,
42W,XSES,Zixin Group Holdings Ltd,Consumer Defensive,Packaged Foods,,SGD,Book Value/Share,,-,0.22,0.21,0.21,0.15,0.1,0.07,0.07,0.07,0.06,,
42W,XSES,Zixin Group Holdings Ltd,Consumer Defensive,Packaged Foods,,SGD,Cap Ex as a % of Sales,,3.93,6.68,4.93,17.81,3.05,1.63,7.59,15.05,15.49,12.40,,
42Z,XSES,Eindec Corp Ltd,Industrials,Specialty Industrial Machinery,,SGD,Current Ratio,,2.09,1.81,1.68,1.34,1.16,1.14,1.34,1.39,1.51,1.43,,
42Z,XSES,Eindec Corp Ltd,Industrials,Specialty Industrial Machinery,,SGD,Quick Ratio,,1.65,1.4,1.18,0.95,0.95,0.8,0.95,0.95,1.02,0.94,,
42Z,XSES,Eindec Corp Ltd,Industrials,Specialty Industrial Machinery,,SGD,Interest Coverage,,-1.33,-34.54,-12.99,-10.05,1.68,-0.71,6.15,0.71,0.47,-3.5,,
42Z,XSES,Eindec Corp Ltd,Industrials,Specialty Industrial Machinery,,SGD,Financial Leverage,,1.6,1.77,1.88,2.24,3.73,4.35,3.0,2.42,2.27,2.28,,
42Z,XSES,Eindec Corp Ltd,Industrials,Specialty Industrial Machinery,,SGD,Debt/Equity,,0.0,0.0,0.01,0.09,0.35,0.19,0.22,0.26,0.3,0.3,,
42Z,XSES,Eindec Corp Ltd,Industrials,Specialty Industrial Machinery,,SGD,Book Value/Share,,0.14,0.12,-,0.08,0.06,0.06,0.06,0.06,0.06,0.06,,
42Z,XSES,Eindec Corp Ltd,Industrials,Specialty Industrial Machinery,,SGD,Cap Ex as a % of Sales,,2.87,5.94,4.90,3.33,0.61,0.26,2.69,1.04,0.96,1.33,,
43A,XSES,Octopus (APAC) Holdings Ltd,Consumer Cyclical,Restaurants,,SGD,Current Ratio,0.67,0.72,0.67,1.1,2.18,3.93,2.77,2.47,0.19,2.68,,,
43A,XSES,Octopus (APAC) Holdings Ltd,Consumer Cyclical,Restaurants,,SGD,Quick Ratio,0.44,0.64,0.54,0.26,1.5,3.89,2.74,2.43,0.12,1.92,,,
43A,XSES,Octopus (APAC) Holdings Ltd,Consumer Cyclical,Restaurants,,SGD,Interest Coverage,-10.80,-3.48,-8.64,-7.58,66.99,11.06,-52.8,-44.33,-135.18,-6.9,,,
43A,XSES,Octopus (APAC) Holdings Ltd,Consumer Cyclical,Restaurants,,SGD,Financial Leverage,15.76,3.1,6.51,31.59,2.02,1.62,1.83,2.18,-,1.8,,,
43A,XSES,Octopus (APAC) Holdings Ltd,Consumer Cyclical,Restaurants,,SGD,Debt/Equity,9.26,1.2,2.51,11.6,0.1,0.12,0.15,0.15,-,0.22,,,
43A,XSES,Octopus (APAC) Holdings Ltd,Consumer Cyclical,Restaurants,,SGD,Book Value/Share,-,0.04,0.02,0.01,0.06,0.09,0.09,0.06,0.01,0.0,,,
43A,XSES,Octopus (APAC) Holdings Ltd,Consumer Cyclical,Restaurants,,SGD,Cap Ex as a % of Sales,121.90,48.84,3.45,0.82,1.26,0.54,1.86,0.55,7.05,2.5,,,
43B,XSES,Secura Group Ltd,Industrials,Security & Protection Services,,SGD,Current Ratio,,3.59,2.78,3.56,3.27,4.63,4.79,3.48,3.13,3.45,3.85,,
43B,XSES,Secura Group Ltd,Industrials,Security & Protection Services,,SGD,Quick Ratio,,3.14,1.79,3.08,2.93,4.46,4.59,3.31,2.91,3.27,3.59,,
43B,XSES,Secura Group Ltd,Industrials,Security & Protection Services,,SGD,Interest Coverage,,10.07,-7.18,7.6,-12.89,15.87,20.87,19.67,14.32,25.26,14.41,,
43B,XSES,Secura Group Ltd,Industrials,Security & Protection Services,,SGD,Financial Leverage,,1.45,1.44,1.4,1.43,1.36,1.23,1.29,1.36,1.32,1.27,,
43B,XSES,Secura Group Ltd,Industrials,Security & Protection Services,,SGD,Debt/Equity,,0.24,0.25,0.22,0.22,0.18,0.08,0.07,0.07,0.07,0.05,,
43B,XSES,Secura Group Ltd,Industrials,Security & Protection Services,,SGD,Book Value/Share,,0.11,0.11,0.11,0.11,0.11,0.11,0.11,0.11,0.11,0.12,,
43B,XSES,Secura Group Ltd,Industrials,Security & Protection Services,,SGD,Cap Ex as a % of Sales,,52.51,6.53,0.52,0.9,0.71,0.21,0.57,0.23,0.58,1.37,,
43E,XSES,VCPlus Ltd,Industrials,Consulting Services,,SGD,Current Ratio,,0.92,1.11,0.51,0.33,0.43,2.48,3.28,0.48,0.25,0.6,,
43E,XSES,VCPlus Ltd,Industrials,Consulting Services,,SGD,Quick Ratio,,0.83,0.91,0.4,0.29,0.40,1.95,2.46,0.41,0.18,0.54,,
43E,XSES,VCPlus Ltd,Industrials,Consulting Services,,SGD,Interest Coverage,,-68.88,-3.56,-2.96,-3.09,-2.43,-42.41,-171.71,-27.15,-380.00,-28.59,,
43E,XSES,VCPlus Ltd,Industrials,Consulting Services,,SGD,Financial Leverage,,1.34,1.78,4.21,7.91,-,1.35,1.3,1.39,2.17,2.52,,
43E,XSES,VCPlus Ltd,Industrials,Consulting Services,,SGD,Debt/Equity,,0.01,0.29,0.47,1.06,-,0.05,0.03,-,-,0.04,,
43E,XSES,VCPlus Ltd,Industrials,Consulting Services,,SGD,Book Value/Share,,0.04,0.01,0.01,0.0,0.00,0.0,0.0,0.00,0.00,0.0,,
43E,XSES,VCPlus Ltd,Industrials,Consulting Services,,SGD,Cap Ex as a % of Sales,,237.66,8.01,82.17,8.17,269.40,10.6,17.75,0.50,-,1.05,,
43F,XSES,AcroMeta Group Ltd,Industrials,Engineering & Construction,,SGD,Current Ratio,,1.97,1.44,1.53,1.47,1.15,0.97,0.94,0.78,1.74,3.76,,
43F,XSES,AcroMeta Group Ltd,Industrials,Engineering & Construction,,SGD,Quick Ratio,,1.96,1.19,1.5,1.46,1.13,0.88,0.89,0.74,0.62,3.53,,
43F,XSES,AcroMeta Group Ltd,Industrials,Engineering & Construction,,SGD,Interest Coverage,,-79.17,-70.1,-27.86,1.16,-5.54,-0.79,2.6,6.5,-46.85,-70.32,,
43F,XSES,AcroMeta Group Ltd,Industrials,Engineering & Construction,,SGD,Financial Leverage,,2.01,3.35,2.98,3.18,4.32,5.47,6.53,11.04,2.45,1.56,,
43F,XSES,AcroMeta Group Ltd,Industrials,Engineering & Construction,,SGD,Debt/Equity,,-,0.29,0.29,0.26,0.86,1.38,0.98,1.26,0.16,0.26,,
43F,XSES,AcroMeta Group Ltd,Industrials,Engineering & Construction,,SGD,Book Value/Share,,0.05,0.05,0.06,0.04,0.04,0.03,0.03,0.04,0.02,0.01,,
43F,XSES,AcroMeta Group Ltd,Industrials,Engineering & Construction,,SGD,Cap Ex as a % of Sales,,0.69,0.56,1.46,0.71,20.47,24.82,2.55,1.22,15.93,0.34,,
43Q,XSES,Advancer Global Ltd,Industrials,Staffing & Employment Services,,SGD,Current Ratio,,2.36,2.27,5.57,4.6,4.57,4.64,4.23,3.36,3.97,3.8,,
43Q,XSES,Advancer Global Ltd,Industrials,Staffing & Employment Services,,SGD,Quick Ratio,,2.24,2.12,5.25,4.33,4.3,4.42,3.96,3.28,3.81,3.59,,
43Q,XSES,Advancer Global Ltd,Industrials,Staffing & Employment Services,,SGD,Interest Coverage,,32.13,34.42,21.77,4.99,36.36,-34.57,-46.63,-36.64,11.88,13.87,,
43Q,XSES,Advancer Global Ltd,Industrials,Staffing & Employment Services,,SGD,Financial Leverage,,1.62,1.59,1.22,1.28,1.28,1.27,1.3,1.36,1.31,1.3,,
43Q,XSES,Advancer Global Ltd,Industrials,Staffing & Employment Services,,SGD,Debt/Equity,,0.04,0.05,0.02,0.05,0.04,0.03,0.05,0.05,0.03,0.03,,
43Q,XSES,Advancer Global Ltd,Industrials,Staffing & Employment Services,,SGD,Book Value/Share,,0.04,0.12,0.09,0.17,0.18,0.18,0.16,0.14,0.13,0.13,,
43Q,XSES,Advancer Global Ltd,Industrials,Staffing & Employment Services,,SGD,Cap Ex as a % of Sales,,0.95,1.36,1.14,1.12,1.41,0.64,0.8,1.8,1.06,2.05,,
49B,XSES,AMOS Group Ltd,Energy,Oil & Gas Equipment & Services,,SGD,Current Ratio,,2.54,1.64,6.13,2.77,2.01,1.33,2.24,1.61,1.37,1.42,,
49B,XSES,AMOS Group Ltd,Energy,Oil & Gas Equipment & Services,,SGD,Quick Ratio,,0.42,0.31,2.86,1.31,0.91,0.6,1.01,0.73,0.61,0.57,,
49B,XSES,AMOS Group Ltd,Energy,Oil & Gas Equipment & Services,,SGD,Interest Coverage,,1.36,-3.17,-18.33,-16.71,-4.64,-12.72,-10.84,-7.78,-15.57,-7.83,,
49B,XSES,AMOS Group Ltd,Energy,Oil & Gas Equipment & Services,,SGD,Financial Leverage,,2.05,2.09,1.67,1.72,1.78,1.79,1.55,1.60,1.78,1.67,,
49B,XSES,AMOS Group Ltd,Energy,Oil & Gas Equipment & Services,,SGD,Debt/Equity,,0.38,0.06,0.44,0.32,0.27,0.09,0.21,0.06,0.08,0.08,,
49B,XSES,AMOS Group Ltd,Energy,Oil & Gas Equipment & Services,,SGD,Book Value/Share,,4.34,4.41,0.92,0.91,0.86,0.76,0.58,-,0.4,-,,
49B,XSES,AMOS Group Ltd,Energy,Oil & Gas Equipment & Services,,SGD,Cap Ex as a % of Sales,,10.89,6.1,2.89,7.66,7.58,1.97,0.5,0.52,1.77,0.24,,
500,XSES,,,,,SGD,Current Ratio,,2.66,3.84,3.22,3.17,3.59,2.42,2.44,2.84,2.67,2.24,,
500,XSES,,,,,SGD,Quick Ratio,,1.79,2.37,2.02,1.98,1.96,1.55,1.45,1.59,1.56,1.32,,
500,XSES,,,,,SGD,Interest Coverage,,36.91,36.88,34.01,14.88,12.4,28.3,27.06,10.93,10.03,12.56,,
500,XSES,,,,,SGD,Financial Leverage,,1.51,1.28,1.36,1.35,1.35,1.54,1.57,1.47,1.53,1.69,,
500,XSES,,,,,SGD,Debt/Equity,,0.0,0.0,-,0.0,0.05,0.06,0.05,0.05,0.05,0.04,,
500,XSES,,,,,SGD,Book Value/Share,,0.35,0.38,0.38,0.39,0.4,0.42,0.42,0.44,0.44,0.47,,
500,XSES,,,,,SGD,Cap Ex as a % of Sales,,2.53,2.08,1.19,3.4,1.46,2.23,1.19,1.19,1.86,0.99,,
504,XSES,HS Optimus Holdings Ltd,Consumer Cyclical,"Furnishings, Fixtures & Appliances",,SGD,Current Ratio,,4.43,3.78,11.3,10.46,6.63,8.09,7.19,9.55,10.28,5.34,,
504,XSES,HS Optimus Holdings Ltd,Consumer Cyclical,"Furnishings, Fixtures & Appliances",,SGD,Quick Ratio,,1.18,1.59,2.84,3.1,1.55,2.33,2.09,2.05,1.62,1.1,,
504,XSES,HS Optimus Holdings Ltd,Consumer Cyclical,"Furnishings, Fixtures & Appliances",,SGD,Interest Coverage,,7.48,17.77,-35.5,-3.65,-35.67,9.65,-17.48,-38.68,-10.09,-19.55,,
504,XSES,HS Optimus Holdings Ltd,Consumer Cyclical,"Furnishings, Fixtures & Appliances",,SGD,Financial Leverage,,1.43,1.38,1.28,1.29,1.38,1.31,1.33,1.31,1.29,1.36,,
504,XSES,HS Optimus Holdings Ltd,Consumer Cyclical,"Furnishings, Fixtures & Appliances",,SGD,Debt/Equity,,0.23,0.04,0.04,0.04,0.05,0.04,0.04,0.05,0.0,0.0,,
504,XSES,HS Optimus Holdings Ltd,Consumer Cyclical,"Furnishings, Fixtures & Appliances",,SGD,Book Value/Share,,0.01,0.02,0.02,0.01,0.01,0.01,0.01,0.01,0.01,0.01,,
504,XSES,HS Optimus Holdings Ltd,Consumer Cyclical,"Furnishings, Fixtures & Appliances",,SGD,Cap Ex as a % of Sales,,4.94,5.7,12.03,2.24,0.98,1.48,0.29,1.09,1.3,0.02,,
505,XSES,AsiaMedic Ltd,Healthcare,Diagnostics & Research,,SGD,Current Ratio,,1.53,1.08,1.31,1.34,2.18,2.47,2.57,2.08,1.88,2.1,,
505,XSES,AsiaMedic Ltd,Healthcare,Diagnostics & Research,,SGD,Quick Ratio,,1.32,0.75,0.95,1.01,1.86,2.13,2.21,1.83,1.7,1.94,,
505,XSES,AsiaMedic Ltd,Healthcare,Diagnostics & Research,,SGD,Interest Coverage,,-13.5,-49.58,-40.84,-0.29,-21.0,5.9,10.04,3.43,2.09,2.57,,
505,XSES,AsiaMedic Ltd,Healthcare,Diagnostics & Research,,SGD,Financial Leverage,,1.58,1.73,2.97,5.03,2.09,2.31,2.17,2.18,3.27,2.69,,
505,XSES,AsiaMedic Ltd,Healthcare,Diagnostics & Research,,SGD,Debt/Equity,,0.11,0.08,0.71,2.37,0.33,0.55,0.58,0.58,1.32,0.96,,
505,XSES,AsiaMedic Ltd,Healthcare,Diagnostics & Research,,SGD,Book Value/Share,,0.04,0.03,0.02,0.01,0.01,0.01,0.01,0.01,0.01,0.01,,
505,XSES,AsiaMedic Ltd,Healthcare,Diagnostics & Research,,SGD,Cap Ex as a % of Sales,,2.98,1.8,4.22,0.91,2.29,2.07,5.29,10.3,6.24,7.6,,
508,XSES,Fuji Offset Plates Manufacturing Ltd,Industrials,Specialty Industrial Machinery,,SGD,Current Ratio,,8.5,7.57,7.43,6.15,5.92,6.46,9.04,20.61,24.34,30.09,,
508,XSES,Fuji Offset Plates Manufacturing Ltd,Industrials,Specialty Industrial Machinery,,SGD,Quick Ratio,,7.29,5.45,6.27,5.65,5.46,5.8,7.48,17.63,23.08,29.0,,
508,XSES,Fuji Offset Plates Manufacturing Ltd,Industrials,Specialty Industrial Machinery,,SGD,Interest Coverage,,82.43,-169.6,333.0,276.29,36.23,37.54,202.29,467.00,925.00,300.67,,
508,XSES,Fuji Offset Plates Manufacturing Ltd,Industrials,Specialty Industrial Machinery,,SGD,Financial Leverage,,1.19,1.23,1.18,1.21,1.22,1.19,1.12,1.11,1.10,1.09,,
508,XSES,Fuji Offset Plates Manufacturing Ltd,Industrials,Specialty Industrial Machinery,,SGD,Debt/Equity,,0.0,0.01,0.0,0.01,0.0,0.0,0.0,-,-,0.0,,
508,XSES,Fuji Offset Plates Manufacturing Ltd,Industrials,Specialty Industrial Machinery,,SGD,Book Value/Share,,0.53,0.5,0.56,0.57,0.54,0.55,0.56,0.62,0.64,0.55,,
508,XSES,Fuji Offset Plates Manufacturing Ltd,Industrials,Specialty Industrial Machinery,,SGD,Cap Ex as a % of Sales,,15.69,10.33,11.05,5.87,28.3,2.12,9.11,5.77,6.20,10.54,,
532,XSES,DISA Ltd,Technology,Software - Application,,SGD,Current Ratio,,1.02,5.87,2.04,5.6,7.13,5.85,4.7,2.57,1.94,3.27,,
532,XSES,DISA Ltd,Technology,Software - Application,,SGD,Quick Ratio,,0.89,5.64,1.96,5.41,5.87,5.56,4.55,2.49,1.47,3.17,,
532,XSES,DISA Ltd,Technology,Software - Application,,SGD,Interest Coverage,,-19.36,-22.57,-8.59,-31.86,-163.67,-72.6,-69.43,-143.47,-65.9,-204.14,,
532,XSES,DISA Ltd,Technology,Software - Application,,SGD,Financial Leverage,,1.26,1.28,1.24,0.68,1.20,1.24,1.22,1.53,2.03,1.41,,
532,XSES,DISA Ltd,Technology,Software - Application,,SGD,Debt/Equity,,-,0.42,0.0,0.01,0.05,0.05,0.01,0.10,0.15,0.01,,
532,XSES,DISA Ltd,Technology,Software - Application,,SGD,Book Value/Share,,0.01,0.0,0.0,0.0,0.00,0.0,0.0,0.00,0.0,0.0,,
532,XSES,DISA Ltd,Technology,Software - Application,,SGD,Cap Ex as a % of Sales,,1.19,41.11,225.1,12.6,-,0.42,0.92,-,0.07,0.15,,
533,XSES,ABR Holdings Ltd,Consumer Cyclical,Restaurants,,SGD,Current Ratio,,5.82,4.12,3.46,1.79,2.02,1.66,1.47,1.35,1.3,1.23,,
533,XSES,ABR Holdings Ltd,Consumer Cyclical,Restaurants,,SGD,Quick Ratio,,1.75,1.64,3.3,1.71,1.79,1.43,1.2,1.06,1.06,1.01,,
533,XSES,ABR Holdings Ltd,Consumer Cyclical,Restaurants,,SGD,Interest Coverage,,1123.17,1284.83,571.0,3.62,7.09,2.27,3.38,2.88,2.79,2.5,,
533,XSES,ABR Holdings Ltd,Consumer Cyclical,Restaurants,,SGD,Financial Leverage,,1.18,1.30,1.31,1.67,1.6,1.56,1.71,1.77,1.79,1.78,,
533,XSES,ABR Holdings Ltd,Consumer Cyclical,Restaurants,,SGD,Debt/Equity,,-,-,0.0,0.21,0.19,0.17,0.36,0.42,0.39,0.35,,
533,XSES,ABR Holdings Ltd,Consumer Cyclical,Restaurants,,SGD,Book Value/Share,,0.49,0.48,0.48,0.46,0.47,0.47,0.48,0.47,0.47,0.48,,
533,XSES,ABR Holdings Ltd,Consumer Cyclical,Restaurants,,SGD,Cap Ex as a % of Sales,,5.64,3.84,1.76,3.53,1.23,4.66,1.89,3.31,5.77,3.28,,
53W,XSES,Attika Group Ltd,Industrials,Engineering & Construction,,SGD,Current Ratio,,-,-,-,-,-,1.06,1.11,0.95,1.46,1.39,,
53W,XSES,Attika Group Ltd,Industrials,Engineering & Construction,,SGD,Quick Ratio,,-,-,-,-,-,0.86,0.80,0.67,1.34,1.27,,
53W,XSES,Attika Group Ltd,Industrials,Engineering & Construction,,SGD,Interest Coverage,,7.09,8.90,3.82,6.59,11.07,-,-,-,-,-,,
53W,XSES,Attika Group Ltd,Industrials,Engineering & Construction,,SGD,Financial Leverage,,-,-,-,-,-,12.01,6.62,8.94,3.40,3.51,,
53W,XSES,Attika Group Ltd,Industrials,Engineering & Construction,,SGD,Debt/Equity,,-,-,-,-,-,1.07,0.21,3.11,0.95,1.11,,
53W,XSES,Attika Group Ltd,Industrials,Engineering & Construction,,SGD,Book Value/Share,,-,-,-,-,-,-,-,-,0.03,0.08,,
53W,XSES,Attika Group Ltd,Industrials,Engineering & Construction,,SGD,Cap Ex as a % of Sales,,0.36,0.22,39.47,0.16,0.41,-,-,-,-,-,,
540,XSES,Tung Lok Restaurants(2000) Ltd,Consumer Cyclical,Restaurants,,SGD,Current Ratio,,1.45,1.8,1.72,1.81,0.9,1.29,1.3,1.28,1.25,1.1,,
540,XSES,Tung Lok Restaurants(2000) Ltd,Consumer Cyclical,Restaurants,,SGD,Quick Ratio,,1.25,1.57,1.51,1.53,0.75,1.12,1.1,1.12,1.07,0.91,,
540,XSES,Tung Lok Restaurants(2000) Ltd,Consumer Cyclical,Restaurants,,SGD,Interest Coverage,,2.21,2.54,-8.59,6.65,-3.89,4.3,-3.27,11.17,4.26,-0.91,,
540,XSES,Tung Lok Restaurants(2000) Ltd,Consumer Cyclical,Restaurants,,SGD,Financial Leverage,,2.14,1.94,2.05,1.97,3.56,2.99,3.59,3.02,3.51,3.92,,
540,XSES,Tung Lok Restaurants(2000) Ltd,Consumer Cyclical,Restaurants,,SGD,Debt/Equity,,0.19,0.15,0.13,0.23,0.91,0.87,1.36,0.82,1.17,1.44,,
540,XSES,Tung Lok Restaurants(2000) Ltd,Consumer Cyclical,Restaurants,,SGD,Book Value/Share,,0.05,0.06,0.06,0.05,0.05,0.05,0.04,0.05,0.05,0.05,,
540,XSES,Tung Lok Restaurants(2000) Ltd,Consumer Cyclical,Restaurants,,SGD,Cap Ex as a % of Sales,,3.44,2.24,1.31,2.61,3.58,1.94,2.13,4.37,3.24,1.48,,
541,XSES,Abundance International Ltd,Basic Materials,Chemicals,,SGD,Current Ratio,,1.85,1.41,1.62,1.32,1.08,1.51,1.62,1.53,1.45,1.39,,
541,XSES,Abundance International Ltd,Basic Materials,Chemicals,,SGD,Quick Ratio,,0.37,0.96,0.8,0.62,0.63,0.7,0.65,0.49,0.7,1.05,,
541,XSES,Abundance International Ltd,Basic Materials,Chemicals,,SGD,Interest Coverage,,-0.15,0.63,0.45,-1.05,-0.48,12.81,5.81,0.37,2.8,-16.76,,
541,XSES,Abundance International Ltd,Basic Materials,Chemicals,,SGD,Financial Leverage,,2.18,2.79,2.69,3.52,4.29,2.16,1.91,1.91,2.02,2.42,,
541,XSES,Abundance International Ltd,Basic Materials,Chemicals,,SGD,Debt/Equity,,0.0,0.14,0.35,0.57,0.27,0.11,0.08,0.07,0.05,0.07,,
541,XSES,Abundance International Ltd,Basic Materials,Chemicals,,SGD,Book Value/Share,,0.04,0.05,0.04,0.04,0.04,0.04,0.04,0.04,0.04,0.04,,
541,XSES,Abundance International Ltd,Basic Materials,Chemicals,,SGD,Cap Ex as a % of Sales,,0.17,0.0,0.03,0.26,0.02,0.01,0.1,0.0,0.0,0.0,,
543,XSES,Noel Gifts International Ltd,Consumer Cyclical,Specialty Retail,,SGD,Current Ratio,,4.98,6.34,5.03,6.43,5.23,4.93,4.88,6.74,6.73,27.76,,
543,XSES,Noel Gifts International Ltd,Consumer Cyclical,Specialty Retail,,SGD,Quick Ratio,,4.15,5.43,4.36,5.58,4.46,4.38,4.38,5.9,6.45,6.74,,
543,XSES,Noel Gifts International Ltd,Consumer Cyclical,Specialty Retail,,SGD,Interest Coverage,,-,1378.00,3439.0,-,17.74,27.2,90.69,10.29,-14.08,7.45,,
543,XSES,Noel Gifts International Ltd,Consumer Cyclical,Specialty Retail,,SGD,Financial Leverage,,1.13,1.10,1.11,1.09,1.14,1.14,1.11,1.08,1.17,2.13,,
543,XSES,Noel Gifts International Ltd,Consumer Cyclical,Specialty Retail,,SGD,Debt/Equity,,-,-,0.0,0.00,0.04,0.02,0.01,0.01,0.01,1.05,,
543,XSES,Noel Gifts International Ltd,Consumer Cyclical,Specialty Retail,,SGD,Book Value/Share,,0.33,0.30,0.31,0.32,0.3,0.31,0.29,0.29,0.29,0.3,,
543,XSES,Noel Gifts International Ltd,Consumer Cyclical,Specialty Retail,,SGD,Cap Ex as a % of Sales,,1.21,1.86,1.45,1.65,0.93,0.82,0.53,1.2,4.7,1.05,,
544,XSES,CSE Global Ltd,Technology,Information Technology Services,,SGD,Current Ratio,,3.24,2.14,2.19,1.48,1.58,1.84,1.46,1.2,1.32,1.18,,
544,XSES,CSE Global Ltd,Technology,Information Technology Services,,SGD,Quick Ratio,,2.98,1.96,1.98,1.27,1.35,1.56,1.14,0.94,1.03,0.93,,
544,XSES,CSE Global Ltd,Technology,Information Technology Services,,SGD,Interest Coverage,,40.62,-44.14,32.23,15.02,13.53,7.2,2.41,3.77,4.98,6.18,,
544,XSES,CSE Global Ltd,Technology,Information Technology Services,,SGD,Financial Leverage,,1.35,1.63,1.57,2.25,2.1,2.07,2.33,2.77,2.47,2.75,,
544,XSES,CSE Global Ltd,Technology,Information Technology Services,,SGD,Debt/Equity,,-,-,0.0,0.23,0.24,0.34,0.25,0.18,0.14,0.18,,
544,XSES,CSE Global Ltd,Technology,Information Technology Services,,SGD,Book Value/Share,,0.45,0.42,0.32,0.33,0.37,0.38,0.31,0.35,0.36,0.35,,
544,XSES,CSE Global Ltd,Technology,Information Technology Services,,SGD,Cap Ex as a % of Sales,,2.37,2.29,1.76,2.97,2.16,2.2,2.87,2.59,2.41,2.95,,
546,XSES,Medtecs International Corp Ltd,Healthcare,Medical Instruments & Supplies,,SGD,Current Ratio,,1.58,1.61,1.74,1.82,4.48,7.92,4.31,2.91,3.47,1.83,,
546,XSES,Medtecs International Corp Ltd,Healthcare,Medical Instruments & Supplies,,SGD,Quick Ratio,,0.36,0.41,0.58,0.58,2.99,5.12,2.62,1.29,1.94,0.87,,
546,XSES,Medtecs International Corp Ltd,Healthcare,Medical Instruments & Supplies,,SGD,Interest Coverage,,2.14,1.66,1.66,1.66,91.91,20.83,-36.43,-29.34,-29.68,-5.67,,
546,XSES,Medtecs International Corp Ltd,Healthcare,Medical Instruments & Supplies,,SGD,Financial Leverage,,1.74,1.77,1.81,1.83,1.27,1.16,1.22,1.29,1.3,1.44,,
546,XSES,Medtecs International Corp Ltd,Healthcare,Medical Instruments & Supplies,,SGD,Debt/Equity,,0.0,0.03,0.09,0.15,0.02,0.03,0.02,0.02,0.02,0.03,,
546,XSES,Medtecs International Corp Ltd,Healthcare,Medical Instruments & Supplies,,SGD,Book Value/Share,,0.16,0.15,0.15,0.15,0.24,0.46,0.43,0.35,0.31,0.25,,
546,XSES,Medtecs International Corp Ltd,Healthcare,Medical Instruments & Supplies,,SGD,Cap Ex as a % of Sales,,3.62,1.54,7.77,6.63,2.1,11.36,35.17,14.07,6.16,8.42,,
554,XSES,King Wan Corp Ltd,Industrials,Engineering & Construction,,SGD,Current Ratio,,1.09,1.03,0.97,0.88,0.85,0.97,1.08,0.9,0.72,0.8,,
554,XSES,King Wan Corp Ltd,Industrials,Engineering & Construction,,SGD,Quick Ratio,,1.07,1.01,0.95,0.86,0.83,0.94,1.05,0.88,0.69,0.78,,
554,XSES,King Wan Corp Ltd,Industrials,Engineering & Construction,,SGD,Interest Coverage,,-10.62,2.85,-3.17,3.84,1.82,-0.49,1.82,-3.39,7.92,3.79,,
554,XSES,King Wan Corp Ltd,Industrials,Engineering & Construction,,SGD,Financial Leverage,,1.99,1.67,1.84,1.75,2.02,2.0,1.81,2.04,1.73,1.68,,
554,XSES,King Wan Corp Ltd,Industrials,Engineering & Construction,,SGD,Debt/Equity,,0.05,0.02,0.05,0.02,0.03,0.09,0.05,0.04,0.01,0.0,,
554,XSES,King Wan Corp Ltd,Industrials,Engineering & Construction,,SGD,Book Value/Share,,0.19,0.16,0.16,0.15,0.14,0.12,0.1,0.09,0.09,0.1,,
554,XSES,King Wan Corp Ltd,Industrials,Engineering & Construction,,SGD,Cap Ex as a % of Sales,,0.22,0.66,1.19,0.15,0.08,1.16,0.86,0.82,0.54,1.62,,
558,XSES,,,,,SGD,Current Ratio,,5.01,3.29,2.74,3.33,2.84,2.46,3.08,3.56,5.41,4.45,,
558,XSES,,,,,SGD,Quick Ratio,,3.22,1.96,0.77,1.65,1.61,1.35,1.38,1.88,3.0,1.43,,
558,XSES,,,,,SGD,Interest Coverage,,8246.67,142.64,75.48,37.78,66.15,86.01,93.07,74.42,69.88,105.7,,
558,XSES,,,,,SGD,Financial Leverage,,1.11,1.2,1.2,1.18,1.23,1.57,1.44,1.35,1.22,1.23,,
558,XSES,,,,,SGD,Debt/Equity,,-,0.01,0.02,0.03,0.03,0.12,0.08,0.07,0.02,0.02,,
558,XSES,,,,,SGD,Book Value/Share,,0.23,0.25,0.27,0.29,0.31,0.34,0.41,0.43,0.46,0.48,,
558,XSES,,,,,SGD,Cap Ex as a % of Sales,,2.52,6.5,12.27,1.67,7.05,3.68,14.4,9.92,13.85,15.43,,
566,XSES,SHS Holdings Ltd,Industrials,Metal Fabrication,,SGD,Current Ratio,6.4,6.06,2.72,2.67,2.54,1.64,4.64,3.64,3.22,3.84,,,
566,XSES,SHS Holdings Ltd,Industrials,Metal Fabrication,,SGD,Quick Ratio,6.07,5.17,2.17,2.07,1.05,0.51,4.32,3.32,2.52,2.51,,,
566,XSES,SHS Holdings Ltd,Industrials,Metal Fabrication,,SGD,Interest Coverage,92.01,31.1,-81.17,-25.22,-4.66,-16.6,-2.42,9.34,4.06,4.44,,,
566,XSES,SHS Holdings Ltd,Industrials,Metal Fabrication,,SGD,Financial Leverage,1.12,1.14,1.25,1.26,1.4,1.9,1.27,1.27,1.36,1.27,,,
566,XSES,SHS Holdings Ltd,Industrials,Metal Fabrication,,SGD,Debt/Equity,0.0,0.02,0.02,0.07,0.1,0.12,0.1,0.05,0.06,0.05,,,
566,XSES,SHS Holdings Ltd,Industrials,Metal Fabrication,,SGD,Book Value/Share,0.25,0.32,0.31,0.29,0.27,0.24,0.2,0.21,0.21,0.22,,,
566,XSES,SHS Holdings Ltd,Industrials,Metal Fabrication,,SGD,Cap Ex as a % of Sales,5.51,42.62,67.92,17.11,15.75,11.08,1.04,0.82,2.0,0.85,,,
569,XSES,Vicplas International Ltd,Healthcare,Medical Devices,,SGD,Current Ratio,,3.78,4.32,3.07,2.27,2.13,2.85,2.18,2.55,1.63,1.46,,
569,XSES,Vicplas International Ltd,Healthcare,Medical Devices,,SGD,Quick Ratio,,3.18,3.51,2.05,1.66,1.41,2.04,1.44,1.75,1.11,1.03,,
569,XSES,Vicplas International Ltd,Healthcare,Medical Devices,,SGD,Interest Coverage,,56.53,33.39,11.75,12.67,12.73,24.39,13.83,5.84,-0.07,0.05,,
569,XSES,Vicplas International Ltd,Healthcare,Medical Devices,,SGD,Financial Leverage,,1.24,1.21,1.26,1.36,1.48,1.56,1.66,1.52,1.76,1.93,,
569,XSES,Vicplas International Ltd,Healthcare,Medical Devices,,SGD,Debt/Equity,,0.01,0.01,0.0,0.0,0.07,0.19,0.18,0.13,0.17,0.19,,
569,XSES,Vicplas International Ltd,Healthcare,Medical Devices,,SGD,Book Value/Share,,0.11,0.11,0.11,0.11,0.12,0.13,0.15,0.15,0.15,0.15,,
569,XSES,Vicplas International Ltd,Healthcare,Medical Devices,,SGD,Cap Ex as a % of Sales,,3.7,4.6,9.59,10.18,7.46,4.55,9.83,4.14,14.2,5.55,,
570,XSES,Abundante Ltd,Industrials,Rental & Leasing Services,,SGD,Current Ratio,,1.57,2.40,2.14,3.08,5.28,5.73,11.50,14.29,15.64,17.94,,
570,XSES,Abundante Ltd,Industrials,Rental & Leasing Services,,SGD,Quick Ratio,,1.41,2.12,1.9,2.54,4.64,5.12,11.05,13.60,14.24,16.70,,
570,XSES,Abundante Ltd,Industrials,Rental & Leasing Services,,SGD,Interest Coverage,,67.37,-,-203.35,-,-1064.3,-1216.53,46237.84,-,-,-,,
570,XSES,Abundante Ltd,Industrials,Rental & Leasing Services,,SGD,Financial Leverage,,1.46,1.30,1.42,1.27,1.2,1.19,1.11,1.09,1.06,1.05,,
570,XSES,Abundante Ltd,Industrials,Rental & Leasing Services,,SGD,Debt/Equity,,0.0,0.00,0.0,-,0.0,0.0,-,-,-,-,,
570,XSES,Abundante Ltd,Industrials,Rental & Leasing Services,,SGD,Book Value/Share,,0.36,0.38,0.35,0.24,0.18,0.15,0.15,0.16,0.17,-,,
570,XSES,Abundante Ltd,Industrials,Rental & Leasing Services,,SGD,Cap Ex as a % of Sales,,10.95,13.58,8.29,2.59,0.41,3.82,2.23,0.42,28.28,28.63,,
575,XSES,Asti Holdings Ltd,Technology,Semiconductor Equipment & Materials,,SGD,Current Ratio,,1.68,1.4,1.46,2.22,2.4,1.69,1.89,1.86,2.27,3.85,,
575,XSES,Asti Holdings Ltd,Technology,Semiconductor Equipment & Materials,,SGD,Quick Ratio,,1.25,1.0,1.36,1.95,2.25,1.51,1.70,1.64,2.07,3.55,,
575,XSES,Asti Holdings Ltd,Technology,Semiconductor Equipment & Materials,,SGD,Interest Coverage,,-5.49,-11.05,-37.45,48.49,0.37,-25.87,12.16,-2.93,-23.48,9.60,,
575,XSES,Asti Holdings Ltd,Technology,Semiconductor Equipment & Materials,,SGD,Financial Leverage,,2.06,2.03,1.46,1.41,1.32,1.29,1.29,1.19,1.30,1.14,,
575,XSES,Asti Holdings Ltd,Technology,Semiconductor Equipment & Materials,,SGD,Debt/Equity,,0.06,0.06,0.03,0.04,0.02,0.02,0.17,0.14,0.03,0.05,,
575,XSES,Asti Holdings Ltd,Technology,Semiconductor Equipment & Materials,,SGD,Book Value/Share,,0.09,0.09,0.14,0.11,0.11,0.12,-,-,-,-,,
575,XSES,Asti Holdings Ltd,Technology,Semiconductor Equipment & Materials,,SGD,Cap Ex as a % of Sales,,7.3,7.84,14.45,7.74,6.11,10.14,21.04,16.22,1.43,5.53,,
579,XSES,Oceanus Group Ltd,Consumer Defensive,Food Distribution,,SGD,Current Ratio,,0.03,1.23,1.22,1.14,1.7,1.29,1.79,1.66,1.53,1.68,,
579,XSES,Oceanus Group Ltd,Consumer Defensive,Food Distribution,,SGD,Quick Ratio,,0.02,1.20,1.14,1.1,1.17,0.9,1.18,1.32,1.2,1.16,,
579,XSES,Oceanus Group Ltd,Consumer Defensive,Food Distribution,,SGD,Interest Coverage,,-2.48,11.64,-,-406.37,24.92,6.47,-1.61,0.79,1.45,-0.23,,
579,XSES,Oceanus Group Ltd,Consumer Defensive,Food Distribution,,SGD,Financial Leverage,,-,1.94,1.66,1.84,2.78,5.27,3.29,3.44,3.09,3.96,,
579,XSES,Oceanus Group Ltd,Consumer Defensive,Food Distribution,,SGD,Debt/Equity,,-,-,-,0.0,0.47,0.56,0.54,0.45,0.08,0.58,,
579,XSES,Oceanus Group Ltd,Consumer Defensive,Food Distribution,,SGD,Book Value/Share,,-0.02,0.00,0.00,0.0,0.0,0.0,0.0,0.0,0.0,0.0,,
579,XSES,Oceanus Group Ltd,Consumer Defensive,Food Distribution,,SGD,Cap Ex as a % of Sales,,8.58,46.05,18.08,1.32,0.08,1.5,1.58,0.36,0.1,0.34,,
580,XSES,Santak Holdings Ltd,Technology,Electronic Components,,SGD,Current Ratio,,1.28,3.86,8.78,6.66,5.57,6.1,4.57,5.32,4.69,3.17,,
580,XSES,Santak Holdings Ltd,Technology,Electronic Components,,SGD,Quick Ratio,,0.29,3.36,3.94,2.14,1.78,5.42,4.01,4.31,4.16,2.86,,
580,XSES,Santak Holdings Ltd,Technology,Electronic Components,,SGD,Interest Coverage,,-0.53,-2.84,-121.45,-161.6,-26.55,-37.2,-48.74,-96.23,-119.03,-108.63,,
580,XSES,Santak Holdings Ltd,Technology,Electronic Components,,SGD,Financial Leverage,,3.07,1.26,1.17,1.15,1.2,1.17,1.22,1.19,1.2,1.29,,
580,XSES,Santak Holdings Ltd,Technology,Electronic Components,,SGD,Debt/Equity,,0.02,0.01,0.01,0.01,0.03,0.02,0.02,0.03,0.02,0.06,,
580,XSES,Santak Holdings Ltd,Technology,Electronic Components,,SGD,Book Value/Share,,0.38,0.18,0.19,0.2,0.18,0.17,0.14,0.12,0.1,0.08,,
580,XSES,Santak Holdings Ltd,Technology,Electronic Components,,SGD,Cap Ex as a % of Sales,,3.0,2.04,2.98,25.1,2.57,1.28,1.37,1.22,0.03,0.23,,
581,XSES,Sunrise Shares Holdings Ltd,Real Estate,Real Estate Services,,SGD,Current Ratio,,4.18,3.37,1.70,5.75,10.48,8.29,11.56,5.20,0.45,-,,
581,XSES,Sunrise Shares Holdings Ltd,Real Estate,Real Estate Services,,SGD,Quick Ratio,,2.95,2.66,0.89,5.68,9.94,8.29,11.56,3.65,0.37,-,,
581,XSES,Sunrise Shares Holdings Ltd,Real Estate,Real Estate Services,,SGD,Interest Coverage,,-34.78,-,-,-,344.23,589.25,-2055.69,-,-75.63,-,,
581,XSES,Sunrise Shares Holdings Ltd,Real Estate,Real Estate Services,,SGD,Financial Leverage,,1.30,1.38,1.99,1.21,1.11,1.14,1.09,1.21,1.44,-,,
581,XSES,Sunrise Shares Holdings Ltd,Real Estate,Real Estate Services,,SGD,Debt/Equity,,-,-,-,-,0.00,-,-,-,-,-,,
581,XSES,Sunrise Shares Holdings Ltd,Real Estate,Real Estate Services,,SGD,Book Value/Share,,0.05,0.04,0.05,-,0.02,0.03,0.03,0.02,0.02,-,,
581,XSES,Sunrise Shares Holdings Ltd,Real Estate,Real Estate Services,,SGD,Cap Ex as a % of Sales,,0.37,1.01,4.47,-,-,-,-,77.17,13.05,-,,
583,XSES,Progen Holdings Ltd,Industrials,Building Products & Equipment,,SGD,Current Ratio,,2.21,0.78,0.98,0.8,0.42,0.29,1.81,1.93,2.11,2.2,,
583,XSES,Progen Holdings Ltd,Industrials,Building Products & Equipment,,SGD,Quick Ratio,,2.15,0.37,0.86,0.74,0.34,0.25,1.77,1.87,2.06,2.15,,
583,XSES,Progen Holdings Ltd,Industrials,Building Products & Equipment,,SGD,Interest Coverage,,-,-594.13,-39.95,-27.95,-42.15,-28.4,15.8,-10.73,-10.43,-9.83,,
583,XSES,Progen Holdings Ltd,Industrials,Building Products & Equipment,,SGD,Financial Leverage,,1.12,1.20,1.09,1.21,1.25,1.28,1.29,1.24,1.25,1.25,,
583,XSES,Progen Holdings Ltd,Industrials,Building Products & Equipment,,SGD,Debt/Equity,,-,-,-,0.06,0.06,0.06,0.06,0.07,0.07,0.07,,
583,XSES,Progen Holdings Ltd,Industrials,Building Products & Equipment,,SGD,Book Value/Share,,0.13,0.12,0.09,0.08,0.08,0.07,0.06,0.07,0.06,0.06,,
583,XSES,Progen Holdings Ltd,Industrials,Building Products & Equipment,,SGD,Cap Ex as a % of Sales,,1.36,3.29,6.14,0.28,1.33,2.41,1.78,6.33,1.51,0.14,,
584,XSES,AJJ Medtech Holdings Ltd,Healthcare,Medical Devices,,SGD,Current Ratio,,0.85,0.20,0.03,0.04,3.68,6.66,1.69,0.65,0.67,0.41,,
584,XSES,AJJ Medtech Holdings Ltd,Healthcare,Medical Devices,,SGD,Quick Ratio,,0.02,0.18,0.03,0.03,0.29,5.17,0.4,0.29,0.21,0.21,,
584,XSES,AJJ Medtech Holdings Ltd,Healthcare,Medical Devices,,SGD,Interest Coverage,,10.21,-4.59,-13.28,-8.79,-27.18,-22.16,-63.63,-42.44,-70.65,-32.66,,
584,XSES,AJJ Medtech Holdings Ltd,Healthcare,Medical Devices,,SGD,Financial Leverage,,2.74,1.27,1.29,2.80,1.44,1.39,2.56,-,-,-,,
584,XSES,AJJ Medtech Holdings Ltd,Healthcare,Medical Devices,,SGD,Debt/Equity,,-,-,-,1.31,0.07,0.2,0.86,-,-,-,,
584,XSES,AJJ Medtech Holdings Ltd,Healthcare,Medical Devices,,SGD,Book Value/Share,,0.02,0.01,0.01,0.01,0.01,0.01,0.0,0.00,0.00,0.00,,
584,XSES,AJJ Medtech Holdings Ltd,Healthcare,Medical Devices,,SGD,Cap Ex as a % of Sales,,1.01,-,-,-,60.18,156.74,4.49,0.19,0.39,2.29,,
585,XSES,Asian Micro Holdings Ltd,Energy,Oil & Gas Midstream,,SGD,Current Ratio,,2.12,1.12,1.47,1.71,1.53,2.38,2.22,2.1,1.44,1.24,,
585,XSES,Asian Micro Holdings Ltd,Energy,Oil & Gas Midstream,,SGD,Quick Ratio,,1.38,1.09,0.68,0.74,0.68,1.24,1.01,0.69,0.56,0.37,,
585,XSES,Asian Micro Holdings Ltd,Energy,Oil & Gas Midstream,,SGD,Interest Coverage,,-20.59,28.11,-64.47,-92.87,113.06,-103.23,-13.87,-70.52,-62.57,-10.65,,
585,XSES,Asian Micro Holdings Ltd,Energy,Oil & Gas Midstream,,SGD,Financial Leverage,,1.16,2.22,2.46,2.02,2.39,1.74,1.83,2.01,2.66,4.53,,
585,XSES,Asian Micro Holdings Ltd,Energy,Oil & Gas Midstream,,SGD,Debt/Equity,,0.04,0.04,0.02,-,0.05,0.04,0.03,0.09,0.07,0.05,,
585,XSES,Asian Micro Holdings Ltd,Energy,Oil & Gas Midstream,,SGD,Book Value/Share,,0.0,0.0,0.0,0.00,0.0,0.0,0.0,0.0,0.0,0.0,,
585,XSES,Asian Micro Holdings Ltd,Energy,Oil & Gas Midstream,,SGD,Cap Ex as a % of Sales,,1.15,37.82,0.04,0.13,3.06,1.54,0.2,1.97,0.18,0.03,,
594,XSES,CapAllianz Holdings Ltd Ordinary Shares,Energy,Oil & Gas E&P,,SGD,Current Ratio,,0.5,0.47,1.17,1.26,0.12,0.16,2.05,1.44,1.32,0.92,,
594,XSES,CapAllianz Holdings Ltd Ordinary Shares,Energy,Oil & Gas E&P,,SGD,Quick Ratio,,0.3,0.22,0.9,0.68,0.03,0.06,1.24,0.8,0.78,0.41,,
594,XSES,CapAllianz Holdings Ltd Ordinary Shares,Energy,Oil & Gas E&P,,SGD,Interest Coverage,,-32.5,7.15,0.8,-0.56,-2.65,-17.98,78.03,-3.13,-1.66,-6.34,,
594,XSES,CapAllianz Holdings Ltd Ordinary Shares,Energy,Oil & Gas E&P,,SGD,Financial Leverage,,4.18,2.19,1.86,2.2,2.26,3.93,2.04,2.14,2.17,2.32,,
594,XSES,CapAllianz Holdings Ltd Ordinary Shares,Energy,Oil & Gas E&P,,SGD,Debt/Equity,,0.68,0.39,0.28,0.35,-,-,-,0.0,0.01,-,,
594,XSES,CapAllianz Holdings Ltd Ordinary Shares,Energy,Oil & Gas E&P,,SGD,Book Value/Share,,0.03,0.03,0.02,0.02,0.02,0.01,0.01,0.01,0.01,0.01,,
594,XSES,CapAllianz Holdings Ltd Ordinary Shares,Energy,Oil & Gas E&P,,SGD,Cap Ex as a % of Sales,,34.15,33.66,22.52,38.64,35.94,6.06,43.65,45.88,3.3,1.92,,
595,XSES,GKE Corp Ltd,Industrials,Integrated Freight & Logistics,,SGD,Current Ratio,,2.34,1.55,0.92,1.47,1.38,1.91,1.68,1.58,1.62,1.7,,
595,XSES,GKE Corp Ltd,Industrials,Integrated Freight & Logistics,,SGD,Quick Ratio,,2.3,1.50,0.82,1.31,1.32,1.84,1.6,1.49,1.53,1.55,,
595,XSES,GKE Corp Ltd,Industrials,Integrated Freight & Logistics,,SGD,Interest Coverage,,4.5,-0.38,0.09,1.07,3.49,7.11,3.96,3.42,3.5,6.69,,
595,XSES,GKE Corp Ltd,Industrials,Integrated Freight & Logistics,,SGD,Financial Leverage,,1.83,2.05,2.31,2.47,2.56,2.4,2.34,2.17,1.96,1.84,,
595,XSES,GKE Corp Ltd,Industrials,Integrated Freight & Logistics,,SGD,Debt/Equity,,0.53,-,0.64,0.91,0.89,0.88,0.81,0.64,0.47,0.37,,
595,XSES,GKE Corp Ltd,Industrials,Integrated Freight & Logistics,,SGD,Book Value/Share,,0.12,0.12,0.11,0.1,0.1,0.11,0.11,0.12,0.12,0.13,,
595,XSES,GKE Corp Ltd,Industrials,Integrated Freight & Logistics,,SGD,Cap Ex as a % of Sales,,30.64,42.05,27.05,2.63,1.78,4.63,5.58,5.79,2.13,6.1,,
596,XSES,Pavillon Holdings Ltd,Consumer Cyclical,Restaurants,,SGD,Current Ratio,,6.31,5.24,4.74,2.7,2.35,1.36,1.31,1.6,0.78,1.71,,
596,XSES,Pavillon Holdings Ltd,Consumer Cyclical,Restaurants,,SGD,Quick Ratio,,5.45,2.49,3.13,1.95,2.2,1.13,1.02,1.13,0.56,1.25,,
596,XSES,Pavillon Holdings Ltd,Consumer Cyclical,Restaurants,,SGD,Interest Coverage,,-,-4.24,-460.77,16.93,-36.59,-135.83,15.71,-27.19,2.31,-10.18,,
596,XSES,Pavillon Holdings Ltd,Consumer Cyclical,Restaurants,,SGD,Financial Leverage,,1.14,1.42,1.56,1.42,1.45,1.9,1.22,1.26,2.25,2.08,,
596,XSES,Pavillon Holdings Ltd,Consumer Cyclical,Restaurants,,SGD,Debt/Equity,,-,-,0.01,0.04,0.09,0.17,0.03,0.03,0.77,0.82,,
596,XSES,Pavillon Holdings Ltd,Consumer Cyclical,Restaurants,,SGD,Book Value/Share,,0.10,0.11,0.11,0.08,0.08,0.06,0.01,0.04,0.04,0.04,,
596,XSES,Pavillon Holdings Ltd,Consumer Cyclical,Restaurants,,SGD,Cap Ex as a % of Sales,,0.20,57.91,12.67,26.69,8.15,1.72,4.39,1.89,0.94,12.85,,
5AB,XSES,Trek 2000 International Ltd,Technology,Communication Equipment,,SGD,Current Ratio,,2.56,3.63,9.33,4.6,7.53,6.3,7.3,6.13,9.92,4.5,,
5AB,XSES,Trek 2000 International Ltd,Technology,Communication Equipment,,SGD,Quick Ratio,,2.09,3.53,8.41,4.05,7.18,5.99,6.5,5.47,7.83,4.22,,
5AB,XSES,Trek 2000 International Ltd,Technology,Communication Equipment,,SGD,Interest Coverage,,56.14,377.26,-,-127.87,-97.27,-41.13,-431.97,327.81,13.22,981.94,,
5AB,XSES,Trek 2000 International Ltd,Technology,Communication Equipment,,SGD,Financial Leverage,,1.97,1.27,1.12,1.23,1.15,1.2,1.19,1.23,1.14,1.29,,
5AB,XSES,Trek 2000 International Ltd,Technology,Communication Equipment,,SGD,Debt/Equity,,0.03,-,-,0.0,0.0,0.0,0.0,0.01,0.0,0.0,,
5AB,XSES,Trek 2000 International Ltd,Technology,Communication Equipment,,SGD,Book Value/Share,,-,0.20,0.19,0.19,0.16,0.17,0.14,0.11,0.13,0.12,,
5AB,XSES,Trek 2000 International Ltd,Technology,Communication Equipment,,SGD,Cap Ex as a % of Sales,,0.92,0.03,0.80,1.56,0.38,0.47,0.12,1.45,3.23,2.4,,
5AE,XSES,Pollux Properties Ltd,Real Estate,Real Estate Services,,SGD,Current Ratio,,1.15,1.1,0.66,1.14,1.43,1.03,0.38,0.3,0.63,0.54,,
5AE,XSES,Pollux Properties Ltd,Real Estate,Real Estate Services,,SGD,Quick Ratio,,0.27,0.55,0.54,0.98,1.26,0.94,0.23,0.16,0.27,0.38,,
5AE,XSES,Pollux Properties Ltd,Real Estate,Real Estate Services,,SGD,Interest Coverage,,3.24,5.05,29.06,2.28,1.62,3.47,2.7,1.34,1.14,1.91,,
5AE,XSES,Pollux Properties Ltd,Real Estate,Real Estate Services,,SGD,Financial Leverage,,2.5,2.22,2.03,1.98,1.98,1.87,1.83,1.8,1.73,1.67,,
5AE,XSES,Pollux Properties Ltd,Real Estate,Real Estate Services,,SGD,Debt/Equity,,0.38,0.33,0.71,0.82,0.83,0.72,0.66,0.66,0.58,0.56,,
5AE,XSES,Pollux Properties Ltd,Real Estate,Real Estate Services,,SGD,Book Value/Share,,0.08,0.08,0.02,0.07,0.07,0.07,0.07,0.08,0.08,0.08,,
5AE,XSES,Pollux Properties Ltd,Real Estate,Real Estate Services,,SGD,Cap Ex as a % of Sales,,0.55,0.0,2.98,0.1,0.11,0.68,139.08,7.72,2.91,22.68,,
5AI,XSES,H2G Green Ltd,Consumer Cyclical,"Furnishings, Fixtures & Appliances",,SGD,Current Ratio,,1.75,1.34,4.85,4.16,2.6,2.69,1.68,2.28,2.4,2.67,,
5AI,XSES,H2G Green Ltd,Consumer Cyclical,"Furnishings, Fixtures & Appliances",,SGD,Quick Ratio,,1.21,0.94,4.07,3.12,2.03,1.97,0.95,1.49,1.16,1.29,,
5AI,XSES,H2G Green Ltd,Consumer Cyclical,"Furnishings, Fixtures & Appliances",,SGD,Interest Coverage,,-40.36,2.42,-288.38,-309.45,-7.04,-19.65,-18.85,-18.29,-27.67,-21.4,,
5AI,XSES,H2G Green Ltd,Consumer Cyclical,"Furnishings, Fixtures & Appliances",,SGD,Financial Leverage,,1.96,2.97,1.19,1.23,1.46,1.59,2.13,2.09,2.28,2.18,,
5AI,XSES,H2G Green Ltd,Consumer Cyclical,"Furnishings, Fixtures & Appliances",,SGD,Debt/Equity,,0.06,0.04,0.0,0.01,0.02,0.19,0.43,0.35,0.29,0.36,,
5AI,XSES,H2G Green Ltd,Consumer Cyclical,"Furnishings, Fixtures & Appliances",,SGD,Book Value/Share,,0.03,0.03,0.03,0.03,0.03,0.02,0.02,0.02,0.02,0.01,,
5AI,XSES,H2G Green Ltd,Consumer Cyclical,"Furnishings, Fixtures & Appliances",,SGD,Cap Ex as a % of Sales,,0.22,0.81,7.52,1.91,30.82,18.02,18.97,6.55,37.4,24.65,,
5AU,XSES,AP Oil International Ltd,Energy,Oil & Gas Refining & Marketing,,SGD,Current Ratio,,5.84,5.50,5.72,4.62,5.57,6.89,7.84,5.99,6.98,7.11,,
5AU,XSES,AP Oil International Ltd,Energy,Oil & Gas Refining & Marketing,,SGD,Quick Ratio,,4.97,4.87,5.14,3.86,4.59,5.54,5.64,4.63,5.52,5.77,,
5AU,XSES,AP Oil International Ltd,Energy,Oil & Gas Refining & Marketing,,SGD,Interest Coverage,,759.0,339.00,174.75,-,26.61,13.88,8.24,5.66,17.39,15.41,,
5AU,XSES,AP Oil International Ltd,Energy,Oil & Gas Refining & Marketing,,SGD,Financial Leverage,,1.17,1.17,1.18,1.35,1.36,1.29,1.19,1.22,1.19,1.19,,
5AU,XSES,AP Oil International Ltd,Energy,Oil & Gas Refining & Marketing,,SGD,Debt/Equity,,0.0,-,0.02,0.15,0.19,0.16,0.08,0.09,0.08,0.07,,
5AU,XSES,AP Oil International Ltd,Energy,Oil & Gas Refining & Marketing,,SGD,Book Value/Share,,0.32,0.33,0.33,0.34,0.35,0.35,0.36,0.35,0.35,0.34,,
5AU,XSES,AP Oil International Ltd,Energy,Oil & Gas Refining & Marketing,,SGD,Cap Ex as a % of Sales,,3.12,0.75,4.04,11.24,2.2,2.36,3.75,5.35,2.2,0.98,,
5BI,XSES,Polaris Ltd,Consumer Cyclical,Specialty Retail,,SGD,Current Ratio,,2.36,2.0,10.8,5.54,3.84,1.86,1.45,3.62,2.86,2.71,,
5BI,XSES,Polaris Ltd,Consumer Cyclical,Specialty Retail,,SGD,Quick Ratio,,2.0,1.69,7.89,4.01,2.63,0.2,0.37,2.54,2.19,2.06,,
5BI,XSES,Polaris Ltd,Consumer Cyclical,Specialty Retail,,SGD,Interest Coverage,,3.14,7.06,-21.98,2.75,-0.82,0.37,-68.07,-32.11,-21.79,-12.65,,
5BI,XSES,Polaris Ltd,Consumer Cyclical,Specialty Retail,,SGD,Financial Leverage,,1.99,2.05,1.1,1.49,1.52,2.66,3.22,1.42,1.42,1.09,,
5BI,XSES,Polaris Ltd,Consumer Cyclical,Specialty Retail,,SGD,Debt/Equity,,0.4,0.33,0.07,0.3,0.2,0.23,0.26,0.3,0.33,0.1,,
5BI,XSES,Polaris Ltd,Consumer Cyclical,Specialty Retail,,SGD,Book Value/Share,,0.0,0.0,0.0,0.0,0.0,0.0,0.0,0.0,0.0,0.0,,
5BI,XSES,Polaris Ltd,Consumer Cyclical,Specialty Retail,,SGD,Cap Ex as a % of Sales,,0.08,0.46,0.29,0.21,0.34,1.39,0.05,2.83,0.26,0.57,,
5CF,XSES,OKP Holdings Ltd,Industrials,Engineering & Construction,,SGD,Current Ratio,,2.27,2.71,3.49,4.35,2.67,2.05,1.57,2.23,2.3,2.5,,
5CF,XSES,OKP Holdings Ltd,Industrials,Engineering & Construction,,SGD,Quick Ratio,,2.19,1.2,3.43,3.77,2.55,1.91,1.45,2.17,2.25,2.29,,
5CF,XSES,OKP Holdings Ltd,Industrials,Engineering & Construction,,SGD,Interest Coverage,,229.68,197.39,6.8,1.81,4.81,4.91,1.34,25.76,19.58,28.94,,
5CF,XSES,OKP Holdings Ltd,Industrials,Engineering & Construction,,SGD,Financial Leverage,,1.44,1.36,1.5,1.49,1.61,1.67,1.73,1.6,1.66,1.57,,
5CF,XSES,OKP Holdings Ltd,Industrials,Engineering & Construction,,SGD,Debt/Equity,,0.02,0.01,0.27,0.29,0.28,0.33,0.3,0.2,0.15,0.06,,
5CF,XSES,OKP Holdings Ltd,Industrials,Engineering & Construction,,SGD,Book Value/Share,,0.2,0.22,0.22,0.23,0.22,0.23,0.22,0.29,0.31,0.37,,
5CF,XSES,OKP Holdings Ltd,Industrials,Engineering & Construction,,SGD,Cap Ex as a % of Sales,,1.8,2.54,1.76,2.85,14.03,3.8,4.88,3.07,2.19,1.23,,
5CR,XSES,Asiatic Group (Holdings) Ltd,Utilities,Utilities - Independent Power Producers,,SGD,Current Ratio,,0.81,1.1,0.4,0.43,0.46,0.52,0.62,0.45,0.62,0.67,,
5CR,XSES,Asiatic Group (Holdings) Ltd,Utilities,Utilities - Independent Power Producers,,SGD,Quick Ratio,,0.59,0.72,0.24,0.27,0.32,0.37,0.42,0.28,0.43,0.47,,
5CR,XSES,Asiatic Group (Holdings) Ltd,Utilities,Utilities - Independent Power Producers,,SGD,Interest Coverage,,1.51,2.27,3.36,-24.81,-15.11,-2.62,-11.83,-3.9,3.2,3.17,,
5CR,XSES,Asiatic Group (Holdings) Ltd,Utilities,Utilities - Independent Power Producers,,SGD,Financial Leverage,,1.95,1.82,1.78,2.08,2.72,2.85,3.45,4.32,3.06,2.82,,
5CR,XSES,Asiatic Group (Holdings) Ltd,Utilities,Utilities - Independent Power Producers,,SGD,Debt/Equity,,0.08,0.14,0.01,0.0,0.06,0.24,0.45,0.44,0.31,0.1,,
5CR,XSES,Asiatic Group (Holdings) Ltd,Utilities,Utilities - Independent Power Producers,,SGD,Book Value/Share,,0.04,0.04,0.04,0.04,0.03,0.02,0.02,0.01,0.01,0.01,,
5CR,XSES,Asiatic Group (Holdings) Ltd,Utilities,Utilities - Independent Power Producers,,SGD,Cap Ex as a % of Sales,,0.76,0.59,1.16,1.2,0.39,1.18,1.24,1.17,0.14,0.83,,
5DD,XSES,Micro-Mechanics (Holdings) Ltd,Technology,Semiconductor Equipment & Materials,,SGD,Current Ratio,,4.47,4.27,3.90,4.34,3.90,3.66,3.40,3.68,3.92,4.72,,
5DD,XSES,Micro-Mechanics (Holdings) Ltd,Technology,Semiconductor Equipment & Materials,,SGD,Quick Ratio,,4.03,3.87,3.43,3.81,3.36,3.17,2.94,3.15,3.44,4.35,,
5DD,XSES,Micro-Mechanics (Holdings) Ltd,Technology,Semiconductor Equipment & Materials,,SGD,Interest Coverage,,-,-,-,-,-,-,-,-,62.03,158.75,,
5DD,XSES,Micro-Mechanics (Holdings) Ltd,Technology,Semiconductor Equipment & Materials,,SGD,Financial Leverage,,1.18,1.20,1.22,1.20,1.23,1.25,1.26,1.25,1.23,1.24,,
5DD,XSES,Micro-Mechanics (Holdings) Ltd,Technology,Semiconductor Equipment & Materials,,SGD,Debt/Equity,,-,-,0.02,0.02,0.02,0.02,0.01,0.02,0.01,0.02,,
5DD,XSES,Micro-Mechanics (Holdings) Ltd,Technology,Semiconductor Equipment & Materials,,SGD,Book Value/Share,,0.34,0.36,0.40,0.40,0.39,0.38,0.38,0.32,0.32,0.34,,
5DD,XSES,Micro-Mechanics (Holdings) Ltd,Technology,Semiconductor Equipment & Materials,,SGD,Cap Ex as a % of Sales,,7.99,8.90,18.62,5.67,5.77,9.20,5.95,4.98,4.25,2.22,,
5DM,XSES,Ying Li International Real Estate Ltd,Real Estate,Real Estate Services,,SGD,Current Ratio,,1.51,2.41,2.26,1.0,1.25,0.93,1.15,0.63,0.67,0.67,,
5DM,XSES,Ying Li International Real Estate Ltd,Real Estate,Real Estate Services,,SGD,Quick Ratio,,0.19,1.2,1.24,0.51,0.4,0.31,0.3,0.27,0.19,0.19,,
5DM,XSES,Ying Li International Real Estate Ltd,Real Estate,Real Estate Services,,SGD,Interest Coverage,,2.43,4.21,2.43,-2.94,-0.23,-1.21,-2.28,1.32,-0.14,1.14,,
5DM,XSES,Ying Li International Real Estate Ltd,Real Estate,Real Estate Services,,SGD,Financial Leverage,,2.37,2.12,1.92,2.58,2.77,3.26,3.0,3.06,3.26,3.3,,
5DM,XSES,Ying Li International Real Estate Ltd,Real Estate,Real Estate Services,,SGD,Debt/Equity,,0.36,0.54,0.41,0.51,0.87,0.98,0.96,0.42,0.68,0.67,,
5DM,XSES,Ying Li International Real Estate Ltd,Real Estate,Real Estate Services,,SGD,Book Value/Share,,0.4,0.4,0.39,0.25,0.22,0.2,0.14,0.14,0.14,0.12,,
5DM,XSES,Ying Li International Real Estate Ltd,Real Estate,Real Estate Services,,SGD,Cap Ex as a % of Sales,,0.06,0.07,0.06,0.26,0.27,0.1,0.26,0.11,0.2,0.03,,
5DO,XSES,Sakae Holdings Ltd,Consumer Cyclical,Restaurants,,SGD,Current Ratio,,0.43,-,-,0.25,0.32,0.27,0.34,0.28,0.24,0.14,,
5DO,XSES,Sakae Holdings Ltd,Consumer Cyclical,Restaurants,,SGD,Quick Ratio,,0.24,-,-,0.16,0.16,0.11,0.27,0.23,0.20,0.11,,
5DO,XSES,Sakae Holdings Ltd,Consumer Cyclical,Restaurants,,SGD,Interest Coverage,,-11.98,-7.26,0.26,2.97,1.69,1.63,-0.76,-1.81,-,-,,
5DO,XSES,Sakae Holdings Ltd,Consumer Cyclical,Restaurants,,SGD,Financial Leverage,,3.26,-,-,3.09,2.69,2.12,1.99,1.86,1.84,1.91,,
5DO,XSES,Sakae Holdings Ltd,Consumer Cyclical,Restaurants,,SGD,Debt/Equity,,0.01,-,-,-,0.24,0.26,0.24,0.2,0.19,0.22,,
5DO,XSES,Sakae Holdings Ltd,Consumer Cyclical,Restaurants,,SGD,Book Value/Share,,0.27,-,-,0.25,0.21,0.33,0.39,0.42,0.43,0.41,,
5DO,XSES,Sakae Holdings Ltd,Consumer Cyclical,Restaurants,,SGD,Cap Ex as a % of Sales,,3.08,1.61,1.87,1.24,2.46,1.64,3.96,2.3,-,-,,
5DP,XSES,Heeton Holdings Ltd,Consumer Cyclical,Lodging,,SGD,Current Ratio,,0.76,1.41,1.32,1.69,1.19,2.37,1.1,1.24,1.65,0.96,,
5DP,XSES,Heeton Holdings Ltd,Consumer Cyclical,Lodging,,SGD,Quick Ratio,,0.22,0.51,0.9,1.35,0.79,1.74,0.92,1.07,1.38,0.73,,
5DP,XSES,Heeton Holdings Ltd,Consumer Cyclical,Lodging,,SGD,Interest Coverage,,2.44,6.82,2.09,1.7,-0.37,2.64,1.36,0.93,1.13,0.73,,
5DP,XSES,Heeton Holdings Ltd,Consumer Cyclical,Lodging,,SGD,Financial Leverage,,2.13,1.99,2.04,2.45,2.42,2.31,2.25,2.29,2.29,2.38,,
5DP,XSES,Heeton Holdings Ltd,Consumer Cyclical,Lodging,,SGD,Debt/Equity,,0.3,0.48,0.52,0.95,0.91,0.92,0.75,0.72,0.84,0.84,,
5DP,XSES,Heeton Holdings Ltd,Consumer Cyclical,Lodging,,SGD,Book Value/Share,,0.67,0.79,0.87,0.87,0.87,0.9,0.89,0.88,0.86,0.87,,
5DP,XSES,Heeton Holdings Ltd,Consumer Cyclical,Lodging,,SGD,Cap Ex as a % of Sales,,41.54,24.93,190.26,268.81,126.72,27.53,6.5,37.08,51.63,9.51,,
5DS,XSES,Megachem Ltd,Basic Materials,Specialty Chemicals,,SGD,Current Ratio,,2.3,2.06,2.13,2.18,2.19,1.81,1.75,1.67,1.8,1.64,,
5DS,XSES,Megachem Ltd,Basic Materials,Specialty Chemicals,,SGD,Quick Ratio,,1.41,1.23,1.2,1.26,1.32,0.93,0.76,0.86,0.96,0.9,,
5DS,XSES,Megachem Ltd,Basic Materials,Specialty Chemicals,,SGD,Interest Coverage,,7.51,10.78,8.17,5.89,9.18,12.42,6.68,-1.62,5.55,4.02,,
5DS,XSES,Megachem Ltd,Basic Materials,Specialty Chemicals,,SGD,Financial Leverage,,1.74,1.79,1.73,1.74,1.74,1.94,2.0,2.01,1.79,1.88,,
5DS,XSES,Megachem Ltd,Basic Materials,Specialty Chemicals,,SGD,Debt/Equity,,0.07,0.05,0.03,0.07,0.1,0.07,0.06,0.06,0.05,0.15,,
5DS,XSES,Megachem Ltd,Basic Materials,Specialty Chemicals,,SGD,Book Value/Share,,0.31,0.32,0.35,0.36,0.38,0.41,0.44,0.43,0.39,0.44,,
5DS,XSES,Megachem Ltd,Basic Materials,Specialty Chemicals,,SGD,Cap Ex as a % of Sales,,0.51,0.52,0.64,0.4,2.68,2.46,1.16,0.96,2.12,11.44,,
5DX,XSES,Meta Health Ltd,Healthcare,Medical Care Facilities,,SGD,Current Ratio,,1.4,1.13,0.92,0.85,1.44,1.73,1.08,1.13,0.42,0.47,,
5DX,XSES,Meta Health Ltd,Healthcare,Medical Care Facilities,,SGD,Quick Ratio,,1.17,0.83,0.61,0.55,0.65,1.37,0.75,0.52,0.09,0.08,,
5DX,XSES,Meta Health Ltd,Healthcare,Medical Care Facilities,,SGD,Interest Coverage,,-2.72,-19.48,-9.23,1.17,-3.51,18.07,-15.47,-10.30,-6.48,-8.36,,
5DX,XSES,Meta Health Ltd,Healthcare,Medical Care Facilities,,SGD,Financial Leverage,,2.03,2.39,2.74,2.6,2.81,1.94,4.64,-,-,-,,
5DX,XSES,Meta Health Ltd,Healthcare,Medical Care Facilities,,SGD,Debt/Equity,,0.03,0.06,0.08,0.13,0.35,0.24,0.74,-,-,-,,
5DX,XSES,Meta Health Ltd,Healthcare,Medical Care Facilities,,SGD,Book Value/Share,,0.05,0.04,0.04,0.03,0.03,0.02,0.03,0.00,0.00,0.00,,
5DX,XSES,Meta Health Ltd,Healthcare,Medical Care Facilities,,SGD,Cap Ex as a % of Sales,,2.53,4.11,3.92,6.0,1.22,0.86,1.46,8.98,-,0.33,,
5EB,XSES,CFM Holdings Ltd,Industrials,Metal Fabrication,,SGD,Current Ratio,,1.47,1.4,1.65,2.13,2.22,2.19,-,4.06,3.74,3.7,,
5EB,XSES,CFM Holdings Ltd,Industrials,Metal Fabrication,,SGD,Quick Ratio,,0.97,0.95,1.3,1.54,1.53,1.53,0.82,3.39,3.07,2.75,,
5EB,XSES,CFM Holdings Ltd,Industrials,Metal Fabrication,,SGD,Interest Coverage,,-13.02,-6.53,-0.6,2.96,0.19,3.23,11.77,62.26,20.7,1.7,,
5EB,XSES,CFM Holdings Ltd,Industrials,Metal Fabrication,,SGD,Financial Leverage,,2.42,2.43,2.21,2.03,2.24,2.21,2.10,1.39,1.41,1.34,,
5EB,XSES,CFM Holdings Ltd,Industrials,Metal Fabrication,,SGD,Debt/Equity,,0.5,0.54,0.48,0.5,0.75,0.68,0.07,0.11,0.1,0.03,,
5EB,XSES,CFM Holdings Ltd,Industrials,Metal Fabrication,,SGD,Book Value/Share,,0.09,0.07,0.06,0.06,0.05,0.05,0.05,0.1,0.11,0.11,,
5EB,XSES,CFM Holdings Ltd,Industrials,Metal Fabrication,,SGD,Cap Ex as a % of Sales,,3.92,0.94,0.46,1.01,1.38,0.91,0.70,5.59,3.6,5.8,,
5EF,XSES,Adventus Holdings Ltd,Industrials,Conglomerates,,SGD,Current Ratio,,17.14,23.78,0.73,1.28,1.27,1.05,0.53,0.29,0.28,0.27,,
5EF,XSES,Adventus Holdings Ltd,Industrials,Conglomerates,,SGD,Quick Ratio,,13.06,22.89,0.72,0.87,0.98,0.90,0.43,0.2,0.13,0.13,,
5EF,XSES,Adventus Holdings Ltd,Industrials,Conglomerates,,SGD,Interest Coverage,,-18.72,-,-223.13,-509.40,-661.70,0.99,-26.81,-1.29,-1.6,-2.54,,
5EF,XSES,Adventus Holdings Ltd,Industrials,Conglomerates,,SGD,Financial Leverage,,1.12,1.10,2.36,3.82,5.01,5.89,4.90,4.27,5.24,6.33,,
5EF,XSES,Adventus Holdings Ltd,Industrials,Conglomerates,,SGD,Debt/Equity,,0.04,0.00,0.01,1.24,2.32,3.11,2.59,0.08,2.63,3.12,,
5EF,XSES,Adventus Holdings Ltd,Industrials,Conglomerates,,SGD,Book Value/Share,,0.01,0.01,0.01,0.01,0.01,0.01,0.01,0.01,0.0,0.0,,
5EF,XSES,Adventus Holdings Ltd,Industrials,Conglomerates,,SGD,Cap Ex as a % of Sales,,0.09,-,-,-,-,-,-,172.23,32.82,9.62,,
5EG,XSES,Zhongxin Fruit and Juice Ltd,Consumer Defensive,Beverages - Non-Alcoholic,,SGD,Current Ratio,,0.76,0.84,0.92,1.13,1.11,1.14,1.97,1.76,1.79,1.76,,
5EG,XSES,Zhongxin Fruit and Juice Ltd,Consumer Defensive,Beverages - Non-Alcoholic,,SGD,Quick Ratio,,0.45,0.70,0.72,0.95,0.91,0.66,1.51,1.34,0.73,1.51,,
5EG,XSES,Zhongxin Fruit and Juice Ltd,Consumer Defensive,Beverages - Non-Alcoholic,,SGD,Interest Coverage,,1.72,2.60,2.84,2.62,1.94,0.28,13.31,3.11,2.24,8.88,,
5EG,XSES,Zhongxin Fruit and Juice Ltd,Consumer Defensive,Beverages - Non-Alcoholic,,SGD,Financial Leverage,,1.81,1.86,1.90,1.80,2.45,2.39,1.50,1.73,1.74,1.86,,
5EG,XSES,Zhongxin Fruit and Juice Ltd,Consumer Defensive,Beverages - Non-Alcoholic,,SGD,Debt/Equity,,-,-,-,-,-,-,-,-,-,-,,
5EG,XSES,Zhongxin Fruit and Juice Ltd,Consumer Defensive,Beverages - Non-Alcoholic,,SGD,Book Value/Share,,0.01,0.01,-,0.01,0.02,0.02,0.02,0.02,0.02,0.03,,
5EG,XSES,Zhongxin Fruit and Juice Ltd,Consumer Defensive,Beverages - Non-Alcoholic,,SGD,Cap Ex as a % of Sales,,2.27,3.87,5.73,1.98,0.69,2.45,0.90,0.78,1.48,1.06,,
5EV,XSES,Hosen Group Ltd,Consumer Defensive,Food Distribution,,SGD,Current Ratio,,2.22,2.23,2.05,1.52,1.77,1.77,1.88,2.28,2.11,2.35,,
5EV,XSES,Hosen Group Ltd,Consumer Defensive,Food Distribution,,SGD,Quick Ratio,,1.08,0.99,1.06,0.72,0.85,0.92,0.95,1.19,0.96,1.07,,
5EV,XSES,Hosen Group Ltd,Consumer Defensive,Food Distribution,,SGD,Interest Coverage,,3.41,4.11,4.68,-0.84,8.29,10.8,5.6,4.57,8.74,10.52,,
5EV,XSES,Hosen Group Ltd,Consumer Defensive,Food Distribution,,SGD,Financial Leverage,,1.68,1.66,1.72,2.02,1.7,1.75,1.74,1.56,1.65,1.59,,
5EV,XSES,Hosen Group Ltd,Consumer Defensive,Food Distribution,,SGD,Debt/Equity,,0.13,0.12,0.1,0.16,0.1,0.1,0.09,0.09,0.1,0.14,,
5EV,XSES,Hosen Group Ltd,Consumer Defensive,Food Distribution,,SGD,Book Value/Share,,0.08,0.09,0.09,0.09,0.09,0.1,0.1,0.1,0.1,0.11,,
5EV,XSES,Hosen Group Ltd,Consumer Defensive,Food Distribution,,SGD,Cap Ex as a % of Sales,,0.76,1.36,1.36,10.1,0.58,0.54,0.55,0.45,1.26,2.87,,
5EW,XSES,Sevens Atelier Ltd,Industrials,Engineering & Construction,,SGD,Current Ratio,,1.68,2.66,1.73,2.13,1.84,1.64,0.7,0.5,0.47,0.3,,
5EW,XSES,Sevens Atelier Ltd,Industrials,Engineering & Construction,,SGD,Quick Ratio,,1.31,1.83,1.24,1.52,1.54,1.31,0.67,0.49,0.46,0.28,,
5EW,XSES,Sevens Atelier Ltd,Industrials,Engineering & Construction,,SGD,Interest Coverage,,6.45,4.95,-6.04,3.79,1.65,-0.55,-55.0,-110.55,11.54,-259.86,,
5EW,XSES,Sevens Atelier Ltd,Industrials,Engineering & Construction,,SGD,Financial Leverage,,1.98,1.47,1.84,1.79,1.9,1.97,1.67,2.02,1.76,4.45,,
5EW,XSES,Sevens Atelier Ltd,Industrials,Engineering & Construction,,SGD,Debt/Equity,,0.0,0.11,0.18,0.24,0.3,0.23,0.05,0.06,0.03,0.04,,
5EW,XSES,Sevens Atelier Ltd,Industrials,Engineering & Construction,,SGD,Book Value/Share,,0.08,0.08,0.08,0.07,0.07,0.06,0.06,0.05,0.03,0.03,,
5EW,XSES,Sevens Atelier Ltd,Industrials,Engineering & Construction,,SGD,Cap Ex as a % of Sales,,0.84,12.17,11.28,1.7,2.06,1.42,0.34,2.48,1.14,0.01,,
5F4,XSES,Figtree Holdings Ltd,Real Estate,Real Estate - Development,,SGD,Current Ratio,,2.01,2.67,1.99,4.23,2.92,2.35,1.29,1.59,1.46,1.3,,
5F4,XSES,Figtree Holdings Ltd,Real Estate,Real Estate - Development,,SGD,Quick Ratio,,1.38,0.98,0.71,4.19,2.47,1.97,0.94,1.27,1.28,1.13,,
5F4,XSES,Figtree Holdings Ltd,Real Estate,Real Estate - Development,,SGD,Interest Coverage,,5132.08,143.35,-2.80,-1.58,-11.3,-33.31,-18.36,-4.16,-5.85,-5.47,,
5F4,XSES,Figtree Holdings Ltd,Real Estate,Real Estate - Development,,SGD,Financial Leverage,,1.89,1.68,1.65,1.23,1.32,1.38,2.02,1.98,2.01,2.09,,
5F4,XSES,Figtree Holdings Ltd,Real Estate,Real Estate - Development,,SGD,Debt/Equity,,-,-,-,0.0,0.08,0.07,0.06,0.02,0.0,0.0,,
5F4,XSES,Figtree Holdings Ltd,Real Estate,Real Estate - Development,,SGD,Book Value/Share,,0.15,0.15,0.13,0.15,0.14,0.13,0.12,0.08,0.08,0.06,,
5F4,XSES,Figtree Holdings Ltd,Real Estate,Real Estate - Development,,SGD,Cap Ex as a % of Sales,,0.05,1.07,0.86,3.5,0.27,0.13,0.21,0.1,0.03,0.4,,
5F7,XSES,Wilton Resources Corp Ltd,Basic Materials,Gold,,SGD,Current Ratio,11.43,6.11,11.57,4.12,0.25,0.41,0.33,0.34,0.28,0.05,,,
5F7,XSES,Wilton Resources Corp Ltd,Basic Materials,Gold,,SGD,Quick Ratio,10.95,5.23,10.98,3.42,0.15,0.06,0.11,0.13,0.04,0.01,,,
5F7,XSES,Wilton Resources Corp Ltd,Basic Materials,Gold,,SGD,Interest Coverage,-,-,-,-4.2,-3.28,-2.61,7.24,-1.05,0.64,-4.56,,,
5F7,XSES,Wilton Resources Corp Ltd,Basic Materials,Gold,,SGD,Financial Leverage,1.04,1.05,1.03,1.69,4.95,3.33,2.62,3.4,2.37,10.11,,,
5F7,XSES,Wilton Resources Corp Ltd,Basic Materials,Gold,,SGD,Debt/Equity,-,-,-,0.55,2.31,1.62,0.93,1.67,1.03,0.02,,,
5F7,XSES,Wilton Resources Corp Ltd,Basic Materials,Gold,,SGD,Book Value/Share,0.01,0.01,0.02,0.01,0.01,0.01,0.0,0.01,0.0,0.01,,,
5F7,XSES,Wilton Resources Corp Ltd,Basic Materials,Gold,,SGD,Cap Ex as a % of Sales,-,-,-,659.8,4124.5,631.48,865.5,792.88,415.06,62.71,,,
5FW,XSES,Acesian Partners Ltd,Industrials,Specialty Industrial Machinery,,SGD,Current Ratio,,1.79,1.94,1.91,1.57,1.55,1.59,2.1,4.5,13.64,8.42,,
5FW,XSES,Acesian Partners Ltd,Industrials,Specialty Industrial Machinery,,SGD,Quick Ratio,,1.68,1.59,1.6,0.93,1.05,1.14,1.74,3.79,11.25,6.99,,
5FW,XSES,Acesian Partners Ltd,Industrials,Specialty Industrial Machinery,,SGD,Interest Coverage,,-14.52,-,72.11,-117.4,2.19,48.04,330.63,284.86,11.38,-30.36,,
5FW,XSES,Acesian Partners Ltd,Industrials,Specialty Industrial Machinery,,SGD,Financial Leverage,,2.19,1.96,2.0,2.34,2.33,2.35,1.83,1.32,1.14,1.21,,
5FW,XSES,Acesian Partners Ltd,Industrials,Specialty Industrial Machinery,,SGD,Debt/Equity,,0.0,-,0.02,0.11,0.1,0.07,0.01,0.04,0.05,0.08,,
5FW,XSES,Acesian Partners Ltd,Industrials,Specialty Industrial Machinery,,SGD,Book Value/Share,,0.04,0.03,0.03,0.03,0.01,0.01,0.02,0.04,0.05,0.04,,
5FW,XSES,Acesian Partners Ltd,Industrials,Specialty Industrial Machinery,,SGD,Cap Ex as a % of Sales,,0.63,2.63,3.78,2.17,3.0,1.48,0.77,0.45,3.14,7.08,,
5FX,XSES,New Wave Holdings Ltd,Basic Materials,Aluminum,,SGD,Current Ratio,,4.06,3.89,3.4,2.62,2.56,2.74,2.17,2.01,1.59,1.3,,
5FX,XSES,New Wave Holdings Ltd,Basic Materials,Aluminum,,SGD,Quick Ratio,,1.62,2.25,1.54,0.87,0.87,1.33,0.86,0.55,0.47,0.49,,
5FX,XSES,New Wave Holdings Ltd,Basic Materials,Aluminum,,SGD,Interest Coverage,,-6.96,-8.87,12.05,-5.71,-12.43,-2.0,8.89,0.03,-11.5,-4.67,,
5FX,XSES,New Wave Holdings Ltd,Basic Materials,Aluminum,,SGD,Financial Leverage,,1.3,1.3,1.32,1.39,1.45,1.68,1.79,1.75,1.85,2.2,,
5FX,XSES,New Wave Holdings Ltd,Basic Materials,Aluminum,,SGD,Debt/Equity,,0.05,0.06,0.05,0.05,0.11,0.26,0.18,0.13,0.09,0.07,,
5FX,XSES,New Wave Holdings Ltd,Basic Materials,Aluminum,,SGD,Book Value/Share,,0.01,0.01,0.01,0.01,0.01,0.01,0.01,0.01,0.01,0.01,,
5FX,XSES,New Wave Holdings Ltd,Basic Materials,Aluminum,,SGD,Cap Ex as a % of Sales,,0.73,0.94,0.59,0.9,0.29,0.11,0.36,0.29,0.53,0.25,,
5G1,XSES,EuroSports Global Ltd,Consumer Cyclical,Auto & Truck Dealerships,,SGD,Current Ratio,,1.37,1.13,1.1,1.16,1.38,1.83,1.52,1.59,0.94,0.99,,
5G1,XSES,EuroSports Global Ltd,Consumer Cyclical,Auto & Truck Dealerships,,SGD,Quick Ratio,,0.27,0.19,0.17,0.3,0.47,1.01,0.68,0.64,0.27,0.29,,
5G1,XSES,EuroSports Global Ltd,Consumer Cyclical,Auto & Truck Dealerships,,SGD,Interest Coverage,,-3.2,-4.02,-3.42,1.62,2.75,-4.71,-4.74,-12.56,-18.78,-4.67,,
5G1,XSES,EuroSports Global Ltd,Consumer Cyclical,Auto & Truck Dealerships,,SGD,Financial Leverage,,4.43,5.86,7.59,7.51,4.68,2.76,2.83,2.66,6.63,115.23,,
5G1,XSES,EuroSports Global Ltd,Consumer Cyclical,Auto & Truck Dealerships,,SGD,Debt/Equity,,0.58,1.1,0.5,0.93,1.24,0.46,0.17,0.26,0.59,33.81,,
5G1,XSES,EuroSports Global Ltd,Consumer Cyclical,Auto & Truck Dealerships,,SGD,Book Value/Share,,0.09,0.06,0.05,0.02,0.03,0.03,0.05,0.06,0.04,0.01,,
5G1,XSES,EuroSports Global Ltd,Consumer Cyclical,Auto & Truck Dealerships,,SGD,Cap Ex as a % of Sales,,4.71,0.89,4.52,1.68,3.13,3.68,5.56,5.09,18.0,4.39,,
5G2,XSES,Kim Heng Ltd,Energy,Oil & Gas Equipment & Services,,SGD,Current Ratio,,1.6,1.2,0.71,1.22,0.9,0.75,0.94,1.07,0.82,0.68,,
5G2,XSES,Kim Heng Ltd,Energy,Oil & Gas Equipment & Services,,SGD,Quick Ratio,,1.32,0.63,0.52,0.44,0.63,0.6,0.61,0.52,0.42,0.31,,
5G2,XSES,Kim Heng Ltd,Energy,Oil & Gas Equipment & Services,,SGD,Interest Coverage,,-19.79,-15.31,-7.7,-2.31,-3.88,-0.98,5.61,2.95,2.22,-0.76,,
5G2,XSES,Kim Heng Ltd,Energy,Oil & Gas Equipment & Services,,SGD,Financial Leverage,,1.5,1.5,1.99,1.9,2.21,2.64,2.7,2.99,3.58,4.09,,
5G2,XSES,Kim Heng Ltd,Energy,Oil & Gas Equipment & Services,,SGD,Debt/Equity,,0.19,0.22,0.37,0.22,0.62,0.8,0.55,0.59,0.46,0.61,,
5G2,XSES,Kim Heng Ltd,Energy,Oil & Gas Equipment & Services,,SGD,Book Value/Share,,0.12,0.12,0.1,0.08,0.08,0.07,0.08,0.08,0.08,0.07,,
5G2,XSES,Kim Heng Ltd,Energy,Oil & Gas Equipment & Services,,SGD,Cap Ex as a % of Sales,,16.67,48.07,10.38,2.77,29.3,13.95,15.58,11.31,9.44,15.45,,
5G9,XSES,Tritech Group Ltd,Industrials,Engineering & Construction,,SGD,Current Ratio,,1.3,1.19,1.08,0.88,0.93,1.04,0.99,0.9,0.9,0.83,,
5G9,XSES,Tritech Group Ltd,Industrials,Engineering & Construction,,SGD,Quick Ratio,,1.14,0.8,1.0,0.65,0.87,0.94,0.85,0.75,0.62,0.7,,
5G9,XSES,Tritech Group Ltd,Industrials,Engineering & Construction,,SGD,Interest Coverage,,-4.17,-2.08,-4.39,-1.54,-10.89,-4.37,0.01,-16.1,-2.72,1.04,,
5G9,XSES,Tritech Group Ltd,Industrials,Engineering & Construction,,SGD,Financial Leverage,,2.23,2.66,2.36,4.04,2.56,3.17,4.13,8.45,14.49,11.39,,
5G9,XSES,Tritech Group Ltd,Industrials,Engineering & Construction,,SGD,Debt/Equity,,0.19,0.06,0.09,0.05,0.43,0.74,0.6,2.09,3.82,2.88,,
5G9,XSES,Tritech Group Ltd,Industrials,Engineering & Construction,,SGD,Book Value/Share,,0.11,0.08,0.07,0.05,0.04,0.02,0.01,0.01,0.0,0.0,,
5G9,XSES,Tritech Group Ltd,Industrials,Engineering & Construction,,SGD,Cap Ex as a % of Sales,,6.79,7.14,1.0,4.98,18.46,8.27,5.83,4.84,5.54,1.29,,
5GD,XSES,Sunpower Group Ltd,Utilities,Utilities - Independent Power Producers,,SGD,Current Ratio,,1.16,1.29,0.97,1.01,1.13,0.93,0.65,1.03,0.77,0.95,,
5GD,XSES,Sunpower Group Ltd,Utilities,Utilities - Independent Power Producers,,SGD,Quick Ratio,,0.97,1.1,0.77,0.8,0.88,0.8,0.55,0.91,0.66,0.8,,
5GD,XSES,Sunpower Group Ltd,Utilities,Utilities - Independent Power Producers,,SGD,Interest Coverage,,8.14,2.94,3.69,2.07,1.34,5.5,2.0,2.23,2.26,4.14,,
5GD,XSES,Sunpower Group Ltd,Utilities,Utilities - Independent Power Producers,,SGD,Financial Leverage,,2.49,3.96,4.17,4.39,4.96,4.16,4.43,4.01,4.12,3.39,,
5GD,XSES,Sunpower Group Ltd,Utilities,Utilities - Independent Power Producers,,SGD,Debt/Equity,,0.14,0.99,0.99,1.27,1.86,1.93,1.4,1.67,1.0,0.94,,
5GD,XSES,Sunpower Group Ltd,Utilities,Utilities - Independent Power Producers,,SGD,Book Value/Share,,0.3,0.34,0.34,0.4,0.51,0.39,0.42,0.43,0.47,0.5,,
5GD,XSES,Sunpower Group Ltd,Utilities,Utilities - Independent Power Producers,,SGD,Cap Ex as a % of Sales,,39.05,29.26,10.23,17.43,13.97,33.18,15.55,11.52,4.6,3.86,,
5GI,XSES,Interra Resources Ltd,Energy,Oil & Gas E&P,,SGD,Current Ratio,,1.48,1.07,1.25,1.03,1.13,1.3,2.85,3.4,4.6,4.55,,
5GI,XSES,Interra Resources Ltd,Energy,Oil & Gas E&P,,SGD,Quick Ratio,,0.65,0.70,0.89,0.57,0.74,0.96,2.33,2.89,3.92,3.87,,
5GI,XSES,Interra Resources Ltd,Energy,Oil & Gas E&P,,SGD,Interest Coverage,,-93.38,10.29,3.57,1.33,-5.45,25.05,106.33,22.33,45.81,-207.35,,
5GI,XSES,Interra Resources Ltd,Energy,Oil & Gas E&P,,SGD,Financial Leverage,,2.42,2.46,1.47,1.51,1.48,1.49,1.39,1.22,1.17,1.18,,
5GI,XSES,Interra Resources Ltd,Energy,Oil & Gas E&P,,SGD,Debt/Equity,,-,-,-,0.0,0.0,0.0,0.01,0.0,0.0,0.00,,
5GI,XSES,Interra Resources Ltd,Energy,Oil & Gas E&P,,SGD,Book Value/Share,,0.08,0.06,0.06,0.06,0.06,0.06,0.07,0.08,0.1,-,,
5GI,XSES,Interra Resources Ltd,Energy,Oil & Gas E&P,,SGD,Cap Ex as a % of Sales,,2.18,29.42,56.99,43.05,21.79,19.99,11.06,21.14,6.61,2.07,,
5GZ,XSES,HGH Holdings Ltd,Industrials,Electrical Equipment & Parts,,SGD,Current Ratio,,1.55,1.05,1.33,1.4,2.07,2.07,1.87,2.68,1.51,1.38,,
5GZ,XSES,HGH Holdings Ltd,Industrials,Electrical Equipment & Parts,,SGD,Quick Ratio,,1.24,0.4,1.29,1.34,1.89,1.86,1.75,2.48,1.38,1.34,,
5GZ,XSES,HGH Holdings Ltd,Industrials,Electrical Equipment & Parts,,SGD,Interest Coverage,,-1.52,272.91,-4.06,-16.62,-25.59,-16.48,-9.58,-2.84,-0.19,17.29,,
5GZ,XSES,HGH Holdings Ltd,Industrials,Electrical Equipment & Parts,,SGD,Financial Leverage,,1.93,1.9,1.43,1.44,1.38,1.42,1.43,1.39,1.5,1.77,,
5GZ,XSES,HGH Holdings Ltd,Industrials,Electrical Equipment & Parts,,SGD,Debt/Equity,,0.11,0.03,0.01,0.11,0.11,0.11,0.12,0.11,0.15,0.16,,
5GZ,XSES,HGH Holdings Ltd,Industrials,Electrical Equipment & Parts,,SGD,Book Value/Share,,0.01,0.04,0.03,0.03,0.03,0.03,0.03,0.03,0.03,0.03,,
5GZ,XSES,HGH Holdings Ltd,Industrials,Electrical Equipment & Parts,,SGD,Cap Ex as a % of Sales,,3.14,19.63,1.29,0.04,0.84,1.86,7.93,2.06,28.39,4.68,,
5HG,XSES,,,,,SGD,Current Ratio,,39.80,35.77,33.26,12.16,14.88,2.96,1.06,0.46,0.29,0.21,,
5HG,XSES,,,,,SGD,Quick Ratio,,39.35,33.20,30.2,10.98,14.63,2.86,0.62,0.26,0.10,0.06,,
5HG,XSES,,,,,SGD,Interest Coverage,,-,-,-3220.0,-463.77,-366.56,-232.07,-218.62,-36.73,-45.69,-23.87,,
5HG,XSES,,,,,SGD,Financial Leverage,,1.00,0.99,1.02,1.09,1.06,1.32,1.55,8.96,-,-,,
5HG,XSES,,,,,SGD,Debt/Equity,,-,-,0.0,0.01,0.0,0.07,0.08,0.39,-,-,,
5HG,XSES,,,,,SGD,Book Value/Share,,0.01,0.01,0.01,0.01,0.01,0.01,0.0,0.0,0.00,0.00,,
5HG,XSES,,,,,SGD,Cap Ex as a % of Sales,,1080.15,200.56,2482.61,573.87,274.75,1868.72,1373.68,382.84,38.37,29.86,,
5HH,XSES,Prospera Global Ltd,Consumer Cyclical,Lodging,,SGD,Current Ratio,,1.27,0.69,0.81,7.7,4.86,2.48,5.09,1.58,1.79,21.41,,
5HH,XSES,Prospera Global Ltd,Consumer Cyclical,Lodging,,SGD,Quick Ratio,,0.93,0.53,0.72,5.33,4.62,1.75,2.95,0.27,1.63,19.43,,
5HH,XSES,Prospera Global Ltd,Consumer Cyclical,Lodging,,SGD,Interest Coverage,,2.53,-227.0,-422.63,-220.47,-291.88,-403.4,-291.17,-248.67,-138.50,-560.00,,
5HH,XSES,Prospera Global Ltd,Consumer Cyclical,Lodging,,SGD,Financial Leverage,,1.71,1.68,1.95,1.17,1.15,1.29,1.17,1.58,1.40,1.04,,
5HH,XSES,Prospera Global Ltd,Consumer Cyclical,Lodging,,SGD,Debt/Equity,,0.01,0.01,0.01,0.04,-,0.05,-,0.09,-,-,,
5HH,XSES,Prospera Global Ltd,Consumer Cyclical,Lodging,,SGD,Book Value/Share,,0.15,0.13,0.08,0.06,0.04,0.02,0.02,0.01,0.00,0.00,,
5HH,XSES,Prospera Global Ltd,Consumer Cyclical,Lodging,,SGD,Cap Ex as a % of Sales,,6.2,98.52,0.57,0.73,2.03,2.26,1.81,0.3,0.65,0.82,,
5HV,XSES,Koh Brothers Eco Engineering Ltd,Industrials,Engineering & Construction,,SGD,Current Ratio,,1.05,1.11,1.23,1.3,1.46,1.91,1.66,1.47,1.35,1.22,,
5HV,XSES,Koh Brothers Eco Engineering Ltd,Industrials,Engineering & Construction,,SGD,Quick Ratio,,1.05,1.1,1.18,1.25,1.38,1.85,1.61,1.43,1.29,1.18,,
5HV,XSES,Koh Brothers Eco Engineering Ltd,Industrials,Engineering & Construction,,SGD,Interest Coverage,,27.49,16.82,7.66,3.95,-3.72,3.38,3.64,-3.05,-3.07,8.57,,
5HV,XSES,Koh Brothers Eco Engineering Ltd,Industrials,Engineering & Construction,,SGD,Financial Leverage,,5.19,3.53,2.77,3.01,2.68,1.98,2.0,2.21,2.33,2.62,,
5HV,XSES,Koh Brothers Eco Engineering Ltd,Industrials,Engineering & Construction,,SGD,Debt/Equity,,0.06,0.04,0.02,0.24,0.22,0.09,0.05,0.03,0.01,0.02,,
5HV,XSES,Koh Brothers Eco Engineering Ltd,Industrials,Engineering & Construction,,SGD,Book Value/Share,,0.02,0.04,0.06,0.06,0.05,0.05,0.05,0.05,0.04,0.04,,
5HV,XSES,Koh Brothers Eco Engineering Ltd,Industrials,Engineering & Construction,,SGD,Cap Ex as a % of Sales,,1.99,1.47,4.97,7.26,0.28,0.78,1.18,0.55,0.36,0.6,,
5I1,XSES,KOP Ltd,Real Estate,Real Estate - Development,,SGD,Current Ratio,,1.05,1.5,1.02,8.41,2.25,2.02,1.88,1.12,1.19,1.67,,
5I1,XSES,KOP Ltd,Real Estate,Real Estate - Development,,SGD,Quick Ratio,,0.44,0.88,0.53,0.45,0.08,0.05,0.11,0.31,0.21,1.38,,
5I1,XSES,KOP Ltd,Real Estate,Real Estate - Development,,SGD,Interest Coverage,,1.32,5.26,-1.04,-0.77,0.31,-1.1,-0.95,-2.88,1.07,4.27,,
5I1,XSES,KOP Ltd,Real Estate,Real Estate - Development,,SGD,Financial Leverage,,2.15,1.67,1.66,2.14,2.25,2.36,2.52,2.59,1.76,1.22,,
5I1,XSES,KOP Ltd,Real Estate,Real Estate - Development,,SGD,Debt/Equity,,0.21,0.21,0.1,0.96,0.72,0.76,0.84,0.07,0.02,0.0,,
5I1,XSES,KOP Ltd,Real Estate,Real Estate - Development,,SGD,Book Value/Share,,0.11,0.11,0.1,0.13,0.11,0.11,0.1,0.07,0.07,0.06,,
5I1,XSES,KOP Ltd,Real Estate,Real Estate - Development,,SGD,Cap Ex as a % of Sales,,10.58,18.3,10.03,24.98,10.46,9.72,3.97,21.15,2.66,2.32,,
5IC,XSES,SING Holdings Ltd,Real Estate,Real Estate Services,,SGD,Current Ratio,,23.32,24.4,9.47,3.57,2.62,3.95,5.74,4.7,1.44,16.38,,
5IC,XSES,SING Holdings Ltd,Real Estate,Real Estate Services,,SGD,Quick Ratio,,4.5,1.74,2.33,1.81,1.4,1.54,1.28,0.61,0.16,1.63,,
5IC,XSES,SING Holdings Ltd,Real Estate,Real Estate Services,,SGD,Interest Coverage,,251.37,3.22,3.17,19.72,24.3,9.95,13.98,453.3,628.61,212.48,,
5IC,XSES,SING Holdings Ltd,Real Estate,Real Estate Services,,SGD,Financial Leverage,,2.0,2.29,2.14,1.67,1.78,2.85,2.34,2.43,2.75,3.8,,
5IC,XSES,SING Holdings Ltd,Real Estate,Real Estate Services,,SGD,Debt/Equity,,0.88,1.19,0.9,0.11,0.0,0.95,0.94,0.93,-,2.53,,
5IC,XSES,SING Holdings Ltd,Real Estate,Real Estate Services,,SGD,Book Value/Share,,0.51,0.51,0.51,0.56,0.59,0.62,0.63,0.62,0.63,0.63,,
5IC,XSES,SING Holdings Ltd,Real Estate,Real Estate Services,,SGD,Cap Ex as a % of Sales,,0.0,274.24,0.01,-,0.0,0.0,6.62,11.4,2.83,0.05,,
5IF,XSES,Natural Cool Holdings Ltd,Industrials,Building Products & Equipment,,SGD,Current Ratio,,1.44,1.18,1.18,0.97,1.08,1.07,1.05,1.04,1.01,1.02,,
5IF,XSES,Natural Cool Holdings Ltd,Industrials,Building Products & Equipment,,SGD,Quick Ratio,,1.12,0.71,0.83,0.74,0.85,0.87,0.81,0.81,0.81,0.86,,
5IF,XSES,Natural Cool Holdings Ltd,Industrials,Building Products & Equipment,,SGD,Interest Coverage,,-17.92,-15.47,1.16,-0.54,1.99,-3.83,2.19,1.57,1.52,2.7,,
5IF,XSES,Natural Cool Holdings Ltd,Industrials,Building Products & Equipment,,SGD,Financial Leverage,,3.09,4.13,3.88,6.0,5.05,7.42,6.16,5.56,5.11,5.03,,
5IF,XSES,Natural Cool Holdings Ltd,Industrials,Building Products & Equipment,,SGD,Debt/Equity,,0.47,0.94,0.92,2.53,2.33,3.4,2.1,1.78,1.38,1.49,,
5IF,XSES,Natural Cool Holdings Ltd,Industrials,Building Products & Equipment,,SGD,Book Value/Share,,0.14,0.1,0.08,0.09,0.08,0.08,0.07,0.06,0.07,0.06,,
5IF,XSES,Natural Cool Holdings Ltd,Industrials,Building Products & Equipment,,SGD,Cap Ex as a % of Sales,,1.99,16.84,2.91,1.21,0.98,2.46,1.92,0.29,0.49,0.25,,
5IG,XSES,Gallant Venture Ltd,Utilities,Utilities - Diversified,,SGD,Current Ratio,,1.57,1.27,1.12,1.06,1.57,5.03,4.28,3.53,3.92,1.09,,
5IG,XSES,Gallant Venture Ltd,Utilities,Utilities - Diversified,,SGD,Quick Ratio,,0.66,0.45,0.36,0.38,0.35,1.14,0.95,0.63,0.78,0.22,,
5IG,XSES,Gallant Venture Ltd,Utilities,Utilities - Diversified,,SGD,Interest Coverage,,1.48,0.01,0.64,-0.18,-1.24,-1.27,1.06,1.06,0.18,1.62,,
5IG,XSES,Gallant Venture Ltd,Utilities,Utilities - Diversified,,SGD,Financial Leverage,,3.07,3.12,3.65,4.47,1.71,1.73,1.83,1.89,2.16,3.28,,
5IG,XSES,Gallant Venture Ltd,Utilities,Utilities - Diversified,,SGD,Debt/Equity,,0.82,0.67,0.83,1.28,0.01,0.45,0.45,0.43,0.68,0.01,,
5IG,XSES,Gallant Venture Ltd,Utilities,Utilities - Diversified,,SGD,Book Value/Share,,0.33,0.26,0.26,0.25,0.16,0.15,0.14,0.14,0.13,0.12,,
5IG,XSES,Gallant Venture Ltd,Utilities,Utilities - Diversified,,SGD,Cap Ex as a % of Sales,,7.87,7.21,12.17,22.34,29.25,10.7,7.28,26.28,21.5,78.88,,
5JK,XSES,Hiap Hoe Ltd,Consumer Cyclical,Lodging,,SGD,Current Ratio,,0.9,0.63,0.9,0.52,0.61,0.94,0.88,1.5,2.37,2.28,,
5JK,XSES,Hiap Hoe Ltd,Consumer Cyclical,Lodging,,SGD,Quick Ratio,,0.33,0.36,0.84,0.5,0.59,0.9,0.78,1.17,2.11,1.78,,
5JK,XSES,Hiap Hoe Ltd,Consumer Cyclical,Lodging,,SGD,Interest Coverage,,6.02,12.29,0.74,2.24,-1.95,3.44,-0.19,1.16,1.45,2.38,,
5JK,XSES,Hiap Hoe Ltd,Consumer Cyclical,Lodging,,SGD,Financial Leverage,,1.77,1.92,2.05,2.12,2.16,2.16,2.19,2.21,2.22,2.29,,
5JK,XSES,Hiap Hoe Ltd,Consumer Cyclical,Lodging,,SGD,Debt/Equity,,0.08,0.12,0.4,0.16,0.34,0.53,0.5,0.66,0.83,0.82,,
5JK,XSES,Hiap Hoe Ltd,Consumer Cyclical,Lodging,,SGD,Book Value/Share,,1.46,1.54,1.65,1.6,1.59,1.58,1.58,1.52,1.53,1.52,,
5JK,XSES,Hiap Hoe Ltd,Consumer Cyclical,Lodging,,SGD,Cap Ex as a % of Sales,,37.33,4.1,6.52,2.03,1.89,1.42,1.96,22.08,27.73,1.61,,
5JS,XSES,Indofood Agri Resources Ltd,Consumer Defensive,Packaged Foods,,SGD,Current Ratio,,1.45,1.16,0.79,0.74,0.85,0.96,1.07,1.04,1.5,1.27,,
5JS,XSES,Indofood Agri Resources Ltd,Consumer Defensive,Packaged Foods,,SGD,Quick Ratio,,0.76,0.65,0.4,0.34,0.41,0.53,0.58,0.63,0.8,0.83,,
5JS,XSES,Indofood Agri Resources Ltd,Consumer Defensive,Packaged Foods,,SGD,Interest Coverage,,3.6,2.8,0.93,0.69,2.1,4.63,4.89,3.58,6.46,7.35,,
5JS,XSES,Indofood Agri Resources Ltd,Consumer Defensive,Packaged Foods,,SGD,Financial Leverage,,3.08,3.09,3.18,3.33,3.31,3.26,2.97,2.74,2.74,2.77,,
5JS,XSES,Indofood Agri Resources Ltd,Consumer Defensive,Packaged Foods,,SGD,Debt/Equity,,0.64,0.5,0.36,0.41,0.42,0.27,0.18,0.07,0.12,0.03,,
5JS,XSES,Indofood Agri Resources Ltd,Consumer Defensive,Packaged Foods,,SGD,Book Value/Share,,0.89,0.86,0.8,0.78,0.7,0.75,0.74,0.78,0.81,0.8,,
5JS,XSES,Indofood Agri Resources Ltd,Consumer Defensive,Packaged Foods,,SGD,Cap Ex as a % of Sales,,9.75,7.87,11.48,14.19,9.85,6.58,8.16,7.91,9.76,7.58,,
5KI,XSES,Soup Holdings Ltd,Consumer Cyclical,Restaurants,,SGD,Current Ratio,,2.02,2.39,2.41,1.06,1.34,1.52,1.56,1.25,1.01,0.91,,
5KI,XSES,Soup Holdings Ltd,Consumer Cyclical,Restaurants,,SGD,Quick Ratio,,1.93,1.84,1.94,0.81,1.15,1.33,1.39,1.11,0.87,0.7,,
5KI,XSES,Soup Holdings Ltd,Consumer Cyclical,Restaurants,,SGD,Interest Coverage,,3989.2,1528.14,2380.51,2.86,3.15,3.9,5.51,4.2,-4.27,-1.31,,
5KI,XSES,Soup Holdings Ltd,Consumer Cyclical,Restaurants,,SGD,Financial Leverage,,1.65,1.5,1.54,2.94,2.49,2.16,2.4,2.7,3.17,3.33,,
5KI,XSES,Soup Holdings Ltd,Consumer Cyclical,Restaurants,,SGD,Debt/Equity,,0.0,0.0,0.0,0.72,0.46,0.26,0.47,0.62,0.72,0.78,,
5KI,XSES,Soup Holdings Ltd,Consumer Cyclical,Restaurants,,SGD,Book Value/Share,,0.03,0.03,0.04,0.04,0.03,0.04,0.04,0.04,0.04,0.03,,
5KI,XSES,Soup Holdings Ltd,Consumer Cyclical,Restaurants,,SGD,Cap Ex as a % of Sales,,2.99,3.94,2.32,3.85,0.38,1.19,0.83,3.46,5.62,3.1,,
5LE,XSES,Sitra Holdings (International) Ltd,Consumer Cyclical,"Furnishings, Fixtures & Appliances",,SGD,Current Ratio,,4.69,3.92,2.49,2.68,1.66,2.43,2.62,2.52,1.49,1.06,,
5LE,XSES,Sitra Holdings (International) Ltd,Consumer Cyclical,"Furnishings, Fixtures & Appliances",,SGD,Quick Ratio,,3.79,3.23,1.86,2.19,1.14,1.4,1.16,0.79,0.49,0.40,,
5LE,XSES,Sitra Holdings (International) Ltd,Consumer Cyclical,"Furnishings, Fixtures & Appliances",,SGD,Interest Coverage,,11.22,-116.74,-48.65,-9.88,-102.91,0.19,-71.75,-11.64,-5.22,-6.04,,
5LE,XSES,Sitra Holdings (International) Ltd,Consumer Cyclical,"Furnishings, Fixtures & Appliances",,SGD,Financial Leverage,,1.2,1.29,1.54,1.55,2.1,1.66,1.46,1.53,1.58,1.76,,
5LE,XSES,Sitra Holdings (International) Ltd,Consumer Cyclical,"Furnishings, Fixtures & Appliances",,SGD,Debt/Equity,,0.0,0.0,0.0,0.01,0.14,0.03,0.0,0.02,0.0,-,,
5LE,XSES,Sitra Holdings (International) Ltd,Consumer Cyclical,"Furnishings, Fixtures & Appliances",,SGD,Book Value/Share,,0.02,0.02,0.02,0.01,0.01,0.01,0.01,0.01,0.01,0.00,,
5LE,XSES,Sitra Holdings (International) Ltd,Consumer Cyclical,"Furnishings, Fixtures & Appliances",,SGD,Cap Ex as a % of Sales,,0.12,0.02,0.08,0.07,0.06,0.1,0.07,0.22,0.06,0.03,,
5LY,XSES,Marco Polo Marine Ltd,Industrials,Marine Shipping,,SGD,Current Ratio,,0.83,0.11,2.61,2.54,2.5,3.67,2.61,3.32,1.96,2.47,,
5LY,XSES,Marco Polo Marine Ltd,Industrials,Marine Shipping,,SGD,Quick Ratio,,0.5,0.04,2.36,2.32,2.29,3.51,2.39,2.49,1.63,2.04,,
5LY,XSES,Marco Polo Marine Ltd,Industrials,Marine Shipping,,SGD,Interest Coverage,,-2.08,-29.55,60.15,-405.89,-249.14,113.27,181.25,100.58,16.77,66.07,,
5LY,XSES,Marco Polo Marine Ltd,Industrials,Marine Shipping,,SGD,Financial Leverage,,2.83,-,1.1,1.14,1.14,1.22,1.35,1.36,1.48,1.46,,
5LY,XSES,Marco Polo Marine Ltd,Industrials,Marine Shipping,,SGD,Debt/Equity,,0.84,-,0.0,0.0,0.0,0.03,0.02,0.04,0.07,0.16,,
5LY,XSES,Marco Polo Marine Ltd,Industrials,Marine Shipping,,SGD,Book Value/Share,,0.5,-,0.03,0.03,0.03,0.03,0.04,0.04,0.05,0.05,,
5LY,XSES,Marco Polo Marine Ltd,Industrials,Marine Shipping,,SGD,Cap Ex as a % of Sales,,89.92,0.02,5.34,14.13,22.58,4.83,5.33,25.47,50.07,57.23,,
5MD,XSES,Soon Lian Holdings Ltd,Basic Materials,Aluminum,,SGD,Current Ratio,,1.92,1.86,2.29,2.91,3.91,3.04,2.01,2.53,2.45,2.34,,
5MD,XSES,Soon Lian Holdings Ltd,Basic Materials,Aluminum,,SGD,Quick Ratio,,0.78,1.19,0.81,1.07,1.78,1.32,0.56,1.15,1.14,0.97,,
5MD,XSES,Soon Lian Holdings Ltd,Basic Materials,Aluminum,,SGD,Interest Coverage,,-1.39,3.06,0.8,2.13,2.1,22.0,14.66,-3.01,12.02,11.36,,
5MD,XSES,Soon Lian Holdings Ltd,Basic Materials,Aluminum,,SGD,Financial Leverage,,2.13,2.23,1.92,1.66,1.67,1.66,2.07,1.72,1.68,1.75,,
5MD,XSES,Soon Lian Holdings Ltd,Basic Materials,Aluminum,,SGD,Debt/Equity,,-,0.09,0.25,0.22,0.34,0.2,0.17,0.17,0.11,0.13,,
5MD,XSES,Soon Lian Holdings Ltd,Basic Materials,Aluminum,,SGD,Book Value/Share,,0.27,0.26,0.27,0.27,0.27,0.3,0.4,-,0.37,0.42,,
5MD,XSES,Soon Lian Holdings Ltd,Basic Materials,Aluminum,,SGD,Cap Ex as a % of Sales,,0.70,1.64,27.08,3.3,0.62,0.65,0.95,1.38,2.38,1.07,,
5ML,XSES,Old Chang Kee Ltd,Consumer Cyclical,Restaurants,,SGD,Current Ratio,,2.12,1.27,1.29,1.49,0.89,1.3,1.52,1.71,1.82,2.25,,
5ML,XSES,Old Chang Kee Ltd,Consumer Cyclical,Restaurants,,SGD,Quick Ratio,,1.79,0.98,1.02,1.27,0.63,1.07,1.26,1.46,1.6,2.03,,
5ML,XSES,Old Chang Kee Ltd,Consumer Cyclical,Restaurants,,SGD,Interest Coverage,,31.63,14.89,18.14,17.45,2.79,15.63,11.48,11.86,12.49,11.94,,
5ML,XSES,Old Chang Kee Ltd,Consumer Cyclical,Restaurants,,SGD,Financial Leverage,,1.57,1.85,1.84,1.79,2.57,2.25,2.02,1.94,1.91,1.68,,
5ML,XSES,Old Chang Kee Ltd,Consumer Cyclical,Restaurants,,SGD,Debt/Equity,,0.21,0.23,0.34,0.29,0.65,0.5,0.4,0.35,0.32,0.2,,
5ML,XSES,Old Chang Kee Ltd,Consumer Cyclical,Restaurants,,SGD,Book Value/Share,,0.28,0.26,0.22,0.23,0.23,0.27,0.3,0.32,0.36,0.44,,
5ML,XSES,Old Chang Kee Ltd,Consumer Cyclical,Restaurants,,SGD,Cap Ex as a % of Sales,,9.68,10.59,9.97,2.39,2.66,1.69,1.68,1.48,1.61,1.8,,
5MZ,XSES,Kingsmen Creatives Ltd,Industrials,Consulting Services,,SGD,Current Ratio,,1.58,1.59,1.49,1.38,1.48,1.59,1.49,1.48,1.55,1.57,,
5MZ,XSES,Kingsmen Creatives Ltd,Industrials,Consulting Services,,SGD,Quick Ratio,,1.53,1.54,1.43,1.32,1.41,1.52,1.42,1.44,1.51,1.54,,
5MZ,XSES,Kingsmen Creatives Ltd,Industrials,Consulting Services,,SGD,Interest Coverage,,25.16,20.08,14.89,2.44,-6.84,2.18,6.66,3.26,15.46,27.08,,
5MZ,XSES,Kingsmen Creatives Ltd,Industrials,Consulting Services,,SGD,Financial Leverage,,2.22,2.04,2.42,2.49,2.51,2.29,2.43,2.41,2.31,2.22,,
5MZ,XSES,Kingsmen Creatives Ltd,Industrials,Consulting Services,,SGD,Debt/Equity,,0.06,0.05,0.19,0.24,0.26,0.21,0.16,0.14,0.12,0.09,,
5MZ,XSES,Kingsmen Creatives Ltd,Industrials,Consulting Services,,SGD,Book Value/Share,,0.54,0.58,0.6,0.58,0.55,0.52,0.53,0.53,0.54,0.57,,
5MZ,XSES,Kingsmen Creatives Ltd,Industrials,Consulting Services,,SGD,Cap Ex as a % of Sales,,1.07,4.37,5.11,3.22,0.98,0.25,0.56,0.28,1.94,1.6,,
5NF,XSES,Mencast Holdings Ltd,Energy,Oil & Gas Equipment & Services,,SGD,Current Ratio,,1.09,0.21,0.58,0.57,1.28,1.25,1.24,1.14,1.16,1.1,,
5NF,XSES,Mencast Holdings Ltd,Energy,Oil & Gas Equipment & Services,,SGD,Quick Ratio,,0.79,0.16,0.2,0.17,0.41,0.39,0.32,0.27,0.28,0.21,,
5NF,XSES,Mencast Holdings Ltd,Energy,Oil & Gas Equipment & Services,,SGD,Interest Coverage,,-4.15,-13.38,-0.05,-0.12,2.03,2.23,1.02,1.37,1.43,0.06,,
5NF,XSES,Mencast Holdings Ltd,Energy,Oil & Gas Equipment & Services,,SGD,Financial Leverage,,2.97,7.92,10.23,14.73,9.74,7.28,6.89,5.88,5.27,5.34,,
5NF,XSES,Mencast Holdings Ltd,Energy,Oil & Gas Equipment & Services,,SGD,Debt/Equity,,1.31,0.1,0.05,1.02,4.68,3.15,2.73,1.95,1.55,1.43,,
5NF,XSES,Mencast Holdings Ltd,Energy,Oil & Gas Equipment & Services,,SGD,Book Value/Share,,0.33,0.23,0.06,0.04,0.06,0.05,0.07,0.07,0.07,0.07,,
5NF,XSES,Mencast Holdings Ltd,Energy,Oil & Gas Equipment & Services,,SGD,Cap Ex as a % of Sales,,6.89,5.63,9.62,8.15,17.07,7.54,5.71,7.2,4.19,7.0,,
5NV,XSES,Chasen Holdings Ltd,Industrials,Integrated Freight & Logistics,,SGD,Current Ratio,,1.66,1.42,1.4,1.45,1.06,1.12,1.19,1.2,1.11,0.79,,
5NV,XSES,Chasen Holdings Ltd,Industrials,Integrated Freight & Logistics,,SGD,Quick Ratio,,1.23,0.97,1.11,1.2,0.81,0.9,0.93,0.91,0.47,0.58,,
5NV,XSES,Chasen Holdings Ltd,Industrials,Integrated Freight & Logistics,,SGD,Interest Coverage,,-0.73,4.31,5.5,5.62,-5.57,3.21,3.42,1.97,-1.9,-2.25,,
5NV,XSES,Chasen Holdings Ltd,Industrials,Integrated Freight & Logistics,,SGD,Financial Leverage,,1.93,2.06,1.89,1.93,2.54,2.81,2.93,3.2,3.5,2.47,,
5NV,XSES,Chasen Holdings Ltd,Industrials,Integrated Freight & Logistics,,SGD,Debt/Equity,,0.16,0.12,0.07,0.1,0.24,0.48,0.55,0.67,0.45,0.19,,
5NV,XSES,Chasen Holdings Ltd,Industrials,Integrated Freight & Logistics,,SGD,Book Value/Share,,0.19,0.18,0.18,0.18,0.18,0.14,0.16,0.17,0.17,0.23,,
5NV,XSES,Chasen Holdings Ltd,Industrials,Integrated Freight & Logistics,,SGD,Cap Ex as a % of Sales,,8.41,6.7,5.39,6.4,3.09,12.61,2.18,3.19,6.09,47.58,,
5OC,XSES,Koyo International Ltd,Industrials,Engineering & Construction,,SGD,Current Ratio,,6.04,4.01,3.77,3.41,3.1,2.92,1.64,1.58,1.39,1.23,,
5OC,XSES,Koyo International Ltd,Industrials,Engineering & Construction,,SGD,Quick Ratio,,6.01,3.96,3.75,3.33,2.91,2.52,1.43,1.47,1.3,1.18,,
5OC,XSES,Koyo International Ltd,Industrials,Engineering & Construction,,SGD,Interest Coverage,,-,720.0,223.67,66.57,27.94,-25.97,-78.04,5.77,1.1,6.98,,
5OC,XSES,Koyo International Ltd,Industrials,Engineering & Construction,,SGD,Financial Leverage,,1.20,1.33,1.35,1.4,1.42,1.46,2.09,2.71,2.39,3.66,,
5OC,XSES,Koyo International Ltd,Industrials,Engineering & Construction,,SGD,Debt/Equity,,-,0.0,0.0,0.0,0.03,0.08,0.09,0.29,0.05,0.04,,
5OC,XSES,Koyo International Ltd,Industrials,Engineering & Construction,,SGD,Book Value/Share,,0.09,0.1,0.1,0.1,0.1,0.11,0.11,0.08,0.09,0.11,,
5OC,XSES,Koyo International Ltd,Industrials,Engineering & Construction,,SGD,Cap Ex as a % of Sales,,0.34,2.17,1.7,1.46,17.21,2.9,0.2,0.01,0.07,0.32,,
5OI,XSES,Japan Foods Holding Ltd,Consumer Cyclical,Restaurants,,SGD,Current Ratio,,2.97,2.88,2.91,2.79,0.94,1.19,1.06,0.74,0.53,0.45,,
5OI,XSES,Japan Foods Holding Ltd,Consumer Cyclical,Restaurants,,SGD,Quick Ratio,,2.23,2.28,2.36,2.14,0.73,0.94,0.93,0.6,0.39,0.29,,
5OI,XSES,Japan Foods Holding Ltd,Consumer Cyclical,Restaurants,,SGD,Interest Coverage,,-,-,-,-,2.42,5.2,4.97,5.74,0.65,-3.69,,
5OI,XSES,Japan Foods Holding Ltd,Consumer Cyclical,Restaurants,,SGD,Financial Leverage,,1.26,1.29,1.27,1.29,2.49,2.04,2.38,2.77,3.13,3.46,,
5OI,XSES,Japan Foods Holding Ltd,Consumer Cyclical,Restaurants,,SGD,Debt/Equity,,-,-,-,-,0.62,0.35,0.58,0.76,0.72,0.65,,
5OI,XSES,Japan Foods Holding Ltd,Consumer Cyclical,Restaurants,,SGD,Book Value/Share,,0.18,0.18,0.19,0.19,0.19,0.18,0.16,0.19,0.18,0.16,,
5OI,XSES,Japan Foods Holding Ltd,Consumer Cyclical,Restaurants,,SGD,Cap Ex as a % of Sales,,7.90,5.37,5.86,6.88,6.29,1.52,7.31,10.77,11.5,7.66,,
5OQ,XSES,Teho International Inc Ltd,Energy,Oil & Gas Equipment & Services,,SGD,Current Ratio,,2.86,3.3,2.43,1.6,1.45,1.65,1.45,1.69,1.66,1.67,,
5OQ,XSES,Teho International Inc Ltd,Energy,Oil & Gas Equipment & Services,,SGD,Quick Ratio,,0.72,0.79,0.73,0.56,0.45,0.63,0.47,0.75,0.67,0.66,,
5OQ,XSES,Teho International Inc Ltd,Energy,Oil & Gas Equipment & Services,,SGD,Interest Coverage,,-16.9,-8.52,-1.24,0.75,2.37,5.26,5.01,3.86,2.26,2.74,,
5OQ,XSES,Teho International Inc Ltd,Energy,Oil & Gas Equipment & Services,,SGD,Financial Leverage,,2.91,3.5,3.4,4.16,4.47,3.14,2.98,2.47,2.35,2.3,,
5OQ,XSES,Teho International Inc Ltd,Energy,Oil & Gas Equipment & Services,,SGD,Debt/Equity,,0.52,0.9,0.48,1.03,1.01,0.67,0.45,0.38,0.32,0.34,,
5OQ,XSES,Teho International Inc Ltd,Energy,Oil & Gas Equipment & Services,,SGD,Book Value/Share,,0.26,0.18,0.12,0.06,0.06,0.07,0.08,0.09,0.1,0.1,,
5OQ,XSES,Teho International Inc Ltd,Energy,Oil & Gas Equipment & Services,,SGD,Cap Ex as a % of Sales,,3.53,2.2,1.07,1.41,1.51,1.26,2.69,1.51,0.86,3.68,,
5OR,XSES,Heatec Jietong Holdings Ltd,Energy,Oil & Gas Equipment & Services,,SGD,Current Ratio,,3.11,2.54,1.57,1.51,3.4,2.77,1.47,1.49,1.6,1.86,,
5OR,XSES,Heatec Jietong Holdings Ltd,Energy,Oil & Gas Equipment & Services,,SGD,Quick Ratio,,2.99,2.38,1.43,1.21,2.94,2.59,1.37,1.39,1.43,1.68,,
5OR,XSES,Heatec Jietong Holdings Ltd,Energy,Oil & Gas Equipment & Services,,SGD,Interest Coverage,,6.54,-22.29,-9.97,-3.68,1.48,-4.18,-0.51,-0.74,-1.19,-0.72,,
5OR,XSES,Heatec Jietong Holdings Ltd,Energy,Oil & Gas Equipment & Services,,SGD,Financial Leverage,,1.46,1.6,1.98,2.16,2.19,2.43,2.1,2.12,1.88,1.75,,
5OR,XSES,Heatec Jietong Holdings Ltd,Energy,Oil & Gas Equipment & Services,,SGD,Debt/Equity,,0.09,0.07,0.01,0.13,0.6,0.67,0.21,0.2,0.12,0.14,,
5OR,XSES,Heatec Jietong Holdings Ltd,Energy,Oil & Gas Equipment & Services,,SGD,Book Value/Share,,0.2,0.18,0.15,0.12,0.11,0.11,0.09,0.07,0.06,0.05,,
5OR,XSES,Heatec Jietong Holdings Ltd,Energy,Oil & Gas Equipment & Services,,SGD,Cap Ex as a % of Sales,,1.15,3.51,0.99,0.95,1.29,1.09,0.51,1.32,0.57,1.29,,
5OX,XSES,Mary Chia Holdings Ltd,Consumer Cyclical,Personal Services,,SGD,Current Ratio,,0.3,0.18,1.00,0.60,0.29,0.37,0.28,0.27,0.10,0.39,,
5OX,XSES,Mary Chia Holdings Ltd,Consumer Cyclical,Personal Services,,SGD,Quick Ratio,,0.13,0.08,0.01,0.43,0.17,0.21,0.16,0.18,0.05,0.17,,
5OX,XSES,Mary Chia Holdings Ltd,Consumer Cyclical,Personal Services,,SGD,Interest Coverage,,-3.3,-5.98,-3.25,0.05,-21.10,4.39,-1.36,-1.06,-12.63,2.82,,
5OX,XSES,Mary Chia Holdings Ltd,Consumer Cyclical,Personal Services,,SGD,Financial Leverage,,6.26,14.27,-,-,-,-,-,-,-,-,,
5OX,XSES,Mary Chia Holdings Ltd,Consumer Cyclical,Personal Services,,SGD,Debt/Equity,,2.35,5.01,-,-,-,-,-,-,-,-,,
5OX,XSES,Mary Chia Holdings Ltd,Consumer Cyclical,Personal Services,,SGD,Book Value/Share,,0.08,0.04,-,-0.01,-0.03,-0.05,-0.02,-0.03,-0.04,-0.03,,
5OX,XSES,Mary Chia Holdings Ltd,Consumer Cyclical,Personal Services,,SGD,Cap Ex as a % of Sales,,5.44,5.47,2.86,13.44,11.11,12.59,6.11,2.59,6.67,0.59,,
5PC,XSES,Goodland Group Ltd,Real Estate,Real Estate - Development,,SGD,Current Ratio,,2.26,2.78,3.79,2.77,2.89,3.18,2.7,2.23,2.81,2.47,,
5PC,XSES,Goodland Group Ltd,Real Estate,Real Estate - Development,,SGD,Quick Ratio,,0.58,0.78,0.42,0.24,0.24,0.43,0.51,0.45,0.19,0.11,,
5PC,XSES,Goodland Group Ltd,Real Estate,Real Estate - Development,,SGD,Interest Coverage,,-1.08,2.73,3.85,1.19,-1.81,1.82,6.75,1.43,0.19,1.72,,
5PC,XSES,Goodland Group Ltd,Real Estate,Real Estate - Development,,SGD,Financial Leverage,,2.26,1.84,1.68,1.85,1.84,1.82,1.86,1.98,1.81,1.97,,
5PC,XSES,Goodland Group Ltd,Real Estate,Real Estate - Development,,SGD,Debt/Equity,,0.09,0.07,0.07,0.08,0.08,0.1,0.08,0.08,0.07,0.07,,
5PC,XSES,Goodland Group Ltd,Real Estate,Real Estate - Development,,SGD,Book Value/Share,,0.53,0.53,0.58,0.56,0.55,0.53,0.53,0.53,0.5,0.52,,
5PC,XSES,Goodland Group Ltd,Real Estate,Real Estate - Development,,SGD,Cap Ex as a % of Sales,,0.44,0.46,1.07,0.81,0.31,0.69,0.55,0.17,0.57,1.58,,
5PD,XSES,Hengyang Petrochemical Logistics Ltd,Energy,Oil & Gas Midstream,,SGD,Current Ratio,0.21,0.07,33.27,42.17,13.39,21.46,25.72,17.94,14.68,8.42,,,
5PD,XSES,Hengyang Petrochemical Logistics Ltd,Energy,Oil & Gas Midstream,,SGD,Quick Ratio,0.2,0.04,33.26,42.16,13.39,21.43,25.72,17.93,14.68,8.42,,,
5PD,XSES,Hengyang Petrochemical Logistics Ltd,Energy,Oil & Gas Midstream,,SGD,Interest Coverage,-0.48,-4.75,-,-,-7258.00,-1317.50,-3365.86,4724.00,-22800.00,462.00,,,
5PD,XSES,Hengyang Petrochemical Logistics Ltd,Energy,Oil & Gas Midstream,,SGD,Financial Leverage,4.55,5.23,1.52,1.52,1.52,1.00,1.00,1.00,1.00,1.00,,,
5PD,XSES,Hengyang Petrochemical Logistics Ltd,Energy,Oil & Gas Midstream,,SGD,Debt/Equity,1.34,0.42,-,-,-,0.00,0.00,-,0.00,-,,,
5PD,XSES,Hengyang Petrochemical Logistics Ltd,Energy,Oil & Gas Midstream,,SGD,Book Value/Share,0.44,0.4,0.47,0.43,0.40,0.39,0.58,0.53,-,-,,,
5PD,XSES,Hengyang Petrochemical Logistics Ltd,Energy,Oil & Gas Midstream,,SGD,Cap Ex as a % of Sales,43.25,24.72,-,-,-,-,-,-,-,-,,,
5PF,XSES,Jason Marine Group Ltd,Technology,Scientific & Technical Instruments,,SGD,Current Ratio,,2.20,2.25,2.66,3.29,4.02,3.9,3.55,3.78,2.93,2.57,,
5PF,XSES,Jason Marine Group Ltd,Technology,Scientific & Technical Instruments,,SGD,Quick Ratio,,1.77,1.89,2.31,2.66,3.2,3.48,3.12,3.15,2.11,1.94,,
5PF,XSES,Jason Marine Group Ltd,Technology,Scientific & Technical Instruments,,SGD,Interest Coverage,,-,-,-,-,87.04,23.07,4.29,3.81,3.82,17.28,,
5PF,XSES,Jason Marine Group Ltd,Technology,Scientific & Technical Instruments,,SGD,Financial Leverage,,1.76,1.69,1.28,1.36,1.31,1.33,1.56,1.48,1.59,1.61,,
5PF,XSES,Jason Marine Group Ltd,Technology,Scientific & Technical Instruments,,SGD,Debt/Equity,,-,-,-,-,0.0,0.0,0.14,0.1,0.07,0.01,,
5PF,XSES,Jason Marine Group Ltd,Technology,Scientific & Technical Instruments,,SGD,Book Value/Share,,0.25,0.19,0.27,0.20,0.23,0.24,0.22,0.22,0.21,0.2,,
5PF,XSES,Jason Marine Group Ltd,Technology,Scientific & Technical Instruments,,SGD,Cap Ex as a % of Sales,,1.68,2.00,0.59,1.20,0.99,1.77,1.54,1.5,1.08,1.89,,
5PO,XSES,Hiap Tong Corp Ltd,Industrials,Rental & Leasing Services,,SGD,Current Ratio,,0.66,0.64,0.78,0.88,0.75,1.06,0.8,0.77,0.9,0.86,,
5PO,XSES,Hiap Tong Corp Ltd,Industrials,Rental & Leasing Services,,SGD,Quick Ratio,,0.59,0.59,0.74,0.86,0.73,1.04,0.51,0.75,0.65,0.84,,
5PO,XSES,Hiap Tong Corp Ltd,Industrials,Rental & Leasing Services,,SGD,Interest Coverage,,4.23,7.89,2.25,2.09,-2.66,0.49,1.82,9.24,3.36,2.97,,
5PO,XSES,Hiap Tong Corp Ltd,Industrials,Rental & Leasing Services,,SGD,Financial Leverage,,1.87,1.83,1.66,1.79,2.06,2.04,2.24,2.1,2.09,1.82,,
5PO,XSES,Hiap Tong Corp Ltd,Industrials,Rental & Leasing Services,,SGD,Debt/Equity,,0.38,0.32,0.27,0.35,0.49,0.52,0.32,0.46,0.35,0.22,,
5PO,XSES,Hiap Tong Corp Ltd,Industrials,Rental & Leasing Services,,SGD,Book Value/Share,,0.25,0.26,0.27,0.28,0.28,0.25,0.25,0.28,0.3,0.31,,
5PO,XSES,Hiap Tong Corp Ltd,Industrials,Rental & Leasing Services,,SGD,Cap Ex as a % of Sales,,2.2,7.29,3.64,10.97,1.17,3.23,4.97,4.03,7.11,1.15,,
5QY,XSES,Net Pacific Holdings Ltd,Financial Services,Mortgage Finance,,SGD,Current Ratio,,23.02,20.99,24.48,32.29,34.87,12.79,17.88,12.32,2.26,-,,
5QY,XSES,Net Pacific Holdings Ltd,Financial Services,Mortgage Finance,,SGD,Quick Ratio,,23.01,20.98,24.47,32.29,34.87,12.79,17.88,12.32,1.88,-,,
5QY,XSES,Net Pacific Holdings Ltd,Financial Services,Mortgage Finance,,SGD,Interest Coverage,,-,-,-,-692.80,-525.91,163.60,-,-543.10,-25.2,-,,
5QY,XSES,Net Pacific Holdings Ltd,Financial Services,Mortgage Finance,,SGD,Financial Leverage,,1.05,1.05,1.04,1.03,1.03,1.08,1.06,1.10,1.9,-,,
5QY,XSES,Net Pacific Holdings Ltd,Financial Services,Mortgage Finance,,SGD,Debt/Equity,,-,-,-,0.00,0.00,-,-,0.02,0.16,-,,
5QY,XSES,Net Pacific Holdings Ltd,Financial Services,Mortgage Finance,,SGD,Book Value/Share,,0.06,0.06,0.05,0.04,0.03,0.03,0.03,0.03,0.03,-,,
5QY,XSES,Net Pacific Holdings Ltd,Financial Services,Mortgage Finance,,SGD,Cap Ex as a % of Sales,,-,-,0.83,-,-,0.54,-,-,11.42,-,,
5RA,XSES,Asia-Pacific Strategic Investments Ltd,Consumer Cyclical,Lodging,,SGD,Current Ratio,4.57,4.39,6.06,5.40,7.75,3.11,1.3,0.42,0.70,0.38,,,
5RA,XSES,Asia-Pacific Strategic Investments Ltd,Consumer Cyclical,Lodging,,SGD,Quick Ratio,1.89,4.34,5.98,5.15,6.91,2.61,0.76,0.21,0.56,0.17,,,
5RA,XSES,Asia-Pacific Strategic Investments Ltd,Consumer Cyclical,Lodging,,SGD,Interest Coverage,-,-,-,-5.76,-120.08,-88.42,-10.93,-27.67,-14.65,-14.58,,,
5RA,XSES,Asia-Pacific Strategic Investments Ltd,Consumer Cyclical,Lodging,,SGD,Financial Leverage,1.36,1.29,1.20,1.39,1.25,1.44,1.6,1.82,2.00,1.84,,,
5RA,XSES,Asia-Pacific Strategic Investments Ltd,Consumer Cyclical,Lodging,,SGD,Debt/Equity,-,-,-,-,-,0.11,0.25,0.32,0.00,-,,,
5RA,XSES,Asia-Pacific Strategic Investments Ltd,Consumer Cyclical,Lodging,,SGD,Book Value/Share,0.01,0.01,0.01,0.00,0.00,0.0,0.0,0.0,0.00,0.00,,,
5RA,XSES,Asia-Pacific Strategic Investments Ltd,Consumer Cyclical,Lodging,,SGD,Cap Ex as a % of Sales,219.17,0.56,2.56,23.43,157.73,1323.52,0.92,0.66,-,-,,,
5RC,XSES,ES Group (Holdings) Ltd,Industrials,Aerospace & Defense,,SGD,Current Ratio,,1.88,2.37,2.21,3.23,4.88,2.66,2.20,1.36,1.26,1.25,,
5RC,XSES,ES Group (Holdings) Ltd,Industrials,Aerospace & Defense,,SGD,Quick Ratio,,1.1,2.04,2.11,2.67,4.68,2.45,2.10,1.26,1.17,1.17,,
5RC,XSES,ES Group (Holdings) Ltd,Industrials,Aerospace & Defense,,SGD,Interest Coverage,,-84.07,-13.89,1.39,15.42,4.15,-37.82,-12.36,-22.32,9.56,-5.41,,
5RC,XSES,ES Group (Holdings) Ltd,Industrials,Aerospace & Defense,,SGD,Financial Leverage,,1.64,1.83,1.73,1.44,1.36,1.51,1.47,1.58,1.52,1.71,,
5RC,XSES,ES Group (Holdings) Ltd,Industrials,Aerospace & Defense,,SGD,Debt/Equity,,0.04,0.32,0.25,0.14,0.16,0.22,0.17,0.17,0.08,0.21,,
5RC,XSES,ES Group (Holdings) Ltd,Industrials,Aerospace & Defense,,SGD,Book Value/Share,,0.22,0.19,0.19,0.18,0.23,0.21,-,0.15,0.15,0.15,,
5RC,XSES,ES Group (Holdings) Ltd,Industrials,Aerospace & Defense,,SGD,Cap Ex as a % of Sales,,22.72,7.35,6.9,3.49,1.77,32.04,3.91,11.63,9.28,5.82,,
5RE,XSES,Asia Vets Holdings Ltd,Healthcare,Medical Care Facilities,,SGD,Current Ratio,,114.59,40.56,22.50,16.95,4.95,18.38,15.32,13.87,10.45,13.32,,
5RE,XSES,Asia Vets Holdings Ltd,Healthcare,Medical Care Facilities,,SGD,Quick Ratio,,114.56,2.32,22.12,16.7,4.87,18.11,15.07,13.64,10.24,13.01,,
5RE,XSES,Asia Vets Holdings Ltd,Healthcare,Medical Care Facilities,,SGD,Interest Coverage,,-,-,-,46.45,9.78,-27.77,-53.68,-89.69,-180.23,-409.08,,
5RE,XSES,Asia Vets Holdings Ltd,Healthcare,Medical Care Facilities,,SGD,Financial Leverage,,1.01,1.03,1.13,1.11,1.14,1.05,1.04,1.04,1.07,1.08,,
5RE,XSES,Asia Vets Holdings Ltd,Healthcare,Medical Care Facilities,,SGD,Debt/Equity,,-,-,-,0.01,0.0,0.01,0.01,0.0,0.02,0.01,,
5RE,XSES,Asia Vets Holdings Ltd,Healthcare,Medical Care Facilities,,SGD,Book Value/Share,,0.22,0.15,-,0.13,0.14,0.13,0.13,0.13,0.12,0.08,,
5RE,XSES,Asia Vets Holdings Ltd,Healthcare,Medical Care Facilities,,SGD,Cap Ex as a % of Sales,,-,-,1.07,0.08,1.51,0.59,2.3,2.71,18.61,0.47,,
5SO,XSES,Duty Free International Ltd,Consumer Cyclical,Specialty Retail,,SGD,Current Ratio,,2.21,3.32,4.05,3.36,4.57,6.76,15.89,11.21,11.46,11.05,,
5SO,XSES,Duty Free International Ltd,Consumer Cyclical,Specialty Retail,,SGD,Quick Ratio,,0.59,1.99,2.97,2.28,3.39,5.03,11.84,7.39,7.9,8.19,,
5SO,XSES,Duty Free International Ltd,Consumer Cyclical,Specialty Retail,,SGD,Interest Coverage,,34.2,75.62,200.97,143.91,4.52,-5.37,-0.13,3.61,3.52,7.55,,
5SO,XSES,Duty Free International Ltd,Consumer Cyclical,Specialty Retail,,SGD,Financial Leverage,,1.52,1.35,1.29,1.36,1.42,1.42,1.36,1.4,1.39,1.35,,
5SO,XSES,Duty Free International Ltd,Consumer Cyclical,Specialty Retail,,SGD,Debt/Equity,,0.03,0.0,0.0,0.0,0.16,0.24,0.28,0.29,0.29,0.25,,
5SO,XSES,Duty Free International Ltd,Consumer Cyclical,Specialty Retail,,SGD,Book Value/Share,,0.12,0.15,0.16,0.16,0.15,0.1,0.1,0.09,0.08,0.1,,
5SO,XSES,Duty Free International Ltd,Consumer Cyclical,Specialty Retail,,SGD,Cap Ex as a % of Sales,,0.9,0.68,0.38,0.87,0.44,0.1,0.12,0.2,1.49,6.83,,
5SR,XSES,Zhongmin Baihui Retail Group Ltd,Consumer Cyclical,Department Stores,,SGD,Current Ratio,,1.34,1.01,1.09,0.9,1.04,0.99,-,0.99,0.99,0.99,,
5SR,XSES,Zhongmin Baihui Retail Group Ltd,Consumer Cyclical,Department Stores,,SGD,Quick Ratio,,0.94,0.60,0.67,0.62,0.68,0.58,-,0.68,0.56,0.54,,
5SR,XSES,Zhongmin Baihui Retail Group Ltd,Consumer Cyclical,Department Stores,,SGD,Interest Coverage,,-,-,1647.40,5.9,6.19,-0.08,1.79,2.19,3.67,-,,
5SR,XSES,Zhongmin Baihui Retail Group Ltd,Consumer Cyclical,Department Stores,,SGD,Financial Leverage,,3.50,3.46,3.06,5.19,5.12,6.69,-,6.52,6.64,5.24,,
5SR,XSES,Zhongmin Baihui Retail Group Ltd,Consumer Cyclical,Department Stores,,SGD,Debt/Equity,,-,-,-,1.36,1.13,2.22,-,1.58,1.88,0.97,,
5SR,XSES,Zhongmin Baihui Retail Group Ltd,Consumer Cyclical,Department Stores,,SGD,Book Value/Share,,0.18,0.17,-,0.17,0.22,0.23,-,0.15,0.17,0.19,,
5SR,XSES,Zhongmin Baihui Retail Group Ltd,Consumer Cyclical,Department Stores,,SGD,Cap Ex as a % of Sales,,1.92,13.33,0.20,1.7,1.15,0.77,0.17,0.67,0.68,-,,
5SY,XSES,OneApex Ltd,Real Estate,Real Estate Services,,SGD,Current Ratio,,5.0,4.3,2.49,11.38,2.97,2.5,3.0,1.28,5.79,33.38,,
5SY,XSES,OneApex Ltd,Real Estate,Real Estate Services,,SGD,Quick Ratio,,4.88,4.18,2.48,11.21,2.52,2.44,1.0,0.19,5.18,23.93,,
5SY,XSES,OneApex Ltd,Real Estate,Real Estate Services,,SGD,Interest Coverage,,248.31,102.26,-,-,-12.75,-0.19,-0.05,-19.33,747.11,-6294.91,,
5SY,XSES,OneApex Ltd,Real Estate,Real Estate Services,,SGD,Financial Leverage,,1.28,1.23,1.67,1.12,4.01,4.88,6.52,7.31,1.48,1.22,,
5SY,XSES,OneApex Ltd,Real Estate,Real Estate Services,,SGD,Debt/Equity,,0.01,0.0,-,-,2.39,3.13,3.07,0.51,0.0,0.0,,
5SY,XSES,OneApex Ltd,Real Estate,Real Estate Services,,SGD,Book Value/Share,,0.29,0.63,0.64,0.16,0.15,0.12,0.12,0.11,0.11,0.1,,
5SY,XSES,OneApex Ltd,Real Estate,Real Estate Services,,SGD,Cap Ex as a % of Sales,,14.04,0.3,4.20,3.05,0.34,1.27,9.77,5.89,0.01,439.33,,
5TJ,XSES,Far East Group Ltd,Industrials,Specialty Industrial Machinery,,SGD,Current Ratio,,1.4,1.11,2.4,1.98,1.92,1.45,1.4,1.25,1.25,1.33,,
5TJ,XSES,Far East Group Ltd,Industrials,Specialty Industrial Machinery,,SGD,Quick Ratio,,0.85,0.57,1.59,1.48,1.31,0.84,0.87,0.8,0.83,0.83,,
5TJ,XSES,Far East Group Ltd,Industrials,Specialty Industrial Machinery,,SGD,Interest Coverage,,-2.99,2.22,27.31,0.39,-3.74,1.75,2.38,-0.58,2.55,2.82,,
5TJ,XSES,Far East Group Ltd,Industrials,Specialty Industrial Machinery,,SGD,Financial Leverage,,1.92,2.9,1.76,2.28,2.51,2.75,2.7,2.94,2.8,2.46,,
5TJ,XSES,Far East Group Ltd,Industrials,Specialty Industrial Machinery,,SGD,Debt/Equity,,0.04,0.73,0.31,0.62,0.78,0.7,0.62,0.7,0.57,0.47,,
5TJ,XSES,Far East Group Ltd,Industrials,Specialty Industrial Machinery,,SGD,Book Value/Share,,0.22,0.21,0.46,0.47,0.43,0.38,0.4,0.37,0.36,0.39,,
5TJ,XSES,Far East Group Ltd,Industrials,Specialty Industrial Machinery,,SGD,Cap Ex as a % of Sales,,3.5,63.78,5.03,0.43,0.42,1.34,0.47,0.66,0.23,0.7,,
5TP,XSES,CNMC Goldmine Holdings Ltd,Basic Materials,Gold,,SGD,Current Ratio,,6.39,3.15,2.25,2.29,2.82,2.15,2.3,2.13,2.0,3.27,,
5TP,XSES,CNMC Goldmine Holdings Ltd,Basic Materials,Gold,,SGD,Quick Ratio,,6.09,2.94,2.04,2.06,2.44,1.86,0.38,1.31,1.39,2.77,,
5TP,XSES,CNMC Goldmine Holdings Ltd,Basic Materials,Gold,,SGD,Interest Coverage,,4191.32,73.71,51.9,77.72,-28.85,18.48,15.46,52.42,95.44,369.3,,
5TP,XSES,CNMC Goldmine Holdings Ltd,Basic Materials,Gold,,SGD,Financial Leverage,,1.31,1.37,1.44,1.42,1.38,1.42,1.39,1.44,1.52,1.5,,
5TP,XSES,CNMC Goldmine Holdings Ltd,Basic Materials,Gold,,SGD,Debt/Equity,,0.0,0.02,0.02,0.02,0.02,0.0,0.03,0.03,0.0,0.02,,
5TP,XSES,CNMC Goldmine Holdings Ltd,Basic Materials,Gold,,SGD,Book Value/Share,,0.15,0.13,0.14,0.15,0.14,0.13,0.13,0.13,0.15,0.19,,
5TP,XSES,CNMC Goldmine Holdings Ltd,Basic Materials,Gold,,SGD,Cap Ex as a % of Sales,,18.47,37.83,16.7,22.43,3.59,9.04,20.77,4.73,13.15,6.12,,
5TT,XSES,Keong Hong Holdings Ltd,Industrials,Engineering & Construction,,SGD,Current Ratio,,1.78,1.98,1.13,1.01,1.23,0.8,1.07,1.01,1.24,1.41,,
5TT,XSES,Keong Hong Holdings Ltd,Industrials,Engineering & Construction,,SGD,Quick Ratio,,1.76,1.95,1.11,0.98,1.2,0.76,1.04,0.96,0.91,1.38,,
5TT,XSES,Keong Hong Holdings Ltd,Industrials,Engineering & Construction,,SGD,Interest Coverage,,11.72,21.93,5.35,4.86,-1.11,-1.51,-9.78,-11.28,-0.83,7.39,,
5TT,XSES,Keong Hong Holdings Ltd,Industrials,Engineering & Construction,,SGD,Financial Leverage,,2.5,2.33,2.2,2.03,2.1,1.92,2.54,2.93,3.85,2.95,,
5TT,XSES,Keong Hong Holdings Ltd,Industrials,Engineering & Construction,,SGD,Debt/Equity,,0.38,0.43,0.39,0.42,0.33,0.1,0.11,0.37,0.42,0.33,,
5TT,XSES,Keong Hong Holdings Ltd,Industrials,Engineering & Construction,,SGD,Book Value/Share,,0.52,0.6,0.87,0.95,0.97,0.79,0.59,0.47,0.24,0.24,,
5TT,XSES,Keong Hong Holdings Ltd,Industrials,Engineering & Construction,,SGD,Cap Ex as a % of Sales,,0.75,0.57,0.45,7.3,3.37,1.56,0.47,0.17,0.24,0.15,,
5UA,XSES,Luminor Financial Holdings Ltd,Financial Services,Credit Services,,SGD,Current Ratio,,2.44,3.11,3.92,4.30,3.65,2.95,1.81,1.5,1.22,-,,
5UA,XSES,Luminor Financial Holdings Ltd,Financial Services,Credit Services,,SGD,Quick Ratio,,0.57,1.65,2.46,3.00,2.53,2.25,1.55,1.35,1.14,-,,
5UA,XSES,Luminor Financial Holdings Ltd,Financial Services,Credit Services,,SGD,Interest Coverage,,-9.04,12.09,13.00,60.28,-7.46,-0.07,9.96,1.9,-,-,,
5UA,XSES,Luminor Financial Holdings Ltd,Financial Services,Credit Services,,SGD,Financial Leverage,,1.78,1.56,1.36,1.33,1.43,1.57,2.26,3.11,5.18,-,,
5UA,XSES,Luminor Financial Holdings Ltd,Financial Services,Credit Services,,SGD,Debt/Equity,,-,-,-,-,0.01,-,0.07,0.05,0.04,-,,
5UA,XSES,Luminor Financial Holdings Ltd,Financial Services,Credit Services,,SGD,Book Value/Share,,0.21,0.22,0.22,0.19,0.16,0.16,0.13,0.12,0.12,-,,
5UA,XSES,Luminor Financial Holdings Ltd,Financial Services,Credit Services,,SGD,Cap Ex as a % of Sales,,-,-,0.04,0.00,4.63,0.60,7.47,18.24,10.14,-,,
5UF,XSES,Aspial Lifestyle Ltd,Consumer Cyclical,Luxury Goods,,SGD,Current Ratio,,1.43,1.61,1.67,1.51,1.73,1.37,1.34,1.28,1.27,1.35,,
5UF,XSES,Aspial Lifestyle Ltd,Consumer Cyclical,Luxury Goods,,SGD,Quick Ratio,,1.22,1.38,1.4,1.21,1.39,1.08,0.94,0.96,0.95,1.09,,
5UF,XSES,Aspial Lifestyle Ltd,Consumer Cyclical,Luxury Goods,,SGD,Interest Coverage,,3.90,3.04,2.12,2.39,3.69,2.77,2.28,1.8,2.32,4.18,,
5UF,XSES,Aspial Lifestyle Ltd,Consumer Cyclical,Luxury Goods,,SGD,Financial Leverage,,3.21,3.48,3.29,3.78,3.41,3.89,5.19,5.55,5.16,5.31,,
5UF,XSES,Aspial Lifestyle Ltd,Consumer Cyclical,Luxury Goods,,SGD,Debt/Equity,,-,0.6,0.58,0.78,0.9,0.72,1.4,1.28,0.9,0.98,,
5UF,XSES,Aspial Lifestyle Ltd,Consumer Cyclical,Luxury Goods,,SGD,Book Value/Share,,0.10,0.14,0.14,0.13,0.14,0.14,0.11,0.11,0.09,0.14,,
5UF,XSES,Aspial Lifestyle Ltd,Consumer Cyclical,Luxury Goods,,SGD,Cap Ex as a % of Sales,,1.60,7.5,4.5,0.98,10.2,11.19,1.8,1.2,2.28,4.28,,
5UL,XSES,Atlantic Navigation Holdings (Singapore) Ltd,Industrials,Marine Shipping,,SGD,Current Ratio,,0.26,0.46,0.45,0.58,0.23,0.21,0.66,0.78,2.0,2.09,,
5UL,XSES,Atlantic Navigation Holdings (Singapore) Ltd,Industrials,Marine Shipping,,SGD,Quick Ratio,,0.22,0.41,0.4,0.52,0.21,0.18,0.6,0.61,1.97,2.0,,
5UL,XSES,Atlantic Navigation Holdings (Singapore) Ltd,Industrials,Marine Shipping,,SGD,Interest Coverage,,-5.26,-1.53,-0.98,1.36,-0.12,-2.23,4.03,4.77,35.96,17.87,,
5UL,XSES,Atlantic Navigation Holdings (Singapore) Ltd,Industrials,Marine Shipping,,SGD,Financial Leverage,,2.11,2.36,2.4,2.28,2.14,2.22,1.87,1.7,2.06,1.9,,
5UL,XSES,Atlantic Navigation Holdings (Singapore) Ltd,Industrials,Marine Shipping,,SGD,Debt/Equity,,0.48,0.73,0.74,0.61,0.14,0.14,0.38,0.33,0.01,0.05,,
5UL,XSES,Atlantic Navigation Holdings (Singapore) Ltd,Industrials,Marine Shipping,,SGD,Book Value/Share,,0.53,0.41,0.2,0.22,0.21,0.18,0.2,0.23,0.32,0.09,,
5UL,XSES,Atlantic Navigation Holdings (Singapore) Ltd,Industrials,Marine Shipping,,SGD,Cap Ex as a % of Sales,,224.63,6.87,77.42,1.67,2.18,3.91,5.53,26.11,255.13,1.37,,
5UX,XSES,Oxley Holdings Ltd,Real Estate,Real Estate - Development,,SGD,Current Ratio,,1.41,1.87,2.4,1.6,1.28,1.92,1.01,1.65,0.86,0.98,,
5UX,XSES,Oxley Holdings Ltd,Real Estate,Real Estate - Development,,SGD,Quick Ratio,,0.28,0.44,0.42,0.41,0.3,0.34,0.4,0.73,0.3,0.3,,
5UX,XSES,Oxley Holdings Ltd,Real Estate,Real Estate - Development,,SGD,Interest Coverage,,8.8,8.19,7.04,2.93,-1.08,2.17,1.34,0.36,-0.16,1.05,,
5UX,XSES,Oxley Holdings Ltd,Real Estate,Real Estate - Development,,SGD,Financial Leverage,,6.03,4.41,4.18,4.13,4.91,4.17,3.86,3.51,3.3,3.13,,
5UX,XSES,Oxley Holdings Ltd,Real Estate,Real Estate - Development,,SGD,Debt/Equity,,1.57,1.77,2.24,1.49,0.22,0.44,0.52,1.26,0.43,0.9,,
5UX,XSES,Oxley Holdings Ltd,Real Estate,Real Estate - Development,,SGD,Book Value/Share,,0.14,0.24,0.31,0.35,0.34,0.25,0.24,0.23,0.21,0.2,,
5UX,XSES,Oxley Holdings Ltd,Real Estate,Real Estate - Development,,SGD,Cap Ex as a % of Sales,,3.36,9.26,2.6,7.33,0.36,0.16,0.1,0.13,0.17,2.65,,
5VC,XSES,Kori Holdings Ltd,Industrials,Engineering & Construction,,SGD,Current Ratio,,2.53,3.89,2.42,2.63,3.25,2.18,2.7,2.73,2.69,2.72,,
5VC,XSES,Kori Holdings Ltd,Industrials,Engineering & Construction,,SGD,Quick Ratio,,2.33,3.69,2.27,2.37,2.92,1.97,2.45,2.59,2.53,2.61,,
5VC,XSES,Kori Holdings Ltd,Industrials,Engineering & Construction,,SGD,Interest Coverage,,9.67,2.94,2.15,1.62,6.67,8.17,6.9,3.41,5.09,5.54,,
5VC,XSES,Kori Holdings Ltd,Industrials,Engineering & Construction,,SGD,Financial Leverage,,1.62,1.33,1.27,1.24,1.27,1.38,1.38,1.37,1.38,1.36,,
5VC,XSES,Kori Holdings Ltd,Industrials,Engineering & Construction,,SGD,Debt/Equity,,0.0,0.01,0.00,0.0,0.05,0.04,0.08,0.06,0.05,0.06,,
5VC,XSES,Kori Holdings Ltd,Industrials,Engineering & Construction,,SGD,Book Value/Share,,0.47,0.48,-,0.52,0.52,0.53,0.54,0.57,0.57,0.56,,
5VC,XSES,Kori Holdings Ltd,Industrials,Engineering & Construction,,SGD,Cap Ex as a % of Sales,,0.45,0.33,5.61,16.99,3.04,1.86,9.84,0.68,0.04,0.77,,
5VP,XSES,GDS Global Ltd,Industrials,Building Products & Equipment,,SGD,Current Ratio,,4.27,6.23,8.24,7.87,4.38,3.89,3.3,2.93,2.43,2.57,,
5VP,XSES,GDS Global Ltd,Industrials,Building Products & Equipment,,SGD,Quick Ratio,,3.49,5.07,6.93,6.22,3.63,3.23,2.66,2.3,1.88,2.03,,
5VP,XSES,GDS Global Ltd,Industrials,Building Products & Equipment,,SGD,Interest Coverage,,223.62,86.77,-583.69,-,-3.03,-5.49,-6.43,-11.78,-13.47,2.32,,
5VP,XSES,GDS Global Ltd,Industrials,Building Products & Equipment,,SGD,Financial Leverage,,1.38,1.26,1.24,1.26,2.07,2.15,2.31,2.44,2.31,2.9,,
5VP,XSES,GDS Global Ltd,Industrials,Building Products & Equipment,,SGD,Debt/Equity,,0.02,-,-,-,0.67,0.68,0.69,0.73,0.58,0.85,,
5VP,XSES,GDS Global Ltd,Industrials,Building Products & Equipment,,SGD,Book Value/Share,,0.1,-,-,0.09,0.09,0.07,0.06,0.05,0.03,0.03,,
5VP,XSES,GDS Global Ltd,Industrials,Building Products & Equipment,,SGD,Cap Ex as a % of Sales,,3.56,7.76,0.89,0.97,0.78,1.79,1.13,1.55,1.12,1.23,,
5VS,XSES,Hafary Holdings Ltd,Industrials,Building Products & Equipment,,SGD,Current Ratio,,1.19,1.16,1.21,1.25,1.55,1.15,1.06,1.07,1.03,1.05,,
5VS,XSES,Hafary Holdings Ltd,Industrials,Building Products & Equipment,,SGD,Quick Ratio,,0.49,0.48,0.54,0.56,0.68,0.57,0.56,0.48,0.44,0.42,,
5VS,XSES,Hafary Holdings Ltd,Industrials,Building Products & Equipment,,SGD,Interest Coverage,,3.92,3.73,3.88,3.55,2.92,5.72,9.14,6.16,4.03,4.62,,
5VS,XSES,Hafary Holdings Ltd,Industrials,Building Products & Equipment,,SGD,Financial Leverage,,4.20,3.97,3.69,3.47,3.15,3.79,4.36,3.99,3.96,3.49,,
5VS,XSES,Hafary Holdings Ltd,Industrials,Building Products & Equipment,,SGD,Debt/Equity,,-,-,-,1.28,1.28,1.66,2.01,1.56,1.32,1.06,,
5VS,XSES,Hafary Holdings Ltd,Industrials,Building Products & Equipment,,SGD,Book Value/Share,,0.12,0.13,0.15,0.16,0.15,0.17,0.18,0.23,0.27,0.31,,
5VS,XSES,Hafary Holdings Ltd,Industrials,Building Products & Equipment,,SGD,Cap Ex as a % of Sales,,26.25,3.29,2.12,0.95,2.69,45.45,47.62,8.37,4.6,4.11,,
5WA,XSES,OUE Healthcare Ltd,Healthcare,Medical Care Facilities,,SGD,Current Ratio,,0.37,0.26,0.42,0.27,0.29,0.7,0.78,0.81,0.73,0.35,,
5WA,XSES,OUE Healthcare Ltd,Healthcare,Medical Care Facilities,,SGD,Quick Ratio,,0.37,0.26,0.41,0.25,0.28,0.7,0.77,0.8,0.72,0.35,,
5WA,XSES,OUE Healthcare Ltd,Healthcare,Medical Care Facilities,,SGD,Interest Coverage,,-1.78,-4.15,0.26,1.62,-9.48,30.22,4.41,4.41,2.7,2.21,,
5WA,XSES,OUE Healthcare Ltd,Healthcare,Medical Care Facilities,,SGD,Financial Leverage,,3.84,12.87,2.74,2.81,4.37,1.83,4.7,4.92,4.94,5.34,,
5WA,XSES,OUE Healthcare Ltd,Healthcare,Medical Care Facilities,,SGD,Debt/Equity,,1.06,4.22,0.56,0.07,0.97,0.45,1.54,1.79,1.7,1.17,,
5WA,XSES,OUE Healthcare Ltd,Healthcare,Medical Care Facilities,,SGD,Book Value/Share,,0.12,0.05,0.02,0.06,0.06,0.07,0.07,0.07,0.06,0.06,,
5WA,XSES,OUE Healthcare Ltd,Healthcare,Medical Care Facilities,,SGD,Cap Ex as a % of Sales,,4.29,2.1,0.79,5.75,6.87,4.85,4.08,3.39,4.3,3.51,,
5WF,XSES,ISOTeam Ltd,Industrials,Engineering & Construction,,SGD,Current Ratio,,2.01,2.11,1.96,1.58,1.23,1.14,1.31,1.25,1.54,1.5,,
5WF,XSES,ISOTeam Ltd,Industrials,Engineering & Construction,,SGD,Quick Ratio,,1.98,1.93,1.89,1.45,1.13,1.05,1.21,1.11,1.41,1.4,,
5WF,XSES,ISOTeam Ltd,Industrials,Engineering & Construction,,SGD,Interest Coverage,,34.85,15.19,1.51,7.66,-11.48,-10.77,-6.43,1.25,4.34,4.46,,
5WF,XSES,ISOTeam Ltd,Industrials,Engineering & Construction,,SGD,Financial Leverage,,1.76,1.77,1.86,2.14,2.42,3.3,3.77,3.92,2.52,2.51,,
5WF,XSES,ISOTeam Ltd,Industrials,Engineering & Construction,,SGD,Debt/Equity,,0.07,0.23,0.25,0.22,0.26,0.63,0.88,0.65,0.3,0.21,,
5WF,XSES,ISOTeam Ltd,Industrials,Engineering & Construction,,SGD,Book Value/Share,,0.12,0.14,0.15,0.16,0.12,0.09,0.07,0.05,0.05,0.06,,
5WF,XSES,ISOTeam Ltd,Industrials,Engineering & Construction,,SGD,Cap Ex as a % of Sales,,7.68,17.37,6.86,1.02,0.65,1.12,0.79,1.07,0.9,0.27,,
5WH,XSES,Rex International Holding Ltd,Energy,Oil & Gas E&P,,SGD,Current Ratio,,5.84,17.16,2.20,3.64,2.06,3.29,1.67,1.57,2.29,0.62,,
5WH,XSES,Rex International Holding Ltd,Energy,Oil & Gas E&P,,SGD,Quick Ratio,,4.20,13.94,1.16,2.8,1.57,3.1,1.58,1.32,1.95,0.46,,
5WH,XSES,Rex International Holding Ltd,Energy,Oil & Gas E&P,,SGD,Interest Coverage,,-20.38,-10.18,9.41,11.08,-19.93,20.06,0.57,-1.44,0.71,-3.48,,
5WH,XSES,Rex International Holding Ltd,Energy,Oil & Gas E&P,,SGD,Financial Leverage,,1.30,1.19,1.76,1.28,1.53,2.91,3.79,5.81,9.17,-,,
5WH,XSES,Rex International Holding Ltd,Energy,Oil & Gas E&P,,SGD,Debt/Equity,,-,-,-,0.01,0.0,0.25,0.45,0.62,2.3,-,,
5WH,XSES,Rex International Holding Ltd,Energy,Oil & Gas E&P,,SGD,Book Value/Share,,0.15,0.13,0.12,0.15,0.12,0.16,0.19,0.18,0.1,0.03,,
5WH,XSES,Rex International Holding Ltd,Energy,Oil & Gas E&P,,SGD,Cap Ex as a % of Sales,,11526.29,5687.08,8831.70,16779.26,84.34,46.64,80.23,32.7,37.86,88.22,,
5WJ,XSES,Moneymax Financial Services Ltd,Consumer Cyclical,Specialty Retail,,SGD,Current Ratio,,1.41,1.35,1.32,1.3,1.33,1.3,1.22,1.15,1.15,1.38,,
5WJ,XSES,Moneymax Financial Services Ltd,Consumer Cyclical,Specialty Retail,,SGD,Quick Ratio,,1.23,1.14,1.12,1.12,1.1,0.96,0.97,0.99,1.01,1.19,,
5WJ,XSES,Moneymax Financial Services Ltd,Consumer Cyclical,Specialty Retail,,SGD,Interest Coverage,,3.05,2.72,2.09,2.57,4.27,3.69,3.04,2.32,2.69,3.83,,
5WJ,XSES,Moneymax Financial Services Ltd,Consumer Cyclical,Specialty Retail,,SGD,Financial Leverage,,3.48,3.64,3.75,3.91,3.93,4.58,4.8,5.09,5.03,4.88,,
5WJ,XSES,Moneymax Financial Services Ltd,Consumer Cyclical,Specialty Retail,,SGD,Debt/Equity,,0.02,0.04,0.01,0.24,0.69,1.07,1.03,0.85,0.59,0.88,,
5WJ,XSES,Moneymax Financial Services Ltd,Consumer Cyclical,Specialty Retail,,SGD,Book Value/Share,,0.07,0.08,0.08,0.09,0.09,0.12,0.14,0.15,0.18,0.23,,
5WJ,XSES,Moneymax Financial Services Ltd,Consumer Cyclical,Specialty Retail,,SGD,Cap Ex as a % of Sales,,1.53,2.05,1.33,0.34,1.74,1.32,1.91,1.1,0.51,0.3,,
5WV,XSES,AsiaPhos Ltd,Basic Materials,Other Industrial Metals & Mining,,SGD,Current Ratio,,0.77,5.84,9.29,9.15,8.02,0.57,0.46,1.12,4.04,3.07,,
5WV,XSES,AsiaPhos Ltd,Basic Materials,Other Industrial Metals & Mining,,SGD,Quick Ratio,,0.34,0.21,0.28,0.11,0.09,0.17,0.05,0.06,3.88,2.39,,
5WV,XSES,AsiaPhos Ltd,Basic Materials,Other Industrial Metals & Mining,,SGD,Interest Coverage,,-1.35,0.93,-29.55,-8.93,-5.74,-6.29,-4.63,-10.75,-9.49,-40.93,,
5WV,XSES,AsiaPhos Ltd,Basic Materials,Other Industrial Metals & Mining,,SGD,Financial Leverage,,1.69,1.52,1.51,1.55,1.58,6.43,19.95,9.03,1.36,1.50,,
5WV,XSES,AsiaPhos Ltd,Basic Materials,Other Industrial Metals & Mining,,SGD,Debt/Equity,,-,-,-,-,0.0,0.03,0.09,0.07,0.04,0.06,,
5WV,XSES,AsiaPhos Ltd,Basic Materials,Other Industrial Metals & Mining,,SGD,Book Value/Share,,0.09,0.09,0.08,0.07,0.07,0.06,0.0,0.0,0.0,0.00,,
5WV,XSES,AsiaPhos Ltd,Basic Materials,Other Industrial Metals & Mining,,SGD,Cap Ex as a % of Sales,,12.27,5.43,0.02,-,2.25,0.79,1.33,10.29,0.65,-,,
8A1,XSES,Heptamax International Ltd,Financial Services,Asset Management,,SGD,Current Ratio,,3.41,8.78,17.80,7.85,9.74,8.64,3.88,5.23,2.33,2.73,,
8A1,XSES,Heptamax International Ltd,Financial Services,Asset Management,,SGD,Quick Ratio,,3.38,8.65,17.54,7.33,9.69,8.52,3.81,4.90,2.31,2.59,,
8A1,XSES,Heptamax International Ltd,Financial Services,Asset Management,,SGD,Interest Coverage,,72719.25,-,-,-312.62,-76.83,-,-,-,-,-29.87,,
8A1,XSES,Heptamax International Ltd,Financial Services,Asset Management,,SGD,Financial Leverage,,1.41,1.11,1.05,1.15,1.25,1.32,1.11,1.23,1.71,13.0,,
8A1,XSES,Heptamax International Ltd,Financial Services,Asset Management,,SGD,Debt/Equity,,-,-,-,-,-,-,-,-,-,7.25,,
8A1,XSES,Heptamax International Ltd,Financial Services,Asset Management,,SGD,Book Value/Share,,0.20,0.21,0.22,0.19,0.07,0.06,0.06,0.02,0.02,0.0,,
8A1,XSES,Heptamax International Ltd,Financial Services,Asset Management,,SGD,Cap Ex as a % of Sales,,0.01,0.18,-,-,-,-,0.63,0.36,0.23,1.3,,
8A8,XSES,China Medical System Holdings Ltd,Healthcare,Drug Manufacturers - Specialty & Generic,,SGD,Current Ratio,,1.05,4.50,5.71,2.30,5.46,3.55,3.07,4.29,5.74,6.33,,
8A8,XSES,China Medical System Holdings Ltd,Healthcare,Drug Manufacturers - Specialty & Generic,,SGD,Quick Ratio,,0.85,3.66,4.78,1.96,4.88,3.21,2.81,3.91,5.10,5.6,,
8A8,XSES,China Medical System Holdings Ltd,Healthcare,Drug Manufacturers - Specialty & Generic,,SGD,Interest Coverage,,36.29,22.99,28.91,45.22,103.33,123.27,77.66,63.13,53.07,104.61,,
8A8,XSES,China Medical System Holdings Ltd,Healthcare,Drug Manufacturers - Specialty & Generic,,SGD,Financial Leverage,,1.58,1.40,1.26,1.18,1.15,1.24,1.22,1.14,1.11,1.1,,
8A8,XSES,China Medical System Holdings Ltd,Healthcare,Drug Manufacturers - Specialty & Generic,,SGD,Debt/Equity,,-,0.28,0.17,0.00,0.05,0.05,0.00,0.00,0.00,0.0,,
8A8,XSES,China Medical System Holdings Ltd,Healthcare,Drug Manufacturers - Specialty & Generic,,SGD,Book Value/Share,,-,-,-,-,-,-,-,-,-,1.28,,
8A8,XSES,China Medical System Holdings Ltd,Healthcare,Drug Manufacturers - Specialty & Generic,,SGD,Cap Ex as a % of Sales,,21.91,1.43,1.14,5.61,4.92,2.22,5.74,3.97,6.10,6.26,,
8AZ,XSES,Aztech Global Ltd Ordinary Shares,Technology,Electronic Components,,SGD,Current Ratio,,-,1.09,1.25,1.00,1.07,2.23,2.05,2.43,3.67,3.21,,
8AZ,XSES,Aztech Global Ltd Ordinary Shares,Technology,Electronic Components,,SGD,Quick Ratio,,-,0.75,0.89,0.82,0.83,1.92,1.69,2.08,3.36,2.94,,
8AZ,XSES,Aztech Global Ltd Ordinary Shares,Technology,Electronic Components,,SGD,Interest Coverage,,10.44,16.73,60.94,58.34,126.50,87.71,115.78,86.59,63.84,-,,
8AZ,XSES,Aztech Global Ltd Ordinary Shares,Technology,Electronic Components,,SGD,Financial Leverage,,-,5.56,3.53,7.08,7.21,1.77,1.91,1.73,1.39,1.47,,
8AZ,XSES,Aztech Global Ltd Ordinary Shares,Technology,Electronic Components,,SGD,Debt/Equity,,-,0.08,0.02,0.10,0.14,0.01,0.02,0.05,0.03,0.03,,
8AZ,XSES,Aztech Global Ltd Ordinary Shares,Technology,Electronic Components,,SGD,Book Value/Share,,-,-,-,-,-,0.32,0.4,0.4,0.46,0.35,,
8AZ,XSES,Aztech Global Ltd Ordinary Shares,Technology,Electronic Components,,SGD,Cap Ex as a % of Sales,,2.48,1.10,1.86,2.36,0.77,0.79,0.48,0.55,0.4,-,,
8C8U,XSES,Centurion Accommodation REIT,Real Estate,REIT - Hotel & Motel,,SGD,Current Ratio,,-,-,-,-,-,-,-,-,0.96,0.77,,
8C8U,XSES,Centurion Accommodation REIT,Real Estate,REIT - Hotel & Motel,,SGD,Quick Ratio,,-,-,-,-,-,-,-,-,0.94,0.75,,
8C8U,XSES,Centurion Accommodation REIT,Real Estate,REIT - Hotel & Motel,,SGD,Interest Coverage,,5.79,-,-,-,-,-,-,-,-,-,,
8C8U,XSES,Centurion Accommodation REIT,Real Estate,REIT - Hotel & Motel,,SGD,Financial Leverage,,-,-,-,-,-,-,-,-,1.33,1.34,,
8C8U,XSES,Centurion Accommodation REIT,Real Estate,REIT - Hotel & Motel,,SGD,Debt/Equity,,-,-,-,-,-,-,-,-,0.28,0.25,,
8C8U,XSES,Centurion Accommodation REIT,Real Estate,REIT - Hotel & Motel,,SGD,Book Value/Share,,-,-,-,-,-,-,-,-,-,0.84,,
8C8U,XSES,Centurion Accommodation REIT,Real Estate,REIT - Hotel & Motel,,SGD,Cap Ex as a % of Sales,,-,-,-,-,-,-,-,-,-,-,,
8K7,XSES,UG Healthcare Corp Ltd,Healthcare,Medical Instruments & Supplies,,SGD,Current Ratio,,2.48,1.57,1.54,1.33,1.5,3.2,5.74,4.88,3.83,2.7,,
8K7,XSES,UG Healthcare Corp Ltd,Healthcare,Medical Instruments & Supplies,,SGD,Quick Ratio,,1.32,0.96,0.92,0.58,0.8,1.99,3.71,2.83,1.98,1.29,,
8K7,XSES,UG Healthcare Corp Ltd,Healthcare,Medical Instruments & Supplies,,SGD,Interest Coverage,,43.44,6.17,7.66,2.71,10.1,264.91,61.57,-30.0,-6.09,-0.71,,
8K7,XSES,UG Healthcare Corp Ltd,Healthcare,Medical Instruments & Supplies,,SGD,Financial Leverage,,1.47,1.78,2.03,2.34,2.16,1.41,1.26,1.27,1.39,1.45,,
8K7,XSES,UG Healthcare Corp Ltd,Healthcare,Medical Instruments & Supplies,,SGD,Debt/Equity,,0.08,0.04,0.13,0.14,0.09,0.03,0.05,0.08,0.15,0.14,,
8K7,XSES,UG Healthcare Corp Ltd,Healthcare,Medical Instruments & Supplies,,SGD,Book Value/Share,,0.07,0.06,0.07,0.07,0.07,0.21,0.34,0.34,0.28,0.26,,
8K7,XSES,UG Healthcare Corp Ltd,Healthcare,Medical Instruments & Supplies,,SGD,Cap Ex as a % of Sales,,7.76,5.56,5.99,9.37,2.28,5.82,9.6,7.94,2.22,2.31,,
8YY,XSES,Embracing Future Holdings Ltd Ordinary Shares,Healthcare,Diagnostics & Research,,SGD,Current Ratio,,0.62,0.37,8.65,5.44,5.65,2.53,0.99,0.22,0.35,1.17,,
8YY,XSES,Embracing Future Holdings Ltd Ordinary Shares,Healthcare,Diagnostics & Research,,SGD,Quick Ratio,,0.43,0.25,7.80,4.41,4.78,1.75,0.94,0.14,0.3,1.09,,
8YY,XSES,Embracing Future Holdings Ltd Ordinary Shares,Healthcare,Diagnostics & Research,,SGD,Interest Coverage,,-3.70,-5.12,-9.86,-756.55,-35.81,-27.99,-57.63,-21.02,-80.72,-48.93,,
8YY,XSES,Embracing Future Holdings Ltd Ordinary Shares,Healthcare,Diagnostics & Research,,SGD,Financial Leverage,,-,-,1.13,1.24,2.27,4.9,-,-,2.7,3.32,,
8YY,XSES,Embracing Future Holdings Ltd Ordinary Shares,Healthcare,Diagnostics & Research,,SGD,Debt/Equity,,-,-,-,0.05,0.5,1.28,-,-,0.39,1.40,,
8YY,XSES,Embracing Future Holdings Ltd Ordinary Shares,Healthcare,Diagnostics & Research,,SGD,Book Value/Share,,-,-,-0.10,0.04,0.04,0.02,0.00,0.00,0.0,0.00,,
8YY,XSES,Embracing Future Holdings Ltd Ordinary Shares,Healthcare,Diagnostics & Research,,SGD,Cap Ex as a % of Sales,,29.18,21.05,16.28,47.71,5.05,24.28,3.74,-,0.77,-,,
8YZ,XSES,,,,,SGD,Current Ratio,,-,-,-,-,-,-,12.71,31.84,25.91,13.51,,
8YZ,XSES,,,,,SGD,Quick Ratio,,-,-,-,-,-,-,12.71,31.68,25.56,13.50,,
8YZ,XSES,,,,,SGD,Interest Coverage,,-,-,-,-,-,-,-,-,-,-,,
8YZ,XSES,,,,,SGD,Financial Leverage,,-,-,-,-,-,-,1.04,1.09,1.10,1.12,,
8YZ,XSES,,,,,SGD,Debt/Equity,,-,-,-,-,-,-,-,-,-,-,,
8YZ,XSES,,,,,SGD,Book Value/Share,,-,-,-,-,-,-,-,-,-,0.58,,
8YZ,XSES,,,,,SGD,Cap Ex as a % of Sales,,-,279.36,30.41,57.22,-,-,-,-,-,-,,
9A4U,XSES,ESR-REIT,Real Estate,REIT - Industrial,,SGD,Current Ratio,,1.63,0.18,0.09,0.1,0.1,0.22,0.36,0.22,0.64,0.63,,
9A4U,XSES,ESR-REIT,Real Estate,REIT - Industrial,,SGD,Quick Ratio,,0.3,0.07,0.06,0.08,0.08,0.12,0.15,0.18,0.44,0.09,,
9A4U,XSES,ESR-REIT,Real Estate,REIT - Industrial,,SGD,Interest Coverage,,1.37,1.07,-7.8,1.17,1.24,3.1,-2.25,0.44,0.06,1.58,,
9A4U,XSES,ESR-REIT,Real Estate,REIT - Industrial,,SGD,Financial Leverage,,1.65,1.82,1.87,1.95,1.99,1.9,2.06,1.85,2.29,2.33,,
9A4U,XSES,ESR-REIT,Real Estate,REIT - Industrial,,SGD,Debt/Equity,,0.62,0.55,0.6,0.76,0.76,0.69,0.86,0.71,1.08,0.86,,
9A4U,XSES,ESR-REIT,Real Estate,REIT - Industrial,,SGD,Book Value/Share,,6.57,6.19,3.36,4.9,4.45,4.19,4.07,3.75,3.29,3.22,,
9A4U,XSES,ESR-REIT,Real Estate,REIT - Industrial,,SGD,Cap Ex as a % of Sales,,4.99,8.9,3.38,7.28,4.76,11.8,28.72,24.21,7.07,10.34,,
9CI,XSES,CapitaLand Investment Ltd,Real Estate,Real Estate Services,,SGD,Current Ratio,,-,-,-,0.86,0.87,1.04,1.06,1.25,1.27,1.43,,
9CI,XSES,CapitaLand Investment Ltd,Real Estate,Real Estate Services,,SGD,Quick Ratio,,-,-,-,0.78,0.82,0.97,0.87,0.93,1.18,1.37,,
9CI,XSES,CapitaLand Investment Ltd,Real Estate,Real Estate Services,,SGD,Interest Coverage,,7.18,-0.48,6.54,4.21,1.79,2.35,1.87,-,-,-,,
9CI,XSES,CapitaLand Investment Ltd,Real Estate,Real Estate Services,,SGD,Financial Leverage,,-,-,-,2.99,3.11,2.29,2.26,2.38,1.82,1.92,,
9CI,XSES,CapitaLand Investment Ltd,Real Estate,Real Estate Services,,SGD,Debt/Equity,,-,-,-,1.10,1.19,0.67,0.73,0.80,0.51,0.62,,
9CI,XSES,CapitaLand Investment Ltd,Real Estate,Real Estate Services,,SGD,Book Value/Share,,-,-,-,-,-,2.44,3.08,2.92,2.77,2.52,,
9CI,XSES,CapitaLand Investment Ltd,Real Estate,Real Estate Services,,SGD,Cap Ex as a % of Sales,,2.93,2.22,1.83,5.42,0.83,0.67,0.56,-,-,-,,
9G2,XSES,Singapore Institute Of Advanced Medicine Holdings Ltd,Healthcare,Medical Care Facilities,,SGD,Current Ratio,,-,-,-,-,-,0.43,0.41,0.59,0.37,0.31,,
9G2,XSES,Singapore Institute Of Advanced Medicine Holdings Ltd,Healthcare,Medical Care Facilities,,SGD,Quick Ratio,,-,-,-,-,-,0.37,0.38,0.55,0.33,0.25,,
9G2,XSES,Singapore Institute Of Advanced Medicine Holdings Ltd,Healthcare,Medical Care Facilities,,SGD,Interest Coverage,,-6.87,-11.06,-,-2.24,-7.53,-,-,-,-,-,,
9G2,XSES,Singapore Institute Of Advanced Medicine Holdings Ltd,Healthcare,Medical Care Facilities,,SGD,Financial Leverage,,-,-,-,-,-,2.91,3.23,1.96,1.70,2.24,,
9G2,XSES,Singapore Institute Of Advanced Medicine Holdings Ltd,Healthcare,Medical Care Facilities,,SGD,Debt/Equity,,-,-,-,-,-,1.30,1.22,0.63,0.49,0.84,,
9G2,XSES,Singapore Institute Of Advanced Medicine Holdings Ltd,Healthcare,Medical Care Facilities,,SGD,Book Value/Share,,-,-,-,-,-,-,-,-,0.08,0.07,,
9G2,XSES,Singapore Institute Of Advanced Medicine Holdings Ltd,Healthcare,Medical Care Facilities,,SGD,Cap Ex as a % of Sales,,42.33,29.77,88.93,3.21,0.94,-,-,-,-,-,,
9I7,XSES,Bromat Holdings Ltd Ordinary Shares,Consumer Cyclical,Restaurants,,SGD,Current Ratio,2.03,3.19,2.25,3.91,3.36,1.36,0.78,0.07,0.26,0.37,,,
9I7,XSES,Bromat Holdings Ltd Ordinary Shares,Consumer Cyclical,Restaurants,,SGD,Quick Ratio,2.00,3.16,2.20,3.82,3.02,1.22,0.41,0.05,0.24,0.37,,,
9I7,XSES,Bromat Holdings Ltd Ordinary Shares,Consumer Cyclical,Restaurants,,SGD,Interest Coverage,-,-,3933.06,-26.20,-147.60,-24.44,-26.64,-24.35,-16.78,-26.95,,,
9I7,XSES,Bromat Holdings Ltd Ordinary Shares,Consumer Cyclical,Restaurants,,SGD,Financial Leverage,1.88,1.44,1.51,1.32,1.34,3.47,-,-,-,-,,,
9I7,XSES,Bromat Holdings Ltd Ordinary Shares,Consumer Cyclical,Restaurants,,SGD,Debt/Equity,-,-,0.01,-,-,0.83,-,-,-,-,,,
9I7,XSES,Bromat Holdings Ltd Ordinary Shares,Consumer Cyclical,Restaurants,,SGD,Book Value/Share,-,-,-,0.33,0.26,0.14,0.03,-,-,-0.03,,,
9I7,XSES,Bromat Holdings Ltd Ordinary Shares,Consumer Cyclical,Restaurants,,SGD,Cap Ex as a % of Sales,0.78,0.25,0.88,4.54,16.90,16.73,11.47,0.82,0.50,2.26,,,
9MT,XSES,MetaOptics Ltd,Technology,Computer Hardware,,SGD,Current Ratio,,-,-,-,-,-,-,0.28,0.23,1.99,6.79,,
9MT,XSES,MetaOptics Ltd,Technology,Computer Hardware,,SGD,Quick Ratio,,-,-,-,-,-,-,0.26,0.23,1.47,5.95,,
9MT,XSES,MetaOptics Ltd,Technology,Computer Hardware,,SGD,Interest Coverage,,-,-,-12.16,-29.79,-,-,-,-,-,-,,
9MT,XSES,MetaOptics Ltd,Technology,Computer Hardware,,SGD,Financial Leverage,,-,-,-,-,-,-,2.27,2.24,1.96,1.36,,
9MT,XSES,MetaOptics Ltd,Technology,Computer Hardware,,SGD,Debt/Equity,,-,-,-,-,-,-,-,-,0.00,-,,
9MT,XSES,MetaOptics Ltd,Technology,Computer Hardware,,SGD,Book Value/Share,,-,-,-,-,-,-,-,-,-,0.01,,
9MT,XSES,MetaOptics Ltd,Technology,Computer Hardware,,SGD,Cap Ex as a % of Sales,,356.97,-,-,-,-,-,-,-,-,-,,
9QX,XSES,Beverly Wilshire Ltd,Healthcare,Medical Care Facilities,,SGD,Current Ratio,,0.82,0.97,0.29,0.82,0.91,0.37,0.39,0.3,0.24,1.0,,
9QX,XSES,Beverly Wilshire Ltd,Healthcare,Medical Care Facilities,,SGD,Quick Ratio,,0.79,0.83,0.29,0.55,0.09,0.20,0.20,0.1,0.13,0.16,,
9QX,XSES,Beverly Wilshire Ltd,Healthcare,Medical Care Facilities,,SGD,Interest Coverage,,-72.08,-17.14,-2.05,-12.46,-28.48,-9.96,-8.87,-8.54,-36.94,1.6,,
9QX,XSES,Beverly Wilshire Ltd,Healthcare,Medical Care Facilities,,SGD,Financial Leverage,,4.38,-,-,2.41,3.86,-,-,53.54,-,5.57,,
9QX,XSES,Beverly Wilshire Ltd,Healthcare,Medical Care Facilities,,SGD,Debt/Equity,,0.37,-,-,0.35,0.8,-,-,8.79,-,1.06,,
9QX,XSES,Beverly Wilshire Ltd,Healthcare,Medical Care Facilities,,SGD,Book Value/Share,,0.3,0.01,-0.06,0.01,0.01,0.01,0.00,0.0,0.00,0.0,,
9QX,XSES,Beverly Wilshire Ltd,Healthcare,Medical Care Facilities,,SGD,Cap Ex as a % of Sales,,2.71,0.42,0.48,2.58,9.99,3.62,1.08,1.16,0.85,0.57,,
9VW,XSES,Spackman Entertainment Group Ltd,Communication Services,Entertainment,,SGD,Current Ratio,1.25,2.09,1.64,2.0,1.37,1.38,2.26,2.26,1.59,1.36,,,
9VW,XSES,Spackman Entertainment Group Ltd,Communication Services,Entertainment,,SGD,Quick Ratio,0.79,1.82,1.36,1.47,1.02,1.06,1.91,1.74,1.0,0.56,,,
9VW,XSES,Spackman Entertainment Group Ltd,Communication Services,Entertainment,,SGD,Interest Coverage,-13.74,-18.64,37.95,-4.4,-9.56,-72.99,16.88,-78.31,-75.82,6.09,,,
9VW,XSES,Spackman Entertainment Group Ltd,Communication Services,Entertainment,,SGD,Financial Leverage,3.8,1.75,1.6,1.27,1.38,1.57,1.31,1.29,1.29,1.24,,,
9VW,XSES,Spackman Entertainment Group Ltd,Communication Services,Entertainment,,SGD,Debt/Equity,0.13,0.15,0.1,0.06,0.06,0.07,0.01,0.02,0.02,0.05,,,
9VW,XSES,Spackman Entertainment Group Ltd,Communication Services,Entertainment,,SGD,Book Value/Share,4.41,4.98,6.18,6.57,6.02,3.48,2.02,2.18,1.73,1.25,,,
9VW,XSES,Spackman Entertainment Group Ltd,Communication Services,Entertainment,,SGD,Cap Ex as a % of Sales,15.7,2.75,4.7,10.89,4.46,0.88,131.13,8.42,6.51,16.5,,,
A04,XSES,ASL Marine Holdings Ltd,Industrials,Aerospace & Defense,,SGD,Current Ratio,,1.05,1.15,1.32,0.92,1.01,1.0,0.84,0.6,0.68,1.12,,
A04,XSES,ASL Marine Holdings Ltd,Industrials,Aerospace & Defense,,SGD,Quick Ratio,,0.44,0.51,0.62,0.46,0.57,0.53,0.41,0.4,0.35,0.54,,
A04,XSES,ASL Marine Holdings Ltd,Industrials,Aerospace & Defense,,SGD,Interest Coverage,,1.03,-2.69,-1.81,-4.83,0.18,-0.63,-0.32,1.24,1.47,1.88,,
A04,XSES,ASL Marine Holdings Ltd,Industrials,Aerospace & Defense,,SGD,Financial Leverage,,3.04,3.05,3.45,4.75,5.14,6.2,8.51,7.61,5.8,4.47,,
A04,XSES,ASL Marine Holdings Ltd,Industrials,Aerospace & Defense,,SGD,Debt/Equity,,0.55,0.84,1.28,2.02,2.41,2.96,3.88,3.1,1.14,1.29,,
A04,XSES,ASL Marine Holdings Ltd,Industrials,Aerospace & Defense,,SGD,Book Value/Share,,1.01,0.7,0.57,0.44,0.23,0.17,0.12,0.1,0.09,0.1,,
A04,XSES,ASL Marine Holdings Ltd,Industrials,Aerospace & Defense,,SGD,Cap Ex as a % of Sales,,26.66,8.61,11.23,3.41,4.25,9.79,7.74,4.79,6.86,8.17,,
A17U,XSES,CapitaLand Ascendas REIT Units,Real Estate,REIT - Industrial,,SGD,Current Ratio,0.31,0.13,0.09,0.07,0.12,0.42,0.26,0.28,0.23,0.23,,,
A17U,XSES,CapitaLand Ascendas REIT Units,Real Estate,REIT - Industrial,,SGD,Quick Ratio,0.12,0.06,0.05,0.04,0.09,0.37,0.24,0.21,0.18,0.17,,,
A17U,XSES,CapitaLand Ascendas REIT Units,Real Estate,REIT - Industrial,,SGD,Interest Coverage,6.63,4.99,5.10,5.67,5.21,4.18,7.51,5.57,1.64,3.78,,,
A17U,XSES,CapitaLand Ascendas REIT Units,Real Estate,REIT - Industrial,,SGD,Financial Leverage,1.63,1.71,1.61,1.59,1.64,1.65,1.73,1.74,1.79,1.77,,,
A17U,XSES,CapitaLand Ascendas REIT Units,Real Estate,REIT - Industrial,,SGD,Debt/Equity,0.41,0.43,0.41,0.40,0.50,0.53,0.53,0.58,0.59,0.60,,,
A17U,XSES,CapitaLand Ascendas REIT Units,Real Estate,REIT - Industrial,,SGD,Book Value/Share,1.99,2.0,2.03,2.13,2.14,2.05,2.34,2.46,2.39,2.33,,,
A17U,XSES,CapitaLand Ascendas REIT Units,Real Estate,REIT - Industrial,,SGD,Cap Ex as a % of Sales,0.21,0.02,-,-,-,-,-,-,-,-,,,
A30,XSES,Aspial Corp Ltd,Consumer Cyclical,Luxury Goods,,SGD,Current Ratio,,2.7,2.04,2.12,1.27,1.55,1.34,1.51,1.51,1.37,1.41,,
A30,XSES,Aspial Corp Ltd,Consumer Cyclical,Luxury Goods,,SGD,Quick Ratio,,1.05,0.73,0.81,0.5,0.54,0.51,0.65,0.78,0.83,1.0,,
A30,XSES,Aspial Corp Ltd,Consumer Cyclical,Luxury Goods,,SGD,Interest Coverage,,1.21,1.61,2.97,1.96,2.61,1.19,0.92,0.65,1.61,2.48,,
A30,XSES,Aspial Corp Ltd,Consumer Cyclical,Luxury Goods,,SGD,Financial Leverage,,5.52,5.94,5.46,5.51,4.67,4.58,5.17,3.83,4.38,5.06,,
A30,XSES,Aspial Corp Ltd,Consumer Cyclical,Luxury Goods,,SGD,Debt/Equity,,2.4,2.1,1.99,1.03,1.3,1.05,1.57,0.89,0.78,1.04,,
A30,XSES,Aspial Corp Ltd,Consumer Cyclical,Luxury Goods,,SGD,Book Value/Share,,0.17,0.17,0.18,0.17,0.16,0.16,0.16,0.13,0.19,0.18,,
A30,XSES,Aspial Corp Ltd,Consumer Cyclical,Luxury Goods,,SGD,Cap Ex as a % of Sales,,3.9,8.24,2.29,5.42,6.73,8.7,3.99,2.22,2.96,4.4,,
A31,XSES,Addvalue Technologies Ltd,Technology,Communication Equipment,,SGD,Current Ratio,,0.54,0.92,1.02,0.59,0.95,0.92,0.54,1.4,1.29,1.27,,
A31,XSES,Addvalue Technologies Ltd,Technology,Communication Equipment,,SGD,Quick Ratio,,0.27,0.34,0.32,0.13,0.7,0.67,0.23,0.52,0.43,0.45,,
A31,XSES,Addvalue Technologies Ltd,Technology,Communication Equipment,,SGD,Interest Coverage,,-5.73,-6.28,-62.4,-5.4,2.77,-2.66,-5.62,-6.18,1.48,4.76,,
A31,XSES,Addvalue Technologies Ltd,Technology,Communication Equipment,,SGD,Financial Leverage,,2.69,1.46,1.91,2.63,2.48,2.57,6.13,2.8,3.57,3.08,,
A31,XSES,Addvalue Technologies Ltd,Technology,Communication Equipment,,SGD,Debt/Equity,,0.0,0.01,0.02,0.02,0.04,0.02,0.01,0.61,0.72,0.44,,
A31,XSES,Addvalue Technologies Ltd,Technology,Communication Equipment,,SGD,Book Value/Share,,0.01,0.01,0.01,0.01,0.0,0.0,0.0,0.0,0.0,0.0,,
A31,XSES,Addvalue Technologies Ltd,Technology,Communication Equipment,,SGD,Cap Ex as a % of Sales,,1.81,26.82,86.44,69.31,25.71,67.11,38.44,21.53,7.08,10.85,,
A33,XSES,Southern Archipelago Ltd,Industrials,Specialty Business Services,,SGD,Current Ratio,,2.19,1.53,2.52,2.99,0.84,0.79,1.0,0.88,0.26,0.19,,
A33,XSES,Southern Archipelago Ltd,Industrials,Specialty Business Services,,SGD,Quick Ratio,,0.37,0.29,0.48,0.68,0.74,0.22,0.98,0.85,0.2,0.1,,
A33,XSES,Southern Archipelago Ltd,Industrials,Specialty Business Services,,SGD,Interest Coverage,,1663.92,-30.81,2.76,3.88,1.41,-19.85,1.27,3.39,1.87,-0.74,,
A33,XSES,Southern Archipelago Ltd,Industrials,Specialty Business Services,,SGD,Financial Leverage,,2.5,4.51,3.68,3.44,3.71,8.83,4.72,3.18,4.44,12.45,,
A33,XSES,Southern Archipelago Ltd,Industrials,Specialty Business Services,,SGD,Debt/Equity,,0.01,0.26,1.51,1.43,1.68,0.02,0.33,0.35,0.98,3.41,,
A33,XSES,Southern Archipelago Ltd,Industrials,Specialty Business Services,,SGD,Book Value/Share,,0.0,0.0,0.0,0.0,0.0,0.0,0.0,0.0,0.0,0.0,,
A33,XSES,Southern Archipelago Ltd,Industrials,Specialty Business Services,,SGD,Cap Ex as a % of Sales,,16.44,16.78,12.86,11.74,4.66,3.61,28.36,25.68,105.76,60.6,,
A50,XSES,Thomson Medical Group Ltd,Healthcare,Medical Care Facilities,,SGD,Current Ratio,,8.3,1.66,1.41,-,-,3.01,0.95,3.67,1.08,1.19,,
A50,XSES,Thomson Medical Group Ltd,Healthcare,Medical Care Facilities,,SGD,Quick Ratio,,2.4,0.38,0.4,-,-,1.72,0.63,2.85,0.68,0.62,,
A50,XSES,Thomson Medical Group Ltd,Healthcare,Medical Care Facilities,,SGD,Interest Coverage,,-9.18,-6.71,2.29,2.18,3.95,2.81,1.59,0.32,-,-,,
A50,XSES,Thomson Medical Group Ltd,Healthcare,Medical Care Facilities,,SGD,Financial Leverage,,1.4,1.5,2.09,-,-,2.62,2.57,2.9,3.61,3.79,,
A50,XSES,Thomson Medical Group Ltd,Healthcare,Medical Care Facilities,,SGD,Debt/Equity,,0.29,0.06,0.48,-,-,1.28,0.77,1.49,1.85,2.02,,
A50,XSES,Thomson Medical Group Ltd,Healthcare,Medical Care Facilities,,SGD,Book Value/Share,,0.1,0.08,0.03,-,-,0.02,0.02,0.02,0.02,0.02,,
A50,XSES,Thomson Medical Group Ltd,Healthcare,Medical Care Facilities,,SGD,Cap Ex as a % of Sales,,2.36,15.08,11.29,15.65,8.43,3.59,8.65,6.76,-,-,,
A52,XSES,AnnAik Ltd,Basic Materials,Steel,,SGD,Current Ratio,,1.89,1.55,1.5,1.64,1.83,1.96,2.22,2.4,2.64,3.03,,
A52,XSES,AnnAik Ltd,Basic Materials,Steel,,SGD,Quick Ratio,,0.96,0.73,0.73,0.95,1.09,0.93,1.24,1.27,1.52,1.86,,
A52,XSES,AnnAik Ltd,Basic Materials,Steel,,SGD,Interest Coverage,,-3.32,4.23,2.45,3.92,2.54,5.5,8.03,4.99,4.66,3.25,,
A52,XSES,AnnAik Ltd,Basic Materials,Steel,,SGD,Financial Leverage,,1.92,1.93,1.96,2.07,2.2,2.22,1.95,1.85,1.79,1.72,,
A52,XSES,AnnAik Ltd,Basic Materials,Steel,,SGD,Debt/Equity,,0.33,0.3,0.3,0.31,0.41,0.35,0.26,0.22,0.19,0.17,,
A52,XSES,AnnAik Ltd,Basic Materials,Steel,,SGD,Book Value/Share,,0.22,0.21,0.23,0.19,0.2,0.21,0.22,0.22,0.22,0.22,,
A52,XSES,AnnAik Ltd,Basic Materials,Steel,,SGD,Cap Ex as a % of Sales,,12.69,6.63,4.09,10.81,3.73,5.05,4.48,4.76,2.85,3.52,,
A55,XSES,Asia Enterprises Holding Ltd,Basic Materials,Steel,,SGD,Current Ratio,,23.20,17.15,17.66,18.69,20.71,11.68,7.34,19.93,33.2,43.02,,
A55,XSES,Asia Enterprises Holding Ltd,Basic Materials,Steel,,SGD,Quick Ratio,,19.44,14.06,13.47,14.77,16.89,8.3,4.63,14.06,25.71,34.98,,
A55,XSES,Asia Enterprises Holding Ltd,Basic Materials,Steel,,SGD,Interest Coverage,,-,615.50,-,2.74,2.48,12.25,17.09,25.28,3.07,5.57,,
A55,XSES,Asia Enterprises Holding Ltd,Basic Materials,Steel,,SGD,Financial Leverage,,1.11,1.12,1.11,1.15,1.16,1.18,1.24,1.15,1.13,1.12,,
A55,XSES,Asia Enterprises Holding Ltd,Basic Materials,Steel,,SGD,Debt/Equity,,-,-,-,0.1,0.1,0.09,0.09,0.08,0.08,0.08,,
A55,XSES,Asia Enterprises Holding Ltd,Basic Materials,Steel,,SGD,Book Value/Share,,0.27,0.27,0.27,0.27,0.28,0.27,0.28,0.29,0.29,0.27,,
A55,XSES,Asia Enterprises Holding Ltd,Basic Materials,Steel,,SGD,Cap Ex as a % of Sales,,51.34,5.00,0.36,0.13,0.07,0.56,0.31,0.54,0.21,1.34,,
A7RU,XSES,,,,,SGD,Current Ratio,,0.55,0.53,0.42,0.6,0.96,2.36,0.93,2.04,1.72,0.93,,
A7RU,XSES,,,,,SGD,Quick Ratio,,0.4,0.38,0.31,0.45,0.75,1.87,0.67,1.44,1.11,0.69,,
A7RU,XSES,,,,,SGD,Interest Coverage,,1.07,1.15,0.98,1.15,0.68,1.54,1.22,1.74,1.42,1.64,,
A7RU,XSES,,,,,SGD,Financial Leverage,,3.28,3.43,3.62,3.08,3.42,2.63,3.82,3.77,3.67,4.0,,
A7RU,XSES,,,,,SGD,Debt/Equity,,1.05,1.16,0.95,0.7,1.29,1.13,1.55,1.99,1.87,1.55,,
A7RU,XSES,,,,,SGD,Book Value/Share,,0.31,0.3,0.27,0.33,0.31,0.34,0.33,0.3,0.23,0.27,,
A7RU,XSES,,,,,SGD,Cap Ex as a % of Sales,,3.17,0.27,1.33,2.13,1.87,2.45,2.21,2.69,4.02,5.98,,
AAJ,XSES,Sunmoon Food Co Ltd,Consumer Defensive,Food Distribution,,SGD,Current Ratio,,-,-,2.12,1.44,1.79,2.06,2.10,1.68,3.47,3.02,,
AAJ,XSES,Sunmoon Food Co Ltd,Consumer Defensive,Food Distribution,,SGD,Quick Ratio,,-,-,1.73,1.32,1.42,1.56,1.51,1.02,2.08,2.28,,
AAJ,XSES,Sunmoon Food Co Ltd,Consumer Defensive,Food Distribution,,SGD,Interest Coverage,,-819.67,-480.67,-,10.85,-27.27,-75.17,5.60,-50.59,-,-,,
AAJ,XSES,Sunmoon Food Co Ltd,Consumer Defensive,Food Distribution,,SGD,Financial Leverage,,-,-,1.89,4.1,2.27,1.95,1.90,2.35,1.38,1.46,,
AAJ,XSES,Sunmoon Food Co Ltd,Consumer Defensive,Food Distribution,,SGD,Debt/Equity,,-,-,0.00,0.0,0.00,0.01,0.00,0.00,0.01,0.00,,
AAJ,XSES,Sunmoon Food Co Ltd,Consumer Defensive,Food Distribution,,SGD,Book Value/Share,,-,-,0.03,0.01,0.01,-,-,0.01,0.01,0.01,,
AAJ,XSES,Sunmoon Food Co Ltd,Consumer Defensive,Food Distribution,,SGD,Cap Ex as a % of Sales,,0.03,0.01,0.02,0.06,-,0.02,0.24,-,-,-,,
AAPL,XNAS,,,,,USD,Current Ratio,,1.35,1.28,1.12,1.54,1.36,1.07,0.88,0.99,0.87,0.89,,
AAPL,XNAS,,,,,USD,Quick Ratio,,1.22,1.09,0.99,1.38,1.22,0.91,0.71,0.84,0.75,0.77,,
AAPL,XNAS,,,,,USD,Interest Coverage,,43.15,28.59,23.5,19.38,24.35,42.29,41.64,29.92,-,-,,
AAPL,XNAS,,,,,USD,Financial Leverage,,2.51,2.8,3.41,3.74,4.96,5.56,6.96,5.67,6.41,4.87,,
AAPL,XNAS,,,,,USD,Debt/Equity,,0.59,0.73,0.87,1.01,1.64,1.89,2.17,1.71,1.51,1.06,,
AAPL,XNAS,,,,,USD,Book Value/Share,,5.93,6.46,6.04,5.43,4.26,3.91,3.64,3.88,4.41,4.46,,
AAPL,XNAS,,,,,USD,Cap Ex as a % of Sales,,6.28,5.58,5.01,4.03,2.66,3.03,2.72,2.86,2.42,3.06,,
ADN,XSES,First Sponsor Group Ltd,Real Estate,Real Estate - Development,,SGD,Current Ratio,,2.62,3.15,2.77,1.58,1.72,1.59,1.33,1.53,1.79,1.95,,
ADN,XSES,First Sponsor Group Ltd,Real Estate,Real Estate - Development,,SGD,Quick Ratio,,1.63,2.12,1.72,0.95,1.12,1.02,0.59,0.63,0.72,0.58,,
ADN,XSES,First Sponsor Group Ltd,Real Estate,Real Estate - Development,,SGD,Interest Coverage,,25.97,20.77,25.68,11.56,6.6,8.13,5.34,1.36,2.26,-0.01,,
ADN,XSES,First Sponsor Group Ltd,Real Estate,Real Estate - Development,,SGD,Financial Leverage,,1.75,1.95,1.82,1.76,2.05,2.31,2.4,2.35,2.17,2.25,,
ADN,XSES,First Sponsor Group Ltd,Real Estate,Real Estate - Development,,SGD,Debt/Equity,,0.34,0.56,0.49,0.28,0.41,0.54,0.55,0.56,0.52,0.68,,
ADN,XSES,First Sponsor Group Ltd,Real Estate,Real Estate - Development,,SGD,Book Value/Share,,1.44,1.61,1.94,1.86,1.86,1.94,2.03,1.58,1.76,1.98,,
ADN,XSES,First Sponsor Group Ltd,Real Estate,Real Estate - Development,,SGD,Cap Ex as a % of Sales,,37.6,1.67,0.15,11.74,8.09,1.34,2.85,12.05,3.31,6.98,,
AGS,XSES,The Hour Glass Ltd,Consumer Cyclical,Luxury Goods,,SGD,Current Ratio,,4.87,4.32,4.68,6.65,3.24,2.56,2.47,2.52,3.01,3.49,,
AGS,XSES,The Hour Glass Ltd,Consumer Cyclical,Luxury Goods,,SGD,Quick Ratio,,1.22,1.34,1.92,2.69,1.33,1.27,1.4,1.2,1.36,1.31,,
AGS,XSES,The Hour Glass Ltd,Consumer Cyclical,Luxury Goods,,SGD,Interest Coverage,,40.56,40.15,52.11,98.14,28.36,33.27,56.17,38.27,31.63,24.5,,
AGS,XSES,The Hour Glass Ltd,Consumer Cyclical,Luxury Goods,,SGD,Financial Leverage,,1.29,1.25,1.23,1.16,1.41,1.43,1.45,1.36,1.33,1.27,,
AGS,XSES,The Hour Glass Ltd,Consumer Cyclical,Luxury Goods,,SGD,Debt/Equity,,0.06,-,-,-,0.13,0.1,0.1,0.06,0.07,0.07,,
AGS,XSES,The Hour Glass Ltd,Consumer Cyclical,Luxury Goods,,SGD,Book Value/Share,,0.6,0.65,0.70,0.76,0.84,0.9,0.99,1.08,1.23,1.36,,
AGS,XSES,The Hour Glass Ltd,Consumer Cyclical,Luxury Goods,,SGD,Cap Ex as a % of Sales,,1.54,1.35,0.94,2.65,2.18,1.7,1.27,8.37,1.72,2.4,,
AIY,XSES,iFAST Corp Ltd Shs Reg S,Technology,Software - Application,,SGD,Current Ratio,,5.02,2.76,1.8,1.91,1.43,1.79,1.49,1.2,1.14,1.07,,
AIY,XSES,iFAST Corp Ltd Shs Reg S,Technology,Software - Application,,SGD,Quick Ratio,,4.91,2.72,1.78,1.88,1.41,1.75,1.47,1.19,1.13,1.07,,
AIY,XSES,iFAST Corp Ltd Shs Reg S,Technology,Software - Application,,SGD,Interest Coverage,,3230.44,6172.93,71.55,9.74,32.26,64.74,10.02,5.8,3.57,3.24,,
AIY,XSES,iFAST Corp Ltd Shs Reg S,Technology,Software - Application,,SGD,Financial Leverage,,1.21,1.44,1.85,1.75,2.44,1.75,2.06,3.33,5.38,6.11,,
AIY,XSES,iFAST Corp Ltd Shs Reg S,Technology,Software - Application,,SGD,Debt/Equity,,0.0,0.0,0.0,0.12,0.12,0.06,0.02,0.06,0.39,0.36,,
AIY,XSES,iFAST Corp Ltd Shs Reg S,Technology,Software - Application,,SGD,Book Value/Share,,0.29,0.3,0.32,0.33,0.37,0.45,0.76,0.8,0.99,1.22,,
AIY,XSES,iFAST Corp Ltd Shs Reg S,Technology,Software - Application,,SGD,Cap Ex as a % of Sales,,8.32,7.06,7.79,9.66,7.19,9.05,7.31,9.01,7.55,6.99,,
AJ2,XSES,Ouhua Energy Holdings Ltd,Utilities,Utilities - Regulated Gas,,SGD,Current Ratio,0.80,0.92,1.21,1.14,1.17,1.23,1.32,1.33,1.2,1.11,,,
AJ2,XSES,Ouhua Energy Holdings Ltd,Utilities,Utilities - Regulated Gas,,SGD,Quick Ratio,0.56,0.40,0.51,0.46,0.41,0.75,0.54,0.39,0.78,0.5,,,
AJ2,XSES,Ouhua Energy Holdings Ltd,Utilities,Utilities - Regulated Gas,,SGD,Interest Coverage,2.84,3.31,3.6,3.55,2.37,2.04,5.18,5.39,2.38,-2.57,,,
AJ2,XSES,Ouhua Energy Holdings Ltd,Utilities,Utilities - Regulated Gas,,SGD,Financial Leverage,6.38,4.79,3.44,2.70,2.9,3.05,2.74,2.82,3.43,4.13,,,
AJ2,XSES,Ouhua Energy Holdings Ltd,Utilities,Utilities - Regulated Gas,,SGD,Debt/Equity,-,-,0.35,-,0.08,0.12,0.03,0.1,0.15,0.25,,,
AJ2,XSES,Ouhua Energy Holdings Ltd,Utilities,Utilities - Regulated Gas,,SGD,Book Value/Share,0.03,0.05,0.08,-,0.08,0.08,0.12,0.12,0.13,0.14,,,
AJ2,XSES,Ouhua Energy Holdings Ltd,Utilities,Utilities - Regulated Gas,,SGD,Cap Ex as a % of Sales,0.17,0.06,0.12,0.20,0.11,0.11,0.42,0.69,0.49,0.01,,,
AJBU,XSES,Keppel DC REIT,Real Estate,REIT - Office,,SGD,Current Ratio,,9.63,3.35,1.17,2.59,1.3,1.19,1.07,1.41,1.16,1.42,,
AJBU,XSES,Keppel DC REIT,Real Estate,REIT - Office,,SGD,Quick Ratio,,8.86,2.81,0.95,2.32,1.27,1.13,1.04,1.39,1.1,1.21,,
AJBU,XSES,Keppel DC REIT,Real Estate,REIT - Office,,SGD,Interest Coverage,,5.65,6.52,10.24,9.54,16.24,28.78,10.04,3.12,6.42,10.56,,
AJBU,XSES,Keppel DC REIT,Real Estate,REIT - Office,,SGD,Financial Leverage,,1.47,1.62,1.56,1.57,1.72,1.65,1.7,1.73,1.64,1.65,,
AJBU,XSES,Keppel DC REIT,Real Estate,REIT - Office,,SGD,Debt/Equity,,0.43,0.53,0.4,0.47,0.54,0.5,0.54,0.61,0.48,0.5,,
AJBU,XSES,Keppel DC REIT,Real Estate,REIT - Office,,SGD,Book Value/Share,,0.67,0.93,0.99,0.97,1.15,1.13,1.34,1.37,1.07,1.46,,
AJBU,XSES,Keppel DC REIT,Real Estate,REIT - Office,,SGD,Cap Ex as a % of Sales,,8.94,5.56,18.06,21.53,22.43,28.62,14.22,9.4,11.41,8.82,,
AMZN,XNAS,,,,,USD,Current Ratio,,1.04,1.04,1.1,1.1,1.05,1.14,0.94,1.05,1.06,1.05,,
AMZN,XNAS,,,,,USD,Quick Ratio,,0.78,0.76,0.85,0.86,0.86,0.91,0.72,0.84,0.87,0.88,,
AMZN,XNAS,,,,,USD,Interest Coverage,,9.04,5.49,8.95,9.74,15.68,22.09,-1.51,12.8,29.52,43.79,,
AMZN,XNAS,,,,,USD,Financial Leverage,,4.32,4.74,3.73,3.63,3.44,3.04,3.17,2.61,2.19,1.99,,
AMZN,XNAS,,,,,USD,Debt/Equity,,0.79,1.37,0.91,1.02,0.9,0.84,0.96,0.67,0.46,0.37,,
AMZN,XNAS,,,,,USD,Book Value/Share,,1.86,2.55,3.98,5.67,8.23,11.84,13.42,17.62,24.46,34.45,,
AMZN,XNAS,,,,,USD,Cap Ex as a % of Sales,,4.95,6.72,5.77,6.01,10.4,12.99,12.38,9.17,13.01,18.39,,
AOF,XSES,Amplefield Ltd,Real Estate,Real Estate - Diversified,,SGD,Current Ratio,,1.01,5.50,2.73,2.92,1.63,2.1,1.33,1.13,1.23,1.19,,
AOF,XSES,Amplefield Ltd,Real Estate,Real Estate - Diversified,,SGD,Quick Ratio,,1.01,5.13,2.37,2.92,1.63,0.51,0.48,0.58,0.94,0.92,,
AOF,XSES,Amplefield Ltd,Real Estate,Real Estate - Diversified,,SGD,Interest Coverage,,11.21,-0.86,4.55,10.66,6.82,16.76,-31.88,-6.26,4.39,4.47,,
AOF,XSES,Amplefield Ltd,Real Estate,Real Estate - Diversified,,SGD,Financial Leverage,,1.74,2.74,1.34,1.16,1.16,1.28,1.36,1.37,1.24,1.22,,
AOF,XSES,Amplefield Ltd,Real Estate,Real Estate - Diversified,,SGD,Debt/Equity,,0.13,0.08,0.02,0.01,0.0,0.0,0.0,0.0,0.0,0.01,,
AOF,XSES,Amplefield Ltd,Real Estate,Real Estate - Diversified,,SGD,Book Value/Share,,0.1,0.11,0.07,0.07,0.08,0.08,0.07,0.06,0.06,0.06,,
AOF,XSES,Amplefield Ltd,Real Estate,Real Estate - Diversified,,SGD,Cap Ex as a % of Sales,,8.59,-,3.04,0.27,1.01,4.49,61.62,5.42,3.98,16.8,,
AP4,XSES,Riverstone Holdings Ltd,Healthcare,Medical Instruments & Supplies,,SGD,Current Ratio,,3.21,3.02,2.57,3.1,3.9,6.43,12.03,12.98,7.49,9.23,,
AP4,XSES,Riverstone Holdings Ltd,Healthcare,Medical Instruments & Supplies,,SGD,Quick Ratio,,2.44,2.24,1.83,2.27,3.44,5.78,10.92,11.77,6.57,8.16,,
AP4,XSES,Riverstone Holdings Ltd,Healthcare,Medical Instruments & Supplies,,SGD,Interest Coverage,,138849.00,146.28,160.7,235.59,2371.01,12391.59,18131.65,8217.18,7632.64,13224.75,,
AP4,XSES,Riverstone Holdings Ltd,Healthcare,Medical Instruments & Supplies,,SGD,Financial Leverage,,1.20,1.23,1.23,1.18,1.24,1.16,1.09,1.09,1.13,1.11,,
AP4,XSES,Riverstone Holdings Ltd,Healthcare,Medical Instruments & Supplies,,SGD,Debt/Equity,,-,0.03,0.02,0.01,0.0,-,-,0.0,-,-,,
AP4,XSES,Riverstone Holdings Ltd,Healthcare,Medical Instruments & Supplies,,SGD,Book Value/Share,,0.11,0.14,0.15,0.17,0.2,0.46,0.42,0.34,0.33,0.32,,
AP4,XSES,Riverstone Holdings Ltd,Healthcare,Medical Instruments & Supplies,,SGD,Cap Ex as a % of Sales,,14.85,13.61,13.7,7.78,5.52,5.07,10.59,5.65,7.44,8.42,,
AU8U,XSES,CapitaLand China Trust Units Real Estate Investment Trust,Real Estate,REIT - Retail,,SGD,Current Ratio,,1.31,2.03,1.12,0.9,1.4,0.73,0.52,1.18,0.75,0.96,,
AU8U,XSES,CapitaLand China Trust Units Real Estate Investment Trust,Real Estate,REIT - Retail,,SGD,Quick Ratio,,1.26,1.74,1.12,0.63,0.86,0.73,0.52,0.73,0.74,0.93,,
AU8U,XSES,CapitaLand China Trust Units Real Estate Investment Trust,Real Estate,REIT - Retail,,SGD,Interest Coverage,,8.09,9.83,8.22,7.58,1.96,5.83,4.78,2.34,1.75,2.05,,
AU8U,XSES,CapitaLand China Trust Units Real Estate Investment Trust,Real Estate,REIT - Retail,,SGD,Financial Leverage,,1.94,1.72,1.92,2.03,1.84,2.07,2.17,2.34,2.33,2.31,,
AU8U,XSES,CapitaLand China Trust Units Real Estate Investment Trust,Real Estate,REIT - Retail,,SGD,Debt/Equity,,0.68,0.48,0.56,0.64,0.52,0.66,0.67,0.85,0.81,0.82,,
AU8U,XSES,CapitaLand China Trust Units Real Estate Investment Trust,Real Estate,REIT - Retail,,SGD,Book Value/Share,,1.55,1.51,1.56,1.54,1.33,1.49,1.57,1.39,1.24,1.1,,
AU8U,XSES,CapitaLand China Trust Units Real Estate Investment Trust,Real Estate,REIT - Retail,,SGD,Cap Ex as a % of Sales,,9.84,6.61,5.12,8.92,12.89,7.34,10.12,10.37,5.05,5.59,,
AVGO,XNAS,,,,,USD,Current Ratio,,2.31,6.26,3.9,1.44,1.87,2.64,2.62,2.82,1.17,1.71,,
AVGO,XNAS,,,,,USD,Quick Ratio,,1.71,5.4,3.29,1.21,1.56,2.27,2.18,2.34,0.94,1.53,,
AVGO,XNAS,,,,,USD,Interest Coverage,,-0.89,5.02,8.24,2.54,2.37,4.59,8.16,10.31,3.51,8.08,,
AVGO,XNAS,,,,,USD,Financial Leverage,,2.64,2.68,1.88,2.71,3.18,3.03,3.23,3.04,2.45,2.1,,
AVGO,XNAS,,,,,USD,Debt/Equity,,0.7,0.86,0.66,1.2,1.69,1.58,1.72,1.57,0.98,0.76,,
AVGO,XNAS,,,,,USD,Book Value/Share,,4.89,4.84,6.64,5.42,5.82,5.89,4.99,5.33,14.06,15.52,,
AVGO,XNAS,,,,,USD,Cap Ex as a % of Sales,,5.46,6.06,3.05,1.91,1.94,1.61,1.28,1.26,1.06,0.98,,
AVP,XSES,AvePoint Inc Ordinary Shares - Class A,Technology,Software - Infrastructure,,SGD,Current Ratio,,-,-,-,-,1.31,3.01,2.15,1.84,1.77,2.28,,
AVP,XSES,AvePoint Inc Ordinary Shares - Class A,Technology,Software - Infrastructure,,SGD,Quick Ratio,,-,-,-,-,1.28,2.93,2.08,1.77,1.70,2.21,,
AVP,XSES,AvePoint Inc Ordinary Shares - Class A,Technology,Software - Infrastructure,,SGD,Interest Coverage,,-,-,-,-,-,-,-,-,-,-,,
AVP,XSES,AvePoint Inc Ordinary Shares - Class A,Technology,Software - Infrastructure,,SGD,Financial Leverage,,-,-,-,-,-,1.55,1.81,2.10,1.93,1.65,,
AVP,XSES,AvePoint Inc Ordinary Shares - Class A,Technology,Software - Infrastructure,,SGD,Debt/Equity,,-,-,-,-,-,-,0.05,0.04,0.04,0.02,,
AVP,XSES,AvePoint Inc Ordinary Shares - Class A,Technology,Software - Infrastructure,,SGD,Book Value/Share,,-,-,-,-,-,-,-,-,-,2.79,,
AVP,XSES,AvePoint Inc Ordinary Shares - Class A,Technology,Software - Infrastructure,,SGD,Cap Ex as a % of Sales,,0.68,1.28,2.35,1.30,1.29,1.27,-,-,-,-,,
AVX,XSES,HL Global Enterprises Ltd,Consumer Cyclical,Lodging,,SGD,Current Ratio,,6.84,7.21,6.23,21.42,29.37,29.78,27.64,27.96,34.62,33.7,,
AVX,XSES,HL Global Enterprises Ltd,Consumer Cyclical,Lodging,,SGD,Quick Ratio,,5.70,6.69,5.81,20.17,27.61,27.98,26.04,26.51,32.89,31.98,,
AVX,XSES,HL Global Enterprises Ltd,Consumer Cyclical,Lodging,,SGD,Interest Coverage,,1.22,107.49,20.32,99.4,36.57,-327.0,106.9,213.5,452.5,100.69,,
AVX,XSES,HL Global Enterprises Ltd,Consumer Cyclical,Lodging,,SGD,Financial Leverage,,-,1.18,1.14,1.04,1.03,1.03,1.03,1.03,1.03,1.03,,
AVX,XSES,HL Global Enterprises Ltd,Consumer Cyclical,Lodging,,SGD,Debt/Equity,,-,0.03,-,0.0,0.0,0.0,0.0,0.0,0.0,0.0,,
AVX,XSES,HL Global Enterprises Ltd,Consumer Cyclical,Lodging,,SGD,Book Value/Share,,-0.06,-0.06,0.82,0.83,0.8,0.82,0.82,0.81,0.83,0.85,,
AVX,XSES,HL Global Enterprises Ltd,Consumer Cyclical,Lodging,,SGD,Cap Ex as a % of Sales,,3.95,2.94,5.01,2.89,18.76,36.53,1.72,6.63,6.92,4.63,,
AW9U,XSES,First Real Estate Investment Trust Units Real Estate Investment Trust,Real Estate,REIT - Healthcare Facilities,,SGD,Current Ratio,,0.27,0.19,0.43,1.93,0.29,0.68,2.45,2.71,2.33,0.24,,
AW9U,XSES,First Real Estate Investment Trust Units Real Estate Investment Trust,Real Estate,REIT - Healthcare Facilities,,SGD,Quick Ratio,,0.25,0.17,0.4,1.86,0.29,0.66,2.41,2.63,2.28,0.23,,
AW9U,XSES,First Real Estate Investment Trust Units Real Estate Investment Trust,Real Estate,REIT - Healthcare Facilities,,SGD,Interest Coverage,,5.00,6.95,5.53,5.31,-23.35,7.41,4.69,5.34,3.77,3.67,,
AW9U,XSES,First Real Estate Investment Trust Units Real Estate Investment Trust,Real Estate,REIT - Healthcare Facilities,,SGD,Financial Leverage,,1.60,1.67,1.66,1.67,2.17,1.61,1.80,1.8,1.84,1.94,,
AW9U,XSES,First Real Estate Investment Trust Units Real Estate Investment Trust,Real Estate,REIT - Healthcare Facilities,,SGD,Debt/Equity,,0.32,0.33,0.45,0.57,0.63,0.38,0.68,0.68,0.72,0.35,,
AW9U,XSES,First Real Estate Investment Trust Units Real Estate Investment Trust,Real Estate,REIT - Healthcare Facilities,,SGD,Book Value/Share,,1.00,0.98,0.99,0.99,0.94,0.39,-,0.32,0.3,0.28,,
AW9U,XSES,First Real Estate Investment Trust Units Real Estate Investment Trust,Real Estate,REIT - Healthcare Facilities,,SGD,Cap Ex as a % of Sales,,-,-,0.06,-,-,-,3.87,4.53,5.81,3.73,,
AWC,XSES,Brook Crompton Holdings Ltd,Industrials,Electrical Equipment & Parts,,SGD,Current Ratio,,3.18,3.39,3.62,3.97,3.98,3.52,2.9,3.04,3.09,2.77,,
AWC,XSES,Brook Crompton Holdings Ltd,Industrials,Electrical Equipment & Parts,,SGD,Quick Ratio,,1.79,2.09,2.27,2.52,2.6,2.35,1.51,1.73,1.83,1.55,,
AWC,XSES,Brook Crompton Holdings Ltd,Industrials,Electrical Equipment & Parts,,SGD,Interest Coverage,,57.45,57.05,53.56,29.01,29.23,47.59,42.19,58.39,27.75,26.84,,
AWC,XSES,Brook Crompton Holdings Ltd,Industrials,Electrical Equipment & Parts,,SGD,Financial Leverage,,1.42,1.42,1.38,1.45,1.44,1.45,1.55,1.54,1.57,1.61,,
AWC,XSES,Brook Crompton Holdings Ltd,Industrials,Electrical Equipment & Parts,,SGD,Debt/Equity,,0.0,0.0,0.0,0.1,0.08,0.06,0.06,0.07,0.05,0.05,,
AWC,XSES,Brook Crompton Holdings Ltd,Industrials,Electrical Equipment & Parts,,SGD,Book Value/Share,,0.72,0.85,0.88,0.98,1.02,1.1,1.13,1.21,1.26,1.29,,
AWC,XSES,Brook Crompton Holdings Ltd,Industrials,Electrical Equipment & Parts,,SGD,Cap Ex as a % of Sales,,0.14,0.39,0.19,0.14,0.26,0.17,0.56,0.22,1.1,4.72,,
AWG,XSES,Ascent Bridge Ltd,Basic Materials,Aluminum,,SGD,Current Ratio,,7.10,7.21,12.23,7.44,3.46,6.2,-,-,4.29,3.59,,
AWG,XSES,Ascent Bridge Ltd,Basic Materials,Aluminum,,SGD,Quick Ratio,,6.04,6.0,11.3,6.62,2.3,4.99,-,-,1.26,0.96,,
AWG,XSES,Ascent Bridge Ltd,Basic Materials,Aluminum,,SGD,Interest Coverage,,-,-86.55,-63.89,-11.07,-12.79,130.38,-127.81,-152.45,-,-,,
AWG,XSES,Ascent Bridge Ltd,Basic Materials,Aluminum,,SGD,Financial Leverage,,1.25,1.18,1.12,1.34,1.4,1.23,-,-,1.14,1.13,,
AWG,XSES,Ascent Bridge Ltd,Basic Materials,Aluminum,,SGD,Debt/Equity,,0.12,0.08,0.05,0.21,0.05,0.04,-,-,0.01,0.01,,
AWG,XSES,Ascent Bridge Ltd,Basic Materials,Aluminum,,SGD,Book Value/Share,,1.73,1.58,0.97,0.91,0.8,0.99,-,-,0.37,0.26,,
AWG,XSES,Ascent Bridge Ltd,Basic Materials,Aluminum,,SGD,Cap Ex as a % of Sales,,46.62,4.31,2.17,3.42,3.08,1.07,0.70,-,-,-,,
AWI,XSES,Thakral Corp Ltd,Consumer Cyclical,Specialty Retail,,SGD,Current Ratio,,1.46,1.9,1.15,1.3,1.08,1.12,1.08,0.85,1.01,1.36,,
AWI,XSES,Thakral Corp Ltd,Consumer Cyclical,Specialty Retail,,SGD,Quick Ratio,,0.6,1.41,0.72,1.07,0.65,0.62,0.74,0.47,0.65,0.97,,
AWI,XSES,Thakral Corp Ltd,Consumer Cyclical,Specialty Retail,,SGD,Interest Coverage,,1.79,8.43,7.31,8.34,10.32,16.48,16.66,7.92,10.92,55.24,,
AWI,XSES,Thakral Corp Ltd,Consumer Cyclical,Specialty Retail,,SGD,Financial Leverage,,2.48,1.93,2.08,2.06,2.1,2.24,2.27,2.2,2.2,1.85,,
AWI,XSES,Thakral Corp Ltd,Consumer Cyclical,Specialty Retail,,SGD,Debt/Equity,,0.25,0.11,0.15,0.1,0.09,0.09,0.06,0.07,0.15,0.1,,
AWI,XSES,Thakral Corp Ltd,Consumer Cyclical,Specialty Retail,,SGD,Book Value/Share,,0.75,0.98,1.0,1.02,1.07,1.15,1.1,1.18,1.2,2.14,,
AWI,XSES,Thakral Corp Ltd,Consumer Cyclical,Specialty Retail,,SGD,Cap Ex as a % of Sales,,0.16,0.33,0.67,0.21,0.23,0.29,0.18,0.65,0.25,0.47,,
AWK,XSES,Fuxing China Group Ltd,Consumer Cyclical,Apparel Manufacturing,,SGD,Current Ratio,,0.89,0.86,0.82,0.79,1.70,1.53,1.57,1.76,1.84,2.50,,
AWK,XSES,Fuxing China Group Ltd,Consumer Cyclical,Apparel Manufacturing,,SGD,Quick Ratio,,0.72,0.62,0.49,0.49,1.06,0.90,1.14,1.08,1.31,1.86,,
AWK,XSES,Fuxing China Group Ltd,Consumer Cyclical,Apparel Manufacturing,,SGD,Interest Coverage,,-4.40,2.79,1.79,-2.06,-10.11,6.43,3.63,0.33,1.36,4.80,,
AWK,XSES,Fuxing China Group Ltd,Consumer Cyclical,Apparel Manufacturing,,SGD,Financial Leverage,,2.26,2.15,1.95,1.96,1.82,1.79,1.65,1.56,1.57,1.39,,
AWK,XSES,Fuxing China Group Ltd,Consumer Cyclical,Apparel Manufacturing,,SGD,Debt/Equity,,-,-,-,-,-,-,-,-,-,-,,
AWK,XSES,Fuxing China Group Ltd,Consumer Cyclical,Apparel Manufacturing,,SGD,Book Value/Share,,8.58,7.91,7.55,7.28,7.26,6.06,6.25,6.24,6.31,5.12,,
AWK,XSES,Fuxing China Group Ltd,Consumer Cyclical,Apparel Manufacturing,,SGD,Cap Ex as a % of Sales,,2.17,1.62,3.68,4.84,7.01,17.50,4.47,1.17,2.06,2.55,,
AWM,XSES,Shanghai Turbo Enterprises Ltd,Industrials,Specialty Industrial Machinery,,SGD,Current Ratio,4.65,3.94,2.58,2.15,1.37,0.88,0.98,0.88,0.96,,,,
AWM,XSES,Shanghai Turbo Enterprises Ltd,Industrials,Specialty Industrial Machinery,,SGD,Quick Ratio,3.97,3.34,2.43,2.04,1.21,0.67,0.78,0.51,0.55,,,,
AWM,XSES,Shanghai Turbo Enterprises Ltd,Industrials,Specialty Industrial Machinery,,SGD,Interest Coverage,-,23.07,-1590.96,-9.88,-37.94,-17.72,-5.53,-6.17,4.04,,,,
AWM,XSES,Shanghai Turbo Enterprises Ltd,Industrials,Specialty Industrial Machinery,,SGD,Financial Leverage,1.19,1.21,1.23,1.33,1.35,1.64,2.01,4.41,4.21,,,,
AWM,XSES,Shanghai Turbo Enterprises Ltd,Industrials,Specialty Industrial Machinery,,SGD,Debt/Equity,-,-,-,-,-,-,-,-,-,,,,
AWM,XSES,Shanghai Turbo Enterprises Ltd,Industrials,Specialty Industrial Machinery,,SGD,Book Value/Share,2.61,2.53,2.14,-,-,0.53,0.42,0.29,0.23,,,,
AWM,XSES,Shanghai Turbo Enterprises Ltd,Industrials,Specialty Industrial Machinery,,SGD,Cap Ex as a % of Sales,8.00,23.61,0.33,7.11,5.27,0.17,4.46,0.39,3.07,,,,
AWV,XSES,Captii Ltd,Communication Services,Telecom Services,,SGD,Current Ratio,,2.42,2.05,2.23,2.91,3.94,3.31,4.46,4.82,5.45,6.3,,
AWV,XSES,Captii Ltd,Communication Services,Telecom Services,,SGD,Quick Ratio,,2.22,1.74,1.81,2.29,3.27,2.51,3.38,3.53,4.22,4.98,,
AWV,XSES,Captii Ltd,Communication Services,Telecom Services,,SGD,Interest Coverage,,-,-,137.15,26.41,22.56,96.92,-56.43,-402.14,-272.35,-83.22,,
AWV,XSES,Captii Ltd,Communication Services,Telecom Services,,SGD,Financial Leverage,,1.39,1.46,1.43,1.33,1.29,1.37,1.36,1.33,1.32,1.33,,
AWV,XSES,Captii Ltd,Communication Services,Telecom Services,,SGD,Debt/Equity,,-,-,-,-,0.02,0.01,0.0,0.01,0.02,0.01,,
AWV,XSES,Captii Ltd,Communication Services,Telecom Services,,SGD,Book Value/Share,,1.04,1.14,1.20,1.29,1.24,1.32,1.63,1.41,1.02,0.95,,
AWV,XSES,Captii Ltd,Communication Services,Telecom Services,,SGD,Cap Ex as a % of Sales,,4.10,4.92,3.48,3.98,3.75,1.56,2.39,2.67,3.92,4.49,,
AWX,XSES,AEM Holdings Ltd,Technology,Semiconductor Equipment & Materials,,SGD,Current Ratio,,2.33,1.81,2.49,2.21,2.4,2.34,3.51,2.8,3.26,4.55,,
AWX,XSES,AEM Holdings Ltd,Technology,Semiconductor Equipment & Materials,,SGD,Quick Ratio,,1.34,1.19,1.82,1.55,1.66,1.45,1.27,0.88,1.22,2.12,,
AWX,XSES,AEM Holdings Ltd,Technology,Semiconductor Equipment & Materials,,SGD,Interest Coverage,,291.05,996.57,1000.2,399.34,509.06,65.28,59.91,2.09,4.07,9.61,,
AWX,XSES,AEM Holdings Ltd,Technology,Semiconductor Equipment & Materials,,SGD,Financial Leverage,,1.6,2.02,1.52,1.7,1.59,1.77,1.66,1.51,1.39,1.26,,
AWX,XSES,AEM Holdings Ltd,Technology,Semiconductor Equipment & Materials,,SGD,Debt/Equity,,0.0,-,0.0,0.0,0.03,0.15,0.27,0.09,0.03,0.02,,
AWX,XSES,AEM Holdings Ltd,Technology,Semiconductor Equipment & Materials,,SGD,Book Value/Share,,0.1,0.19,0.31,0.42,0.67,0.79,1.5,1.57,1.51,1.52,,
AWX,XSES,AEM Holdings Ltd,Technology,Semiconductor Equipment & Materials,,SGD,Cap Ex as a % of Sales,,0.87,1.11,1.8,1.02,1.01,2.97,3.16,5.36,6.36,5.3,,
AWZ,XSES,Multi-Chem Ltd,Technology,Electronics & Computer Distribution,,SGD,Current Ratio,,1.94,1.8,1.77,1.66,1.76,1.73,1.68,1.54,1.61,1.64,,
AWZ,XSES,Multi-Chem Ltd,Technology,Electronics & Computer Distribution,,SGD,Quick Ratio,,1.55,1.5,1.46,1.33,1.42,1.34,1.23,1.1,1.21,1.29,,
AWZ,XSES,Multi-Chem Ltd,Technology,Electronics & Computer Distribution,,SGD,Interest Coverage,,34.03,41.04,22.98,16.77,67.56,110.94,57.01,44.33,25.68,10.08,,
AWZ,XSES,Multi-Chem Ltd,Technology,Electronics & Computer Distribution,,SGD,Financial Leverage,,2.0,2.28,2.33,2.57,2.39,2.29,2.4,2.65,2.61,2.56,,
AWZ,XSES,Multi-Chem Ltd,Technology,Electronics & Computer Distribution,,SGD,Debt/Equity,,0.02,0.01,0.01,0.03,0.02,0.03,0.01,0.01,0.01,0.0,,
AWZ,XSES,Multi-Chem Ltd,Technology,Electronics & Computer Distribution,,SGD,Book Value/Share,,1.02,1.08,1.08,1.14,1.25,1.35,1.51,1.54,1.57,1.66,,
AWZ,XSES,Multi-Chem Ltd,Technology,Electronics & Computer Distribution,,SGD,Cap Ex as a % of Sales,,0.69,0.4,1.1,0.31,0.27,0.19,0.19,0.05,0.08,0.09,,
AYN,XSES,Global Testing Corp Ltd,Technology,Semiconductor Equipment & Materials,,SGD,Current Ratio,,1.90,2.00,1.3,1.06,1.57,2.16,2.72,2.6,2.97,2.67,,
AYN,XSES,Global Testing Corp Ltd,Technology,Semiconductor Equipment & Materials,,SGD,Quick Ratio,,1.90,2.00,1.3,1.06,1.57,2.16,2.72,2.6,2.97,2.67,,
AYN,XSES,Global Testing Corp Ltd,Technology,Semiconductor Equipment & Materials,,SGD,Interest Coverage,,176.50,149.39,-29.46,-12.15,3.42,120.08,1515.13,779.4,452.42,1715.33,,
AYN,XSES,Global Testing Corp Ltd,Technology,Semiconductor Equipment & Materials,,SGD,Financial Leverage,,1.17,1.16,1.29,1.3,1.25,1.27,1.22,1.24,1.22,1.26,,
AYN,XSES,Global Testing Corp Ltd,Technology,Semiconductor Equipment & Materials,,SGD,Debt/Equity,,-,-,0.05,0.02,0.02,0.0,0.0,0.0,0.0,0.0,,
AYN,XSES,Global Testing Corp Ltd,Technology,Semiconductor Equipment & Materials,,SGD,Book Value/Share,,1.91,1.64,1.38,1.14,1.1,1.21,1.49,1.66,1.79,1.94,,
AYN,XSES,Global Testing Corp Ltd,Technology,Semiconductor Equipment & Materials,,SGD,Cap Ex as a % of Sales,,25.03,23.49,10.59,15.95,14.19,14.24,16.91,13.31,16.21,13.2,,
AYV,XSES,Acma Ltd,Consumer Cyclical,Auto Parts,,SGD,Current Ratio,,1.37,1.4,1.3,1.08,1.07,1.05,1.02,1.1,1.38,1.14,,
AYV,XSES,Acma Ltd,Consumer Cyclical,Auto Parts,,SGD,Quick Ratio,,1.09,1.07,0.76,0.65,0.57,0.46,0.51,0.13,1.09,0.54,,
AYV,XSES,Acma Ltd,Consumer Cyclical,Auto Parts,,SGD,Interest Coverage,,4.88,1.17,-3.08,-5.92,-3.56,-6.29,1.03,-2.07,-0.44,-31.79,,
AYV,XSES,Acma Ltd,Consumer Cyclical,Auto Parts,,SGD,Financial Leverage,,2.25,2.77,3.03,4.99,5.69,6.44,8.77,15.87,4.62,12.45,,
AYV,XSES,Acma Ltd,Consumer Cyclical,Auto Parts,,SGD,Debt/Equity,,0.02,0.05,0.06,0.59,0.72,0.7,0.8,0.19,0.06,0.06,,
AYV,XSES,Acma Ltd,Consumer Cyclical,Auto Parts,,SGD,Book Value/Share,,0.72,0.74,0.73,0.46,0.29,0.18,0.12,0.09,0.05,0.03,,
AYV,XSES,Acma Ltd,Consumer Cyclical,Auto Parts,,SGD,Cap Ex as a % of Sales,,1.47,2.36,1.17,1.12,0.73,0.89,0.81,2.14,1.92,1.54,,
AZA,XSES,IPC Corp Ltd,Real Estate,Real Estate Services,,SGD,Current Ratio,,3.58,5.68,4.81,9.16,2.94,4.2,2.95,5.74,8.53,3.15,,
AZA,XSES,IPC Corp Ltd,Real Estate,Real Estate Services,,SGD,Quick Ratio,,1.12,1.39,1.46,2.37,1.11,1.07,0.44,0.15,0.27,2.38,,
AZA,XSES,IPC Corp Ltd,Real Estate,Real Estate Services,,SGD,Interest Coverage,,-16.68,-6.13,44.25,-27.0,-44.49,-14.48,-21.12,-0.61,22.52,9.02,,
AZA,XSES,IPC Corp Ltd,Real Estate,Real Estate Services,,SGD,Financial Leverage,,1.15,1.13,1.11,1.12,1.18,1.14,1.17,1.19,1.22,1.29,,
AZA,XSES,IPC Corp Ltd,Real Estate,Real Estate Services,,SGD,Debt/Equity,,0.04,0.06,0.04,0.09,0.06,0.07,0.09,0.0,0.11,0.12,,
AZA,XSES,IPC Corp Ltd,Real Estate,Real Estate Services,,SGD,Book Value/Share,,1.04,0.98,0.87,1.19,0.79,0.71,0.63,0.44,0.5,0.54,,
AZA,XSES,IPC Corp Ltd,Real Estate,Real Estate Services,,SGD,Cap Ex as a % of Sales,,2.45,-,3.99,4.68,2.25,10.1,0.13,1.01,58.26,32.47,,
B28,XSES,Bonvests Holdings Ltd,Consumer Cyclical,Lodging,,SGD,Current Ratio,,0.84,0.59,0.33,0.38,0.36,0.2,0.39,0.42,0.27,0.28,,
B28,XSES,Bonvests Holdings Ltd,Consumer Cyclical,Lodging,,SGD,Quick Ratio,,0.75,0.45,0.28,0.29,0.25,0.14,0.27,0.27,0.17,0.2,,
B28,XSES,Bonvests Holdings Ltd,Consumer Cyclical,Lodging,,SGD,Interest Coverage,,12.56,5.0,3.57,2.1,-4.46,2.6,3.34,1.65,1.45,3.27,,
B28,XSES,Bonvests Holdings Ltd,Consumer Cyclical,Lodging,,SGD,Financial Leverage,,1.34,1.35,1.46,1.54,1.58,1.57,1.54,1.55,1.54,1.52,,
B28,XSES,Bonvests Holdings Ltd,Consumer Cyclical,Lodging,,SGD,Debt/Equity,,0.13,0.15,0.08,0.22,0.29,0.09,0.29,0.33,0.19,0.17,,
B28,XSES,Bonvests Holdings Ltd,Consumer Cyclical,Lodging,,SGD,Book Value/Share,,2.19,2.21,2.19,2.18,2.16,2.06,2.11,2.1,2.08,2.04,,
B28,XSES,Bonvests Holdings Ltd,Consumer Cyclical,Lodging,,SGD,Cap Ex as a % of Sales,,12.47,32.51,24.46,10.65,16.41,20.78,7.99,11.07,5.26,4.48,,
B49,XSES,World Precision Machinery Ltd,Industrials,Specialty Industrial Machinery,,SGD,Current Ratio,,1.31,1.37,1.26,1.26,1.62,1.47,1.48,1.25,1.05,0.99,,
B49,XSES,World Precision Machinery Ltd,Industrials,Specialty Industrial Machinery,,SGD,Quick Ratio,,0.56,0.46,0.43,0.46,0.61,0.99,1.0,0.89,0.73,0.64,,
B49,XSES,World Precision Machinery Ltd,Industrials,Specialty Industrial Machinery,,SGD,Interest Coverage,,6.28,13.63,5.54,11.0,26.83,34.72,9.44,2.52,1.37,-5.97,,
B49,XSES,World Precision Machinery Ltd,Industrials,Specialty Industrial Machinery,,SGD,Financial Leverage,,1.48,1.42,1.47,1.46,1.55,1.77,1.75,2.07,2.19,2.12,,
B49,XSES,World Precision Machinery Ltd,Industrials,Specialty Industrial Machinery,,SGD,Debt/Equity,,-,-,-,0.0,0.0,0.01,0.01,0.1,0.02,0.1,,
B49,XSES,World Precision Machinery Ltd,Industrials,Specialty Industrial Machinery,,SGD,Book Value/Share,,0.53,0.54,0.54,0.52,0.55,0.63,0.57,0.5,0.42,0.41,,
B49,XSES,World Precision Machinery Ltd,Industrials,Specialty Industrial Machinery,,SGD,Cap Ex as a % of Sales,,5.55,12.00,10.49,12.69,6.8,7.55,6.89,4.43,3.79,2.04,,
B58,XSES,Banyan Tree Holdings Ltd,Consumer Cyclical,Resorts & Casinos,,SGD,Current Ratio,,2.32,1.5,1.31,1.06,0.95,1.1,1.17,1.17,1.07,1.13,,
B58,XSES,Banyan Tree Holdings Ltd,Consumer Cyclical,Resorts & Casinos,,SGD,Quick Ratio,,0.64,0.73,0.64,0.41,0.24,0.61,0.65,0.58,0.46,0.43,,
B58,XSES,Banyan Tree Holdings Ltd,Consumer Cyclical,Resorts & Casinos,,SGD,Interest Coverage,,1.02,1.8,1.51,1.52,-1.83,-0.3,1.06,2.91,3.16,4.0,,
B58,XSES,Banyan Tree Holdings Ltd,Consumer Cyclical,Resorts & Casinos,,SGD,Financial Leverage,,2.85,2.8,2.53,2.59,2.79,2.92,2.8,2.51,2.46,2.54,,
B58,XSES,Banyan Tree Holdings Ltd,Consumer Cyclical,Resorts & Casinos,,SGD,Debt/Equity,,0.83,0.62,0.51,0.47,0.57,0.54,0.55,0.46,0.41,0.4,,
B58,XSES,Banyan Tree Holdings Ltd,Consumer Cyclical,Resorts & Casinos,,SGD,Book Value/Share,,0.67,0.7,0.77,0.75,0.75,0.6,0.56,0.56,0.78,0.84,,
B58,XSES,Banyan Tree Holdings Ltd,Consumer Cyclical,Resorts & Casinos,,SGD,Cap Ex as a % of Sales,,5.26,4.26,8.59,15.08,6.13,3.05,7.02,8.47,9.14,10.24,,
B61,XSES,Bukit Sembawang Estates Ltd,Real Estate,Real Estate - Development,,SGD,Current Ratio,,8.93,10.08,13.77,19.23,10.09,14.47,24.27,13.12,19.03,17.85,,
B61,XSES,Bukit Sembawang Estates Ltd,Real Estate,Real Estate - Development,,SGD,Quick Ratio,,2.85,2.83,0.39,2.3,2.1,6.26,8.79,1.87,7.25,9.89,,
B61,XSES,Bukit Sembawang Estates Ltd,Real Estate,Real Estate - Development,,SGD,Interest Coverage,,-,-,1985.61,29.11,10.29,39.99,23.68,16.43,353.86,773.11,,
B61,XSES,Bukit Sembawang Estates Ltd,Real Estate,Real Estate - Development,,SGD,Financial Leverage,,1.13,1.11,1.06,1.37,1.39,1.31,1.13,1.07,1.05,1.06,,
B61,XSES,Bukit Sembawang Estates Ltd,Real Estate,Real Estate - Development,,SGD,Debt/Equity,,-,-,-,0.28,0.26,0.23,0.09,0.0,0.0,0.0,,
B61,XSES,Bukit Sembawang Estates Ltd,Real Estate,Real Estate - Development,,SGD,Book Value/Share,,4.96,4.92,4.73,5.08,5.17,5.29,5.61,5.61,5.69,5.95,,
B61,XSES,Bukit Sembawang Estates Ltd,Real Estate,Real Estate - Development,,SGD,Cap Ex as a % of Sales,,0.04,0.11,1.13,7.26,0.31,0.1,0.09,0.23,0.02,0.03,,
BAC,XSES,Camsing Healthcare Ltd,Consumer Defensive,Food Distribution,,SGD,Current Ratio,,3.17,2.58,2.85,1.53,0.47,0.46,0.30,0.22,0.11,0.32,,
BAC,XSES,Camsing Healthcare Ltd,Consumer Defensive,Food Distribution,,SGD,Quick Ratio,,0.43,1.75,1.86,1.03,0.24,0.18,0.11,0.07,0.02,0.05,,
BAC,XSES,Camsing Healthcare Ltd,Consumer Defensive,Food Distribution,,SGD,Interest Coverage,,-11.92,2.27,3.35,-72.83,-17.13,-3.68,-7.03,-3.98,-3.79,-6.94,,
BAC,XSES,Camsing Healthcare Ltd,Consumer Defensive,Food Distribution,,SGD,Financial Leverage,,1.41,1.49,1.42,2.1,-,-,-,-,-,-,,
BAC,XSES,Camsing Healthcare Ltd,Consumer Defensive,Food Distribution,,SGD,Debt/Equity,,0.04,0.0,0.0,0.0,-,-,-,-,-,-,,
BAC,XSES,Camsing Healthcare Ltd,Consumer Defensive,Food Distribution,,SGD,Book Value/Share,,0.42,0.28,0.35,0.32,-,-,-,-,-,-,,
BAC,XSES,Camsing Healthcare Ltd,Consumer Defensive,Food Distribution,,SGD,Cap Ex as a % of Sales,,2.41,2.13,5.51,7.2,2.50,0.11,0.60,2.51,0.12,4.06,,
BAI,XSES,Digilife Technologies Ltd,Communication Services,Telecom Services,,SGD,Current Ratio,3.07,3.30,2.14,2.37,2.2,2.79,3.91,3.60,6.73,5.35,,,
BAI,XSES,Digilife Technologies Ltd,Communication Services,Telecom Services,,SGD,Quick Ratio,2.02,2.36,1.24,1.74,1.32,1.64,2.22,1.69,4.27,2.74,,,
BAI,XSES,Digilife Technologies Ltd,Communication Services,Telecom Services,,SGD,Interest Coverage,1.93,6.83,6.23,10.46,5.82,-8.33,-,-,19.12,-10.73,,,
BAI,XSES,Digilife Technologies Ltd,Communication Services,Telecom Services,,SGD,Financial Leverage,1.45,1.40,1.67,1.62,1.68,1.5,1.35,1.38,1.21,1.23,,,
BAI,XSES,Digilife Technologies Ltd,Communication Services,Telecom Services,,SGD,Debt/Equity,0.0,-,0.0,0.05,0.05,0.04,0.01,0.01,0.01,0.0,,,
BAI,XSES,Digilife Technologies Ltd,Communication Services,Telecom Services,,SGD,Book Value/Share,4.07,3.78,3.7,3.57,3.46,3.31,2.62,2.61,2.33,2.38,,,
BAI,XSES,Digilife Technologies Ltd,Communication Services,Telecom Services,,SGD,Cap Ex as a % of Sales,0.15,0.59,1.85,0.14,0.08,0.17,0.24,-,0.27,4.1,,,
BAZ,XSES,Lion Asiapac Ltd,Basic Materials,Building Materials,,SGD,Current Ratio,,1.58,37.92,24.83,28.32,25.06,25.83,17.1,11.11,5.35,5.56,,
BAZ,XSES,Lion Asiapac Ltd,Basic Materials,Building Materials,,SGD,Quick Ratio,,1.42,34.95,23.10,26.57,23.8,24.1,15.79,9.95,4.58,3.64,,
BAZ,XSES,Lion Asiapac Ltd,Basic Materials,Building Materials,,SGD,Interest Coverage,,-,3137.8,-,-,7.6,11.45,-13.85,-30.22,5.61,-4.07,,
BAZ,XSES,Lion Asiapac Ltd,Basic Materials,Building Materials,,SGD,Financial Leverage,,1.57,1.03,1.04,1.04,1.06,1.06,1.08,1.11,1.26,1.23,,
BAZ,XSES,Lion Asiapac Ltd,Basic Materials,Building Materials,,SGD,Debt/Equity,,-,0.0,-,-,0.02,0.02,0.02,0.02,0.02,0.0,,
BAZ,XSES,Lion Asiapac Ltd,Basic Materials,Building Materials,,SGD,Book Value/Share,,0.88,0.81,1.02,0.97,0.96,0.91,0.93,0.77,0.71,0.74,,
BAZ,XSES,Lion Asiapac Ltd,Basic Materials,Building Materials,,SGD,Cap Ex as a % of Sales,,3.31,1.46,7.39,0.78,2.69,4.4,0.92,1.37,1.47,4.49,,
BBP,XSES,Hor Kew Corp Ltd,Industrials,Engineering & Construction,,SGD,Current Ratio,,1.71,1.16,1.1,1.03,0.81,1.21,0.9,1.32,1.41,1.33,,
BBP,XSES,Hor Kew Corp Ltd,Industrials,Engineering & Construction,,SGD,Quick Ratio,,1.06,0.76,0.69,0.66,0.5,0.71,0.59,0.84,1.17,0.61,,
BBP,XSES,Hor Kew Corp Ltd,Industrials,Engineering & Construction,,SGD,Interest Coverage,,2.21,-1.88,-18.83,1.25,1.21,4.93,2.6,3.71,8.06,8.87,,
BBP,XSES,Hor Kew Corp Ltd,Industrials,Engineering & Construction,,SGD,Financial Leverage,,1.91,1.86,2.84,2.83,2.73,2.44,2.6,2.22,1.79,2.35,,
BBP,XSES,Hor Kew Corp Ltd,Industrials,Engineering & Construction,,SGD,Debt/Equity,,0.3,0.03,0.54,0.52,0.14,0.52,0.09,0.4,0.3,0.77,,
BBP,XSES,Hor Kew Corp Ltd,Industrials,Engineering & Construction,,SGD,Book Value/Share,,1.84,1.81,1.49,1.05,1.08,1.21,1.28,1.27,1.44,1.71,,
BBP,XSES,Hor Kew Corp Ltd,Industrials,Engineering & Construction,,SGD,Cap Ex as a % of Sales,,4.02,3.15,13.09,3.56,6.68,4.43,7.99,2.34,2.57,4.37,,
BBW,XSES,Azeus Systems Holdings Ltd,Technology,Information Technology Services,,SGD,Current Ratio,,7.44,6.12,3.69,3.40,3.01,2.38,2.69,2.3,2.27,2.31,,
BBW,XSES,Azeus Systems Holdings Ltd,Technology,Information Technology Services,,SGD,Quick Ratio,,6.62,5.46,3.25,2.91,2.89,2.29,2.57,1.66,1.82,2.22,,
BBW,XSES,Azeus Systems Holdings Ltd,Technology,Information Technology Services,,SGD,Interest Coverage,,-,-,-,-,26.8,46.25,133.47,260.07,104.38,193.39,,
BBW,XSES,Azeus Systems Holdings Ltd,Technology,Information Technology Services,,SGD,Financial Leverage,,1.23,1.30,1.35,1.48,1.71,1.87,1.68,1.91,2.03,1.97,,
BBW,XSES,Azeus Systems Holdings Ltd,Technology,Information Technology Services,,SGD,Debt/Equity,,-,-,-,-,0.1,0.03,0.0,0.0,0.13,0.09,,
BBW,XSES,Azeus Systems Holdings Ltd,Technology,Information Technology Services,,SGD,Book Value/Share,,-,0.56,0.41,0.52,0.63,0.65,0.78,0.96,0.92,1.2,,
BBW,XSES,Azeus Systems Holdings Ltd,Technology,Information Technology Services,,SGD,Cap Ex as a % of Sales,,11.56,11.62,7.68,0.39,0.42,0.22,0.29,0.44,1.77,0.74,,
BCV,XSES,Qian Hu Corp Ltd,Consumer Cyclical,Leisure,,SGD,Current Ratio,,1.83,1.64,1.65,1.95,1.96,2.17,2.5,2.79,2.77,2.18,,
BCV,XSES,Qian Hu Corp Ltd,Consumer Cyclical,Leisure,,SGD,Quick Ratio,,1.25,1.11,1.1,1.17,1.24,1.39,1.63,1.83,1.86,1.44,,
BCV,XSES,Qian Hu Corp Ltd,Consumer Cyclical,Leisure,,SGD,Interest Coverage,,0.97,2.97,2.51,2.81,-1.91,10.17,6.39,-18.88,2.75,-0.04,,
BCV,XSES,Qian Hu Corp Ltd,Consumer Cyclical,Leisure,,SGD,Financial Leverage,,1.6,1.67,1.65,1.61,1.64,1.55,1.47,1.49,1.46,1.58,,
BCV,XSES,Qian Hu Corp Ltd,Consumer Cyclical,Leisure,,SGD,Debt/Equity,,0.01,0.01,0.0,0.03,0.03,0.01,0.02,0.04,0.01,0.04,,
BCV,XSES,Qian Hu Corp Ltd,Consumer Cyclical,Leisure,,SGD,Book Value/Share,,0.43,0.43,0.43,0.43,0.43,0.42,0.43,0.43,0.35,0.34,,
BCV,XSES,Qian Hu Corp Ltd,Consumer Cyclical,Leisure,,SGD,Cap Ex as a % of Sales,,2.99,5.63,1.95,1.2,0.73,1.85,1.36,2.2,3.49,7.25,,
BCY,XSES,Powermatic Data Systems Ltd,Technology,Communication Equipment,,SGD,Current Ratio,,5.19,5.69,7.16,5.05,6.56,4.65,5.47,5.56,8.55,6.62,,
BCY,XSES,Powermatic Data Systems Ltd,Technology,Communication Equipment,,SGD,Quick Ratio,,4.80,2.72,3.32,3.27,5.53,3.41,4.72,5.0,8.07,5.30,,
BCY,XSES,Powermatic Data Systems Ltd,Technology,Communication Equipment,,SGD,Interest Coverage,,-,-,-,-,494.0,1513.50,3249.67,2320.2,523.92,543.00,,
BCY,XSES,Powermatic Data Systems Ltd,Technology,Communication Equipment,,SGD,Financial Leverage,,1.10,1.10,1.08,1.13,1.11,1.16,1.15,1.16,1.10,1.16,,
BCY,XSES,Powermatic Data Systems Ltd,Technology,Communication Equipment,,SGD,Debt/Equity,,-,-,-,-,0.0,-,-,0.0,-,-,,
BCY,XSES,Powermatic Data Systems Ltd,Technology,Communication Equipment,,SGD,Book Value/Share,,1.33,1.41,1.59,1.64,1.8,1.99,1.96,2.06,2.20,2.07,,
BCY,XSES,Powermatic Data Systems Ltd,Technology,Communication Equipment,,SGD,Cap Ex as a % of Sales,,2.23,2.51,2.20,1.94,10.72,3.74,0.69,1.85,10.96,2.52,,
BCZ,XSES,Travelite Holdings Ltd,Consumer Cyclical,Department Stores,,SGD,Current Ratio,,2.8,1.81,1.85,1.74,1.5,2.31,2.29,1.81,1.8,1.93,,
BCZ,XSES,Travelite Holdings Ltd,Consumer Cyclical,Department Stores,,SGD,Quick Ratio,,1.75,1.11,1.11,1.11,0.66,1.34,1.54,1.17,0.95,0.94,,
BCZ,XSES,Travelite Holdings Ltd,Consumer Cyclical,Department Stores,,SGD,Interest Coverage,,5.41,0.44,-1.33,1.58,-4.24,-0.27,1.32,4.2,3.49,1.31,,
BCZ,XSES,Travelite Holdings Ltd,Consumer Cyclical,Department Stores,,SGD,Financial Leverage,,1.73,2.36,2.33,2.4,3.35,3.54,3.62,3.47,3.0,2.57,,
BCZ,XSES,Travelite Holdings Ltd,Consumer Cyclical,Department Stores,,SGD,Debt/Equity,,0.0,0.42,0.46,0.43,1.02,1.53,1.52,1.11,0.84,0.67,,
BCZ,XSES,Travelite Holdings Ltd,Consumer Cyclical,Department Stores,,SGD,Book Value/Share,,0.31,0.34,-,0.33,0.33,0.24,0.21,0.24,0.29,0.26,,
BCZ,XSES,Travelite Holdings Ltd,Consumer Cyclical,Department Stores,,SGD,Cap Ex as a % of Sales,,0.76,48.24,4.79,1.98,1.42,0.76,0.16,1.85,1.88,4.6,,
BDA,XSES,PNE Industries Ltd,Technology,Electronic Components,,SGD,Current Ratio,,5.54,3.99,4.24,4.72,4.32,4.89,6.32,6.13,5.44,5.18,,
BDA,XSES,PNE Industries Ltd,Technology,Electronic Components,,SGD,Quick Ratio,,4.60,3.08,3.20,3.67,3.5,3.46,4.37,4.07,3.45,3.04,,
BDA,XSES,PNE Industries Ltd,Technology,Electronic Components,,SGD,Interest Coverage,,-,-,-,-,191.9,11.42,27.93,8.29,24.88,13.83,,
BDA,XSES,PNE Industries Ltd,Technology,Electronic Components,,SGD,Financial Leverage,,1.19,1.29,1.27,1.24,1.27,1.27,1.19,1.19,1.21,1.21,,
BDA,XSES,PNE Industries Ltd,Technology,Electronic Components,,SGD,Debt/Equity,,-,-,-,-,0.0,0.04,0.03,0.02,0.01,0.0,,
BDA,XSES,PNE Industries Ltd,Technology,Electronic Components,,SGD,Book Value/Share,,0.90,0.99,0.95,0.97,0.96,0.92,0.89,0.84,0.8,0.8,,
BDA,XSES,PNE Industries Ltd,Technology,Electronic Components,,SGD,Cap Ex as a % of Sales,,1.27,1.93,0.76,0.77,1.2,0.8,1.63,1.01,2.14,1.36,,
BDR,XSES,Willas-Array Electronics Holdings Ltd,Technology,Electronics & Computer Distribution,,SGD,Current Ratio,,1.25,1.27,1.31,1.29,1.3,1.46,1.47,1.33,1.2,1.35,,
BDR,XSES,Willas-Array Electronics Holdings Ltd,Technology,Electronics & Computer Distribution,,SGD,Quick Ratio,,0.83,0.83,0.85,0.77,0.91,1.17,1.12,0.87,0.66,0.95,,
BDR,XSES,Willas-Array Electronics Holdings Ltd,Technology,Electronics & Computer Distribution,,SGD,Interest Coverage,,-1.78,2.97,5.28,0.62,-0.98,6.58,7.25,1.1,-2.23,2.53,,
BDR,XSES,Willas-Array Electronics Holdings Ltd,Technology,Electronics & Computer Distribution,,SGD,Financial Leverage,,3.36,3.35,3.16,3.11,2.85,2.39,2.44,2.92,3.72,2.68,,
BDR,XSES,Willas-Array Electronics Holdings Ltd,Technology,Electronics & Computer Distribution,,SGD,Debt/Equity,,-,-,-,-,0.0,0.02,0.01,0.01,0.0,0.0,,
BDR,XSES,Willas-Array Electronics Holdings Ltd,Technology,Electronics & Computer Distribution,,SGD,Book Value/Share,,1.24,1.21,1.25,1.37,1.26,1.33,1.43,1.32,1.13,0.71,,
BDR,XSES,Willas-Array Electronics Holdings Ltd,Technology,Electronics & Computer Distribution,,SGD,Cap Ex as a % of Sales,,0.07,0.06,0.05,0.72,0.04,0.04,0.12,0.16,0.19,0.02,,
BDU,XSES,Federal International (2000) Ltd,Energy,Oil & Gas Equipment & Services,,SGD,Current Ratio,,1.14,1.39,1.6,1.73,1.47,1.24,1.8,2.5,2.42,1.88,,
BDU,XSES,Federal International (2000) Ltd,Energy,Oil & Gas Equipment & Services,,SGD,Quick Ratio,,0.84,1.13,1.25,1.38,1.03,0.94,0.99,1.77,1.66,1.33,,
BDU,XSES,Federal International (2000) Ltd,Energy,Oil & Gas Equipment & Services,,SGD,Interest Coverage,,11.73,5.8,-4.75,0.15,-4.17,1.76,2.93,0.12,10.84,7.52,,
BDU,XSES,Federal International (2000) Ltd,Energy,Oil & Gas Equipment & Services,,SGD,Financial Leverage,,1.69,1.67,1.46,1.4,1.52,1.58,1.4,1.41,1.31,1.85,,
BDU,XSES,Federal International (2000) Ltd,Energy,Oil & Gas Equipment & Services,,SGD,Debt/Equity,,-,0.11,0.09,0.1,0.14,0.09,0.05,0.04,0.04,0.03,,
BDU,XSES,Federal International (2000) Ltd,Energy,Oil & Gas Equipment & Services,,SGD,Book Value/Share,,0.58,0.61,0.59,0.62,0.58,0.55,0.6,0.57,0.47,0.5,,
BDU,XSES,Federal International (2000) Ltd,Energy,Oil & Gas Equipment & Services,,SGD,Cap Ex as a % of Sales,,1.13,0.62,0.69,1.05,0.28,0.3,0.25,0.16,0.42,0.09,,
BDX,XSES,GSH Corp Ltd,Industrials,Conglomerates,,SGD,Current Ratio,,1.43,6.97,2.19,2.12,2.21,2.31,2.11,1.4,1.4,1.7,,
BDX,XSES,GSH Corp Ltd,Industrials,Conglomerates,,SGD,Quick Ratio,,0.42,3.73,0.7,0.69,0.5,0.51,0.43,0.22,0.15,0.2,,
BDX,XSES,GSH Corp Ltd,Industrials,Conglomerates,,SGD,Interest Coverage,,1.02,6.32,1.71,1.51,0.03,-0.69,-0.16,0.88,0.62,0.16,,
BDX,XSES,GSH Corp Ltd,Industrials,Conglomerates,,SGD,Financial Leverage,,4.39,2.22,2.77,2.97,2.85,3.33,3.79,3.64,3.51,2.58,,
BDX,XSES,GSH Corp Ltd,Industrials,Conglomerates,,SGD,Debt/Equity,,0.68,0.78,0.81,0.81,0.66,0.9,1.12,0.64,0.59,0.38,,
BDX,XSES,GSH Corp Ltd,Industrials,Conglomerates,,SGD,Book Value/Share,,0.18,0.2,0.2,0.2,0.19,0.18,0.17,0.14,0.17,0.14,,
BDX,XSES,GSH Corp Ltd,Industrials,Conglomerates,,SGD,Cap Ex as a % of Sales,,4.57,10.94,14.25,6.83,23.5,27.52,30.11,19.51,20.66,3.14,,
BEC,XSES,BRC Asia Ltd,Basic Materials,Steel,,SGD,Current Ratio,,2.28,1.55,1.52,1.49,1.83,1.44,1.57,1.65,1.91,2.04,,
BEC,XSES,BRC Asia Ltd,Basic Materials,Steel,,SGD,Quick Ratio,,1.02,0.72,0.65,0.73,0.69,0.48,0.66,0.74,0.86,1.07,,
BEC,XSES,BRC Asia Ltd,Basic Materials,Steel,,SGD,Interest Coverage,,10.35,3.36,4.01,5.01,4.99,13.43,15.99,8.1,10.86,16.24,,
BEC,XSES,BRC Asia Ltd,Basic Materials,Steel,,SGD,Financial Leverage,,1.57,1.92,2.95,2.64,2.34,2.94,2.44,2.23,1.9,1.82,,
BEC,XSES,BRC Asia Ltd,Basic Materials,Steel,,SGD,Debt/Equity,,0.07,0.06,0.44,0.23,0.37,0.26,0.12,0.05,0.04,0.03,,
BEC,XSES,BRC Asia Ltd,Basic Materials,Steel,,SGD,Book Value/Share,,0.9,0.9,0.95,1.09,1.13,1.2,-,1.42,1.59,1.74,,
BEC,XSES,BRC Asia Ltd,Basic Materials,Steel,,SGD,Cap Ex as a % of Sales,,3.39,6.2,4.74,0.25,0.41,0.17,0.17,0.2,0.29,0.44,,
BEH,XSES,China International Holdings Ltd,Utilities,Utilities - Regulated Water,,SGD,Current Ratio,,1.39,1.43,1.59,1.4,1.57,1.94,1.5,1.21,1.64,1.81,,
BEH,XSES,China International Holdings Ltd,Utilities,Utilities - Regulated Water,,SGD,Quick Ratio,,0.27,1.40,1.40,1.36,1.5,1.81,1.33,1.06,1.47,1.61,,
BEH,XSES,China International Holdings Ltd,Utilities,Utilities - Regulated Water,,SGD,Interest Coverage,,3.98,7.56,9.39,357.39,16.95,-8.48,14.66,-17.08,-26.28,2.68,,
BEH,XSES,China International Holdings Ltd,Utilities,Utilities - Regulated Water,,SGD,Financial Leverage,,4.3,2.33,2.08,2.4,2.11,2.27,1.99,2.26,2.83,2.67,,
BEH,XSES,China International Holdings Ltd,Utilities,Utilities - Regulated Water,,SGD,Debt/Equity,,0.07,-,-,0.22,0.15,0.15,0.11,0.15,0.33,0.22,,
BEH,XSES,China International Holdings Ltd,Utilities,Utilities - Regulated Water,,SGD,Book Value/Share,,1.04,0.88,0.84,0.81,0.98,1.13,0.87,0.94,0.52,0.5,,
BEH,XSES,China International Holdings Ltd,Utilities,Utilities - Regulated Water,,SGD,Cap Ex as a % of Sales,,4.47,58.14,44.29,177.68,7.86,15.13,23.14,3.66,5.36,3.74,,
BEI,XSES,LHT Holdings Ltd,Basic Materials,Lumber & Wood Production,,SGD,Current Ratio,,4.6,6.55,6.19,7.94,10.75,13.62,12.18,11.19,9.38,12.86,,
BEI,XSES,LHT Holdings Ltd,Basic Materials,Lumber & Wood Production,,SGD,Quick Ratio,,3.44,5.51,4.78,6.48,9.47,11.74,10.44,10.05,8.22,11.56,,
BEI,XSES,LHT Holdings Ltd,Basic Materials,Lumber & Wood Production,,SGD,Interest Coverage,,120.43,256.73,163.75,9.55,9.98,14.04,18.95,15.14,6.12,5.35,,
BEI,XSES,LHT Holdings Ltd,Basic Materials,Lumber & Wood Production,,SGD,Financial Leverage,,1.17,1.16,1.17,1.18,1.22,1.18,1.18,1.27,1.2,1.17,,
BEI,XSES,LHT Holdings Ltd,Basic Materials,Lumber & Wood Production,,SGD,Debt/Equity,,0.01,0.01,0.01,0.05,0.12,0.1,0.08,0.16,0.08,0.08,,
BEI,XSES,LHT Holdings Ltd,Basic Materials,Lumber & Wood Production,,SGD,Book Value/Share,,0.85,0.84,0.95,0.95,1.0,1.01,1.07,1.11,0.99,0.99,,
BEI,XSES,LHT Holdings Ltd,Basic Materials,Lumber & Wood Production,,SGD,Cap Ex as a % of Sales,,3.99,3.8,4.33,3.57,12.95,7.8,2.59,14.88,3.33,1.69,,
BEW,XSES,JB Foods Ltd,Consumer Defensive,Confectioners,,SGD,Current Ratio,,1.12,1.21,1.43,1.26,1.32,1.31,1.35,1.18,-,-,,
BEW,XSES,JB Foods Ltd,Consumer Defensive,Confectioners,,SGD,Quick Ratio,,0.35,0.41,0.4,0.34,0.35,0.3,0.32,0.19,-,-,,
BEW,XSES,JB Foods Ltd,Consumer Defensive,Confectioners,,SGD,Interest Coverage,,2.85,7.78,13.85,7.15,5.58,5.97,3.89,1.09,-,-,,
BEW,XSES,JB Foods Ltd,Consumer Defensive,Confectioners,,SGD,Financial Leverage,,2.76,2.35,2.03,2.58,2.45,2.69,2.63,4.21,-,-,,
BEW,XSES,JB Foods Ltd,Consumer Defensive,Confectioners,,SGD,Debt/Equity,,-,-,0.0,0.02,0.1,0.09,0.14,0.25,-,-,,
BEW,XSES,JB Foods Ltd,Consumer Defensive,Confectioners,,SGD,Book Value/Share,,0.39,0.41,0.53,0.59,0.64,0.7,0.75,0.8,-,-,,
BEW,XSES,JB Foods Ltd,Consumer Defensive,Confectioners,,SGD,Cap Ex as a % of Sales,,1.28,2.48,5.3,5.22,6.06,1.65,2.78,3.5,-,-,,
BEZ,XSES,Beng Kuang Marine Ltd,Energy,Oil & Gas Equipment & Services,,SGD,Current Ratio,,1.03,0.89,0.92,0.81,0.73,0.71,0.74,1.03,1.53,1.78,,
BEZ,XSES,Beng Kuang Marine Ltd,Energy,Oil & Gas Equipment & Services,,SGD,Quick Ratio,,0.75,0.59,0.53,0.71,0.63,0.63,0.64,0.91,1.49,1.71,,
BEZ,XSES,Beng Kuang Marine Ltd,Energy,Oil & Gas Equipment & Services,,SGD,Interest Coverage,,1.22,-2.98,-2.19,-0.83,-8.99,-5.77,-2.26,7.0,27.83,27.96,,
BEZ,XSES,Beng Kuang Marine Ltd,Energy,Oil & Gas Equipment & Services,,SGD,Financial Leverage,,2.13,2.2,2.47,2.21,2.54,2.85,9.34,6.61,3.53,3.02,,
BEZ,XSES,Beng Kuang Marine Ltd,Energy,Oil & Gas Equipment & Services,,SGD,Debt/Equity,,0.33,0.29,0.21,0.23,0.25,0.24,0.81,0.16,0.21,0.24,,
BEZ,XSES,Beng Kuang Marine Ltd,Energy,Oil & Gas Equipment & Services,,SGD,Book Value/Share,,0.58,0.51,0.43,0.4,0.37,0.17,0.13,0.03,0.09,0.11,,
BEZ,XSES,Beng Kuang Marine Ltd,Energy,Oil & Gas Equipment & Services,,SGD,Cap Ex as a % of Sales,,11.25,4.15,3.06,6.67,4.63,2.5,0.81,1.17,1.0,3.81,,
BFI,XSES,Tiong Seng Holdings Ltd,Industrials,Engineering & Construction,,SGD,Current Ratio,,1.46,1.38,1.4,1.47,1.42,1.26,1.01,1.0,1.0,0.91,,
BFI,XSES,Tiong Seng Holdings Ltd,Industrials,Engineering & Construction,,SGD,Quick Ratio,,0.74,0.71,0.67,0.77,0.59,0.59,0.52,0.56,0.46,0.48,,
BFI,XSES,Tiong Seng Holdings Ltd,Industrials,Engineering & Construction,,SGD,Interest Coverage,,5.22,9.25,2.56,4.39,-8.35,-15.84,-19.02,-1.06,2.05,-6.37,,
BFI,XSES,Tiong Seng Holdings Ltd,Industrials,Engineering & Construction,,SGD,Financial Leverage,,3.71,3.04,2.48,2.46,2.32,2.72,5.51,7.03,5.47,8.1,,
BFI,XSES,Tiong Seng Holdings Ltd,Industrials,Engineering & Construction,,SGD,Debt/Equity,,0.35,0.06,0.05,0.06,0.12,0.18,0.21,0.17,0.11,0.16,,
BFI,XSES,Tiong Seng Holdings Ltd,Industrials,Engineering & Construction,,SGD,Book Value/Share,,0.55,0.6,0.6,0.58,0.58,0.54,0.32,0.16,0.18,0.11,,
BFI,XSES,Tiong Seng Holdings Ltd,Industrials,Engineering & Construction,,SGD,Cap Ex as a % of Sales,,5.11,2.99,4.4,1.01,1.32,2.61,2.38,1.28,1.04,1.45,,
BFK,XSES,Pharmesis International Ltd,Healthcare,Drug Manufacturers - Specialty & Generic,,SGD,Current Ratio,,3.95,2.59,2.76,1.33,1.14,1.21,1.12,1.09,1.05,0.96,,
BFK,XSES,Pharmesis International Ltd,Healthcare,Drug Manufacturers - Specialty & Generic,,SGD,Quick Ratio,,3.66,2.29,2.41,1.09,0.86,0.91,0.82,0.58,0.79,0.55,,
BFK,XSES,Pharmesis International Ltd,Healthcare,Drug Manufacturers - Specialty & Generic,,SGD,Interest Coverage,,-4.03,-0.47,8.07,-19.83,-5.36,3.04,-2.38,-4.58,13.14,-4.89,,
BFK,XSES,Pharmesis International Ltd,Healthcare,Drug Manufacturers - Specialty & Generic,,SGD,Financial Leverage,,1.35,1.40,1.42,1.51,1.62,1.61,1.82,1.68,1.88,1.72,,
BFK,XSES,Pharmesis International Ltd,Healthcare,Drug Manufacturers - Specialty & Generic,,SGD,Debt/Equity,,-,-,-,0.01,0.01,0.03,0.02,0.02,0.01,0.01,,
BFK,XSES,Pharmesis International Ltd,Healthcare,Drug Manufacturers - Specialty & Generic,,SGD,Book Value/Share,,0.85,0.81,0.76,0.59,0.51,0.52,0.46,0.37,0.29,0.35,,
BFK,XSES,Pharmesis International Ltd,Healthcare,Drug Manufacturers - Specialty & Generic,,SGD,Cap Ex as a % of Sales,,1.26,4.97,7.36,17.24,1.95,3.0,0.47,1.44,1.73,0.65,,
BFT,XSES,Lincotrade & Associates Holdings Ltd,Industrials,Engineering & Construction,,SGD,Current Ratio,,1.26,1.54,1.30,1.29,1.06,-,1.41,1.25,1.09,1.05,,
BFT,XSES,Lincotrade & Associates Holdings Ltd,Industrials,Engineering & Construction,,SGD,Quick Ratio,,0.91,1.11,1.01,0.96,0.71,-,1.22,1.04,0.87,0.85,,
BFT,XSES,Lincotrade & Associates Holdings Ltd,Industrials,Engineering & Construction,,SGD,Interest Coverage,,-3.11,-8.59,-4.96,-28.36,-2.86,-680.00,-80.34,25.6,11.02,-,,
BFT,XSES,Lincotrade & Associates Holdings Ltd,Industrials,Engineering & Construction,,SGD,Financial Leverage,,1.53,1.36,1.46,1.73,2.01,-,-,4.0,3.83,4.19,,
BFT,XSES,Lincotrade & Associates Holdings Ltd,Industrials,Engineering & Construction,,SGD,Debt/Equity,,-,-,-,-,0.0,-,-,0.02,0.01,0.00,,
BFT,XSES,Lincotrade & Associates Holdings Ltd,Industrials,Engineering & Construction,,SGD,Book Value/Share,,1.83,1.63,1.55,1.37,0.77,-,0.01,0.05,0.06,0.06,,
BFT,XSES,Lincotrade & Associates Holdings Ltd,Industrials,Engineering & Construction,,SGD,Cap Ex as a % of Sales,,10.34,8.38,10.74,8.35,5.99,-,0.55,15.23,1.56,-,,
BFU,XSES,Tye Soon Ltd,Industrials,Industrial Distribution,,SGD,Current Ratio,,1.48,1.51,1.49,1.43,1.55,1.62,1.51,1.48,1.46,1.45,,
BFU,XSES,Tye Soon Ltd,Industrials,Industrial Distribution,,SGD,Quick Ratio,,0.43,0.46,0.47,0.45,0.5,0.5,0.46,0.41,0.4,0.37,,
BFU,XSES,Tye Soon Ltd,Industrials,Industrial Distribution,,SGD,Interest Coverage,,3.8,1.62,0.86,1.18,1.96,4.64,4.59,2.33,2.34,2.28,,
BFU,XSES,Tye Soon Ltd,Industrials,Industrial Distribution,,SGD,Financial Leverage,,2.95,2.85,2.97,3.17,2.96,2.7,2.99,2.95,3.02,3.04,,
BFU,XSES,Tye Soon Ltd,Industrials,Industrial Distribution,,SGD,Debt/Equity,,0.0,0.0,0.0,0.07,0.15,0.11,0.13,0.08,0.05,0.06,,
BFU,XSES,Tye Soon Ltd,Industrials,Industrial Distribution,,SGD,Book Value/Share,,0.68,0.63,0.62,0.59,0.6,0.64,0.66,0.69,0.71,0.73,,
BFU,XSES,Tye Soon Ltd,Industrials,Industrial Distribution,,SGD,Cap Ex as a % of Sales,,0.33,0.19,0.11,0.05,0.08,0.15,0.3,0.18,0.21,0.23,,
BHD,XSES,China Mining International Ltd,Consumer Defensive,Farm Products,,SGD,Current Ratio,1.39,2.11,1.13,1.23,2.03,1.75,1.02,0.85,0.48,0.29,,,
BHD,XSES,China Mining International Ltd,Consumer Defensive,Farm Products,,SGD,Quick Ratio,0.60,1.26,0.51,0.73,1.17,1.31,0.82,0.55,0.24,0.14,,,
BHD,XSES,China Mining International Ltd,Consumer Defensive,Farm Products,,SGD,Interest Coverage,-,-,-,-,-165.69,-63.77,596.72,-3.52,-43.34,-23.61,,,
BHD,XSES,China Mining International Ltd,Consumer Defensive,Farm Products,,SGD,Financial Leverage,1.88,1.85,2.19,1.64,1.28,1.31,2.15,2.15,2.18,6.03,,,
BHD,XSES,China Mining International Ltd,Consumer Defensive,Farm Products,,SGD,Debt/Equity,-,-,-,-,0.0,-,0.35,0.45,0.48,0.31,,,
BHD,XSES,China Mining International Ltd,Consumer Defensive,Farm Products,,SGD,Book Value/Share,0.24,0.15,0.13,0.12,0.11,0.11,0.05,0.08,0.06,0.04,,,
BHD,XSES,China Mining International Ltd,Consumer Defensive,Farm Products,,SGD,Cap Ex as a % of Sales,5.13,0.61,9.28,6.23,12.74,0.63,0.07,10.34,14.59,-,,,
BHK,XSES,SIIC Environment Holdings Ltd,Utilities,Utilities - Regulated Water,,SGD,Current Ratio,,0.63,0.62,0.67,0.64,0.76,0.79,1.06,0.9,1.16,1.62,,
BHK,XSES,SIIC Environment Holdings Ltd,Utilities,Utilities - Regulated Water,,SGD,Quick Ratio,,0.58,0.58,0.61,0.57,0.68,0.74,1.02,0.87,1.12,1.57,,
BHK,XSES,SIIC Environment Holdings Ltd,Utilities,Utilities - Regulated Water,,SGD,Interest Coverage,,3.88,2.73,2.58,2.49,2.7,3.11,3.08,2.67,2.56,2.58,,
BHK,XSES,SIIC Environment Holdings Ltd,Utilities,Utilities - Regulated Water,,SGD,Financial Leverage,,3.86,3.41,3.79,3.88,3.89,3.94,4.13,4.21,4.23,4.03,,
BHK,XSES,SIIC Environment Holdings Ltd,Utilities,Utilities - Regulated Water,,SGD,Debt/Equity,,1.11,0.97,1.11,1.09,1.18,1.23,1.57,1.43,1.6,1.64,,
BHK,XSES,SIIC Environment Holdings Ltd,Utilities,Utilities - Regulated Water,,SGD,Book Value/Share,,0.54,0.58,0.59,0.6,0.68,0.76,0.72,0.72,0.76,0.77,,
BHK,XSES,SIIC Environment Holdings Ltd,Utilities,Utilities - Regulated Water,,SGD,Cap Ex as a % of Sales,,3.51,3.97,5.62,13.04,4.19,11.99,5.46,14.91,23.21,14.15,,
BHU,XSES,SUTL Enterprise Ltd,Consumer Cyclical,Leisure,,SGD,Current Ratio,,6.77,6.57,4.53,3.51,3.07,2.91,3.18,3.17,3.57,3.57,,
BHU,XSES,SUTL Enterprise Ltd,Consumer Cyclical,Leisure,,SGD,Quick Ratio,,6.68,6.49,4.47,3.46,3.0,2.62,2.92,2.97,3.48,3.51,,
BHU,XSES,SUTL Enterprise Ltd,Consumer Cyclical,Leisure,,SGD,Interest Coverage,,-,-,18.46,8.65,8.11,8.31,11.44,13.72,16.37,21.97,,
BHU,XSES,SUTL Enterprise Ltd,Consumer Cyclical,Leisure,,SGD,Financial Leverage,,1.15,1.17,2.20,2.24,2.21,2.22,2.05,1.94,1.79,1.70,,
BHU,XSES,SUTL Enterprise Ltd,Consumer Cyclical,Leisure,,SGD,Debt/Equity,,-,-,-,0.07,0.09,0.02,0.01,-,-,-,,
BHU,XSES,SUTL Enterprise Ltd,Consumer Cyclical,Leisure,,SGD,Book Value/Share,,0.60,0.63,0.62,0.66,0.7,0.7,0.66,0.71,0.75,0.79,,
BHU,XSES,SUTL Enterprise Ltd,Consumer Cyclical,Leisure,,SGD,Cap Ex as a % of Sales,,3.51,6.55,8.10,22.19,24.0,6.26,2.52,2.81,3.73,6.63,,
BIP,XSES,Vibrant Group Ltd,Industrials,Integrated Freight & Logistics,,SGD,Current Ratio,,1.03,1.23,0.68,1.21,1.08,1.17,1.18,1.18,1.02,1.13,,
BIP,XSES,Vibrant Group Ltd,Industrials,Integrated Freight & Logistics,,SGD,Quick Ratio,,0.82,0.99,0.42,0.63,0.99,1.04,1.03,1.13,1.0,1.02,,
BIP,XSES,Vibrant Group Ltd,Industrials,Integrated Freight & Logistics,,SGD,Interest Coverage,,3.73,2.84,-5.75,2.59,1.87,1.5,2.68,1.26,1.4,2.65,,
BIP,XSES,Vibrant Group Ltd,Industrials,Integrated Freight & Logistics,,SGD,Financial Leverage,,2.81,2.84,4.59,3.57,2.79,2.52,2.39,2.25,2.15,2.02,,
BIP,XSES,Vibrant Group Ltd,Industrials,Integrated Freight & Logistics,,SGD,Debt/Equity,,0.65,0.3,0.18,0.62,0.84,0.79,0.69,0.69,0.54,0.42,,
BIP,XSES,Vibrant Group Ltd,Industrials,Integrated Freight & Logistics,,SGD,Book Value/Share,,0.68,0.62,0.62,0.3,0.35,0.33,0.33,0.33,0.32,0.33,,
BIP,XSES,Vibrant Group Ltd,Industrials,Integrated Freight & Logistics,,SGD,Cap Ex as a % of Sales,,19.03,3.05,1.82,0.68,3.94,0.53,0.64,2.73,0.38,0.42,,
BIX,XSES,Ellipsiz Ltd,Technology,Semiconductor Equipment & Materials,,SGD,Current Ratio,,3.2,3.79,6.90,7.37,6.04,5.26,3.92,3.84,4.59,2.6,,
BIX,XSES,Ellipsiz Ltd,Technology,Semiconductor Equipment & Materials,,SGD,Quick Ratio,,2.82,3.39,6.71,7.01,5.68,4.92,3.55,3.6,4.26,2.42,,
BIX,XSES,Ellipsiz Ltd,Technology,Semiconductor Equipment & Materials,,SGD,Interest Coverage,,68.29,174.12,-,-,72.69,122.31,147.19,33.79,-100.16,27.57,,
BIX,XSES,Ellipsiz Ltd,Technology,Semiconductor Equipment & Materials,,SGD,Financial Leverage,,1.22,1.21,1.11,1.12,1.21,1.21,1.27,1.31,1.27,1.39,,
BIX,XSES,Ellipsiz Ltd,Technology,Semiconductor Equipment & Materials,,SGD,Debt/Equity,,0.0,0.0,-,-,0.01,0.0,0.0,0.01,0.0,0.02,,
BIX,XSES,Ellipsiz Ltd,Technology,Semiconductor Equipment & Materials,,SGD,Book Value/Share,,0.74,0.76,0.75,0.70,0.61,0.69,0.68,0.67,0.62,0.61,,
BIX,XSES,Ellipsiz Ltd,Technology,Semiconductor Equipment & Materials,,SGD,Cap Ex as a % of Sales,,2.46,2.4,1.68,1.86,2.56,1.32,0.98,1.5,0.4,8.93,,
BJD,XSES,VibroPower Corp Ltd,Industrials,Specialty Industrial Machinery,,SGD,Current Ratio,,1.8,1.85,1.86,1.71,2.67,-,-,1.15,1.25,1.34,,
BJD,XSES,VibroPower Corp Ltd,Industrials,Specialty Industrial Machinery,,SGD,Quick Ratio,,1.16,1.12,1.1,0.88,2.18,-,-,0.9,1.12,1.15,,
BJD,XSES,VibroPower Corp Ltd,Industrials,Specialty Industrial Machinery,,SGD,Interest Coverage,,2.06,2.21,2.39,-4.61,1.28,-17.30,1.30,-7.05,-,-,,
BJD,XSES,VibroPower Corp Ltd,Industrials,Specialty Industrial Machinery,,SGD,Financial Leverage,,2.08,2.03,2.01,2.03,1.75,-,-,3.11,3.24,4.09,,
BJD,XSES,VibroPower Corp Ltd,Industrials,Specialty Industrial Machinery,,SGD,Debt/Equity,,0.19,0.16,0.14,0.19,0.25,-,-,0.39,0.46,0.74,,
BJD,XSES,VibroPower Corp Ltd,Industrials,Specialty Industrial Machinery,,SGD,Book Value/Share,,0.4,0.45,0.47,0.47,0.19,-,-,0.2,0.11,0.07,,
BJD,XSES,VibroPower Corp Ltd,Industrials,Specialty Industrial Machinery,,SGD,Cap Ex as a % of Sales,,1.14,23.03,0.59,7.4,3.68,0.08,0.63,0.16,-,-,,
BJV,XSES,Yamada Green Resources Ltd,Real Estate,Real Estate Services,,SGD,Current Ratio,,11.21,0.83,1.24,2.67,4.05,2.71,2.38,4.11,3.88,3.80,,
BJV,XSES,Yamada Green Resources Ltd,Real Estate,Real Estate Services,,SGD,Quick Ratio,,3.82,0.6,0.67,0.81,1.33,1.63,1.22,3.26,3.52,3.59,,
BJV,XSES,Yamada Green Resources Ltd,Real Estate,Real Estate Services,,SGD,Interest Coverage,,33.2,-6945.85,183.87,-85.69,35.48,-128.96,2.89,51.32,-546.47,-,,
BJV,XSES,Yamada Green Resources Ltd,Real Estate,Real Estate Services,,SGD,Financial Leverage,,1.03,1.94,1.38,1.26,1.22,1.21,1.19,1.16,1.13,1.12,,
BJV,XSES,Yamada Green Resources Ltd,Real Estate,Real Estate Services,,SGD,Debt/Equity,,0.0,0.02,0.02,0.02,0.02,0.01,0.01,0.01,-,-,,
BJV,XSES,Yamada Green Resources Ltd,Real Estate,Real Estate Services,,SGD,Book Value/Share,,1.21,1.07,-,-,-,-,0.33,0.3,0.31,0.26,,
BJV,XSES,Yamada Green Resources Ltd,Real Estate,Real Estate Services,,SGD,Cap Ex as a % of Sales,,7.8,3.73,0.66,4.40,13.16,53.98,10.26,2.31,18.84,11.77,,
BJZ,XSES,Koda Ltd,Consumer Cyclical,"Furnishings, Fixtures & Appliances",,SGD,Current Ratio,,2.41,2.79,3.03,3.85,2.8,2.18,2.32,2.97,2.09,2.43,,
BJZ,XSES,Koda Ltd,Consumer Cyclical,"Furnishings, Fixtures & Appliances",,SGD,Quick Ratio,,1.04,1.54,1.93,2.15,1.67,0.96,1.05,1.66,1.17,1.23,,
BJZ,XSES,Koda Ltd,Consumer Cyclical,"Furnishings, Fixtures & Appliances",,SGD,Interest Coverage,,40.9,151.36,196.41,191.97,30.46,47.24,23.72,-3.43,-6.0,2.44,,
BJZ,XSES,Koda Ltd,Consumer Cyclical,"Furnishings, Fixtures & Appliances",,SGD,Financial Leverage,,1.41,1.34,1.3,1.22,1.42,1.51,1.66,1.51,1.65,1.55,,
BJZ,XSES,Koda Ltd,Consumer Cyclical,"Furnishings, Fixtures & Appliances",,SGD,Debt/Equity,,0.02,0.02,0.01,0.01,0.12,0.08,0.28,0.26,0.26,0.24,,
BJZ,XSES,Koda Ltd,Consumer Cyclical,"Furnishings, Fixtures & Appliances",,SGD,Book Value/Share,,0.37,0.4,0.54,0.6,0.7,0.75,0.86,0.86,0.77,0.69,,
BJZ,XSES,Koda Ltd,Consumer Cyclical,"Furnishings, Fixtures & Appliances",,SGD,Cap Ex as a % of Sales,,4.7,4.21,5.53,1.62,8.36,8.94,16.63,3.14,3.72,0.52,,
BKA,XSES,Sin Heng Heavy Machinery Ltd,Industrials,Farm & Heavy Construction Machinery,,SGD,Current Ratio,,1.41,1.63,2.22,5.39,9.23,13.03,7.54,6.19,7.75,7.16,,
BKA,XSES,Sin Heng Heavy Machinery Ltd,Industrials,Farm & Heavy Construction Machinery,,SGD,Quick Ratio,,0.9,1.27,1.98,4.86,8.47,12.53,6.58,5.71,7.39,6.99,,
BKA,XSES,Sin Heng Heavy Machinery Ltd,Industrials,Farm & Heavy Construction Machinery,,SGD,Interest Coverage,,-1.4,2.45,-2.0,-1.05,2.6,27.33,69.67,54.41,40.85,27.87,,
BKA,XSES,Sin Heng Heavy Machinery Ltd,Industrials,Farm & Heavy Construction Machinery,,SGD,Financial Leverage,,1.83,1.64,1.34,1.21,1.13,1.14,1.2,1.2,1.17,1.19,,
BKA,XSES,Sin Heng Heavy Machinery Ltd,Industrials,Farm & Heavy Construction Machinery,,SGD,Debt/Equity,,0.21,0.24,0.1,0.06,0.02,0.04,0.06,0.05,0.03,0.05,,
BKA,XSES,Sin Heng Heavy Machinery Ltd,Industrials,Farm & Heavy Construction Machinery,,SGD,Book Value/Share,,1.07,1.07,1.02,0.98,0.98,0.95,0.92,0.94,0.95,0.96,,
BKA,XSES,Sin Heng Heavy Machinery Ltd,Industrials,Farm & Heavy Construction Machinery,,SGD,Cap Ex as a % of Sales,,14.12,9.77,4.74,2.93,8.85,0.13,0.6,8.43,0.89,0.18,,
BKK,XSES,Luxking Group Holdings Ltd,Basic Materials,Specialty Chemicals,,SGD,Current Ratio,,1.77,1.77,1.73,1.18,1.33,1.39,1.32,1.31,1.23,1.26,,
BKK,XSES,Luxking Group Holdings Ltd,Basic Materials,Specialty Chemicals,,SGD,Quick Ratio,,1.3,1.28,1.27,0.79,0.83,0.83,0.80,0.78,0.63,0.68,,
BKK,XSES,Luxking Group Holdings Ltd,Basic Materials,Specialty Chemicals,,SGD,Interest Coverage,,1.79,1.74,2.02,-8.78,1.55,7.52,1.95,1.22,4.83,3.54,,
BKK,XSES,Luxking Group Holdings Ltd,Basic Materials,Specialty Chemicals,,SGD,Financial Leverage,,2.29,2.16,2.07,2.64,2.34,2.38,2.47,2.39,2.6,2.45,,
BKK,XSES,Luxking Group Holdings Ltd,Basic Materials,Specialty Chemicals,,SGD,Debt/Equity,,0.37,0.27,0.16,-,0.01,0.04,0.01,0.0,0.03,0.01,,
BKK,XSES,Luxking Group Holdings Ltd,Basic Materials,Specialty Chemicals,,SGD,Book Value/Share,,2.63,2.72,2.81,2.54,-,1.84,-,1.78,2.02,1.92,,
BKK,XSES,Luxking Group Holdings Ltd,Basic Materials,Specialty Chemicals,,SGD,Cap Ex as a % of Sales,,3.27,0.25,0.57,2.91,1.60,2.38,3.32,3.73,4.76,3.38,,
BKV,XSES,China Shenshan Orchard Holdings Co Ltd,Consumer Defensive,Farm Products,,SGD,Current Ratio,,2.66,3.23,3.35,3.09,2.79,-,5.65,-,-,-,,
BKV,XSES,China Shenshan Orchard Holdings Co Ltd,Consumer Defensive,Farm Products,,SGD,Quick Ratio,,1.20,0.58,0.63,0.53,0.38,-,5.56,-,-,-,,
BKV,XSES,China Shenshan Orchard Holdings Co Ltd,Consumer Defensive,Farm Products,,SGD,Interest Coverage,,1.47,-13.72,-30.02,-8.73,-7.80,318.17,-,-,-,-,,
BKV,XSES,China Shenshan Orchard Holdings Co Ltd,Consumer Defensive,Farm Products,,SGD,Financial Leverage,,1.36,1.26,1.27,1.30,1.35,-,1.27,-,-,-,,
BKV,XSES,China Shenshan Orchard Holdings Co Ltd,Consumer Defensive,Farm Products,,SGD,Debt/Equity,,-,-,-,-,-,-,0.01,-,-,-,,
BKV,XSES,China Shenshan Orchard Holdings Co Ltd,Consumer Defensive,Farm Products,,SGD,Book Value/Share,,3.65,3.53,3.30,2.52,2.41,-,2.39,-,-,-,,
BKV,XSES,China Shenshan Orchard Holdings Co Ltd,Consumer Defensive,Farm Products,,SGD,Cap Ex as a % of Sales,,0.43,1.21,0.86,1.29,1.05,9.74,-,-,-,-,,
BKW,XSES,Datapulse Technology Ltd,Consumer Cyclical,Lodging,,SGD,Current Ratio,,4.36,20.98,22.49,10.69,9.56,1.56,6.76,7.46,10.79,19.05,,
BKW,XSES,Datapulse Technology Ltd,Consumer Cyclical,Lodging,,SGD,Quick Ratio,,3.52,2.95,22.20,10.64,9.5,1.5,6.7,7.41,10.74,18.94,,
BKW,XSES,Datapulse Technology Ltd,Consumer Cyclical,Lodging,,SGD,Interest Coverage,,-,-,8115.55,-1.17,-5.93,-2.98,-4.42,-26.25,96.39,54.13,,
BKW,XSES,Datapulse Technology Ltd,Consumer Cyclical,Lodging,,SGD,Financial Leverage,,1.22,1.06,1.05,1.33,1.35,1.37,1.06,1.05,1.03,1.01,,
BKW,XSES,Datapulse Technology Ltd,Consumer Cyclical,Lodging,,SGD,Debt/Equity,,-,-,-,0.27,0.3,0.03,0.03,0.02,0.01,-,,
BKW,XSES,Datapulse Technology Ltd,Consumer Cyclical,Lodging,,SGD,Book Value/Share,,0.22,0.23,0.39,0.36,0.35,0.32,0.28,0.24,0.25,0.26,,
BKW,XSES,Datapulse Technology Ltd,Consumer Cyclical,Lodging,,SGD,Cap Ex as a % of Sales,,0.43,0.12,193.14,2144.77,119.68,182.79,1.72,1.19,0.24,0.26,,
BKX,XSES,Yongmao Holdings Ltd,Industrials,Farm & Heavy Construction Machinery,,SGD,Current Ratio,,1.17,1.23,1.29,1.33,1.41,1.41,1.35,1.35,1.22,1.11,,
BKX,XSES,Yongmao Holdings Ltd,Industrials,Farm & Heavy Construction Machinery,,SGD,Quick Ratio,,0.78,0.76,0.77,0.84,0.81,0.74,0.84,0.83,0.71,0.77,,
BKX,XSES,Yongmao Holdings Ltd,Industrials,Farm & Heavy Construction Machinery,,SGD,Interest Coverage,,1.2,3.41,2.73,5.11,5.04,6.26,5.54,4.92,4.6,2.36,,
BKX,XSES,Yongmao Holdings Ltd,Industrials,Farm & Heavy Construction Machinery,,SGD,Financial Leverage,,2.5,2.32,2.38,2.29,2.11,2.25,2.25,2.23,2.22,2.32,,
BKX,XSES,Yongmao Holdings Ltd,Industrials,Farm & Heavy Construction Machinery,,SGD,Debt/Equity,,0.0,0.0,0.0,0.0,0.01,0.0,0.01,0.00,0.0,0.14,,
BKX,XSES,Yongmao Holdings Ltd,Industrials,Farm & Heavy Construction Machinery,,SGD,Book Value/Share,,1.32,1.37,1.48,1.51,1.74,1.79,1.98,-,1.98,1.87,,
BKX,XSES,Yongmao Holdings Ltd,Industrials,Farm & Heavy Construction Machinery,,SGD,Cap Ex as a % of Sales,,2.67,1.15,0.94,1.95,2.81,1.28,1.68,1.15,4.1,2.78,,
BKZ,XSES,Suntar Eco-City Ltd,Consumer Defensive,Packaged Foods,,SGD,Current Ratio,,3.34,3.06,2.50,3.43,3.41,3.08,2.72,2.51,2.17,2.68,,
BKZ,XSES,Suntar Eco-City Ltd,Consumer Defensive,Packaged Foods,,SGD,Quick Ratio,,1.29,1.93,1.75,2.80,2.82,0.40,0.42,1.45,1.69,2.32,,
BKZ,XSES,Suntar Eco-City Ltd,Consumer Defensive,Packaged Foods,,SGD,Interest Coverage,,-,-,-,-,-,-,-,-,-,-,,
BKZ,XSES,Suntar Eco-City Ltd,Consumer Defensive,Packaged Foods,,SGD,Financial Leverage,,1.24,1.39,1.55,1.35,1.25,1.28,1.29,1.31,1.37,1.27,,
BKZ,XSES,Suntar Eco-City Ltd,Consumer Defensive,Packaged Foods,,SGD,Debt/Equity,,-,-,-,-,-,-,-,-,-,-,,
BKZ,XSES,Suntar Eco-City Ltd,Consumer Defensive,Packaged Foods,,SGD,Book Value/Share,,0.39,0.40,0.31,0.26,0.29,0.30,0.28,0.27,0.27,0.29,,
BKZ,XSES,Suntar Eco-City Ltd,Consumer Defensive,Packaged Foods,,SGD,Cap Ex as a % of Sales,,6.44,3.18,3.19,4.34,0.63,-,-,0.75,1.30,4.88,,
BLR,XSES,Darco Water Technologies Ltd,Industrials,Pollution & Treatment Controls,,SGD,Current Ratio,,1.57,1.56,1.78,1.5,1.81,1.61,1.49,1.39,1.31,1.18,,
BLR,XSES,Darco Water Technologies Ltd,Industrials,Pollution & Treatment Controls,,SGD,Quick Ratio,,1.41,1.4,1.51,1.21,1.62,1.4,1.28,1.26,1.22,1.07,,
BLR,XSES,Darco Water Technologies Ltd,Industrials,Pollution & Treatment Controls,,SGD,Interest Coverage,,27.14,8.11,-1.94,-20.63,8.17,-8.8,3.39,-5.14,1.61,-3.56,,
BLR,XSES,Darco Water Technologies Ltd,Industrials,Pollution & Treatment Controls,,SGD,Financial Leverage,,2.82,2.95,2.29,2.73,2.23,2.4,2.51,2.64,2.7,3.31,,
BLR,XSES,Darco Water Technologies Ltd,Industrials,Pollution & Treatment Controls,,SGD,Debt/Equity,,0.03,0.05,0.02,0.04,0.04,0.03,0.03,0.11,0.04,0.01,,
BLR,XSES,Darco Water Technologies Ltd,Industrials,Pollution & Treatment Controls,,SGD,Book Value/Share,,0.5,0.48,0.55,0.52,0.41,0.42,0.37,0.36,0.3,0.29,,
BLR,XSES,Darco Water Technologies Ltd,Industrials,Pollution & Treatment Controls,,SGD,Cap Ex as a % of Sales,,3.57,1.98,0.54,2.72,0.81,0.62,0.33,0.83,0.67,0.38,,
BLS,XSES,Hotung Investment Holdings Ltd,Financial Services,Asset Management,,SGD,Current Ratio,,12.96,7.74,11.10,9.16,5.54,10.93,10.65,12.85,12.9,13.25,,
BLS,XSES,Hotung Investment Holdings Ltd,Financial Services,Asset Management,,SGD,Quick Ratio,,12.95,7.74,11.08,9.15,5.54,10.92,10.63,12.85,12.85,13.23,,
BLS,XSES,Hotung Investment Holdings Ltd,Financial Services,Asset Management,,SGD,Interest Coverage,,-,-,-,1811.67,4482.29,5580.43,1145.08,1639.14,875.49,1224.93,,
BLS,XSES,Hotung Investment Holdings Ltd,Financial Services,Asset Management,,SGD,Financial Leverage,,1.04,1.05,1.03,1.04,1.08,1.07,1.06,1.07,1.08,1.08,,
BLS,XSES,Hotung Investment Holdings Ltd,Financial Services,Asset Management,,SGD,Debt/Equity,,-,-,-,0.0,0.00,0.00,0.00,0.00,0.0,0.0,,
BLS,XSES,Hotung Investment Holdings Ltd,Financial Services,Asset Management,,SGD,Book Value/Share,,3.21,2.95,2.83,2.93,2.91,3.09,2.80,2.79,2.59,2.35,,
BLS,XSES,Hotung Investment Holdings Ltd,Financial Services,Asset Management,,SGD,Cap Ex as a % of Sales,,0.15,0.06,-,0.24,-,-,-,-,0.16,0.07,,
BLU,XSES,,,,,SGD,Current Ratio,,3.86,4.53,4.78,5.10,4.91,3.53,5.65,4.59,3.68,2.21,,
BLU,XSES,,,,,SGD,Quick Ratio,,0.96,1.98,2.51,3.55,3.04,1.2,3.3,2.65,2.06,1.31,,
BLU,XSES,,,,,SGD,Interest Coverage,,81.05,-35.86,4.13,-23.99,-21.0,-12.51,-9.64,-141.02,-0.26,-329.23,,
BLU,XSES,,,,,SGD,Financial Leverage,,1.55,1.51,1.44,1.39,1.46,1.51,1.22,1.29,1.34,1.55,,
BLU,XSES,,,,,SGD,Debt/Equity,,-,-,-,-,0.03,0.04,0.03,0.02,0.02,0.0,,
BLU,XSES,,,,,SGD,Book Value/Share,,0.48,0.43,0.39,0.38,0.35,0.32,0.23,0.22,0.18,0.16,,
BLU,XSES,,,,,SGD,Cap Ex as a % of Sales,,1.06,0.83,0.52,0.26,3.26,1.35,1.6,0.34,1.76,0.61,,
BLZ,XSES,Advanced Holdings Ltd,Energy,Oil & Gas Equipment & Services,,SGD,Current Ratio,,2.19,2.35,2.79,1.61,2.52,2.03,12.57,6.71,23.12,19.32,,
BLZ,XSES,Advanced Holdings Ltd,Energy,Oil & Gas Equipment & Services,,SGD,Quick Ratio,,1.35,2.04,2.38,1.04,2.14,1.34,12.26,6.65,21.82,18.78,,
BLZ,XSES,Advanced Holdings Ltd,Energy,Oil & Gas Equipment & Services,,SGD,Interest Coverage,,-3.4,-9.87,3.56,-32.96,11.41,-6.64,-16.47,-13.6,-7.22,-13.89,,
BLZ,XSES,Advanced Holdings Ltd,Energy,Oil & Gas Equipment & Services,,SGD,Financial Leverage,,1.76,1.64,1.48,2.05,1.73,1.79,1.13,1.29,1.26,1.17,,
BLZ,XSES,Advanced Holdings Ltd,Energy,Oil & Gas Equipment & Services,,SGD,Debt/Equity,,0.14,0.15,0.13,0.07,0.24,0.2,0.05,0.13,0.24,0.17,,
BLZ,XSES,Advanced Holdings Ltd,Energy,Oil & Gas Equipment & Services,,SGD,Book Value/Share,,0.66,0.61,0.55,0.55,0.61,0.45,0.43,0.36,0.31,0.28,,
BLZ,XSES,Advanced Holdings Ltd,Energy,Oil & Gas Equipment & Services,,SGD,Cap Ex as a % of Sales,,3.64,1.72,0.57,0.71,0.57,11.74,11.68,51.52,17.11,1.91,,
BMGU,XSES,BHG Retail REIT,Real Estate,REIT - Retail,,SGD,Current Ratio,,0.51,1.29,0.24,1.13,1.03,0.15,1.01,0.14,0.12,0.65,,
BMGU,XSES,BHG Retail REIT,Real Estate,REIT - Retail,,SGD,Quick Ratio,,0.51,1.29,0.24,1.13,1.03,0.15,0.99,0.14,0.12,0.64,,
BMGU,XSES,BHG Retail REIT,Real Estate,REIT - Retail,,SGD,Interest Coverage,,-,5.49,7.13,6.63,1.38,2.67,2.31,1.46,1.5,1.27,,
BMGU,XSES,BHG Retail REIT,Real Estate,REIT - Retail,,SGD,Financial Leverage,,2.07,2.13,2.12,2.27,2.27,2.22,2.33,2.46,2.48,2.54,,
BMGU,XSES,BHG Retail REIT,Real Estate,REIT - Retail,,SGD,Debt/Equity,,0.33,0.52,-,0.65,0.64,-,0.69,0.02,0.02,0.81,,
BMGU,XSES,BHG Retail REIT,Real Estate,REIT - Retail,,SGD,Book Value/Share,,-,-,0.78,0.79,0.83,0.89,0.88,0.74,0.72,0.65,,
BMGU,XSES,BHG Retail REIT,Real Estate,REIT - Retail,,SGD,Cap Ex as a % of Sales,,9.30,5.75,1.75,13.83,8.83,3.88,5.49,16.07,7.96,1.29,,
BN2,XSES,Valuetronics Holdings Ltd,Technology,Electronic Components,,SGD,Current Ratio,,1.94,1.83,1.86,2.01,2.17,2.10,2.33,2.39,2.56,2.32,,
BN2,XSES,Valuetronics Holdings Ltd,Technology,Electronic Components,,SGD,Quick Ratio,,1.63,1.50,1.43,1.65,1.87,1.86,1.95,2.08,2.27,2.05,,
BN2,XSES,Valuetronics Holdings Ltd,Technology,Electronic Components,,SGD,Interest Coverage,,165.67,268.74,336.85,374.42,257.85,302.55,216.69,261.65,313.70,282.82,,
BN2,XSES,Valuetronics Holdings Ltd,Technology,Electronic Components,,SGD,Financial Leverage,,1.76,1.94,1.85,1.74,1.63,1.66,1.53,1.52,1.49,1.50,,
BN2,XSES,Valuetronics Holdings Ltd,Technology,Electronic Components,,SGD,Debt/Equity,,-,-,-,-,0.0,-,-,-,-,-,,
BN2,XSES,Valuetronics Holdings Ltd,Technology,Electronic Components,,SGD,Book Value/Share,,0.35,0.38,0.39,0.44,0.5,0.50,0.54,0.55,0.58,0.60,,
BN2,XSES,Valuetronics Holdings Ltd,Technology,Electronic Components,,SGD,Cap Ex as a % of Sales,,1.38,1.92,2.89,1.66,5.04,4.26,4.60,1.72,1.26,13.19,,
BN4,XSES,Keppel Ltd,Industrials,Conglomerates,,SGD,Current Ratio,,1.79,1.58,1.65,1.2,1.19,1.24,1.31,1.04,1.39,1.34,,
BN4,XSES,Keppel Ltd,Industrials,Conglomerates,,SGD,Quick Ratio,,0.62,0.57,0.92,0.68,0.62,0.73,0.23,0.63,0.6,0.5,,
BN4,XSES,Keppel Ltd,Industrials,Conglomerates,,SGD,Interest Coverage,,5.67,3.72,7.22,4.05,0.13,6.29,8.43,4.7,3.71,4.13,,
BN4,XSES,Keppel Ltd,Industrials,Conglomerates,,SGD,Financial Leverage,,2.51,2.46,2.36,2.79,2.99,2.68,2.68,2.51,2.48,2.49,,
BN4,XSES,Keppel Ltd,Industrials,Conglomerates,,SGD,Debt/Equity,,0.62,0.53,0.54,0.63,0.76,0.6,0.58,0.81,0.95,0.88,,
BN4,XSES,Keppel Ltd,Industrials,Conglomerates,,SGD,Book Value/Share,,6.13,6.56,6.3,6.06,5.71,6.12,6.98,6.34,6.03,5.9,,
BN4,XSES,Keppel Ltd,Industrials,Conglomerates,,SGD,Cap Ex as a % of Sales,,6.89,6.59,4.17,6.82,7.42,6.24,10.52,13.22,9.26,8.59,,
BNE,XSES,Kencana Agri Ltd,Consumer Defensive,Farm Products,,SGD,Current Ratio,,0.72,0.8,0.52,0.63,0.82,1.0,1.07,0.79,0.97,0.96,,
BNE,XSES,Kencana Agri Ltd,Consumer Defensive,Farm Products,,SGD,Quick Ratio,,0.26,0.35,0.17,0.1,0.05,0.07,0.08,0.05,0.15,0.25,,
BNE,XSES,Kencana Agri Ltd,Consumer Defensive,Farm Products,,SGD,Interest Coverage,,0.69,1.56,-0.42,1.07,1.45,2.51,1.19,0.95,2.47,2.89,,
BNE,XSES,Kencana Agri Ltd,Consumer Defensive,Farm Products,,SGD,Financial Leverage,,8.99,8.06,16.14,36.37,24.43,10.86,9.81,9.59,7.04,4.63,,
BNE,XSES,Kencana Agri Ltd,Consumer Defensive,Farm Products,,SGD,Debt/Equity,,5.54,4.93,8.94,19.65,14.74,5.83,4.79,4.37,3.31,2.04,,
BNE,XSES,Kencana Agri Ltd,Consumer Defensive,Farm Products,,SGD,Book Value/Share,,0.2,0.25,0.11,0.09,0.05,0.11,0.15,0.15,0.14,0.23,,
BNE,XSES,Kencana Agri Ltd,Consumer Defensive,Farm Products,,SGD,Cap Ex as a % of Sales,,10.8,4.16,10.64,4.69,1.96,4.4,6.77,13.23,9.45,5.94,,
BPF,XSES,YHI International Ltd,Consumer Cyclical,Auto Parts,,SGD,Current Ratio,,2.23,2.44,2.28,2.4,2.83,2.66,2.91,3.17,2.86,2.82,,
BPF,XSES,YHI International Ltd,Consumer Cyclical,Auto Parts,,SGD,Quick Ratio,,1.2,1.31,1.19,1.21,1.63,1.4,1.4,1.62,1.51,1.43,,
BPF,XSES,YHI International Ltd,Consumer Cyclical,Auto Parts,,SGD,Interest Coverage,,2.94,5.37,6.19,5.01,9.72,11.38,9.51,6.52,5.42,2.43,,
BPF,XSES,YHI International Ltd,Consumer Cyclical,Auto Parts,,SGD,Financial Leverage,,1.66,1.56,1.56,1.56,1.47,1.53,1.47,1.42,1.44,1.43,,
BPF,XSES,YHI International Ltd,Consumer Cyclical,Auto Parts,,SGD,Debt/Equity,,0.09,0.06,0.03,0.09,0.09,0.1,0.09,0.08,0.07,0.06,,
BPF,XSES,YHI International Ltd,Consumer Cyclical,Auto Parts,,SGD,Book Value/Share,,0.83,0.84,0.86,0.86,0.91,0.96,0.98,0.94,0.94,0.94,,
BPF,XSES,YHI International Ltd,Consumer Cyclical,Auto Parts,,SGD,Cap Ex as a % of Sales,,1.72,1.35,3.1,1.1,0.85,0.9,1.41,0.81,1.58,1.76,,
BQC,XSES,A-Smart Holdings Ltd,Industrials,Specialty Business Services,,SGD,Current Ratio,,1.31,2.08,3.73,2.98,7.47,8.23,7.15,4.88,5.31,3.27,,
BQC,XSES,A-Smart Holdings Ltd,Industrials,Specialty Business Services,,SGD,Quick Ratio,,1.15,1.75,3.37,1.73,4.22,4.27,3.5,2.33,1.71,0.5,,
BQC,XSES,A-Smart Holdings Ltd,Industrials,Specialty Business Services,,SGD,Interest Coverage,,-200.53,3.02,-7.94,-40.45,4.75,-11.79,-52.67,3.88,-30.97,-74.12,,
BQC,XSES,A-Smart Holdings Ltd,Industrials,Specialty Business Services,,SGD,Financial Leverage,,4.25,1.75,1.35,1.39,1.34,1.33,1.33,1.41,1.33,1.51,,
BQC,XSES,A-Smart Holdings Ltd,Industrials,Specialty Business Services,,SGD,Debt/Equity,,0.7,0.15,0.06,0.04,0.18,0.18,0.16,0.15,0.09,0.07,,
BQC,XSES,A-Smart Holdings Ltd,Industrials,Specialty Business Services,,SGD,Book Value/Share,,-0.01,0.05,0.08,0.08,0.06,0.1,0.09,0.07,0.07,0.1,,
BQC,XSES,A-Smart Holdings Ltd,Industrials,Specialty Business Services,,SGD,Cap Ex as a % of Sales,,7.43,1.99,2.13,2.02,1.1,3.33,0.68,3.46,0.55,1.04,,
BQD,XSES,Envictus International Holdings Ltd,Consumer Defensive,Packaged Foods,,SGD,Current Ratio,,2.18,1.81,1.1,1.02,0.68,0.72,0.65,0.8,1.01,1.08,,
BQD,XSES,Envictus International Holdings Ltd,Consumer Defensive,Packaged Foods,,SGD,Quick Ratio,,1.46,1.0,0.62,0.47,0.32,0.16,0.32,0.26,0.63,0.63,,
BQD,XSES,Envictus International Holdings Ltd,Consumer Defensive,Packaged Foods,,SGD,Interest Coverage,,1.84,-8.91,-3.49,-4.15,-3.11,-1.24,0.82,-0.54,5.0,4.26,,
BQD,XSES,Envictus International Holdings Ltd,Consumer Defensive,Packaged Foods,,SGD,Financial Leverage,,1.39,1.58,1.76,2.0,3.35,4.07,3.7,3.68,2.76,2.48,,
BQD,XSES,Envictus International Holdings Ltd,Consumer Defensive,Packaged Foods,,SGD,Debt/Equity,,0.12,0.28,0.34,0.54,1.53,1.44,1.31,0.96,0.7,0.63,,
BQD,XSES,Envictus International Holdings Ltd,Consumer Defensive,Packaged Foods,,SGD,Book Value/Share,,0.82,0.81,0.65,0.42,0.37,0.25,0.19,0.16,0.18,0.22,,
BQD,XSES,Envictus International Holdings Ltd,Consumer Defensive,Packaged Foods,,SGD,Cap Ex as a % of Sales,,16.35,19.81,11.56,28.68,12.53,6.31,2.41,2.88,0.75,2.3,,
BQF,XSES,XMH Holdings Ltd,Industrials,Specialty Industrial Machinery,,SGD,Current Ratio,,1.31,1.38,1.49,1.74,1.74,1.99,1.73,1.38,1.26,1.27,,
BQF,XSES,XMH Holdings Ltd,Industrials,Specialty Industrial Machinery,,SGD,Quick Ratio,,0.66,0.74,0.86,1.14,0.81,1.19,0.95,0.89,0.7,0.61,,
BQF,XSES,XMH Holdings Ltd,Industrials,Specialty Industrial Machinery,,SGD,Interest Coverage,,11.04,-0.4,-2.27,-1.34,-3.79,2.55,6.77,3.93,8.03,19.55,,
BQF,XSES,XMH Holdings Ltd,Industrials,Specialty Industrial Machinery,,SGD,Financial Leverage,,2.63,2.62,2.53,2.67,2.72,2.66,2.79,3.13,2.51,2.49,,
BQF,XSES,XMH Holdings Ltd,Industrials,Specialty Industrial Machinery,,SGD,Debt/Equity,,0.59,0.59,0.64,0.83,0.94,0.99,0.89,0.68,0.26,0.03,,
BQF,XSES,XMH Holdings Ltd,Industrials,Specialty Industrial Machinery,,SGD,Book Value/Share,,0.57,0.61,0.58,0.56,0.48,0.45,0.44,0.43,0.49,0.61,,
BQF,XSES,XMH Holdings Ltd,Industrials,Specialty Industrial Machinery,,SGD,Cap Ex as a % of Sales,,31.31,1.04,1.15,0.56,1.2,0.45,0.13,0.81,1.36,0.1,,
BQM,XSES,Tiong Woon Corp Holding Ltd,Industrials,Rental & Leasing Services,,SGD,Current Ratio,,0.85,0.78,1.06,1.05,1.38,1.68,1.68,1.96,1.3,1.48,,
BQM,XSES,Tiong Woon Corp Holding Ltd,Industrials,Rental & Leasing Services,,SGD,Quick Ratio,,0.78,0.71,0.98,0.95,1.3,1.59,1.59,1.81,1.25,1.41,,
BQM,XSES,Tiong Woon Corp Holding Ltd,Industrials,Rental & Leasing Services,,SGD,Interest Coverage,,3.41,-1.12,1.42,2.83,4.46,5.65,6.93,6.13,7.0,6.86,,
BQM,XSES,Tiong Woon Corp Holding Ltd,Industrials,Rental & Leasing Services,,SGD,Financial Leverage,,1.84,1.8,1.66,1.78,1.78,1.7,1.7,1.68,1.68,1.65,,
BQM,XSES,Tiong Woon Corp Holding Ltd,Industrials,Rental & Leasing Services,,SGD,Debt/Equity,,0.41,0.39,0.34,0.32,0.41,0.36,0.34,0.27,0.24,0.28,,
BQM,XSES,Tiong Woon Corp Holding Ltd,Industrials,Rental & Leasing Services,,SGD,Book Value/Share,,1.13,1.1,1.07,1.09,1.13,1.13,1.2,1.23,1.3,1.37,,
BQM,XSES,Tiong Woon Corp Holding Ltd,Industrials,Rental & Leasing Services,,SGD,Cap Ex as a % of Sales,,18.6,7.46,4.68,19.29,4.75,7.05,10.78,2.65,18.02,27.62,,
BQN,XSES,BH Global Corp Ltd,Industrials,Industrial Distribution,,SGD,Current Ratio,,1.54,1.26,1.24,1.76,2.42,3.12,2.59,2.49,2.34,2.41,,
BQN,XSES,BH Global Corp Ltd,Industrials,Industrial Distribution,,SGD,Quick Ratio,,0.78,0.52,0.53,0.78,0.94,1.25,1.03,1.1,0.95,0.74,,
BQN,XSES,BH Global Corp Ltd,Industrials,Industrial Distribution,,SGD,Interest Coverage,,-26.18,-78.56,-5.27,2.13,7.66,8.82,4.93,6.54,4.23,1.02,,
BQN,XSES,BH Global Corp Ltd,Industrials,Industrial Distribution,,SGD,Financial Leverage,,1.57,1.96,2.14,1.79,1.75,1.59,1.63,1.57,1.56,1.58,,
BQN,XSES,BH Global Corp Ltd,Industrials,Industrial Distribution,,SGD,Debt/Equity,,0.0,0.02,0.12,0.24,0.25,0.24,0.2,0.16,0.14,0.15,,
BQN,XSES,BH Global Corp Ltd,Industrials,Industrial Distribution,,SGD,Book Value/Share,,0.54,0.45,-,0.15,0.17,0.17,0.18,0.18,0.18,0.17,,
BQN,XSES,BH Global Corp Ltd,Industrials,Industrial Distribution,,SGD,Cap Ex as a % of Sales,,2.28,1.27,1.79,4.64,3.02,4.05,2.56,5.32,3.5,3.22,,
BQP,XSES,Southern Packaging Group Ltd,Consumer Cyclical,Packaging & Containers,,SGD,Current Ratio,,1.26,1.19,1.04,1.39,1.44,1.11,1.03,1.13,1.12,1.22,,
BQP,XSES,Southern Packaging Group Ltd,Consumer Cyclical,Packaging & Containers,,SGD,Quick Ratio,,1.02,0.85,0.61,0.72,0.53,0.46,0.35,0.44,0.4,0.45,,
BQP,XSES,Southern Packaging Group Ltd,Consumer Cyclical,Packaging & Containers,,SGD,Interest Coverage,,4.89,3.07,0.87,1.49,1.27,1.82,-1.32,0.36,0.47,0.66,,
BQP,XSES,Southern Packaging Group Ltd,Consumer Cyclical,Packaging & Containers,,SGD,Financial Leverage,,1.72,1.82,1.81,2.01,1.94,2.32,2.32,2.29,2.21,2.21,,
BQP,XSES,Southern Packaging Group Ltd,Consumer Cyclical,Packaging & Containers,,SGD,Debt/Equity,,0.11,0.18,0.05,0.25,0.21,0.11,0.12,0.17,0.09,0.18,,
BQP,XSES,Southern Packaging Group Ltd,Consumer Cyclical,Packaging & Containers,,SGD,Book Value/Share,,1.49,1.57,1.56,1.5,1.59,1.69,1.53,-,1.39,1.26,,
BQP,XSES,Southern Packaging Group Ltd,Consumer Cyclical,Packaging & Containers,,SGD,Cap Ex as a % of Sales,,13.76,14.2,3.24,4.93,4.62,3.3,9.82,1.61,1.56,3.34,,
BRD,XSES,Sapphire Corp Ltd,Industrials,Engineering & Construction,,SGD,Current Ratio,,1.21,1.24,1.12,1.24,2.96,7.19,5.45,2.17,2.15,2.01,,
BRD,XSES,Sapphire Corp Ltd,Industrials,Engineering & Construction,,SGD,Quick Ratio,,0.72,0.71,1.03,1.16,2.91,4.62,3.57,1.92,1.98,1.28,,
BRD,XSES,Sapphire Corp Ltd,Industrials,Engineering & Construction,,SGD,Interest Coverage,,6.91,3.54,2.48,3.04,3.96,26.77,19.92,6.22,1.85,3.39,,
BRD,XSES,Sapphire Corp Ltd,Industrials,Engineering & Construction,,SGD,Financial Leverage,,3.78,3.97,4.3,3.82,1.21,1.1,1.15,1.25,1.25,1.26,,
BRD,XSES,Sapphire Corp Ltd,Industrials,Engineering & Construction,,SGD,Debt/Equity,,0.03,-,0.06,0.18,-,0.0,0.04,0.05,0.06,0.05,,
BRD,XSES,Sapphire Corp Ltd,Industrials,Engineering & Construction,,SGD,Book Value/Share,,0.29,0.31,0.32,0.27,0.29,0.31,0.31,0.26,0.26,0.26,,
BRD,XSES,Sapphire Corp Ltd,Industrials,Engineering & Construction,,SGD,Cap Ex as a % of Sales,,5.19,5.99,3.35,4.15,284.04,3.05,0.85,16.46,2.33,0.16,,
BS6,XSES,Yangzijiang Shipbuilding (Holdings) Ltd,Industrials,Aerospace & Defense,,SGD,Current Ratio,,2.12,2.17,2.74,3.07,3.82,3.27,1.88,1.66,1.69,1.76,,
BS6,XSES,Yangzijiang Shipbuilding (Holdings) Ltd,Industrials,Aerospace & Defense,,SGD,Quick Ratio,,1.62,1.68,2.17,2.58,3.25,2.88,1.58,1.41,1.39,1.09,,
BS6,XSES,Yangzijiang Shipbuilding (Holdings) Ltd,Industrials,Aerospace & Defense,,SGD,Interest Coverage,,11.54,21.12,38.23,23.84,31.27,45.93,31.93,54.39,69.9,93.50,,
BS6,XSES,Yangzijiang Shipbuilding (Holdings) Ltd,Industrials,Aerospace & Defense,,SGD,Financial Leverage,,1.82,1.68,1.56,1.47,1.39,1.44,1.88,1.95,2.08,1.81,,
BS6,XSES,Yangzijiang Shipbuilding (Holdings) Ltd,Industrials,Aerospace & Defense,,SGD,Debt/Equity,,0.2,0.09,0.1,0.07,0.07,0.05,0.13,0.08,0.09,-,,
BS6,XSES,Yangzijiang Shipbuilding (Holdings) Ltd,Industrials,Aerospace & Defense,,SGD,Book Value/Share,,1.2,1.3,1.38,1.49,1.67,1.79,0.81,0.85,1.07,1.29,,
BS6,XSES,Yangzijiang Shipbuilding (Holdings) Ltd,Industrials,Aerospace & Defense,,SGD,Cap Ex as a % of Sales,,2.28,0.27,2.12,2.26,1.98,4.01,4.38,3.3,4.0,6.87,,
BSL,XSES,Raffles Medical Group Ltd,Healthcare,Medical Care Facilities,,SGD,Current Ratio,,1.21,1.01,1.07,1.12,1.18,1.05,1.41,1.28,1.35,1.31,,
BSL,XSES,Raffles Medical Group Ltd,Healthcare,Medical Care Facilities,,SGD,Quick Ratio,,1.16,0.95,1.02,1.08,1.13,1.02,1.37,1.24,1.32,1.27,,
BSL,XSES,Raffles Medical Group Ltd,Healthcare,Medical Care Facilities,,SGD,Interest Coverage,,539.51,397.17,72.06,40.12,17.39,19.19,28.86,20.65,16.05,23.86,,
BSL,XSES,Raffles Medical Group Ltd,Healthcare,Medical Care Facilities,,SGD,Financial Leverage,,1.35,1.37,1.39,1.53,1.56,1.61,1.48,1.49,1.46,1.35,,
BSL,XSES,Raffles Medical Group Ltd,Healthcare,Medical Care Facilities,,SGD,Debt/Equity,,0.03,0.05,0.12,0.22,0.18,0.1,0.08,0.08,0.07,0.03,,
BSL,XSES,Raffles Medical Group Ltd,Healthcare,Medical Care Facilities,,SGD,Book Value/Share,,0.37,0.4,0.43,0.45,0.46,0.49,0.51,0.54,0.55,0.55,,
BSL,XSES,Raffles Medical Group Ltd,Healthcare,Medical Care Facilities,,SGD,Cap Ex as a % of Sales,,3.06,3.33,6.42,18.85,11.17,7.3,3.3,3.1,2.78,1.31,,
BTE,XSES,Bund Center Investment Ltd,Real Estate,Real Estate Services,,SGD,Current Ratio,,1.78,2.81,4.51,6.5,7.13,7.68,8.81,7.21,8.2,8.69,,
BTE,XSES,Bund Center Investment Ltd,Real Estate,Real Estate Services,,SGD,Quick Ratio,,1.74,2.77,4.47,6.45,7.08,7.62,8.73,7.14,8.1,8.64,,
BTE,XSES,Bund Center Investment Ltd,Real Estate,Real Estate Services,,SGD,Interest Coverage,,164.92,5761.5,5253.13,5411.5,2003.88,6888.67,-,2334.22,1195.95,328.73,,
BTE,XSES,Bund Center Investment Ltd,Real Estate,Real Estate Services,,SGD,Financial Leverage,,1.16,1.15,1.15,1.13,1.12,1.12,1.13,1.13,1.12,1.13,,
BTE,XSES,Bund Center Investment Ltd,Real Estate,Real Estate Services,,SGD,Debt/Equity,,0.0,0.0,0.0,0.0,-,-,-,0.0,0.0,0.0,,
BTE,XSES,Bund Center Investment Ltd,Real Estate,Real Estate Services,,SGD,Book Value/Share,,0.56,0.56,0.57,0.57,0.59,0.61,0.53,0.48,0.48,0.47,,
BTE,XSES,Bund Center Investment Ltd,Real Estate,Real Estate Services,,SGD,Cap Ex as a % of Sales,,1.19,0.39,0.91,3.31,7.18,5.00,3.84,5.53,3.63,3.41,,
BTG,XSES,HG Metal Manufacturing Ltd,Basic Materials,Steel,,SGD,Current Ratio,,4.83,6.86,2.67,2.05,5.73,3.62,3.3,6.11,12.13,-,,
BTG,XSES,HG Metal Manufacturing Ltd,Basic Materials,Steel,,SGD,Quick Ratio,,3.57,4.46,1.62,1.25,3.69,1.98,1.48,3.36,9.06,-,,
BTG,XSES,HG Metal Manufacturing Ltd,Basic Materials,Steel,,SGD,Interest Coverage,,10.43,-663.06,-22.41,1.9,2.25,12.67,-1.97,1.15,17.62,-,,
BTG,XSES,HG Metal Manufacturing Ltd,Basic Materials,Steel,,SGD,Financial Leverage,,1.17,1.18,1.44,1.75,1.48,1.55,1.51,1.27,1.16,-,,
BTG,XSES,HG Metal Manufacturing Ltd,Basic Materials,Steel,,SGD,Debt/Equity,,0.0,-,-,0.11,0.24,0.19,0.16,0.11,0.06,-,,
BTG,XSES,HG Metal Manufacturing Ltd,Basic Materials,Steel,,SGD,Book Value/Share,,1.01,0.92,0.81,0.78,0.77,0.83,0.89,0.65,0.41,-,,
BTG,XSES,HG Metal Manufacturing Ltd,Basic Materials,Steel,,SGD,Cap Ex as a % of Sales,,0.33,0.21,2.56,7.69,11.26,1.86,0.51,1.12,0.55,-,,
BTJ,XSES,A-Sonic Aerospace Ltd,Industrials,Integrated Freight & Logistics,,SGD,Current Ratio,,1.51,1.34,1.35,1.56,1.65,1.58,1.83,1.98,2.1,2.23,,
BTJ,XSES,A-Sonic Aerospace Ltd,Industrials,Integrated Freight & Logistics,,SGD,Quick Ratio,,1.3,1.19,1.23,1.38,1.51,1.45,1.66,1.85,1.93,2.06,,
BTJ,XSES,A-Sonic Aerospace Ltd,Industrials,Integrated Freight & Logistics,,SGD,Interest Coverage,,-9.31,-7.91,4.41,13.66,60.55,187.84,62.7,8.79,42.33,43.04,,
BTJ,XSES,A-Sonic Aerospace Ltd,Industrials,Integrated Freight & Logistics,,SGD,Financial Leverage,,2.41,2.86,2.66,2.16,2.18,2.53,2.16,1.94,1.86,1.75,,
BTJ,XSES,A-Sonic Aerospace Ltd,Industrials,Integrated Freight & Logistics,,SGD,Debt/Equity,,0.05,0.04,0.02,0.03,0.01,0.01,0.03,0.02,0.02,0.01,,
BTJ,XSES,A-Sonic Aerospace Ltd,Industrials,Integrated Freight & Logistics,,SGD,Book Value/Share,,0.45,0.4,0.42,0.44,0.51,0.6,0.55,0.55,0.57,0.6,,
BTJ,XSES,A-Sonic Aerospace Ltd,Industrials,Integrated Freight & Logistics,,SGD,Cap Ex as a % of Sales,,0.05,0.18,0.14,0.32,0.06,0.18,0.12,0.31,0.2,1.06,,
BTM,XSES,Penguin International Ltd,Industrials,Aerospace & Defense,,SGD,Current Ratio,,2.57,3.46,2.11,2.43,2.58,2.47,1.44,1.52,1.85,1.68,,
BTM,XSES,Penguin International Ltd,Industrials,Aerospace & Defense,,SGD,Quick Ratio,,0.98,2.17,1.59,1.42,1.22,1.18,0.51,0.82,0.96,0.79,,
BTM,XSES,Penguin International Ltd,Industrials,Aerospace & Defense,,SGD,Interest Coverage,,-15.33,13.89,225.59,238.63,79.39,35.68,28.39,11.19,17.54,20.22,,
BTM,XSES,Penguin International Ltd,Industrials,Aerospace & Defense,,SGD,Financial Leverage,,1.28,1.21,1.36,1.37,1.36,1.34,1.61,1.77,1.68,1.61,,
BTM,XSES,Penguin International Ltd,Industrials,Aerospace & Defense,,SGD,Debt/Equity,,0.05,0.01,0.0,0.01,0.06,0.08,0.12,0.19,0.18,0.14,,
BTM,XSES,Penguin International Ltd,Industrials,Aerospace & Defense,,SGD,Book Value/Share,,0.64,0.64,0.67,0.74,0.77,0.81,0.89,0.9,0.96,1.06,,
BTM,XSES,Penguin International Ltd,Industrials,Aerospace & Defense,,SGD,Cap Ex as a % of Sales,,17.18,3.5,17.92,16.35,30.22,17.99,35.54,10.74,8.43,18.05,,
BTOU,XSES,Manulife US REIT Units Real Estate Investment Trust Reg S,Real Estate,REIT - Office,,SGD,Current Ratio,,4.13,2.93,0.5,0.64,0.37,0.24,0.66,1.48,2.98,1.89,,
BTOU,XSES,Manulife US REIT Units Real Estate Investment Trust Reg S,Real Estate,REIT - Office,,SGD,Quick Ratio,,4.06,2.89,0.49,0.62,0.36,0.23,0.64,1.43,1.77,0.68,,
BTOU,XSES,Manulife US REIT Units Real Estate Investment Trust Reg S,Real Estate,REIT - Office,,SGD,Interest Coverage,,16.64,9.36,5.43,3.36,-1.38,2.51,-3.66,-8.17,-3.49,-1.92,,
BTOU,XSES,Manulife US REIT Units Real Estate Investment Trust Reg S,Real Estate,REIT - Office,,SGD,Financial Leverage,,1.6,1.61,1.69,1.72,1.8,1.92,2.07,2.61,2.84,2.79,,
BTOU,XSES,Manulife US REIT Units Real Estate Investment Trust Reg S,Real Estate,REIT - Office,,SGD,Debt/Equity,,0.54,0.54,0.52,0.58,0.53,0.57,0.87,1.43,1.73,1.54,,
BTOU,XSES,Manulife US REIT Units Real Estate Investment Trust Reg S,Real Estate,REIT - Office,,SGD,Book Value/Share,,0.76,0.6,0.81,0.75,0.76,0.64,0.7,0.42,0.35,0.22,,
BTOU,XSES,Manulife US REIT Units Real Estate Investment Trust Reg S,Real Estate,REIT - Office,,SGD,Cap Ex as a % of Sales,,1.1,10.1,7.48,25.32,12.44,16.2,12.55,21.38,24.25,20.78,,
BTP,XSES,,,,,SGD,Current Ratio,,23.92,14.45,3.28,2.83,3.38,4.31,5.24,4.99,6.09,6.38,,
BTP,XSES,,,,,SGD,Quick Ratio,,13.71,14.30,3.14,2.68,3.15,4.1,5.0,4.66,5.66,5.83,,
BTP,XSES,,,,,SGD,Interest Coverage,,-,-,71.16,-17.21,-31.88,4.71,21.53,6.82,23.26,-32.71,,
BTP,XSES,,,,,SGD,Financial Leverage,,1.04,1.03,1.38,1.42,1.36,1.32,1.28,1.28,1.25,1.29,,
BTP,XSES,,,,,SGD,Debt/Equity,,-,-,0.02,0.03,0.04,0.03,0.01,0.04,0.03,0.04,,
BTP,XSES,,,,,SGD,Book Value/Share,,1.08,1.01,1.1,1.08,1.03,0.98,1.04,1.06,1.13,1.04,,
BTP,XSES,,,,,SGD,Cap Ex as a % of Sales,,9.77,14.09,26.98,1.46,10.55,3.3,1.17,3.78,6.48,17.65,,
BTX,XSES,Anchun International Holdings Ltd,Basic Materials,Chemicals,,SGD,Current Ratio,,2.97,2.65,2.96,3.56,3.84,2.58,3.29,3.54,3.44,4.52,,
BTX,XSES,Anchun International Holdings Ltd,Basic Materials,Chemicals,,SGD,Quick Ratio,,2.37,2.02,2.51,3.21,3.41,2.28,2.96,3.25,3.17,4.31,,
BTX,XSES,Anchun International Holdings Ltd,Basic Materials,Chemicals,,SGD,Interest Coverage,,-32.76,-72.79,267.59,2809.0,-3816.00,-,-,-,-,-,,
BTX,XSES,Anchun International Holdings Ltd,Basic Materials,Chemicals,,SGD,Financial Leverage,,1.32,1.38,1.35,1.28,1.26,1.47,1.35,1.32,1.34,1.25,,
BTX,XSES,Anchun International Holdings Ltd,Basic Materials,Chemicals,,SGD,Debt/Equity,,-,-,-,0.0,-,-,-,-,-,-,,
BTX,XSES,Anchun International Holdings Ltd,Basic Materials,Chemicals,,SGD,Book Value/Share,,1.32,1.24,1.13,1.17,1.20,1.19,1.15,1.18,1.18,1.23,,
BTX,XSES,Anchun International Holdings Ltd,Basic Materials,Chemicals,,SGD,Cap Ex as a % of Sales,,3.00,1.75,0.92,0.8,4.28,3.93,0.99,3.82,2.03,2.73,,
BUOU,XSES,Frasers Logistics & Commercial Trust,Real Estate,REIT - Industrial,,SGD,Current Ratio,,4.67,1.35,0.43,0.6,0.44,0.5,1.12,0.34,0.27,0.57,,
BUOU,XSES,Frasers Logistics & Commercial Trust,Real Estate,REIT - Industrial,,SGD,Quick Ratio,,4.67,1.27,0.42,0.51,0.24,0.46,0.84,0.28,0.22,0.51,,
BUOU,XSES,Frasers Logistics & Commercial Trust,Real Estate,REIT - Industrial,,SGD,Interest Coverage,,-,7.88,11.02,11.83,15.3,22.29,23.79,-0.29,2.63,3.5,,
BUOU,XSES,Frasers Logistics & Commercial Trust,Real Estate,REIT - Industrial,,SGD,Financial Leverage,,1.42,1.48,1.61,1.61,1.79,1.68,1.53,1.58,1.67,1.76,,
BUOU,XSES,Frasers Logistics & Commercial Trust,Real Estate,REIT - Industrial,,SGD,Debt/Equity,,0.39,0.43,0.44,0.45,0.52,0.54,0.4,0.37,0.43,0.52,,
BUOU,XSES,Frasers Logistics & Commercial Trust,Real Estate,REIT - Industrial,,SGD,Book Value/Share,,0.87,0.87,0.91,0.81,0.61,1.06,1.31,1.27,1.16,1.08,,
BUOU,XSES,Frasers Logistics & Commercial Trust,Real Estate,REIT - Industrial,,SGD,Cap Ex as a % of Sales,,-,1.04,31.88,5.54,3.95,6.15,28.35,38.33,19.75,10.73,,
BVA,XSES,Top Glove Corp Bhd,Healthcare,Medical Instruments & Supplies,,SGD,Current Ratio,,1.93,1.57,1.12,0.97,2.01,1.98,2.12,1.83,1.93,2.7,,
BVA,XSES,Top Glove Corp Bhd,Healthcare,Medical Instruments & Supplies,,SGD,Quick Ratio,,1.5,1.07,0.69,0.52,1.72,1.39,1.2,1.22,1.36,1.9,,
BVA,XSES,Top Glove Corp Bhd,Healthcare,Medical Instruments & Supplies,,SGD,Interest Coverage,,79.81,61.68,15.97,6.32,63.95,2397.42,82.07,-69.64,-2.15,7.67,,
BVA,XSES,Top Glove Corp Bhd,Healthcare,Medical Instruments & Supplies,,SGD,Financial Leverage,,1.46,1.47,2.22,2.24,1.41,1.36,1.2,1.2,1.2,1.32,,
BVA,XSES,Top Glove Corp Bhd,Healthcare,Medical Instruments & Supplies,,SGD,Debt/Equity,,0.04,0.03,0.56,0.54,0.04,0.02,0.02,0.01,0.0,0.17,,
BVA,XSES,Top Glove Corp Bhd,Healthcare,Medical Instruments & Supplies,,SGD,Book Value/Share,,0.08,0.08,0.1,0.11,0.19,0.33,0.27,0.23,0.22,0.18,,
BVA,XSES,Top Glove Corp Bhd,Healthcare,Medical Instruments & Supplies,,SGD,Cap Ex as a % of Sales,,8.01,14.1,10.89,12.99,11.27,8.16,17.11,16.18,5.7,3.98,,
BWM,XSES,Zheneng Jinjiang Environment Holding Co Ltd Shs USD,Utilities,Utilities - Renewable,,SGD,Current Ratio,,0.67,1.11,1.1,0.52,0.76,0.7,0.71,0.82,0.86,0.88,,
BWM,XSES,Zheneng Jinjiang Environment Holding Co Ltd Shs USD,Utilities,Utilities - Renewable,,SGD,Quick Ratio,,0.5,0.61,0.88,0.4,0.62,0.52,0.52,0.58,0.61,0.63,,
BWM,XSES,Zheneng Jinjiang Environment Holding Co Ltd Shs USD,Utilities,Utilities - Renewable,,SGD,Interest Coverage,,6.2,5.05,3.88,2.0,2.34,2.61,2.16,2.16,2.89,3.68,,
BWM,XSES,Zheneng Jinjiang Environment Holding Co Ltd Shs USD,Utilities,Utilities - Renewable,,SGD,Financial Leverage,,2.2,2.69,2.66,2.92,2.97,3.18,3.2,3.11,3.04,2.99,,
BWM,XSES,Zheneng Jinjiang Environment Holding Co Ltd Shs USD,Utilities,Utilities - Renewable,,SGD,Debt/Equity,,0.45,0.73,0.93,0.49,1.02,0.9,0.95,1.01,0.92,0.95,,
BWM,XSES,Zheneng Jinjiang Environment Holding Co Ltd Shs USD,Utilities,Utilities - Renewable,,SGD,Book Value/Share,,0.73,0.76,0.73,0.77,0.8,0.91,0.86,0.9,0.93,0.99,,
BWM,XSES,Zheneng Jinjiang Environment Holding Co Ltd Shs USD,Utilities,Utilities - Renewable,,SGD,Cap Ex as a % of Sales,,30.23,64.93,80.5,25.8,48.38,27.11,26.15,25.1,32.93,37.23,,
BXE,XSES,CDW Holding Ltd,Technology,Semiconductor Equipment & Materials,,SGD,Current Ratio,,3.31,3.11,2.56,2.18,1.99,1.79,1.71,1.83,1.67,2.02,,
BXE,XSES,CDW Holding Ltd,Technology,Semiconductor Equipment & Materials,,SGD,Quick Ratio,,2.95,2.77,2.18,1.84,1.62,1.23,1.16,1.37,1.09,1.58,,
BXE,XSES,CDW Holding Ltd,Technology,Semiconductor Equipment & Materials,,SGD,Interest Coverage,,35.13,33.01,11.79,-1.13,12.58,14.18,28.35,-1.3,-13.59,-6.33,,
BXE,XSES,CDW Holding Ltd,Technology,Semiconductor Equipment & Materials,,SGD,Financial Leverage,,1.39,1.45,1.55,1.74,1.98,2.15,1.98,1.76,1.88,1.71,,
BXE,XSES,CDW Holding Ltd,Technology,Semiconductor Equipment & Materials,,SGD,Debt/Equity,,0.01,0.03,0.01,0.04,0.1,0.06,0.06,0.04,0.03,0.12,,
BXE,XSES,CDW Holding Ltd,Technology,Semiconductor Equipment & Materials,,SGD,Book Value/Share,,0.36,0.35,0.33,0.32,0.29,0.29,0.29,0.33,0.3,0.24,,
BXE,XSES,CDW Holding Ltd,Technology,Semiconductor Equipment & Materials,,SGD,Cap Ex as a % of Sales,,1.74,0.92,2.44,2.13,1.19,0.89,0.59,1.29,0.73,1.15,,
C04,XSES,Casa Holdings Ltd,Consumer Cyclical,"Furnishings, Fixtures & Appliances",,SGD,Current Ratio,,2.23,2.84,1.05,1.57,2.19,1.92,1.99,1.83,6.2,6.93,,
C04,XSES,Casa Holdings Ltd,Consumer Cyclical,"Furnishings, Fixtures & Appliances",,SGD,Quick Ratio,,0.35,0.31,0.67,0.84,1.46,1.16,0.96,0.76,4.93,5.67,,
C04,XSES,Casa Holdings Ltd,Consumer Cyclical,"Furnishings, Fixtures & Appliances",,SGD,Interest Coverage,,0.06,-4.5,1.91,2.12,1.62,2.38,1.97,2.08,4.7,0.11,,
C04,XSES,Casa Holdings Ltd,Consumer Cyclical,"Furnishings, Fixtures & Appliances",,SGD,Financial Leverage,,1.89,1.94,1.77,1.65,1.66,1.69,1.63,1.6,1.51,1.5,,
C04,XSES,Casa Holdings Ltd,Consumer Cyclical,"Furnishings, Fixtures & Appliances",,SGD,Debt/Equity,,0.36,0.21,0.01,0.01,0.05,0.06,0.05,0.04,0.02,0.02,,
C04,XSES,Casa Holdings Ltd,Consumer Cyclical,"Furnishings, Fixtures & Appliances",,SGD,Book Value/Share,,0.35,0.34,0.3,0.26,0.27,0.27,0.28,0.28,0.28,0.32,,
C04,XSES,Casa Holdings Ltd,Consumer Cyclical,"Furnishings, Fixtures & Appliances",,SGD,Cap Ex as a % of Sales,,1.67,1.14,0.74,0.32,0.67,5.62,0.84,0.22,0.12,1.46,,
C05,XSES,Chemical Industries (Far East) Ltd,Basic Materials,Chemicals,,SGD,Current Ratio,,2.21,4.12,5.98,5.14,4.07,4.19,4.44,5.82,5.59,1.85,,
C05,XSES,Chemical Industries (Far East) Ltd,Basic Materials,Chemicals,,SGD,Quick Ratio,,1.9,3.6,4.61,4.48,3.58,3.79,3.75,4.88,4.56,1.53,,
C05,XSES,Chemical Industries (Far East) Ltd,Basic Materials,Chemicals,,SGD,Interest Coverage,,25.69,44.09,-,11367.0,23.46,39.89,38.73,61.69,65.38,-72.67,,
C05,XSES,Chemical Industries (Far East) Ltd,Basic Materials,Chemicals,,SGD,Financial Leverage,,1.32,1.14,1.10,1.1,1.16,1.17,1.17,1.11,1.09,1.3,,
C05,XSES,Chemical Industries (Far East) Ltd,Basic Materials,Chemicals,,SGD,Debt/Equity,,0.0,0.0,0.00,0.0,0.05,0.04,0.03,0.02,0.01,0.01,,
C05,XSES,Chemical Industries (Far East) Ltd,Basic Materials,Chemicals,,SGD,Book Value/Share,,1.34,1.37,1.31,1.44,1.56,1.62,1.59,1.69,1.7,1.76,,
C05,XSES,Chemical Industries (Far East) Ltd,Basic Materials,Chemicals,,SGD,Cap Ex as a % of Sales,,0.89,3.22,1.98,4.09,15.58,4.4,2.18,5.75,16.34,14.92,,
C06,XSES,CSC Holdings Ltd,Industrials,Engineering & Construction,,SGD,Current Ratio,,1.2,1.09,1.06,1.02,1.04,1.11,1.18,1.05,0.97,0.99,,
C06,XSES,CSC Holdings Ltd,Industrials,Engineering & Construction,,SGD,Quick Ratio,,1.05,0.9,0.88,0.75,0.75,0.88,0.95,0.88,0.81,0.83,,
C06,XSES,CSC Holdings Ltd,Industrials,Engineering & Construction,,SGD,Interest Coverage,,-0.23,-4.83,-2.53,-3.2,2.65,-2.88,1.4,-3.82,-1.82,1.38,,
C06,XSES,CSC Holdings Ltd,Industrials,Engineering & Construction,,SGD,Financial Leverage,,2.5,2.49,2.55,3.08,2.98,2.7,2.87,3.86,4.64,4.88,,
C06,XSES,CSC Holdings Ltd,Industrials,Engineering & Construction,,SGD,Debt/Equity,,0.18,0.15,0.16,0.15,0.13,0.15,0.25,0.6,0.63,0.54,,
C06,XSES,CSC Holdings Ltd,Industrials,Engineering & Construction,,SGD,Book Value/Share,,0.07,0.06,0.06,0.05,0.05,0.03,0.03,0.03,0.03,0.02,,
C06,XSES,CSC Holdings Ltd,Industrials,Engineering & Construction,,SGD,Cap Ex as a % of Sales,,2.42,5.17,3.28,4.96,2.82,3.33,5.46,3.6,2.66,2.72,,
C07,XSES,Jardine Cycle & Carriage Ltd,Industrials,Conglomerates,,SGD,Current Ratio,,1.27,1.1,1.03,1.12,1.26,1.56,1.42,1.26,1.38,1.31,,
C07,XSES,Jardine Cycle & Carriage Ltd,Industrials,Conglomerates,,SGD,Quick Ratio,,1.03,0.87,0.77,0.85,1.03,1.29,1.11,0.87,0.98,0.96,,
C07,XSES,Jardine Cycle & Carriage Ltd,Industrials,Conglomerates,,SGD,Interest Coverage,,28.59,27.9,13.06,11.47,8.78,16.63,24.13,15.49,11.58,12.62,,
C07,XSES,Jardine Cycle & Carriage Ltd,Industrials,Conglomerates,,SGD,Financial Leverage,,3.75,3.97,4.43,4.24,3.94,3.94,4.1,4.03,3.9,3.86,,
C07,XSES,Jardine Cycle & Carriage Ltd,Industrials,Conglomerates,,SGD,Debt/Equity,,0.32,0.36,0.46,0.54,0.44,0.53,0.45,0.51,0.5,0.36,,
C07,XSES,Jardine Cycle & Carriage Ltd,Industrials,Conglomerates,,SGD,Book Value/Share,,20.92,20.64,20.6,22.61,22.49,23.67,24.99,25.82,26.69,27.12,,
C07,XSES,Jardine Cycle & Carriage Ltd,Industrials,Conglomerates,,SGD,Cap Ex as a % of Sales,,3.99,5.07,5.59,5.79,3.47,2.9,4.17,7.04,5.04,5.23,,
C09,XSES,City Developments Ltd,Real Estate,Real Estate - Development,,SGD,Current Ratio,,2.75,2.9,2.93,2.6,2.14,1.49,2.15,1.77,1.58,2.23,,
C09,XSES,City Developments Ltd,Real Estate,Real Estate - Development,,SGD,Quick Ratio,,1.3,0.76,1.05,1.15,1.04,0.54,0.88,0.88,0.74,0.71,,
C09,XSES,City Developments Ltd,Real Estate,Real Estate - Development,,SGD,Interest Coverage,,9.19,8.03,7.84,5.13,-8.03,2.26,8.73,2.06,1.68,2.69,,
C09,XSES,City Developments Ltd,Real Estate,Real Estate - Development,,SGD,Financial Leverage,,2.13,2.04,2.08,2.21,2.9,2.84,2.49,2.64,2.82,2.82,,
C09,XSES,City Developments Ltd,Real Estate,Real Estate - Development,,SGD,Debt/Equity,,0.43,0.39,0.5,0.75,1.1,0.74,0.87,0.91,1.03,1.13,,
C09,XSES,City Developments Ltd,Real Estate,Real Estate - Development,,SGD,Book Value/Share,,9.91,10.38,11.21,11.34,11.66,9.22,10.18,10.0,10.12,10.1,,
C09,XSES,City Developments Ltd,Real Estate,Real Estate - Development,,SGD,Cap Ex as a % of Sales,,5.83,4.03,6.18,8.98,18.68,15.79,11.8,10.36,20.0,23.53,,
C13,XSES,CH Offshore Ltd,Energy,Oil & Gas Equipment & Services,,SGD,Current Ratio,,1.41,2.33,1.38,1.38,1.23,1.71,1.71,1.16,1.27,2.39,,
C13,XSES,CH Offshore Ltd,Energy,Oil & Gas Equipment & Services,,SGD,Quick Ratio,,1.40,2.31,1.36,1.35,1.1,1.64,1.6,1.08,1.15,2.24,,
C13,XSES,CH Offshore Ltd,Energy,Oil & Gas Equipment & Services,,SGD,Interest Coverage,,72.43,-146.42,-55.13,-28.63,-48.45,-14.34,-12.72,-24.02,5.99,-1.75,,
C13,XSES,CH Offshore Ltd,Energy,Oil & Gas Equipment & Services,,SGD,Financial Leverage,,1.16,1.21,1.25,1.31,1.36,1.32,1.28,1.37,1.32,1.26,,
C13,XSES,CH Offshore Ltd,Energy,Oil & Gas Equipment & Services,,SGD,Debt/Equity,,-,0.03,0.04,0.03,0.07,0.06,0.03,0.02,0.0,0.01,,
C13,XSES,CH Offshore Ltd,Energy,Oil & Gas Equipment & Services,,SGD,Book Value/Share,,0.17,0.18,0.13,0.08,0.08,0.06,0.06,0.05,0.04,0.03,,
C13,XSES,CH Offshore Ltd,Energy,Oil & Gas Equipment & Services,,SGD,Cap Ex as a % of Sales,,35.66,4.07,11.05,1.92,22.06,8.19,1.51,9.83,14.93,23.89,,
C2PU,XSES,Parkway Life Real Estate Investment Trust,Real Estate,REIT - Healthcare Facilities,,SGD,Current Ratio,,1.92,1.0,1.51,0.33,0.37,0.33,0.92,0.74,1.21,0.27,,
C2PU,XSES,Parkway Life Real Estate Investment Trust,Real Estate,REIT - Healthcare Facilities,,SGD,Quick Ratio,,1.89,0.98,1.47,0.32,0.21,0.31,0.67,0.39,0.63,0.25,,
C2PU,XSES,Parkway Life Real Estate Investment Trust,Real Estate,REIT - Healthcare Facilities,,SGD,Interest Coverage,,12.08,16.48,27.48,23.31,19.06,82.72,8.9,9.37,8.69,12.91,,
C2PU,XSES,Parkway Life Real Estate Investment Trust,Real Estate,REIT - Healthcare Facilities,,SGD,Financial Leverage,,1.68,1.66,1.67,1.69,1.75,1.63,1.66,1.65,1.63,1.59,,
C2PU,XSES,Parkway Life Real Estate Investment Trust,Real Estate,REIT - Healthcare Facilities,,SGD,Debt/Equity,,0.59,0.59,0.6,0.56,0.53,0.51,0.56,0.55,0.55,0.43,,
C2PU,XSES,Parkway Life Real Estate Investment Trust,Real Estate,REIT - Healthcare Facilities,,SGD,Book Value/Share,,1.67,1.72,1.76,1.87,1.94,2.37,2.41,2.33,2.18,2.44,,
C2PU,XSES,Parkway Life Real Estate Investment Trust,Real Estate,REIT - Healthcare Facilities,,SGD,Cap Ex as a % of Sales,,5.52,4.8,5.9,8.4,3.8,9.73,49.37,21.12,33.9,48.54,,
C33,XSES,Chuan Hup Holdings Ltd,Real Estate,Real Estate - Development,,SGD,Current Ratio,,3.21,2.17,2.78,9.21,6.08,7.86,30.75,7.05,2.52,5.71,,
C33,XSES,Chuan Hup Holdings Ltd,Real Estate,Real Estate - Development,,SGD,Quick Ratio,,2.26,1.33,2.07,8.23,5.16,7.11,30.46,6.09,1.38,3.42,,
C33,XSES,Chuan Hup Holdings Ltd,Real Estate,Real Estate - Development,,SGD,Interest Coverage,,128.55,121.27,111.06,-108.79,-16790.00,-,-,-,43.07,22.57,,
C33,XSES,Chuan Hup Holdings Ltd,Real Estate,Real Estate - Development,,SGD,Financial Leverage,,1.33,1.51,1.42,1.07,1.10,1.06,1.01,1.06,1.14,1.17,,
C33,XSES,Chuan Hup Holdings Ltd,Real Estate,Real Estate - Development,,SGD,Debt/Equity,,-,-,-,-,-,-,-,0.00,0.01,0.1,,
C33,XSES,Chuan Hup Holdings Ltd,Real Estate,Real Estate - Development,,SGD,Book Value/Share,,0.40,0.42,0.42,0.43,0.39,0.37,0.36,0.34,0.34,0.3,,
C33,XSES,Chuan Hup Holdings Ltd,Real Estate,Real Estate - Development,,SGD,Cap Ex as a % of Sales,,3.25,0.58,1.43,190.93,2.11,0.09,0.41,0.35,0.5,5.5,,
C38U,XSES,CapitaLand Integrated Commercial Trust,Real Estate,REIT - Retail,,SGD,Current Ratio,,1.11,0.78,0.45,0.46,0.2,0.61,0.2,0.13,0.16,0.58,,
C38U,XSES,CapitaLand Integrated Commercial Trust,Real Estate,REIT - Retail,,SGD,Quick Ratio,,1.1,0.74,0.45,0.46,0.19,0.32,0.18,0.12,0.14,0.17,,
C38U,XSES,CapitaLand Integrated Commercial Trust,Real Estate,REIT - Retail,,SGD,Interest Coverage,,5.54,7.45,8.15,7.01,3.68,7.06,4.14,3.54,3.63,4.41,,
C38U,XSES,CapitaLand Integrated Commercial Trust,Real Estate,REIT - Retail,,SGD,Financial Leverage,,1.54,1.52,1.55,1.51,1.72,1.66,1.75,1.74,1.64,1.68,,
C38U,XSES,CapitaLand Integrated Commercial Trust,Real Estate,REIT - Retail,,SGD,Debt/Equity,,0.45,0.38,0.42,0.43,0.6,0.56,0.6,0.6,0.51,0.57,,
C38U,XSES,CapitaLand Integrated Commercial Trust,Real Estate,REIT - Retail,,SGD,Book Value/Share,,1.88,1.94,1.95,2.01,1.14,2.01,2.12,2.11,1.98,2.07,,
C38U,XSES,CapitaLand Integrated Commercial Trust,Real Estate,REIT - Retail,,SGD,Cap Ex as a % of Sales,,11.1,14.55,28.89,16.11,7.47,7.19,8.84,7.6,11.27,17.64,,
C41,XSES,Cortina Holdings Ltd,Consumer Cyclical,Luxury Goods,,SGD,Current Ratio,,2.38,2.76,3.47,3.47,3.97,2.43,2.81,2.48,2.17,2.86,,
C41,XSES,Cortina Holdings Ltd,Consumer Cyclical,Luxury Goods,,SGD,Quick Ratio,,0.25,0.36,0.72,1.24,1.83,0.97,1.29,1.06,0.65,0.83,,
C41,XSES,Cortina Holdings Ltd,Consumer Cyclical,Luxury Goods,,SGD,Interest Coverage,,4.99,7.27,15.42,34.07,25.15,32.71,27.46,27.35,20.57,15.0,,
C41,XSES,Cortina Holdings Ltd,Consumer Cyclical,Luxury Goods,,SGD,Financial Leverage,,1.75,1.65,1.45,1.43,1.47,1.92,1.9,1.76,1.79,1.72,,
C41,XSES,Cortina Holdings Ltd,Consumer Cyclical,Luxury Goods,,SGD,Debt/Equity,,0.02,0.06,0.02,0.0,0.12,0.27,0.3,0.22,0.21,0.25,,
C41,XSES,Cortina Holdings Ltd,Consumer Cyclical,Luxury Goods,,SGD,Book Value/Share,,0.92,0.95,1.02,1.16,1.27,1.42,1.64,1.98,2.2,2.42,,
C41,XSES,Cortina Holdings Ltd,Consumer Cyclical,Luxury Goods,,SGD,Cap Ex as a % of Sales,,1.69,1.71,1.25,0.63,0.57,0.52,2.24,2.92,3.25,0.76,,
C52,XSES,ComfortDelGro Corp Ltd,Industrials,Railroads,,SGD,Current Ratio,,1.13,1.23,1.27,1.18,1.41,1.6,1.58,1.48,1.05,1.23,,
C52,XSES,ComfortDelGro Corp Ltd,Industrials,Railroads,,SGD,Quick Ratio,,1.05,1.11,1.13,1.05,1.29,1.47,1.46,1.27,0.9,1.07,,
C52,XSES,ComfortDelGro Corp Ltd,Industrials,Railroads,,SGD,Interest Coverage,,33.4,40.39,39.54,20.18,8.97,19.13,21.5,13.23,9.16,7.47,,
C52,XSES,ComfortDelGro Corp Ltd,Industrials,Railroads,,SGD,Financial Leverage,,2.07,1.84,1.97,2.07,2.04,1.83,1.83,1.81,2.2,2.37,,
C52,XSES,ComfortDelGro Corp Ltd,Industrials,Railroads,,SGD,Debt/Equity,,0.07,0.08,0.18,0.22,0.22,0.2,0.17,0.14,0.27,0.53,,
C52,XSES,ComfortDelGro Corp Ltd,Industrials,Railroads,,SGD,Book Value/Share,,1.1,1.19,1.19,1.16,1.14,1.26,1.25,1.19,1.21,1.21,,
C52,XSES,ComfortDelGro Corp Ltd,Industrials,Railroads,,SGD,Cap Ex as a % of Sales,,11.5,9.91,9.68,12.97,6.19,6.5,8.06,9.75,10.48,11.62,,
C6L,XSES,Singapore Airlines Ltd,Industrials,Airlines,,SGD,Current Ratio,,1.05,0.91,0.76,0.75,0.44,1.69,2.25,1.41,1.23,0.82,,
C6L,XSES,Singapore Airlines Ltd,Industrials,Airlines,,SGD,Quick Ratio,,0.94,0.82,0.64,0.63,0.38,1.59,2.02,1.33,1.08,0.74,,
C6L,XSES,Singapore Airlines Ltd,Industrials,Airlines,,SGD,Interest Coverage,,20.8,12.52,13.55,8.66,-0.02,-18.12,-1.87,7.78,8.69,9.1,,
C6L,XSES,Singapore Airlines Ltd,Industrials,Airlines,,SGD,Financial Leverage,,1.86,1.89,1.93,2.3,3.62,2.36,2.17,2.47,2.71,2.75,,
C6L,XSES,Singapore Airlines Ltd,Industrials,Airlines,,SGD,Debt/Equity,,0.09,0.12,0.22,0.48,0.93,0.83,0.65,0.61,0.73,0.65,,
C6L,XSES,Singapore Airlines Ltd,Industrials,Airlines,,SGD,Book Value/Share,,7.73,8.26,8.36,7.3,7.22,5.28,7.4,6.55,5.24,5.17,,
C6L,XSES,Singapore Airlines Ltd,Industrials,Airlines,,SGD,Cap Ex as a % of Sales,,19.4,26.82,33.34,34.72,32.52,72.58,41.01,9.5,6.98,9.59,,
C76,XSES,Creative Technology Ltd,Technology,Computer Hardware,,SGD,Current Ratio,,3.87,3.58,6.04,6.85,4.53,4.71,4.35,3.9,3.45,3.84,,
C76,XSES,Creative Technology Ltd,Technology,Computer Hardware,,SGD,Quick Ratio,,3.07,2.82,5.27,5.97,4.0,3.87,3.32,2.93,2.32,2.57,,
C76,XSES,Creative Technology Ltd,Technology,Computer Hardware,,SGD,Interest Coverage,,-,-,-,-,-60.06,-32.96,-64.81,-228.85,-60.26,-106.0,,
C76,XSES,Creative Technology Ltd,Technology,Computer Hardware,,SGD,Financial Leverage,,1.45,1.53,1.30,1.25,1.42,1.4,1.41,1.53,1.6,1.58,,
C76,XSES,Creative Technology Ltd,Technology,Computer Hardware,,SGD,Debt/Equity,,-,-,-,-,0.04,0.02,0.0,0.03,0.02,0.0,,
C76,XSES,Creative Technology Ltd,Technology,Computer Hardware,,SGD,Book Value/Share,,1.84,1.57,1.75,2.13,2.01,1.77,1.76,1.28,1.08,0.8,,
C76,XSES,Creative Technology Ltd,Technology,Computer Hardware,,SGD,Cap Ex as a % of Sales,,0.06,0.31,0.15,0.15,0.68,0.27,0.2,0.14,0.08,0.04,,
C8R,XSES,Jiutian Chemical Group Ltd,Basic Materials,Chemicals,,SGD,Current Ratio,,0.79,0.88,0.98,1.01,1.28,1.57,2.41,2.02,1.92,1.68,,
C8R,XSES,Jiutian Chemical Group Ltd,Basic Materials,Chemicals,,SGD,Quick Ratio,,0.74,0.74,0.73,0.68,0.93,1.3,2.24,1.46,1.25,0.81,,
C8R,XSES,Jiutian Chemical Group Ltd,Basic Materials,Chemicals,,SGD,Interest Coverage,,1.05,17.80,7.52,-45.15,43.14,133.34,293.3,-173.95,-24.13,-31.41,,
C8R,XSES,Jiutian Chemical Group Ltd,Basic Materials,Chemicals,,SGD,Financial Leverage,,2.69,2.84,2.65,3.95,2.73,2.32,1.62,1.68,1.69,1.66,,
C8R,XSES,Jiutian Chemical Group Ltd,Basic Materials,Chemicals,,SGD,Debt/Equity,,0.11,-,-,-,-,0.06,0.04,0.09,0.16,0.13,,
C8R,XSES,Jiutian Chemical Group Ltd,Basic Materials,Chemicals,,SGD,Book Value/Share,,0.05,0.06,0.06,0.06,0.04,0.07,0.11,0.09,0.06,0.05,,
C8R,XSES,Jiutian Chemical Group Ltd,Basic Materials,Chemicals,,SGD,Cap Ex as a % of Sales,,5.78,2.20,1.35,0.32,0.55,1.02,0.41,20.98,179.32,23.24,,
C9Q,XSES,Sinostar Pec Holdings Ltd,Energy,Oil & Gas E&P,,SGD,Current Ratio,,10.88,9.73,0.57,0.32,1.7,1.81,1.91,1.94,1.22,2.63,,
C9Q,XSES,Sinostar Pec Holdings Ltd,Energy,Oil & Gas E&P,,SGD,Quick Ratio,,10.13,9.28,0.46,0.21,1.16,1.35,0.08,0.03,0.06,0.29,,
C9Q,XSES,Sinostar Pec Holdings Ltd,Energy,Oil & Gas E&P,,SGD,Interest Coverage,,-,-,-,4.59,7.56,9.43,3.68,13.07,15.34,5.53,,
C9Q,XSES,Sinostar Pec Holdings Ltd,Energy,Oil & Gas E&P,,SGD,Financial Leverage,,1.08,1.10,3.31,2.55,2.59,2.37,2.07,1.72,1.59,1.24,,
C9Q,XSES,Sinostar Pec Holdings Ltd,Energy,Oil & Gas E&P,,SGD,Debt/Equity,,-,-,0.21,0.04,1.08,0.7,0.49,0.24,0.15,0.07,,
C9Q,XSES,Sinostar Pec Holdings Ltd,Energy,Oil & Gas E&P,,SGD,Book Value/Share,,0.19,0.21,0.22,0.23,0.29,0.41,0.38,0.42,0.46,0.3,,
C9Q,XSES,Sinostar Pec Holdings Ltd,Energy,Oil & Gas E&P,,SGD,Cap Ex as a % of Sales,,2.10,0.70,3.06,8.33,12.04,0.76,0.95,0.25,0.22,0.9,,
CC3,XSES,StarHub Ltd,Communication Services,Telecom Services,,SGD,Current Ratio,,0.87,0.84,1.07,0.8,1.5,1.47,1.22,1.44,1.11,1.44,,
CC3,XSES,StarHub Ltd,Communication Services,Telecom Services,,SGD,Quick Ratio,,0.72,0.68,0.86,0.63,1.25,1.33,1.04,1.17,0.98,1.28,,
CC3,XSES,StarHub Ltd,Communication Services,Telecom Services,,SGD,Interest Coverage,,16.66,11.18,9.13,6.71,6.03,5.18,3.17,6.08,5.89,3.84,,
CC3,XSES,StarHub Ltd,Communication Services,Telecom Services,,SGD,Financial Leverage,,11.27,6.91,4.99,5.28,5.45,5.5,5.91,5.34,5.13,7.2,,
CC3,XSES,StarHub Ltd,Communication Services,Telecom Services,,SGD,Debt/Equity,,5.02,2.52,1.85,1.49,2.4,2.11,2.07,2.11,1.27,2.91,,
CC3,XSES,StarHub Ltd,Communication Services,Telecom Services,,SGD,Book Value/Share,,0.13,0.23,0.33,0.3,0.3,0.32,0.34,0.33,0.34,0.34,,
CC3,XSES,StarHub Ltd,Communication Services,Telecom Services,,SGD,Cap Ex as a % of Sales,,15.3,12.33,11.55,9.85,9.42,8.45,6.94,7.28,8.41,16.09,,
CEDU,XSES,Dasin Retail Trust Registered Units Reg S,Real Estate,Real Estate - Development,,SGD,Current Ratio,2.12,0.30,3.73,0.47,0.54,0.29,0.18,,,,,,
CEDU,XSES,Dasin Retail Trust Registered Units Reg S,Real Estate,Real Estate - Development,,SGD,Quick Ratio,2.12,0.29,3.71,0.47,0.53,0.28,0.18,,,,,,
CEDU,XSES,Dasin Retail Trust Registered Units Reg S,Real Estate,Real Estate - Development,,SGD,Interest Coverage,1.03,1.12,-1.22,-0.22,-,-,-,,,,,,
CEDU,XSES,Dasin Retail Trust Registered Units Reg S,Real Estate,Real Estate - Development,,SGD,Financial Leverage,1.74,2.27,1.93,2.04,2.21,2.28,2.28,,,,,,
CEDU,XSES,Dasin Retail Trust Registered Units Reg S,Real Estate,Real Estate - Development,,SGD,Debt/Equity,0.45,0.16,0.57,0.41,0.57,0.38,0.18,,,,,,
CEDU,XSES,Dasin Retail Trust Registered Units Reg S,Real Estate,Real Estate - Development,,SGD,Book Value/Share,-,-,1.65,1.54,1.36,1.07,1.46,,,,,,
CEDU,XSES,Dasin Retail Trust Registered Units Reg S,Real Estate,Real Estate - Development,,SGD,Cap Ex as a % of Sales,5.14,3.24,7.89,2.73,-,-,-,,,,,,
CHJ,XSES,Uni-Asia Group Ltd,Industrials,Marine Shipping,,SGD,Current Ratio,,0.89,1.12,1.13,0.79,1.09,1.34,1.41,3.55,3.93,2.22,,
CHJ,XSES,Uni-Asia Group Ltd,Industrials,Marine Shipping,,SGD,Quick Ratio,,0.73,1.05,0.81,0.68,0.81,1.21,1.27,2.98,3.15,1.74,,
CHJ,XSES,Uni-Asia Group Ltd,Industrials,Marine Shipping,,SGD,Interest Coverage,,-1.26,2.71,1.75,1.74,-1.84,7.49,11.54,2.72,-7.7,1.59,,
CHJ,XSES,Uni-Asia Group Ltd,Industrials,Marine Shipping,,SGD,Financial Leverage,,2.69,2.88,2.63,4.73,2.11,1.75,1.57,1.43,1.43,1.93,,
CHJ,XSES,Uni-Asia Group Ltd,Industrials,Marine Shipping,,SGD,Debt/Equity,,1.08,1.17,0.88,2.85,0.61,0.47,0.28,0.31,0.27,0.6,,
CHJ,XSES,Uni-Asia Group Ltd,Industrials,Marine Shipping,,SGD,Book Value/Share,,2.84,2.4,2.55,2.14,2.03,2.1,2.43,2.49,2.3,1.92,,
CHJ,XSES,Uni-Asia Group Ltd,Industrials,Marine Shipping,,SGD,Cap Ex as a % of Sales,,29.7,15.66,1.06,2.1,4.68,3.01,4.46,11.01,4.25,175.88,,
CHZ,XSES,HRnetGroup Ltd,Industrials,Staffing & Employment Services,,SGD,Current Ratio,,2.18,6.82,6.28,5.44,4.03,3.48,4.35,5.39,5.5,5.62,,
CHZ,XSES,HRnetGroup Ltd,Industrials,Staffing & Employment Services,,SGD,Quick Ratio,,2.12,6.67,6.20,5.35,3.97,3.43,4.28,5.3,5.34,5.41,,
CHZ,XSES,HRnetGroup Ltd,Industrials,Staffing & Employment Services,,SGD,Interest Coverage,,-,-,-,205.71,143.94,180.63,208.56,172.84,90.89,79.23,,
CHZ,XSES,HRnetGroup Ltd,Industrials,Staffing & Employment Services,,SGD,Financial Leverage,,2.12,1.20,1.25,1.26,1.36,1.43,1.34,1.27,1.27,1.25,,
CHZ,XSES,HRnetGroup Ltd,Industrials,Staffing & Employment Services,,SGD,Debt/Equity,,-,-,-,0.02,0.01,0.02,0.01,0.01,0.02,0.02,,
CHZ,XSES,HRnetGroup Ltd,Industrials,Staffing & Employment Services,,SGD,Book Value/Share,,-,0.30,0.33,0.35,0.3,0.35,0.37,0.37,0.39,0.4,,
CHZ,XSES,HRnetGroup Ltd,Industrials,Staffing & Employment Services,,SGD,Cap Ex as a % of Sales,,0.21,0.23,0.40,0.3,0.28,0.23,0.25,0.38,0.38,0.77,,
CIN,XSES,Courage Investment Group Ltd,Industrials,Marine Shipping,,SGD,Current Ratio,4.37,1.1,2.37,1.0,0.83,1.58,2.44,4.78,9.76,19.60,,,
CIN,XSES,Courage Investment Group Ltd,Industrials,Marine Shipping,,SGD,Quick Ratio,3.52,0.88,2.27,0.9,0.82,1.54,2.39,4.72,9.69,19.45,,,
CIN,XSES,Courage Investment Group Ltd,Industrials,Marine Shipping,,SGD,Interest Coverage,-35.55,-20.75,13.77,2.54,1.17,-3.8,24.46,4.25,-20.25,86.30,,,
CIN,XSES,Courage Investment Group Ltd,Industrials,Marine Shipping,,SGD,Financial Leverage,1.81,2.44,1.50,1.37,1.48,1.35,1.18,1.09,1.03,1.02,,,
CIN,XSES,Courage Investment Group Ltd,Industrials,Marine Shipping,,SGD,Debt/Equity,0.67,0.8,0.34,0.12,0.3,0.2,0.08,0.01,0.0,-,,,
CIN,XSES,Courage Investment Group Ltd,Industrials,Marine Shipping,,SGD,Book Value/Share,0.12,0.09,0.06,0.07,0.09,0.1,0.06,0.08,0.07,0.07,,,
CIN,XSES,Courage Investment Group Ltd,Industrials,Marine Shipping,,SGD,Cap Ex as a % of Sales,9.2,0.4,-,1.63,71.34,10.49,2.06,25.74,0.76,158.54,,,
CJLU,XSES,NetLink NBN Trust Registered Units Reg S,Communication Services,Telecom Services,,SGD,Current Ratio,,1.15,0.78,3.91,2.93,0.42,0.41,0.92,2.18,1.99,0.9,,
CJLU,XSES,NetLink NBN Trust Registered Units Reg S,Communication Services,Telecom Services,,SGD,Quick Ratio,,1.08,0.70,3.78,2.69,0.39,0.39,0.89,2.09,1.92,0.84,,
CJLU,XSES,NetLink NBN Trust Registered Units Reg S,Communication Services,Telecom Services,,SGD,Interest Coverage,,3.00,8.02,6.73,5.25,5.03,10.07,11.99,6.03,3.99,3.8,,
CJLU,XSES,NetLink NBN Trust Registered Units Reg S,Communication Services,Telecom Services,,SGD,Financial Leverage,,1.37,1.38,1.38,1.41,1.45,1.47,1.48,1.52,1.55,1.61,,
CJLU,XSES,NetLink NBN Trust Registered Units Reg S,Communication Services,Telecom Services,,SGD,Debt/Equity,,0.17,0.17,0.19,0.21,0.06,0.07,0.2,0.29,0.31,0.3,,
CJLU,XSES,NetLink NBN Trust Registered Units Reg S,Communication Services,Telecom Services,,SGD,Book Value/Share,,-,-,0.8,0.77,0.74,0.73,0.71,0.69,0.66,0.63,,
CJLU,XSES,NetLink NBN Trust Registered Units Reg S,Communication Services,Telecom Services,,SGD,Cap Ex as a % of Sales,,60.16,39.20,92.82,20.11,20.4,16.35,19.56,23.98,32.17,35.3,,
CJN,XSES,British and Malayan Holdings Ltd,Financial Services,Asset Management,,SGD,Current Ratio,,8.85,7.95,11.77,11.44,10.08,7.25,9.42,11.12,4.30,6.25,,
CJN,XSES,British and Malayan Holdings Ltd,Financial Services,Asset Management,,SGD,Quick Ratio,,8.75,7.85,11.54,11.39,9.88,7.18,5.45,11.04,4.25,6.19,,
CJN,XSES,British and Malayan Holdings Ltd,Financial Services,Asset Management,,SGD,Interest Coverage,,-,-,-,-,-612.07,-1459.48,-988.08,207.05,-49.13,-56.64,,
CJN,XSES,British and Malayan Holdings Ltd,Financial Services,Asset Management,,SGD,Financial Leverage,,1.09,1.10,1.07,1.07,1.08,1.09,1.12,1.16,1.33,1.17,,
CJN,XSES,British and Malayan Holdings Ltd,Financial Services,Asset Management,,SGD,Debt/Equity,,-,-,-,-,0.00,0.0,0.00,0.05,0.04,0.03,,
CJN,XSES,British and Malayan Holdings Ltd,Financial Services,Asset Management,,SGD,Book Value/Share,,-,1.40,1.22,-,-,0.86,-,1.46,-,1.03,,
CJN,XSES,British and Malayan Holdings Ltd,Financial Services,Asset Management,,SGD,Cap Ex as a % of Sales,,9.62,0.56,2.06,1.28,3.82,1.18,0.95,17.91,1.82,0.54,,
CLN,XSES,APAC Realty Ltd,Real Estate,Real Estate Services,,SGD,Current Ratio,,0.90,1.36,1.35,1.28,1.27,1.2,0.93,1.14,1.16,1.17,,
CLN,XSES,APAC Realty Ltd,Real Estate,Real Estate Services,,SGD,Quick Ratio,,0.88,1.36,1.31,1.15,1.15,1.12,0.91,1.1,1.13,1.14,,
CLN,XSES,APAC Realty Ltd,Real Estate,Real Estate Services,,SGD,Interest Coverage,,17.11,111.80,66.78,10.66,19.38,56.06,34.48,7.38,5.55,20.22,,
CLN,XSES,APAC Realty Ltd,Real Estate,Real Estate Services,,SGD,Financial Leverage,,2.16,1.77,1.98,2.03,2.08,2.4,2.42,2.16,2.05,2.19,,
CLN,XSES,APAC Realty Ltd,Real Estate,Real Estate Services,,SGD,Debt/Equity,,0.15,-,0.38,0.38,0.33,0.29,0.0,0.26,0.24,0.21,,
CLN,XSES,APAC Realty Ltd,Real Estate,Real Estate Services,,SGD,Book Value/Share,,-,0.29,0.33,0.33,0.36,0.39,0.38,0.37,0.36,0.38,,
CLN,XSES,APAC Realty Ltd,Real Estate,Real Estate Services,,SGD,Cap Ex as a % of Sales,,0.05,0.12,0.09,0.33,0.04,0.15,0.33,0.24,0.13,0.04,,
CMOU,XSES,Kore Us Reit Unit,Real Estate,REIT - Office,,SGD,Current Ratio,,1.81,-,1.72,0.82,0.89,0.36,1.54,0.42,0.53,0.26,,
CMOU,XSES,Kore Us Reit Unit,Real Estate,REIT - Office,,SGD,Quick Ratio,,1.78,-,1.61,0.82,0.88,0.36,1.5,0.41,0.49,0.26,,
CMOU,XSES,Kore Us Reit Unit,Real Estate,REIT - Office,,SGD,Interest Coverage,,3.19,-,6.65,5.42,7.23,3.6,-3.04,0.6,0.8,-,,
CMOU,XSES,Kore Us Reit Unit,Real Estate,REIT - Office,,SGD,Financial Leverage,,1.59,-,1.62,1.74,1.77,1.77,1.8,1.93,1.94,1.95,,
CMOU,XSES,Kore Us Reit Unit,Real Estate,REIT - Office,,SGD,Debt/Equity,,0.54,-,0.56,0.61,0.6,0.51,0.67,0.73,0.76,0.58,,
CMOU,XSES,Kore Us Reit Unit,Real Estate,REIT - Office,,SGD,Book Value/Share,,-,-,0.67,0.68,0.8,0.75,0.83,0.81,0.71,0.70,,
CMOU,XSES,Kore Us Reit Unit,Real Estate,REIT - Office,,SGD,Cap Ex as a % of Sales,,7.24,-,28.59,19.32,19.84,30.15,31.87,37.6,31.21,-,,
CNE,XSES,MindChamps PreSchool Ltd Ordinary Shares,Consumer Defensive,Education & Training Services,,SGD,Current Ratio,,1.20,4.88,2.77,0.77,0.89,0.8,0.76,0.66,0.59,0.49,,
CNE,XSES,MindChamps PreSchool Ltd Ordinary Shares,Consumer Defensive,Education & Training Services,,SGD,Quick Ratio,,0.99,4.65,2.53,0.59,0.7,0.63,0.64,0.55,0.41,0.39,,
CNE,XSES,MindChamps PreSchool Ltd Ordinary Shares,Consumer Defensive,Education & Training Services,,SGD,Interest Coverage,,1369.85,158.64,14.0,4.07,2.53,2.05,2.26,4.05,1.24,1.98,,
CNE,XSES,MindChamps PreSchool Ltd Ordinary Shares,Consumer Defensive,Education & Training Services,,SGD,Financial Leverage,,4.28,1.26,1.54,2.48,2.22,2.16,2.04,1.91,1.91,1.85,,
CNE,XSES,MindChamps PreSchool Ltd Ordinary Shares,Consumer Defensive,Education & Training Services,,SGD,Debt/Equity,,0.02,0.08,0.25,0.91,0.76,0.63,0.43,0.38,0.4,0.36,,
CNE,XSES,MindChamps PreSchool Ltd Ordinary Shares,Consumer Defensive,Education & Training Services,,SGD,Book Value/Share,,-,0.02,0.24,0.24,0.27,0.3,0.29,0.31,0.3,0.28,,
CNE,XSES,MindChamps PreSchool Ltd Ordinary Shares,Consumer Defensive,Education & Training Services,,SGD,Cap Ex as a % of Sales,,5.66,5.01,2.91,8.55,5.84,3.23,5.13,2.85,1.02,0.49,,
CRPU,XSES,Sasseur REIT,Real Estate,REIT - Retail,,SGD,Current Ratio,,-,-,1.45,1.23,1.25,1.20,0.22,0.9,1.03,1.09,,
CRPU,XSES,Sasseur REIT,Real Estate,REIT - Retail,,SGD,Quick Ratio,,-,-,1.38,1.11,0.96,1.07,0.19,0.81,0.93,1.03,,
CRPU,XSES,Sasseur REIT,Real Estate,REIT - Retail,,SGD,Interest Coverage,,-,8.75,4.19,10.41,5.10,4.90,4.64,5.29,-,-,,
CRPU,XSES,Sasseur REIT,Real Estate,REIT - Retail,,SGD,Financial Leverage,,-,-,1.65,1.66,-,-,1.66,1.71,1.71,1.73,,
CRPU,XSES,Sasseur REIT,Real Estate,REIT - Retail,,SGD,Debt/Equity,,-,-,0.45,0.44,-,-,-,0.42,0.41,0.43,,
CRPU,XSES,Sasseur REIT,Real Estate,REIT - Retail,,SGD,Book Value/Share,,-,-,0.77,0.85,0.92,-,0.95,0.83,0.85,0.78,,
CRPU,XSES,Sasseur REIT,Real Estate,REIT - Retail,,SGD,Cap Ex as a % of Sales,,5.58,1.92,3.75,4.32,2.99,0.42,0.70,0.9,-,-,,
CTO,XSES,Hong Lai Huat Group Ltd,Real Estate,Real Estate - Development,,SGD,Current Ratio,,8.15,2.2,7.06,5.5,5.11,8.33,5.17,4.71,13.16,20.23,,
CTO,XSES,Hong Lai Huat Group Ltd,Real Estate,Real Estate - Development,,SGD,Quick Ratio,,3.48,0.22,3.84,2.64,1.21,3.13,1.06,0.45,5.82,10.82,,
CTO,XSES,Hong Lai Huat Group Ltd,Real Estate,Real Estate - Development,,SGD,Interest Coverage,,9.26,11.46,13.43,23.99,-24.1,22.44,-57.6,-31.67,-9.9,271.24,,
CTO,XSES,Hong Lai Huat Group Ltd,Real Estate,Real Estate - Development,,SGD,Financial Leverage,,1.24,1.27,1.16,1.18,1.38,1.15,1.15,1.2,1.05,1.02,,
CTO,XSES,Hong Lai Huat Group Ltd,Real Estate,Real Estate - Development,,SGD,Debt/Equity,,0.03,0.04,0.02,0.01,0.17,0.03,0.02,0.06,0.0,0.0,,
CTO,XSES,Hong Lai Huat Group Ltd,Real Estate,Real Estate - Development,,SGD,Book Value/Share,,0.48,0.52,0.56,0.54,0.53,0.28,0.29,0.26,0.21,0.19,,
CTO,XSES,Hong Lai Huat Group Ltd,Real Estate,Real Estate - Development,,SGD,Cap Ex as a % of Sales,,14.05,2.74,1.32,1.84,7.7,7.4,35.34,143.45,643.14,8.02,,
CWBU,XSES,Stoneweg Europe Stapled Trust Unit,Real Estate,REIT - Diversified,,SGD,Current Ratio,,-,-,1.40,2.04,1.07,0.86,0.41,1.38,0.15,1.49,,
CWBU,XSES,Stoneweg Europe Stapled Trust Unit,Real Estate,REIT - Diversified,,SGD,Quick Ratio,,-,-,1.01,1.05,0.96,0.73,0.36,1.0,0.10,1.35,,
CWBU,XSES,Stoneweg Europe Stapled Trust Unit,Real Estate,REIT - Diversified,,SGD,Interest Coverage,,-,11.69,7.94,8.04,3.79,-0.67,2.46,3.1,-,-,,
CWBU,XSES,Stoneweg Europe Stapled Trust Unit,Real Estate,REIT - Diversified,,SGD,Financial Leverage,,-,-,1.62,1.72,1.73,1.72,1.82,1.89,1.93,1.98,,
CWBU,XSES,Stoneweg Europe Stapled Trust Unit,Real Estate,REIT - Diversified,,SGD,Debt/Equity,,-,-,0.53,0.61,0.65,0.61,0.68,0.76,0.41,0.83,,
CWBU,XSES,Stoneweg Europe Stapled Trust Unit,Real Estate,REIT - Diversified,,SGD,Book Value/Share,,-,-,-,2.51,2.52,2.5,2.64,2.42,2.21,2.18,,
CWBU,XSES,Stoneweg Europe Stapled Trust Unit,Real Estate,REIT - Diversified,,SGD,Cap Ex as a % of Sales,,7.41,6.34,11.21,11.31,17.51,38.36,20.48,21.01,-,-,,
CWCU,XSES,Stoneweg Europe Stapled Trust Unit,Real Estate,REIT - Diversified,,SGD,Current Ratio,,-,-,1.40,2.04,1.07,0.86,0.41,1.38,0.15,1.49,,
CWCU,XSES,Stoneweg Europe Stapled Trust Unit,Real Estate,REIT - Diversified,,SGD,Quick Ratio,,-,-,1.01,1.05,0.96,0.73,0.36,1.0,0.10,1.35,,
CWCU,XSES,Stoneweg Europe Stapled Trust Unit,Real Estate,REIT - Diversified,,SGD,Interest Coverage,,-,11.69,7.94,8.04,3.79,-0.67,2.46,3.1,-,-,,
CWCU,XSES,Stoneweg Europe Stapled Trust Unit,Real Estate,REIT - Diversified,,SGD,Financial Leverage,,-,-,1.62,1.72,1.73,1.72,1.82,1.89,1.93,1.98,,
CWCU,XSES,Stoneweg Europe Stapled Trust Unit,Real Estate,REIT - Diversified,,SGD,Debt/Equity,,-,-,0.53,0.61,0.65,0.61,0.68,0.76,0.41,0.83,,
CWCU,XSES,Stoneweg Europe Stapled Trust Unit,Real Estate,REIT - Diversified,,SGD,Book Value/Share,,-,-,-,-,-,-,-,3.53,3.12,3.29,,
CWCU,XSES,Stoneweg Europe Stapled Trust Unit,Real Estate,REIT - Diversified,,SGD,Cap Ex as a % of Sales,,7.41,6.34,11.21,11.31,17.51,38.36,20.48,21.01,-,-,,
CY6U,XSES,CapitaLand India Trust Units Real Estate Investment Trust,Real Estate,Real Estate Services,,SGD,Current Ratio,,1.21,1.46,0.66,0.46,0.79,0.45,0.52,0.51,0.56,1.11,,
CY6U,XSES,CapitaLand India Trust Units Real Estate Investment Trust,Real Estate,Real Estate Services,,SGD,Quick Ratio,,0.93,1.05,0.55,0.41,0.65,0.37,0.44,0.42,0.25,0.24,,
CY6U,XSES,CapitaLand India Trust Units Real Estate Investment Trust,Real Estate,Real Estate Services,,SGD,Interest Coverage,,7.95,6.97,9.82,8.79,5.37,6.22,4.37,3.99,6.06,5.98,,
CY6U,XSES,CapitaLand India Trust Units Real Estate Investment Trust,Real Estate,Real Estate Services,,SGD,Financial Leverage,,2.11,2.14,2.05,2.19,2.14,2.31,2.49,2.42,2.41,2.36,,
CY6U,XSES,CapitaLand India Trust Units Real Estate Investment Trust,Real Estate,Real Estate Services,,SGD,Debt/Equity,,0.5,0.60,0.4,0.47,0.56,0.47,0.67,0.63,0.67,0.58,,
CY6U,XSES,CapitaLand India Trust Units Real Estate Investment Trust,Real Estate,Real Estate Services,,SGD,Book Value/Share,,0.63,0.71,0.71,0.88,1.1,1.09,1.19,0.96,1.14,1.28,,
CY6U,XSES,CapitaLand India Trust Units Real Estate Investment Trust,Real Estate,Real Estate Services,,SGD,Cap Ex as a % of Sales,,0.14,-,0.13,0.18,0.38,0.64,0.72,7.91,6.28,1.51,,
CYW,XSES,TrickleStar Ltd,Technology,Electronic Components,,SGD,Current Ratio,,1.93,1.99,1.80,3.04,3.0,2.49,2.56,2.48,2.72,6.53,,
CYW,XSES,TrickleStar Ltd,Technology,Electronic Components,,SGD,Quick Ratio,,1.20,0.79,0.55,1.6,1.44,0.98,1.4,1.32,1.39,2.84,,
CYW,XSES,TrickleStar Ltd,Technology,Electronic Components,,SGD,Interest Coverage,,-,-,-,33.23,139.74,-132.16,-3.31,-29.93,-125.37,-35.72,,
CYW,XSES,TrickleStar Ltd,Technology,Electronic Components,,SGD,Financial Leverage,,1.99,1.91,2.18,1.48,1.45,1.80,1.66,1.67,1.57,1.19,,
CYW,XSES,TrickleStar Ltd,Technology,Electronic Components,,SGD,Debt/Equity,,-,-,-,0.0,0.01,-,0.03,0.02,0.01,0.01,,
CYW,XSES,TrickleStar Ltd,Technology,Electronic Components,,SGD,Book Value/Share,,-,-,-,0.08,0.09,0.10,0.06,0.07,0.06,0.05,,
CYW,XSES,TrickleStar Ltd,Technology,Electronic Components,,SGD,Cap Ex as a % of Sales,,0.59,0.59,1.29,2.52,4.56,8.49,1.09,0.84,0.62,0.33,,
D01,XSES,DFI Retail Group Holdings Ltd,Consumer Defensive,Grocery Stores,,SGD,Current Ratio,,0.58,0.55,0.45,0.36,0.39,0.37,0.39,0.39,0.7,0.41,,
D01,XSES,DFI Retail Group Holdings Ltd,Consumer Defensive,Grocery Stores,,SGD,Quick Ratio,,0.22,0.23,0.19,0.14,0.16,0.12,0.13,0.16,0.12,0.14,,
D01,XSES,DFI Retail Group Holdings Ltd,Consumer Defensive,Grocery Stores,,SGD,Interest Coverage,,30.22,21.5,6.38,3.45,3.46,2.32,0.26,1.49,-0.42,3.26,,
D01,XSES,DFI Retail Group Holdings Ltd,Consumer Defensive,Grocery Stores,,SGD,Financial Leverage,,3.41,3.24,3.72,6.92,5.97,6.0,7.74,7.25,12.51,16.73,,
D01,XSES,DFI Retail Group Holdings Ltd,Consumer Defensive,Grocery Stores,,SGD,Debt/Equity,,0.4,0.31,0.01,2.28,1.99,2.08,2.69,2.49,4.2,6.34,,
D01,XSES,DFI Retail Group Holdings Ltd,Consumer Defensive,Grocery Stores,,SGD,Book Value/Share,,1.04,1.16,1.23,0.79,0.82,0.83,0.75,0.68,0.7,0.47,,
D01,XSES,DFI Retail Group Holdings Ltd,Consumer Defensive,Grocery Stores,,SGD,Cap Ex as a % of Sales,,2.18,2.47,2.18,2.72,2.41,2.35,2.66,2.14,1.95,1.68,,
D03,XSES,Del Monte Pacific Ltd,Consumer Defensive,Packaged Foods,,SGD,Current Ratio,,1.14,1.56,1.28,1.31,0.59,1.31,1.2,0.87,1.03,1.29,,
D03,XSES,Del Monte Pacific Ltd,Consumer Defensive,Packaged Foods,,SGD,Quick Ratio,,0.21,0.26,0.23,0.24,0.22,0.33,0.28,0.15,0.17,0.08,,
D03,XSES,Del Monte Pacific Ltd,Consumer Defensive,Packaged Foods,,SGD,Interest Coverage,,1.7,1.2,0.61,1.01,0.3,1.99,2.59,1.32,0.27,1.82,,
D03,XSES,Del Monte Pacific Ltd,Consumer Defensive,Packaged Foods,,SGD,Financial Leverage,,8.89,5.33,4.74,4.54,5.31,4.39,6.07,9.85,23.97,-,,
D03,XSES,Del Monte Pacific Ltd,Consumer Defensive,Packaged Foods,,SGD,Debt/Equity,,3.7,2.46,1.87,1.88,0.47,1.92,2.77,3.35,11.15,-,,
D03,XSES,Del Monte Pacific Ltd,Consumer Defensive,Packaged Foods,,SGD,Book Value/Share,,0.21,0.21,0.37,0.4,0.33,0.37,0.44,0.21,0.19,0.02,,
D03,XSES,Del Monte Pacific Ltd,Consumer Defensive,Packaged Foods,,SGD,Cap Ex as a % of Sales,,2.66,6.4,5.04,6.32,6.15,7.58,8.65,12.79,7.73,23.80,,
D05,XSES,DBS Group Holdings Ltd,Financial Services,Banks - Regional,,SGD,Current Ratio,,-,-,-,-,-,-,-,-,-,-,,
D05,XSES,DBS Group Holdings Ltd,Financial Services,Banks - Regional,,SGD,Quick Ratio,,-,-,-,-,-,-,-,-,-,-,,
D05,XSES,DBS Group Holdings Ltd,Financial Services,Banks - Regional,,SGD,Interest Coverage,,-,-,-,-,-,-,-,-,-,-,,
D05,XSES,DBS Group Holdings Ltd,Financial Services,Banks - Regional,,SGD,Financial Leverage,,10.80,10.91,11.23,11.36,11.90,11.93,13.07,11.91,12.03,13.03,,
D05,XSES,DBS Group Holdings Ltd,Financial Services,Banks - Regional,,SGD,Debt/Equity,,0.64,0.80,0.92,1.13,0.83,0.94,0.83,0.72,0.94,1.09,,
D05,XSES,DBS Group Holdings Ltd,Financial Services,Banks - Regional,,SGD,Book Value/Share,,15.82,16.49,16.99,17.96,19.26,20.33,19.64,21.14,23.70,24.26,,
D05,XSES,DBS Group Holdings Ltd,Financial Services,Banks - Regional,,SGD,Cap Ex as a % of Sales,,2.81,2.93,4.07,4.03,3.75,4.00,4.06,3.57,4.12,2.29,,
D5IU,XSES,Landmark REIT Units Real Estate Investment Trust,Real Estate,REIT - Retail,,SGD,Current Ratio,,0.6,0.38,0.53,1.74,0.55,1.36,0.69,0.47,0.49,0.37,,
D5IU,XSES,Landmark REIT Units Real Estate Investment Trust,Real Estate,REIT - Retail,,SGD,Quick Ratio,,0.49,0.29,0.4,0.91,0.5,1.07,0.63,0.18,0.32,0.23,,
D5IU,XSES,Landmark REIT Units Real Estate Investment Trust,Real Estate,REIT - Retail,,SGD,Interest Coverage,,2.2,3.79,3.87,1.95,-3.5,0.87,1.77,-0.48,0.86,2.11,,
D5IU,XSES,Landmark REIT Units Real Estate Investment Trust,Real Estate,REIT - Retail,,SGD,Financial Leverage,,1.68,1.77,1.82,1.87,2.12,2.05,2.34,2.5,2.35,2.35,,
D5IU,XSES,Landmark REIT Units Real Estate Investment Trust,Real Estate,REIT - Retail,,SGD,Debt/Equity,,0.42,0.36,0.51,0.59,0.59,0.79,0.85,0.77,1.01,0.93,,
D5IU,XSES,Landmark REIT Units Real Estate Investment Trust,Real Estate,REIT - Retail,,SGD,Book Value/Share,,0.29,0.29,0.24,0.26,0.17,0.1,0.09,0.08,0.07,0.06,,
D5IU,XSES,Landmark REIT Units Real Estate Investment Trust,Real Estate,REIT - Retail,,SGD,Cap Ex as a % of Sales,,7.89,25.97,5.13,6.96,8.34,10.17,5.56,7.8,11.86,9.93,,
D8DU,XSES,First Ship Lease Trust Units Shipping Business Trust,Industrials,Rental & Leasing Services,,SGD,Current Ratio,,0.21,0.27,1.35,2.5,1.36,4.37,7.48,7.92,4.61,40.32,,
D8DU,XSES,First Ship Lease Trust Units Shipping Business Trust,Industrials,Rental & Leasing Services,,SGD,Quick Ratio,,0.20,0.11,0.75,1.33,1.24,1.53,7.32,7.76,4.47,40.22,,
D8DU,XSES,First Ship Lease Trust Units Shipping Business Trust,Industrials,Rental & Leasing Services,,SGD,Interest Coverage,,-2.19,-8.09,-1.42,2.68,3.88,-1.52,15.83,4.45,12.20,33.98,,
D8DU,XSES,First Ship Lease Trust Units Shipping Business Trust,Industrials,Rental & Leasing Services,,SGD,Financial Leverage,,1.92,1.91,1.7,1.36,1.25,1.26,1.28,1.20,1.17,1.01,,
D8DU,XSES,First Ship Lease Trust Units Shipping Business Trust,Industrials,Rental & Leasing Services,,SGD,Debt/Equity,,-,-,0.52,0.17,0.1,0.20,0.20,0.12,0.07,-,,
D8DU,XSES,First Ship Lease Trust Units Shipping Business Trust,Industrials,Rental & Leasing Services,,SGD,Book Value/Share,,0.66,0.44,0.37,0.15,0.12,-,-,-,-,-,,
D8DU,XSES,First Ship Lease Trust Units Shipping Business Trust,Industrials,Rental & Leasing Services,,SGD,Cap Ex as a % of Sales,,2.26,4.23,0.07,32.59,50.15,281.88,5.43,11.75,-,-,,
DCRU,XSES,Digital Core REIT Units,Real Estate,REIT - Specialty,,SGD,Current Ratio,,-,-,-,-,1.94,-,1.33,8.64,1.80,1.02,,
DCRU,XSES,Digital Core REIT Units,Real Estate,REIT - Specialty,,SGD,Quick Ratio,,-,-,-,-,1.48,-,1.17,0.87,1.73,0.94,,
DCRU,XSES,Digital Core REIT Units,Real Estate,REIT - Specialty,,SGD,Interest Coverage,,7.82,-,-4.11,15.05,3.90,-,-,-,-,-,,
DCRU,XSES,Digital Core REIT Units,Real Estate,REIT - Specialty,,SGD,Financial Leverage,,-,-,-,-,1.53,-,1.72,1.91,1.93,2.09,,
DCRU,XSES,Digital Core REIT Units,Real Estate,REIT - Specialty,,SGD,Debt/Equity,,-,-,-,-,0.37,-,0.53,0.70,0.63,0.74,,
DCRU,XSES,Digital Core REIT Units,Real Estate,REIT - Specialty,,SGD,Book Value/Share,,-,-,-,-,-,-,0.87,-,0.69,0.81,,
DCRU,XSES,Digital Core REIT Units,Real Estate,REIT - Specialty,,SGD,Cap Ex as a % of Sales,,17.43,-,-,-,-,-,-,-,-,-,,
DHLU,XSES,Daiwa House Logistics Trust Units,Real Estate,REIT - Industrial,,SGD,Current Ratio,,-,-,-,-,2.07,-,7.76,0.87,0.84,0.67,,
DHLU,XSES,Daiwa House Logistics Trust Units,Real Estate,REIT - Industrial,,SGD,Quick Ratio,,-,-,-,-,0.22,-,3.77,0.42,0.41,0.29,,
DHLU,XSES,Daiwa House Logistics Trust Units,Real Estate,REIT - Industrial,,SGD,Interest Coverage,,4.33,-,11.50,9.44,6.78,-,-,-,-,-,,
DHLU,XSES,Daiwa House Logistics Trust Units,Real Estate,REIT - Industrial,,SGD,Financial Leverage,,-,-,-,-,2.21,-,2.00,1.99,2.09,2.15,,
DHLU,XSES,Daiwa House Logistics Trust Units,Real Estate,REIT - Industrial,,SGD,Debt/Equity,,-,-,-,-,0.99,-,0.86,0.68,0.76,0.78,,
DHLU,XSES,Daiwa House Logistics Trust Units,Real Estate,REIT - Industrial,,SGD,Book Value/Share,,-,-,-,-,-,-,0.82,-,0.71,0.74,,
DHLU,XSES,Daiwa House Logistics Trust Units,Real Estate,REIT - Industrial,,SGD,Cap Ex as a % of Sales,,-,-,-,0.75,0.19,-,-,-,-,-,,
DM0,XSES,PSC Corp Ltd,Consumer Cyclical,Packaging & Containers,,SGD,Current Ratio,,2.57,2.07,2.05,2.54,2.69,2.61,2.97,2.8,2.71,2.98,,
DM0,XSES,PSC Corp Ltd,Consumer Cyclical,Packaging & Containers,,SGD,Quick Ratio,,2.0,1.57,1.54,2.16,2.28,2.2,2.56,2.37,2.27,2.48,,
DM0,XSES,PSC Corp Ltd,Consumer Cyclical,Packaging & Containers,,SGD,Interest Coverage,,26.67,25.23,20.09,7.39,18.84,19.12,16.61,22.73,20.08,20.57,,
DM0,XSES,PSC Corp Ltd,Consumer Cyclical,Packaging & Containers,,SGD,Financial Leverage,,1.79,1.94,1.99,1.84,1.83,1.87,1.77,1.77,1.78,1.73,,
DM0,XSES,PSC Corp Ltd,Consumer Cyclical,Packaging & Containers,,SGD,Debt/Equity,,0.01,0.0,0.06,0.12,0.09,0.06,0.07,0.07,0.07,0.07,,
DM0,XSES,PSC Corp Ltd,Consumer Cyclical,Packaging & Containers,,SGD,Book Value/Share,,0.47,0.49,0.51,0.48,0.5,0.54,0.57,0.58,0.6,0.62,,
DM0,XSES,PSC Corp Ltd,Consumer Cyclical,Packaging & Containers,,SGD,Cap Ex as a % of Sales,,3.51,10.9,8.9,2.95,1.63,2.02,4.02,3.52,1.41,2.4,,
DRX,XSES,ST Group Food Industries Holdings Ltd,Consumer Cyclical,Restaurants,,SGD,Current Ratio,,0.60,0.61,1.10,0.86,0.99,0.95,1.01,1.03,1.2,1.06,,
DRX,XSES,ST Group Food Industries Holdings Ltd,Consumer Cyclical,Restaurants,,SGD,Quick Ratio,,0.33,0.42,0.87,0.61,0.76,0.72,0.74,0.72,0.92,0.8,,
DRX,XSES,ST Group Food Industries Holdings Ltd,Consumer Cyclical,Restaurants,,SGD,Interest Coverage,,36.81,45.32,46.17,21.80,1.53,2.64,0.18,3.08,2.17,1.83,,
DRX,XSES,ST Group Food Industries Holdings Ltd,Consumer Cyclical,Restaurants,,SGD,Financial Leverage,,13.24,9.18,2.75,2.73,3.07,3.13,2.89,2.72,2.6,2.92,,
DRX,XSES,ST Group Food Industries Holdings Ltd,Consumer Cyclical,Restaurants,,SGD,Debt/Equity,,0.97,0.73,0.27,0.28,1.14,1.11,1.06,0.88,0.83,1.07,,
DRX,XSES,ST Group Food Industries Holdings Ltd,Consumer Cyclical,Restaurants,,SGD,Book Value/Share,,-,-,-,-,0.09,0.09,0.08,0.08,0.08,0.07,,
DRX,XSES,ST Group Food Industries Holdings Ltd,Consumer Cyclical,Restaurants,,SGD,Cap Ex as a % of Sales,,7.07,11.87,14.82,11.39,8.07,9.52,3.04,5.33,3.92,7.35,,
DU4,XSES,Mermaid Maritime PCL,Energy,Oil & Gas Equipment & Services,,SGD,Current Ratio,,3.38,3.65,2.45,2.16,2.26,1.43,0.84,1.05,1.0,1.78,,
DU4,XSES,Mermaid Maritime PCL,Energy,Oil & Gas Equipment & Services,,SGD,Quick Ratio,,3.02,3.37,2.26,2.07,2.26,1.42,0.73,0.93,0.89,1.62,,
DU4,XSES,Mermaid Maritime PCL,Energy,Oil & Gas Equipment & Services,,SGD,Interest Coverage,,5.28,2.23,-5.98,-5.96,-47.05,-8.16,1.58,2.98,2.89,1.91,,
DU4,XSES,Mermaid Maritime PCL,Energy,Oil & Gas Equipment & Services,,SGD,Financial Leverage,,1.39,1.32,1.3,1.3,1.47,1.61,1.81,2.09,2.26,1.92,,
DU4,XSES,Mermaid Maritime PCL,Energy,Oil & Gas Equipment & Services,,SGD,Debt/Equity,,0.24,0.2,0.16,0.15,0.25,0.21,0.25,0.26,0.1,0.35,,
DU4,XSES,Mermaid Maritime PCL,Energy,Oil & Gas Equipment & Services,,SGD,Book Value/Share,,0.35,0.32,0.32,0.28,0.17,0.16,0.15,0.16,0.17,0.16,,
DU4,XSES,Mermaid Maritime PCL,Energy,Oil & Gas Equipment & Services,,SGD,Cap Ex as a % of Sales,,2.91,2.17,7.96,1.43,12.72,22.08,6.67,4.04,5.82,4.55,,
E27,XSES,The Place Holdings Ltd,Communication Services,Advertising Agencies,,SGD,Current Ratio,0.98,1.47,148.61,120.34,12.59,5.14,26.03,1.48,10.79,,,,
E27,XSES,The Place Holdings Ltd,Communication Services,Advertising Agencies,,SGD,Quick Ratio,0.84,0.62,148.61,120.24,8.56,3.17,2.89,0.09,6.55,,,,
E27,XSES,The Place Holdings Ltd,Communication Services,Advertising Agencies,,SGD,Interest Coverage,-15.72,-,-,-,21.0,2.12,-62.28,-2.83,0.9,,,,
E27,XSES,The Place Holdings Ltd,Communication Services,Advertising Agencies,,SGD,Financial Leverage,26.78,3.14,1.01,1.01,1.09,1.35,2.79,3.16,1.24,,,,
E27,XSES,The Place Holdings Ltd,Communication Services,Advertising Agencies,,SGD,Debt/Equity,1.92,-,-,-,0.01,0.0,1.49,0.0,0.01,,,,
E27,XSES,The Place Holdings Ltd,Communication Services,Advertising Agencies,,SGD,Book Value/Share,0.03,0.00,0.01,0.02,0.02,0.02,0.02,0.02,0.01,,,,
E27,XSES,The Place Holdings Ltd,Communication Services,Advertising Agencies,,SGD,Cap Ex as a % of Sales,7.24,-,0.49,2.67,25.82,0.18,1.27,1.82,27.23,,,,
E28,XSES,Frencken Group Ltd,Technology,Scientific & Technical Instruments,,SGD,Current Ratio,,1.62,1.8,1.79,1.97,2.03,1.86,1.84,1.87,2.15,2.68,,
E28,XSES,Frencken Group Ltd,Technology,Scientific & Technical Instruments,,SGD,Quick Ratio,,0.84,1.07,1.02,1.23,1.35,1.11,1.02,1.15,1.2,1.65,,
E28,XSES,Frencken Group Ltd,Technology,Scientific & Technical Instruments,,SGD,Interest Coverage,,14.32,25.58,16.81,19.55,22.51,30.77,16.09,7.91,7.72,10.23,,
E28,XSES,Frencken Group Ltd,Technology,Scientific & Technical Instruments,,SGD,Financial Leverage,,1.71,1.7,1.75,1.71,1.69,1.83,1.85,1.83,1.69,1.56,,
E28,XSES,Frencken Group Ltd,Technology,Scientific & Technical Instruments,,SGD,Debt/Equity,,0.01,0.01,0.0,0.04,0.03,0.04,0.09,0.11,0.09,0.12,,
E28,XSES,Frencken Group Ltd,Technology,Scientific & Technical Instruments,,SGD,Book Value/Share,,0.52,0.57,0.61,0.68,0.74,0.82,0.88,0.9,0.96,1.04,,
E28,XSES,Frencken Group Ltd,Technology,Scientific & Technical Instruments,,SGD,Cap Ex as a % of Sales,,4.29,5.07,3.89,2.35,3.83,2.28,5.42,3.62,1.65,2.27,,
E3B,XSES,Wee Hur Holdings Ltd,Industrials,Engineering & Construction,,SGD,Current Ratio,,1.66,1.46,1.34,1.37,1.61,0.72,2.14,1.5,1.62,2.42,,
E3B,XSES,Wee Hur Holdings Ltd,Industrials,Engineering & Construction,,SGD,Quick Ratio,,0.92,0.6,0.83,0.85,0.81,0.35,0.2,0.93,1.04,2.07,,
E3B,XSES,Wee Hur Holdings Ltd,Industrials,Engineering & Construction,,SGD,Interest Coverage,,15.53,19.7,8.19,8.14,5.1,2.85,-7.38,38.25,9.24,8.2,,
E3B,XSES,Wee Hur Holdings Ltd,Industrials,Engineering & Construction,,SGD,Financial Leverage,,2.07,2.41,2.1,2.42,2.96,3.05,2.84,1.61,1.58,1.88,,
E3B,XSES,Wee Hur Holdings Ltd,Industrials,Engineering & Construction,,SGD,Debt/Equity,,0.18,0.27,0.29,0.8,1.28,0.43,0.17,0.16,0.26,0.57,,
E3B,XSES,Wee Hur Holdings Ltd,Industrials,Engineering & Construction,,SGD,Book Value/Share,,0.37,0.38,0.4,0.41,0.44,0.42,0.49,0.53,0.73,0.67,,
E3B,XSES,Wee Hur Holdings Ltd,Industrials,Engineering & Construction,,SGD,Cap Ex as a % of Sales,,0.31,0.16,1.5,4.5,1.71,0.34,0.18,0.49,0.43,0.42,,
E5H,XSES,Golden Agri-Resources Ltd,Consumer Defensive,Farm Products,,SGD,Current Ratio,,1.02,1.11,1.16,1.08,1.16,1.17,1.3,1.42,1.45,1.4,,
E5H,XSES,Golden Agri-Resources Ltd,Consumer Defensive,Farm Products,,SGD,Quick Ratio,,0.45,0.47,0.57,0.56,0.72,0.55,0.64,0.72,0.5,0.51,,
E5H,XSES,Golden Agri-Resources Ltd,Consumer Defensive,Farm Products,,SGD,Interest Coverage,,2.13,1.87,1.55,2.63,2.36,5.68,7.97,2.76,3.35,4.14,,
E5H,XSES,Golden Agri-Resources Ltd,Consumer Defensive,Farm Products,,SGD,Financial Leverage,,2.05,2.03,2.05,2.02,2.15,2.05,1.98,1.97,2.1,1.97,,
E5H,XSES,Golden Agri-Resources Ltd,Consumer Defensive,Farm Products,,SGD,Debt/Equity,,0.32,0.31,0.36,0.29,0.28,0.29,0.23,0.28,0.34,0.27,,
E5H,XSES,Golden Agri-Resources Ltd,Consumer Defensive,Farm Products,,SGD,Book Value/Share,,0.45,0.43,0.41,0.43,0.43,0.47,0.52,0.53,0.53,0.53,,
E5H,XSES,Golden Agri-Resources Ltd,Consumer Defensive,Farm Products,,SGD,Cap Ex as a % of Sales,,3.09,3.02,4.06,4.68,2.84,2.03,1.75,3.24,3.02,3.36,,
E6R,XSES,Le Tree Holdings Ltd,Basic Materials,Lumber & Wood Production,,SGD,Current Ratio,,0.89,0.81,0.92,0.91,0.85,0.92,0.87,0.48,0.76,2.65,,
E6R,XSES,Le Tree Holdings Ltd,Basic Materials,Lumber & Wood Production,,SGD,Quick Ratio,,0.25,0.26,0.25,0.27,0.27,0.33,0.21,0.08,0.00,2.65,,
E6R,XSES,Le Tree Holdings Ltd,Basic Materials,Lumber & Wood Production,,SGD,Interest Coverage,,-2.33,0.66,2.32,1.19,0.83,1.15,-0.45,-2.50,-,-,,
E6R,XSES,Le Tree Holdings Ltd,Basic Materials,Lumber & Wood Production,,SGD,Financial Leverage,,25.08,20.5,10.27,12.54,38.8,64.01,-,-,-,1.61,,
E6R,XSES,Le Tree Holdings Ltd,Basic Materials,Lumber & Wood Production,,SGD,Debt/Equity,,5.27,2.21,0.72,0.5,3.2,10.5,-,-,-,-,,
E6R,XSES,Le Tree Holdings Ltd,Basic Materials,Lumber & Wood Production,,SGD,Book Value/Share,,0.0,0.0,0.01,0.01,0.01,0.0,0.00,-0.01,-0.01,0.00,,
E6R,XSES,Le Tree Holdings Ltd,Basic Materials,Lumber & Wood Production,,SGD,Cap Ex as a % of Sales,,0.78,1.08,2.19,3.51,1.86,3.63,19.72,37.25,-,31.11,,
E9L,XSES,Joyas International Holdings Ltd,Financial Services,Credit Services,,SGD,Current Ratio,,1.76,3.84,3.81,1.38,2.29,1.45,1.75,1.72,1.67,2.51,,
E9L,XSES,Joyas International Holdings Ltd,Financial Services,Credit Services,,SGD,Quick Ratio,,1.24,2.49,2.25,1.15,2.09,1.00,1.08,1.06,1.02,2.50,,
E9L,XSES,Joyas International Holdings Ltd,Financial Services,Credit Services,,SGD,Interest Coverage,,-8.3,-3.04,-,-,-,-33.38,5.77,0.36,0.42,-0.56,,
E9L,XSES,Joyas International Holdings Ltd,Financial Services,Credit Services,,SGD,Financial Leverage,,2.59,2.16,2.10,3.62,1.74,3.16,2.48,2.57,2.73,1.84,,
E9L,XSES,Joyas International Holdings Ltd,Financial Services,Credit Services,,SGD,Debt/Equity,,0.44,0.54,0.58,-,-,-,-,-,-,-,,
E9L,XSES,Joyas International Holdings Ltd,Financial Services,Credit Services,,SGD,Book Value/Share,,0.0,0.00,0.00,0.00,0.00,0.00,0.00,0.00,0.00,0.00,,
E9L,XSES,Joyas International Holdings Ltd,Financial Services,Credit Services,,SGD,Cap Ex as a % of Sales,,1.61,-,-,-,-,-,-,-,-,-,,
EB5,XSES,First Resources Ltd,Consumer Defensive,Packaged Foods,,SGD,Current Ratio,,1.08,4.01,2.87,1.0,1.3,2.43,3.73,1.91,1.86,2.72,,
EB5,XSES,First Resources Ltd,Consumer Defensive,Packaged Foods,,SGD,Quick Ratio,,0.36,2.5,0.88,0.33,0.78,1.72,2.62,0.71,0.61,1.39,,
EB5,XSES,First Resources Ltd,Consumer Defensive,Packaged Foods,,SGD,Interest Coverage,,101.15,72.83,26.25,24.97,18.0,24.38,41.45,25.3,25.92,13.57,,
EB5,XSES,First Resources Ltd,Consumer Defensive,Packaged Foods,,SGD,Financial Leverage,,1.93,1.78,1.69,1.64,1.68,1.57,1.4,1.36,1.41,1.88,,
EB5,XSES,First Resources Ltd,Consumer Defensive,Packaged Foods,,SGD,Debt/Equity,,0.25,0.49,0.38,0.21,0.24,0.24,0.15,0.1,0.13,0.56,,
EB5,XSES,First Resources Ltd,Consumer Defensive,Packaged Foods,,SGD,Book Value/Share,,0.78,0.79,0.76,0.84,0.86,0.89,1.06,1.11,1.1,1.18,,
EB5,XSES,First Resources Ltd,Consumer Defensive,Packaged Foods,,SGD,Cap Ex as a % of Sales,,13.8,13.47,15.34,18.71,10.73,4.98,6.4,35.99,24.39,14.32,,
EH5,XSES,,,,,SGD,Current Ratio,,4.18,5.03,4.1,4.11,3.02,3.43,3.36,3.34,3.49,3.28,,
EH5,XSES,,,,,SGD,Quick Ratio,,2.28,2.1,1.34,1.33,1.78,1.69,2.19,1.99,1.85,1.78,,
EH5,XSES,,,,,SGD,Interest Coverage,,43.07,33.12,25.63,34.77,48.06,20.26,16.59,16.87,19.5,32.08,,
EH5,XSES,,,,,SGD,Financial Leverage,,2.58,2.52,2.28,2.15,1.81,2.14,1.74,1.75,1.72,1.72,,
EH5,XSES,,,,,SGD,Debt/Equity,,0.01,0.01,0.0,0.01,0.01,0.01,0.0,0.01,0.0,0.0,,
EH5,XSES,,,,,SGD,Book Value/Share,,0.87,0.87,0.92,0.97,1.05,0.99,0.98,0.96,0.87,1.01,,
EH5,XSES,,,,,SGD,Cap Ex as a % of Sales,,3.88,7.49,5.68,4.4,1.54,0.56,2.97,2.82,3.76,1.27,,
EMI,XSES,Emperador Inc,Consumer Defensive,Beverages - Wineries & Distilleries,,SGD,Current Ratio,1.50,3.55,3.04,2.77,2.24,2.44,2.80,2.76,2.72,4.08,,,
EMI,XSES,Emperador Inc,Consumer Defensive,Beverages - Wineries & Distilleries,,SGD,Quick Ratio,1.03,1.71,1.38,1.08,0.82,0.87,1.00,1.0,0.85,1.4,,,
EMI,XSES,Emperador Inc,Consumer Defensive,Beverages - Wineries & Distilleries,,SGD,Interest Coverage,17.00,12.88,6.50,12.64,11.85,18.19,17.48,20.18,8.97,5.75,,,
EMI,XSES,Emperador Inc,Consumer Defensive,Beverages - Wineries & Distilleries,,SGD,Financial Leverage,1.96,1.81,1.93,1.95,1.97,1.84,1.65,1.62,1.58,1.61,,,
EMI,XSES,Emperador Inc,Consumer Defensive,Beverages - Wineries & Distilleries,,SGD,Debt/Equity,0.11,0.51,0.59,0.56,0.48,0.40,0.29,0.23,0.21,0.34,,,
EMI,XSES,Emperador Inc,Consumer Defensive,Beverages - Wineries & Distilleries,,SGD,Book Value/Share,-,-,-,-,-,-,-,0.13,0.14,0.15,,,
EMI,XSES,Emperador Inc,Consumer Defensive,Beverages - Wineries & Distilleries,,SGD,Cap Ex as a % of Sales,8.19,5.04,22.47,5.05,4.30,1.97,3.17,6.6,7.42,12.36,,,
ENV,XSES,LS 2 Holdings Ltd,Industrials,Specialty Business Services,,SGD,Current Ratio,,-,-,1.40,1.20,1.72,1.71,2.21,2.1,2.08,2.33,,
ENV,XSES,LS 2 Holdings Ltd,Industrials,Specialty Business Services,,SGD,Quick Ratio,,-,-,1.37,1.17,1.68,1.63,2.14,2.01,2.02,2.26,,
ENV,XSES,LS 2 Holdings Ltd,Industrials,Specialty Business Services,,SGD,Interest Coverage,,3.84,4.27,19.54,7.99,4.43,10.23,16.39,28.2,-,-,,
ENV,XSES,LS 2 Holdings Ltd,Industrials,Specialty Business Services,,SGD,Financial Leverage,,-,-,3.15,4.19,2.23,2.98,1.96,1.8,1.73,1.59,,
ENV,XSES,LS 2 Holdings Ltd,Industrials,Specialty Business Services,,SGD,Debt/Equity,,-,-,0.36,0.58,0.21,0.54,0.24,0.12,0.06,0.02,,
ENV,XSES,LS 2 Holdings Ltd,Industrials,Specialty Business Services,,SGD,Book Value/Share,,-,-,-,-,-,-,0.08,0.09,0.11,0.12,,
ENV,XSES,LS 2 Holdings Ltd,Industrials,Specialty Business Services,,SGD,Cap Ex as a % of Sales,,1.14,7.05,0.69,1.69,3.61,1.80,2.58,0.81,-,-,,
ER0,XSES,KSH Holdings Ltd,Industrials,Engineering & Construction,,SGD,Current Ratio,,1.15,1.45,1.17,1.21,1.54,1.17,1.57,1.27,1.23,1.59,,
ER0,XSES,KSH Holdings Ltd,Industrials,Engineering & Construction,,SGD,Quick Ratio,,1.14,1.44,1.16,1.2,1.04,0.81,1.22,1.02,0.96,1.29,,
ER0,XSES,KSH Holdings Ltd,Industrials,Engineering & Construction,,SGD,Interest Coverage,,11.21,19.69,19.06,3.79,5.2,-0.91,10.78,5.56,-3.98,-0.71,,
ER0,XSES,KSH Holdings Ltd,Industrials,Engineering & Construction,,SGD,Financial Leverage,,2.05,1.61,1.71,1.84,1.88,1.88,1.85,2.1,1.97,1.84,,
ER0,XSES,KSH Holdings Ltd,Industrials,Engineering & Construction,,SGD,Debt/Equity,,0.19,0.09,0.18,0.25,0.36,0.28,0.29,0.37,0.24,0.22,,
ER0,XSES,KSH Holdings Ltd,Industrials,Engineering & Construction,,SGD,Book Value/Share,,0.5,0.56,0.58,0.59,0.58,0.58,0.58,0.59,0.57,0.52,,
ER0,XSES,KSH Holdings Ltd,Industrials,Engineering & Construction,,SGD,Cap Ex as a % of Sales,,0.59,0.24,7.91,1.52,0.24,0.95,0.17,0.21,0.06,0.62,,
F03,XSES,Food Empire Holdings Ltd,Consumer Defensive,Beverages - Non-Alcoholic,,SGD,Current Ratio,,2.14,2.29,2.51,2.6,2.89,2.36,3.4,3.36,3.08,3.27,,
F03,XSES,Food Empire Holdings Ltd,Consumer Defensive,Beverages - Non-Alcoholic,,SGD,Quick Ratio,,1.29,1.38,1.4,1.53,1.85,1.3,2.26,2.28,1.88,2.02,,
F03,XSES,Food Empire Holdings Ltd,Consumer Defensive,Beverages - Non-Alcoholic,,SGD,Interest Coverage,,15.9,15.61,16.34,20.41,35.77,19.21,33.75,21.49,16.38,11.16,,
F03,XSES,Food Empire Holdings Ltd,Consumer Defensive,Beverages - Non-Alcoholic,,SGD,Financial Leverage,,1.49,1.47,1.39,1.49,1.43,1.49,1.38,1.36,1.57,1.54,,
F03,XSES,Food Empire Holdings Ltd,Consumer Defensive,Beverages - Non-Alcoholic,,SGD,Debt/Equity,,0.11,0.1,0.08,0.19,0.17,0.13,0.11,0.08,0.18,0.18,,
F03,XSES,Food Empire Holdings Ltd,Consumer Defensive,Beverages - Non-Alcoholic,,SGD,Book Value/Share,,0.41,0.43,0.45,0.5,0.51,0.56,0.66,0.68,0.72,0.73,,
F03,XSES,Food Empire Holdings Ltd,Consumer Defensive,Beverages - Non-Alcoholic,,SGD,Cap Ex as a % of Sales,,1.57,2.22,3.6,13.2,4.4,2.08,3.56,3.09,5.13,4.5,,
F10,XSES,F J Benjamin Holdings Ltd,Consumer Cyclical,Apparel Retail,,SGD,Current Ratio,,1.19,1.1,1.37,1.51,1.22,1.24,1.56,1.49,1.29,1.09,,
F10,XSES,F J Benjamin Holdings Ltd,Consumer Cyclical,Apparel Retail,,SGD,Quick Ratio,,0.53,0.54,0.73,0.75,0.62,0.65,0.92,0.77,0.61,0.48,,
F10,XSES,F J Benjamin Holdings Ltd,Consumer Cyclical,Apparel Retail,,SGD,Interest Coverage,,-7.94,-8.44,1.68,3.25,-7.3,-5.96,4.54,5.67,-3.2,-12.02,,
F10,XSES,F J Benjamin Holdings Ltd,Consumer Cyclical,Apparel Retail,,SGD,Financial Leverage,,2.38,2.78,2.07,1.93,2.81,2.78,2.07,2.06,2.24,3.15,,
F10,XSES,F J Benjamin Holdings Ltd,Consumer Cyclical,Apparel Retail,,SGD,Debt/Equity,,0.0,0.02,0.01,0.03,0.4,0.31,0.17,0.21,0.16,0.2,,
F10,XSES,F J Benjamin Holdings Ltd,Consumer Cyclical,Apparel Retail,,SGD,Book Value/Share,,0.1,0.07,0.05,0.06,0.06,0.03,0.03,0.03,0.03,0.03,,
F10,XSES,F J Benjamin Holdings Ltd,Consumer Cyclical,Apparel Retail,,SGD,Cap Ex as a % of Sales,,1.84,2.25,1.65,2.35,1.52,0.77,0.08,1.61,2.69,1.76,,
F13,XSES,Fu Yu Corp Ltd,Industrials,Specialty Industrial Machinery,,SGD,Current Ratio,,3.80,3.57,3.38,3.35,3.79,2.91,3.0,3.49,3.75,3.6,,
F13,XSES,Fu Yu Corp Ltd,Industrials,Specialty Industrial Machinery,,SGD,Quick Ratio,,3.40,3.16,2.96,2.95,3.44,2.5,2.53,2.84,3.11,2.9,,
F13,XSES,Fu Yu Corp Ltd,Industrials,Specialty Industrial Machinery,,SGD,Interest Coverage,,-,8321.00,-,37.01,61.31,72.76,49.11,-10.27,1.48,-20.48,,
F13,XSES,Fu Yu Corp Ltd,Industrials,Specialty Industrial Machinery,,SGD,Financial Leverage,,1.39,1.43,1.29,1.34,1.29,1.38,1.36,1.28,1.28,1.29,,
F13,XSES,Fu Yu Corp Ltd,Industrials,Specialty Industrial Machinery,,SGD,Debt/Equity,,-,-,-,0.04,0.04,0.06,0.06,0.04,0.04,0.04,,
F13,XSES,Fu Yu Corp Ltd,Industrials,Specialty Industrial Machinery,,SGD,Book Value/Share,,0.22,0.22,0.22,0.22,0.22,0.23,0.21,0.19,0.18,0.16,,
F13,XSES,Fu Yu Corp Ltd,Industrials,Specialty Industrial Machinery,,SGD,Cap Ex as a % of Sales,,3.52,2.83,3.66,3.75,3.99,6.76,4.82,2.08,6.04,2.64,,
F17,XSES,GuocoLand Ltd,Real Estate,Real Estate - Development,,SGD,Current Ratio,,1.68,1.84,2.23,7.24,4.93,3.68,2.23,2.85,1.51,2.86,,
F17,XSES,GuocoLand Ltd,Real Estate,Real Estate - Development,,SGD,Quick Ratio,,0.72,0.52,0.7,1.79,1.09,1.18,0.6,0.88,0.39,0.73,,
F17,XSES,GuocoLand Ltd,Real Estate,Real Estate - Development,,SGD,Interest Coverage,,14.2,7.3,5.64,3.87,2.47,3.51,6.59,3.17,1.72,1.8,,
F17,XSES,GuocoLand Ltd,Real Estate,Real Estate - Development,,SGD,Financial Leverage,,2.41,2.54,2.48,2.37,2.62,2.57,2.63,2.57,2.6,2.74,,
F17,XSES,GuocoLand Ltd,Real Estate,Real Estate - Development,,SGD,Debt/Equity,,0.52,0.64,0.78,0.99,1.07,0.95,0.83,0.9,0.64,1.02,,
F17,XSES,GuocoLand Ltd,Real Estate,Real Estate - Development,,SGD,Book Value/Share,,3.13,2.95,3.71,3.68,3.8,3.57,3.99,4.14,4.19,4.27,,
F17,XSES,GuocoLand Ltd,Real Estate,Real Estate - Development,,SGD,Cap Ex as a % of Sales,,6.43,8.86,2.4,0.86,0.26,0.38,0.1,0.17,0.27,0.35,,
F34,XSES,Wilmar International Ltd,Consumer Defensive,Packaged Foods,,SGD,Current Ratio,,1.16,1.15,1.15,1.11,1.22,1.12,1.09,1.16,1.12,1.12,,
F34,XSES,Wilmar International Ltd,Consumer Defensive,Packaged Foods,,SGD,Quick Ratio,,0.52,0.56,0.59,0.61,0.61,0.52,0.5,0.56,0.53,0.54,,
F34,XSES,Wilmar International Ltd,Consumer Defensive,Packaged Foods,,SGD,Interest Coverage,,4.5,4.48,2.9,2.84,4.5,5.65,4.51,2.52,2.41,2.87,,
F34,XSES,Wilmar International Ltd,Consumer Defensive,Packaged Foods,,SGD,Financial Leverage,,2.57,2.56,2.85,2.81,2.7,2.95,3.02,3.06,3.0,3.0,,
F34,XSES,Wilmar International Ltd,Consumer Defensive,Packaged Foods,,SGD,Debt/Equity,,0.3,0.23,0.34,0.33,0.33,0.35,0.36,0.43,0.34,0.35,,
F34,XSES,Wilmar International Ltd,Consumer Defensive,Packaged Foods,,SGD,Book Value/Share,,3.28,3.26,3.42,3.43,3.45,4.08,4.26,4.11,4.31,4.25,,
F34,XSES,Wilmar International Ltd,Consumer Defensive,Packaged Foods,,SGD,Cap Ex as a % of Sales,,1.88,2.14,2.98,4.25,3.91,3.84,3.38,3.4,2.33,1.54,,
F83,XSES,COSCO Shipping International (Singapore) Co Ltd,Industrials,Integrated Freight & Logistics,,SGD,Current Ratio,,1.08,10.74,1.38,1.3,1.35,1.24,2.11,1.69,0.85,3.85,,
F83,XSES,COSCO Shipping International (Singapore) Co Ltd,Industrials,Integrated Freight & Logistics,,SGD,Quick Ratio,,0.91,7.75,1.31,1.2,1.29,1.19,2.02,1.58,0.77,3.71,,
F83,XSES,COSCO Shipping International (Singapore) Co Ltd,Industrials,Integrated Freight & Logistics,,SGD,Interest Coverage,,-2.9,-,2.91,2.21,2.56,5.63,-7.26,1.41,1.82,2.89,,
F83,XSES,COSCO Shipping International (Singapore) Co Ltd,Industrials,Integrated Freight & Logistics,,SGD,Financial Leverage,,29.1,1.10,1.55,1.77,1.9,1.87,1.89,1.76,1.7,1.26,,
F83,XSES,COSCO Shipping International (Singapore) Co Ltd,Industrials,Integrated Freight & Logistics,,SGD,Debt/Equity,,8.98,-,0.29,0.5,0.58,0.5,0.61,0.49,0.35,0.1,,
F83,XSES,COSCO Shipping International (Singapore) Co Ltd,Industrials,Integrated Freight & Logistics,,SGD,Book Value/Share,,0.28,0.11,0.23,0.24,0.24,0.24,0.26,0.22,0.22,0.11,,
F83,XSES,COSCO Shipping International (Singapore) Co Ltd,Industrials,Integrated Freight & Logistics,,SGD,Cap Ex as a % of Sales,,1.02,24.82,18.44,36.88,16.37,13.13,8.63,7.92,8.39,9.99,,
F86,XSES,MYP Ltd,Real Estate,Real Estate Services,,SGD,Current Ratio,,0.55,0.09,0.06,0.45,0.46,0.32,1.56,1.59,0.26,1.66,,
F86,XSES,MYP Ltd,Real Estate,Real Estate Services,,SGD,Quick Ratio,,0.54,0.09,0.06,0.45,0.44,0.31,1.55,1.59,0.25,1.66,,
F86,XSES,MYP Ltd,Real Estate,Real Estate Services,,SGD,Interest Coverage,,0.82,-0.61,1.26,0.89,0.88,-3.97,1.44,1.18,0.52,0.85,,
F86,XSES,MYP Ltd,Real Estate,Real Estate Services,,SGD,Financial Leverage,,2.03,3.12,3.1,2.65,2.49,2.51,2.35,2.34,2.38,2.37,,
F86,XSES,MYP Ltd,Real Estate,Real Estate Services,,SGD,Debt/Equity,,0.82,1.66,1.02,1.03,1.3,-,1.13,1.12,-,1.17,,
F86,XSES,MYP Ltd,Real Estate,Real Estate Services,,SGD,Book Value/Share,,0.22,0.23,0.22,0.22,0.22,0.22,0.18,0.18,0.18,0.17,,
F86,XSES,MYP Ltd,Real Estate,Real Estate Services,,SGD,Cap Ex as a % of Sales,,1.45,0.82,0.27,2.44,0.19,0.04,-,0.01,0.20,0.7,,
F99,XSES,Fraser and Neave Ltd,Consumer Defensive,Packaged Foods,,SGD,Current Ratio,,3.61,1.46,1.43,2.06,1.98,1.24,1.97,1.39,1.68,1.34,,
F99,XSES,Fraser and Neave Ltd,Consumer Defensive,Packaged Foods,,SGD,Quick Ratio,,2.98,1.21,1.07,1.47,1.31,0.87,1.09,0.97,1.23,0.82,,
F99,XSES,Fraser and Neave Ltd,Consumer Defensive,Packaged Foods,,SGD,Interest Coverage,,39.31,84.64,7.54,13.49,10.97,10.17,8.75,7.0,7.4,7.25,,
F99,XSES,Fraser and Neave Ltd,Consumer Defensive,Packaged Foods,,SGD,Financial Leverage,,1.33,1.74,1.59,1.61,1.61,1.63,1.62,1.74,1.82,1.82,,
F99,XSES,Fraser and Neave Ltd,Consumer Defensive,Packaged Foods,,SGD,Debt/Equity,,0.04,0.18,0.18,0.28,0.28,0.18,0.28,0.28,0.34,0.28,,
F99,XSES,Fraser and Neave Ltd,Consumer Defensive,Packaged Foods,,SGD,Book Value/Share,,1.78,1.98,1.96,1.97,2.07,2.04,2.09,2.01,1.98,1.99,,
F99,XSES,Fraser and Neave Ltd,Consumer Defensive,Packaged Foods,,SGD,Cap Ex as a % of Sales,,3.86,3.96,5.53,9.26,6.79,5.29,7.33,7.05,5.27,10.61,,
F9D,XSES,Boustead Singapore Ltd,Industrials,Conglomerates,,SGD,Current Ratio,,2.23,2.17,2.38,1.82,1.6,2.05,2.21,1.42,1.41,1.4,,
F9D,XSES,Boustead Singapore Ltd,Industrials,Conglomerates,,SGD,Quick Ratio,,2.0,1.93,2.12,1.62,1.44,1.95,2.06,1.35,1.33,1.28,,
F9D,XSES,Boustead Singapore Ltd,Industrials,Conglomerates,,SGD,Interest Coverage,,14.44,27.71,27.8,27.67,13.09,54.27,29.3,25.45,61.91,53.93,,
F9D,XSES,Boustead Singapore Ltd,Industrials,Conglomerates,,SGD,Financial Leverage,,2.39,2.37,2.31,2.63,2.99,2.6,2.5,2.51,2.2,1.88,,
F9D,XSES,Boustead Singapore Ltd,Industrials,Conglomerates,,SGD,Debt/Equity,,0.29,0.22,0.21,0.24,0.34,0.13,0.15,0.1,0.06,0.05,,
F9D,XSES,Boustead Singapore Ltd,Industrials,Conglomerates,,SGD,Book Value/Share,,0.58,0.59,0.67,0.67,0.68,0.74,0.89,0.9,0.98,1.09,,
F9D,XSES,Boustead Singapore Ltd,Industrials,Conglomerates,,SGD,Cap Ex as a % of Sales,,0.6,0.47,0.89,2.9,1.6,0.54,0.59,0.52,0.66,1.69,,
FQ7,XSES,,,,,SGD,Current Ratio,,0.80,1.07,1.00,1.82,0.26,0.05,0.59,0.00,0.21,3.17,,
FQ7,XSES,,,,,SGD,Quick Ratio,,0.54,0.74,0.69,1.33,0.15,0.01,0.52,0.00,0.21,2.96,,
FQ7,XSES,,,,,SGD,Interest Coverage,,-9.33,6.10,-3.43,-47.57,-342.00,-72.25,-15.18,-9.79,-8.79,-772.63,,
FQ7,XSES,,,,,SGD,Financial Leverage,,-,15.21,22.72,2.22,-,-,-,-,-,1.2,,
FQ7,XSES,,,,,SGD,Debt/Equity,,-,-,-,-,-,-,-,-,-,0.0,,
FQ7,XSES,,,,,SGD,Book Value/Share,,0.00,0.00,0.00,0.00,0.00,0.00,0.00,0.00,0.00,0.0,,
FQ7,XSES,,,,,SGD,Cap Ex as a % of Sales,,-,-,-,-,-,-,-,-,-,164.14,,
FRQ,XSES,Singapore Paincare Holdings Ltd Ordinary Shares,Healthcare,Medical Care Facilities,,SGD,Current Ratio,,-,3.70,3.58,1.02,1.37,5.52,3.07,1.12,1.3,1.41,,
FRQ,XSES,Singapore Paincare Holdings Ltd Ordinary Shares,Healthcare,Medical Care Facilities,,SGD,Quick Ratio,,-,3.55,3.41,0.96,1.18,5.21,2.79,0.95,0.97,0.99,,
FRQ,XSES,Singapore Paincare Holdings Ltd Ordinary Shares,Healthcare,Medical Care Facilities,,SGD,Interest Coverage,,-,-,126.97,14.32,12.47,36.74,6.86,6.98,-7.08,-,,
FRQ,XSES,Singapore Paincare Holdings Ltd Ordinary Shares,Healthcare,Medical Care Facilities,,SGD,Financial Leverage,,-,2.47,3.56,8.90,1.61,1.32,1.48,1.85,1.8,1.88,,
FRQ,XSES,Singapore Paincare Holdings Ltd Ordinary Shares,Healthcare,Medical Care Facilities,,SGD,Debt/Equity,,-,0.81,1.58,-,0.14,0.18,0.23,0.25,0.28,0.37,,
FRQ,XSES,Singapore Paincare Holdings Ltd Ordinary Shares,Healthcare,Medical Care Facilities,,SGD,Book Value/Share,,-,-,-,-,-,0.12,0.14,0.13,0.13,0.13,,
FRQ,XSES,Singapore Paincare Holdings Ltd Ordinary Shares,Healthcare,Medical Care Facilities,,SGD,Cap Ex as a % of Sales,,1.19,-,0.19,0.06,2.71,2.92,3.45,2.93,5.29,-,,
G07,XSES,Great Eastern Holdings Ltd,Financial Services,Insurance - Life,,SGD,Current Ratio,,-,-,-,-,-,-,-,-,-,-,,
G07,XSES,Great Eastern Holdings Ltd,Financial Services,Insurance - Life,,SGD,Quick Ratio,,-,-,-,-,-,-,-,-,-,-,,
G07,XSES,Great Eastern Holdings Ltd,Financial Services,Insurance - Life,,SGD,Interest Coverage,,39.27,72.36,50.62,66.22,53.22,6773.50,-,670.06,85.40,71.56,,
G07,XSES,Great Eastern Holdings Ltd,Financial Services,Insurance - Life,,SGD,Financial Leverage,,10.79,11.21,11.44,11.21,11.42,11.01,11.44,13.83,13.11,11.81,,
G07,XSES,Great Eastern Holdings Ltd,Financial Services,Insurance - Life,,SGD,Debt/Equity,,0.06,0.05,0.05,0.06,0.05,0.01,0.01,0.01,0.07,0.07,,
G07,XSES,Great Eastern Holdings Ltd,Financial Services,Insurance - Life,,SGD,Book Value/Share,,13.69,15.22,15.80,17.46,18.02,20.49,19.87,15.37,-,10.47,,
G07,XSES,Great Eastern Holdings Ltd,Financial Services,Insurance - Life,,SGD,Cap Ex as a % of Sales,,6.51,4.09,1.96,0.46,0.46,0.52,0.56,0.87,0.96,0.82,,
G0I,XSES,Nam Lee Pressed Metal Industries Ltd,Industrials,Metal Fabrication,,SGD,Current Ratio,,5.42,4.7,4.29,5.16,4.67,3.39,2.54,3.07,2.86,3.68,,
G0I,XSES,Nam Lee Pressed Metal Industries Ltd,Industrials,Metal Fabrication,,SGD,Quick Ratio,,3.77,3.27,2.85,3.11,2.14,1.63,1.31,1.63,1.7,2.29,,
G0I,XSES,Nam Lee Pressed Metal Industries Ltd,Industrials,Metal Fabrication,,SGD,Interest Coverage,,93.71,120.88,201.68,270.79,36.9,20.68,8.51,0.73,8.52,15.86,,
G0I,XSES,Nam Lee Pressed Metal Industries Ltd,Industrials,Metal Fabrication,,SGD,Financial Leverage,,1.2,1.22,1.22,1.16,1.33,1.41,1.54,1.4,1.41,1.32,,
G0I,XSES,Nam Lee Pressed Metal Industries Ltd,Industrials,Metal Fabrication,,SGD,Debt/Equity,,0.02,0.01,0.0,0.0,0.16,0.12,0.1,0.09,0.06,0.05,,
G0I,XSES,Nam Lee Pressed Metal Industries Ltd,Industrials,Metal Fabrication,,SGD,Book Value/Share,,0.52,0.54,0.57,0.58,0.58,0.62,0.67,0.63,0.63,0.72,,
G0I,XSES,Nam Lee Pressed Metal Industries Ltd,Industrials,Metal Fabrication,,SGD,Cap Ex as a % of Sales,,5.35,3.1,4.65,6.19,8.33,3.07,2.15,3.34,3.15,0.77,,
G13,XSES,Genting Singapore Ltd,Consumer Cyclical,Resorts & Casinos,,SGD,Current Ratio,,9.23,4.78,5.25,5.88,8.84,5.11,6.11,5.21,5.21,4.47,,
G13,XSES,Genting Singapore Ltd,Consumer Cyclical,Resorts & Casinos,,SGD,Quick Ratio,,8.13,4.55,5.03,5.79,8.72,5.02,6.02,5.12,5.1,4.37,,
G13,XSES,Genting Singapore Ltd,Consumer Cyclical,Resorts & Casinos,,SGD,Interest Coverage,,17.18,38.59,39.26,82.68,40.38,104.96,344.4,7692.62,5944.38,3760.3,,
G13,XSES,Genting Singapore Ltd,Consumer Cyclical,Resorts & Casinos,,SGD,Financial Leverage,,1.2,1.29,1.26,1.15,1.12,1.11,1.1,1.12,1.11,1.12,,
G13,XSES,Genting Singapore Ltd,Consumer Cyclical,Resorts & Casinos,,SGD,Debt/Equity,,0.1,0.14,0.11,0.03,0.03,0.0,0.0,0.0,0.0,0.0,,
G13,XSES,Genting Singapore Ltd,Consumer Cyclical,Resorts & Casinos,,SGD,Book Value/Share,,0.79,0.65,0.63,0.66,0.63,0.65,0.65,0.67,0.69,0.69,,
G13,XSES,Genting Singapore Ltd,Consumer Cyclical,Resorts & Casinos,,SGD,Cap Ex as a % of Sales,,6.2,3.27,4.81,9.97,8.72,88.52,10.84,13.71,16.98,27.28,,
G20,XSES,GP Industries Ltd,Industrials,Electrical Equipment & Parts,,SGD,Current Ratio,,1.29,1.25,1.02,1.15,0.81,0.93,0.91,0.97,1.05,1.05,,
G20,XSES,GP Industries Ltd,Industrials,Electrical Equipment & Parts,,SGD,Quick Ratio,,0.84,0.83,0.64,0.74,0.54,0.62,0.56,0.62,0.7,0.68,,
G20,XSES,GP Industries Ltd,Industrials,Electrical Equipment & Parts,,SGD,Interest Coverage,,6.27,4.82,4.33,3.51,3.13,3.91,3.65,2.02,-0.13,2.82,,
G20,XSES,GP Industries Ltd,Industrials,Electrical Equipment & Parts,,SGD,Financial Leverage,,2.96,3.17,3.1,3.37,3.47,3.58,3.27,3.3,4.05,4.16,,
G20,XSES,GP Industries Ltd,Industrials,Electrical Equipment & Parts,,SGD,Debt/Equity,,0.31,0.38,0.31,0.48,0.07,0.44,0.3,0.43,0.73,0.64,,
G20,XSES,GP Industries Ltd,Industrials,Electrical Equipment & Parts,,SGD,Book Value/Share,,0.75,0.73,0.76,0.76,0.79,0.8,0.92,0.96,0.84,0.61,,
G20,XSES,GP Industries Ltd,Industrials,Electrical Equipment & Parts,,SGD,Cap Ex as a % of Sales,,3.76,4.57,7.01,4.25,9.72,6.63,4.26,4.52,3.32,2.91,,
G50,XSES,Grand Banks Yachts Ltd,Consumer Cyclical,Leisure,,SGD,Current Ratio,,2.35,1.91,1.86,1.57,1.66,1.51,1.46,1.51,1.88,1.84,,
G50,XSES,Grand Banks Yachts Ltd,Consumer Cyclical,Leisure,,SGD,Quick Ratio,,1.42,0.99,0.73,0.62,0.85,1.13,1.12,1.15,1.26,1.18,,
G50,XSES,Grand Banks Yachts Ltd,Consumer Cyclical,Leisure,,SGD,Interest Coverage,,-,7.41,37.66,2.95,2.15,26.77,13.76,76.82,74.73,52.62,,
G50,XSES,Grand Banks Yachts Ltd,Consumer Cyclical,Leisure,,SGD,Financial Leverage,,1.42,1.49,1.47,1.7,1.56,1.76,1.78,1.87,1.66,1.76,,
G50,XSES,Grand Banks Yachts Ltd,Consumer Cyclical,Leisure,,SGD,Debt/Equity,,0.06,0.05,0.04,0.09,0.05,0.04,0.04,0.03,0.04,0.05,,
G50,XSES,Grand Banks Yachts Ltd,Consumer Cyclical,Leisure,,SGD,Book Value/Share,,0.25,0.24,0.27,0.3,0.31,0.33,0.32,0.35,0.4,0.51,,
G50,XSES,Grand Banks Yachts Ltd,Consumer Cyclical,Leisure,,SGD,Cap Ex as a % of Sales,,13.61,9.49,9.91,9.66,3.71,5.01,9.56,5.96,3.55,11.48,,
G92,XSES,China Aviation Oil (Singapore) Corp Ltd,Energy,Oil & Gas Refining & Marketing,,SGD,Current Ratio,,1.52,1.34,1.52,1.45,1.56,1.98,2.08,1.82,1.71,1.67,,
G92,XSES,China Aviation Oil (Singapore) Corp Ltd,Energy,Oil & Gas Refining & Marketing,,SGD,Quick Ratio,,1.15,1.09,1.35,1.32,1.36,1.8,1.6,1.64,1.55,1.5,,
G92,XSES,China Aviation Oil (Singapore) Corp Ltd,Energy,Oil & Gas Refining & Marketing,,SGD,Interest Coverage,,294.48,58.02,32.97,73.8,165.14,246.46,184.94,227.56,192.83,473.6,,
G92,XSES,China Aviation Oil (Singapore) Corp Ltd,Energy,Oil & Gas Refining & Marketing,,SGD,Financial Leverage,,2.07,2.64,2.15,2.24,2.15,1.7,1.66,1.88,2.02,2.1,,
G92,XSES,China Aviation Oil (Singapore) Corp Ltd,Energy,Oil & Gas Refining & Marketing,,SGD,Debt/Equity,,-,-,-,0.0,0.0,0.01,0.0,0.0,0.0,0.0,,
G92,XSES,China Aviation Oil (Singapore) Corp Ltd,Energy,Oil & Gas Refining & Marketing,,SGD,Book Value/Share,,1.07,1.09,1.19,1.27,1.27,1.39,1.4,1.39,1.51,1.52,,
G92,XSES,China Aviation Oil (Singapore) Corp Ltd,Energy,Oil & Gas Refining & Marketing,,SGD,Cap Ex as a % of Sales,,0.00,0.00,0.01,0.0,0.0,0.0,0.0,0.08,0.01,0.0,,
GEH,XSES,Goodwill Entertainment Holding Ltd,Communication Services,Entertainment,,SGD,Current Ratio,,-,-,-,-,-,0.20,0.56,0.55,1.26,0.80,,
GEH,XSES,Goodwill Entertainment Holding Ltd,Communication Services,Entertainment,,SGD,Quick Ratio,,-,-,-,-,-,0.12,0.47,0.25,1.14,0.61,,
GEH,XSES,Goodwill Entertainment Holding Ltd,Communication Services,Entertainment,,SGD,Interest Coverage,,-6.49,7.30,5.47,5.90,3.32,-,-,-,-,-,,
GEH,XSES,Goodwill Entertainment Holding Ltd,Communication Services,Entertainment,,SGD,Financial Leverage,,-,-,-,-,-,-,6.66,5.06,2.68,3.19,,
GEH,XSES,Goodwill Entertainment Holding Ltd,Communication Services,Entertainment,,SGD,Debt/Equity,,-,-,-,-,-,-,2.22,1.85,0.64,0.88,,
GEH,XSES,Goodwill Entertainment Holding Ltd,Communication Services,Entertainment,,SGD,Book Value/Share,,-,-,-,-,-,-,-,-,0.02,0.05,,
GEH,XSES,Goodwill Entertainment Holding Ltd,Communication Services,Entertainment,,SGD,Cap Ex as a % of Sales,,37.22,10.94,46.86,12.70,16.50,-,-,-,-,-,,
GOOG,XNAS,,,,,USD,Current Ratio,,6.29,5.14,3.92,3.37,3.07,2.93,2.38,2.1,1.84,2.01,,
GOOG,XNAS,,,,,USD,Quick Ratio,,6.0,4.99,3.76,3.25,2.96,2.8,2.22,1.94,1.66,1.85,,
GOOG,XNAS,,,,,USD,Interest Coverage,,195.76,250.48,307.25,397.25,357.16,263.24,200.8,279.3,448.07,216.8,,
GOOG,XNAS,,,,,USD,Financial Leverage,,1.2,1.29,1.31,1.37,1.44,1.43,1.43,1.42,1.39,1.43,,
GOOG,XNAS,,,,,USD,Debt/Equity,,0.03,0.03,0.02,0.07,0.11,0.1,0.11,0.09,0.07,0.14,,
GOOG,XNAS,,,,,USD,Book Value/Share,,9.7,11.31,12.21,14.16,15.77,18.47,19.74,21.93,25.72,32.0,,
GOOG,XNAS,,,,,USD,Cap Ex as a % of Sales,,11.31,11.89,18.37,14.55,12.21,9.56,11.13,10.49,15.01,22.7,,
GOOGL,XNAS,,,,,USD,Current Ratio,,6.29,5.14,3.92,3.37,3.07,2.93,2.38,2.1,1.84,2.01,,
GOOGL,XNAS,,,,,USD,Quick Ratio,,6.0,4.99,3.76,3.25,2.96,2.8,2.22,1.94,1.66,1.85,,
GOOGL,XNAS,,,,,USD,Interest Coverage,,195.76,250.48,307.25,397.25,357.16,263.24,200.8,279.3,448.07,216.8,,
GOOGL,XNAS,,,,,USD,Financial Leverage,,1.2,1.29,1.31,1.37,1.44,1.43,1.43,1.42,1.39,1.43,,
GOOGL,XNAS,,,,,USD,Debt/Equity,,0.03,0.03,0.02,0.07,0.11,0.1,0.11,0.09,0.07,0.14,,
GOOGL,XNAS,,,,,USD,Book Value/Share,,9.7,11.31,12.21,14.16,15.77,18.47,19.74,21.93,25.72,32.0,,
GOOGL,XNAS,,,,,USD,Cap Ex as a % of Sales,,11.31,11.89,18.37,14.55,12.21,9.56,11.13,10.49,15.01,22.7,,
GRQ,XSES,UpHealth Group Ltd Ordinary Shares,Healthcare,Medical Care Facilities,,SGD,Current Ratio,,4.98,1.47,2.48,3.07,3.07,3.36,2.55,2.2,40.69,40.31,,
GRQ,XSES,UpHealth Group Ltd Ordinary Shares,Healthcare,Medical Care Facilities,,SGD,Quick Ratio,,1.51,0.32,0.18,1.12,1.28,0.61,0.24,0.22,19.81,18.83,,
GRQ,XSES,UpHealth Group Ltd Ordinary Shares,Healthcare,Medical Care Facilities,,SGD,Interest Coverage,,2.87,5.22,8.86,5.31,8.57,9.28,0.03,-1.63,-,-,,
GRQ,XSES,UpHealth Group Ltd Ordinary Shares,Healthcare,Medical Care Facilities,,SGD,Financial Leverage,,1.76,1.52,1.32,1.37,1.4,1.32,1.35,1.38,1.03,1.03,,
GRQ,XSES,UpHealth Group Ltd Ordinary Shares,Healthcare,Medical Care Facilities,,SGD,Debt/Equity,,0.59,0.01,0.04,0.14,0.13,0.09,0.07,0.09,-,-,,
GRQ,XSES,UpHealth Group Ltd Ordinary Shares,Healthcare,Medical Care Facilities,,SGD,Book Value/Share,,-,-,-,-,0.28,0.32,0.65,0.4,0.31,0.45,,
GRQ,XSES,UpHealth Group Ltd Ordinary Shares,Healthcare,Medical Care Facilities,,SGD,Cap Ex as a % of Sales,,4.67,9.84,8.65,4.92,13.14,8.42,11.7,5.59,-,-,,
GU5,XSES,China Kunda Technology Holdings Ltd,Industrials,Electrical Equipment & Parts,,SGD,Current Ratio,,2.00,2.12,5.99,5.12,4.46,3.59,3.92,1.58,1.03,0.68,,
GU5,XSES,China Kunda Technology Holdings Ltd,Industrials,Electrical Equipment & Parts,,SGD,Quick Ratio,,1.33,1.61,5.83,4.81,3.35,3.19,3.78,1.44,0.81,0.53,,
GU5,XSES,China Kunda Technology Holdings Ltd,Industrials,Electrical Equipment & Parts,,SGD,Interest Coverage,,-,-,-,-,-,-,-,-,-,-,,
GU5,XSES,China Kunda Technology Holdings Ltd,Industrials,Electrical Equipment & Parts,,SGD,Financial Leverage,,2.66,2.48,1.79,1.22,1.26,1.35,1.33,1.95,3.77,-,,
GU5,XSES,China Kunda Technology Holdings Ltd,Industrials,Electrical Equipment & Parts,,SGD,Debt/Equity,,-,-,-,-,-,-,-,-,-,-,,
GU5,XSES,China Kunda Technology Holdings Ltd,Industrials,Electrical Equipment & Parts,,SGD,Book Value/Share,,0.02,0.02,0.03,0.03,0.02,0.02,0.02,0.01,0.01,0.00,,
GU5,XSES,China Kunda Technology Holdings Ltd,Industrials,Electrical Equipment & Parts,,SGD,Cap Ex as a % of Sales,,3.26,2.51,3.83,10.10,4.00,1.14,0.48,24.41,1.74,0.72,,
H02,XSES,Haw Par Corp Ltd,Healthcare,Drug Manufacturers - General,,SGD,Current Ratio,,6.88,8.44,28.79,37.77,45.59,45.01,45.23,37.28,44.07,52.24,,
H02,XSES,Haw Par Corp Ltd,Healthcare,Drug Manufacturers - General,,SGD,Quick Ratio,,6.78,8.29,28.55,37.53,45.33,44.82,44.96,37.06,43.81,51.96,,
H02,XSES,Haw Par Corp Ltd,Healthcare,Drug Manufacturers - General,,SGD,Interest Coverage,,356.12,376.69,826.23,1005.93,1635.29,4303.96,303.8,148.52,119.04,185.93,,
H02,XSES,Haw Par Corp Ltd,Healthcare,Drug Manufacturers - General,,SGD,Financial Leverage,,1.06,1.06,1.04,1.03,1.02,1.02,1.03,1.03,1.03,1.03,,
H02,XSES,Haw Par Corp Ltd,Healthcare,Drug Manufacturers - General,,SGD,Debt/Equity,,-,-,-,0.0,0.0,0.0,0.01,0.01,0.01,0.01,,
H02,XSES,Haw Par Corp Ltd,Healthcare,Drug Manufacturers - General,,SGD,Book Value/Share,,10.88,13.36,14.29,13.71,11.96,14.1,14.55,15.33,16.7,18.44,,
H02,XSES,Haw Par Corp Ltd,Healthcare,Drug Manufacturers - General,,SGD,Cap Ex as a % of Sales,,1.39,3.60,1.41,1.22,6.79,3.1,10.84,3.35,1.41,0.92,,
H07,XSES,Stamford Land Corp Ltd,Consumer Cyclical,Lodging,,SGD,Current Ratio,,1.0,8.46,6.14,1.48,2.0,2.85,1.03,10.68,17.53,13.98,,
H07,XSES,Stamford Land Corp Ltd,Consumer Cyclical,Lodging,,SGD,Quick Ratio,,0.44,2.96,3.6,1.21,1.39,2.21,0.96,9.92,17.18,13.66,,
H07,XSES,Stamford Land Corp Ltd,Consumer Cyclical,Lodging,,SGD,Interest Coverage,,2.77,5.23,10.44,16.18,3.03,2.22,5.25,11.5,-2.19,7.54,,
H07,XSES,Stamford Land Corp Ltd,Consumer Cyclical,Lodging,,SGD,Financial Leverage,,1.91,1.86,1.51,1.29,2.17,2.14,1.75,1.29,1.27,1.25,,
H07,XSES,Stamford Land Corp Ltd,Consumer Cyclical,Lodging,,SGD,Debt/Equity,,0.14,0.74,0.4,-,0.88,0.85,0.08,0.06,0.06,0.05,,
H07,XSES,Stamford Land Corp Ltd,Consumer Cyclical,Lodging,,SGD,Book Value/Share,,0.5,0.54,0.57,0.60,0.61,0.62,0.35,0.48,0.57,0.59,,
H07,XSES,Stamford Land Corp Ltd,Consumer Cyclical,Lodging,,SGD,Cap Ex as a % of Sales,,5.16,3.35,0.86,2.88,3.2,6.42,1.72,4.49,3.82,2.4,,
H12,XSES,Hotel Royal Ltd,Consumer Cyclical,Lodging,,SGD,Current Ratio,,1.42,1.43,2.1,1.94,2.37,1.26,1.96,1.79,2.05,1.93,,
H12,XSES,Hotel Royal Ltd,Consumer Cyclical,Lodging,,SGD,Quick Ratio,,1.39,1.36,1.99,1.5,1.76,1.19,1.9,1.57,1.74,1.55,,
H12,XSES,Hotel Royal Ltd,Consumer Cyclical,Lodging,,SGD,Interest Coverage,,3.35,3.49,3.44,3.07,-5.77,0.19,0.49,1.56,2.31,3.29,,
H12,XSES,Hotel Royal Ltd,Consumer Cyclical,Lodging,,SGD,Financial Leverage,,1.34,1.33,1.21,1.22,1.25,1.42,1.31,1.28,1.26,1.26,,
H12,XSES,Hotel Royal Ltd,Consumer Cyclical,Lodging,,SGD,Debt/Equity,,0.25,0.24,0.15,0.15,0.19,0.3,0.24,0.23,0.22,0.21,,
H12,XSES,Hotel Royal Ltd,Consumer Cyclical,Lodging,,SGD,Book Value/Share,,6.15,6.26,5.98,6.6,6.72,6.07,4.52,5.13,5.6,5.85,,
H12,XSES,Hotel Royal Ltd,Consumer Cyclical,Lodging,,SGD,Cap Ex as a % of Sales,,9.42,14.99,6.15,11.03,10.52,9.27,21.15,30.86,20.47,7.14,,
H13,XSES,Ho Bee Land Ltd,Real Estate,Real Estate - Diversified,,SGD,Current Ratio,,1.6,1.4,0.83,1.12,0.74,0.64,0.77,1.12,1.87,1.14,,
H13,XSES,Ho Bee Land Ltd,Real Estate,Real Estate - Diversified,,SGD,Quick Ratio,,0.27,0.47,0.37,0.53,0.27,0.18,0.33,0.34,0.6,0.49,,
H13,XSES,Ho Bee Land Ltd,Real Estate,Real Estate - Diversified,,SGD,Interest Coverage,,8.44,10.94,8.2,7.58,4.79,9.56,2.94,-0.3,1.95,2.08,,
H13,XSES,Ho Bee Land Ltd,Real Estate,Real Estate - Diversified,,SGD,Financial Leverage,,1.5,1.48,1.82,1.75,1.75,1.72,1.94,1.94,1.78,1.74,,
H13,XSES,Ho Bee Land Ltd,Real Estate,Real Estate - Diversified,,SGD,Debt/Equity,,0.38,0.38,0.63,0.61,0.55,0.46,0.56,0.72,0.66,0.53,,
H13,XSES,Ho Bee Land Ltd,Real Estate,Real Estate - Diversified,,SGD,Book Value/Share,,4.18,4.55,4.58,4.9,5.33,5.58,5.97,5.64,5.45,5.6,,
H13,XSES,Ho Bee Land Ltd,Real Estate,Real Estate - Diversified,,SGD,Cap Ex as a % of Sales,,0.33,2.76,2.51,4.5,30.13,0.67,2.33,0.8,4.66,3.24,,
H15,XSES,Hotel Properties Ltd,Consumer Cyclical,Lodging,,SGD,Current Ratio,,1.36,1.48,1.21,1.28,1.19,1.04,0.92,1.24,0.78,1.01,,
H15,XSES,Hotel Properties Ltd,Consumer Cyclical,Lodging,,SGD,Quick Ratio,,0.95,1.29,1.07,1.07,0.96,0.97,0.63,0.91,0.52,0.8,,
H15,XSES,Hotel Properties Ltd,Consumer Cyclical,Lodging,,SGD,Interest Coverage,,5.47,8.58,6.6,3.2,-5.04,0.85,2.36,6.81,1.31,0.64,,
H15,XSES,Hotel Properties Ltd,Consumer Cyclical,Lodging,,SGD,Financial Leverage,,1.64,1.62,1.47,1.53,1.64,1.77,2.12,1.82,1.93,2.0,,
H15,XSES,Hotel Properties Ltd,Consumer Cyclical,Lodging,,SGD,Debt/Equity,,0.36,0.39,0.29,0.34,0.46,0.58,0.82,0.68,0.71,0.86,,
H15,XSES,Hotel Properties Ltd,Consumer Cyclical,Lodging,,SGD,Book Value/Share,,3.62,3.82,4.12,4.04,4.18,3.85,3.39,3.4,4.35,4.36,,
H15,XSES,Hotel Properties Ltd,Consumer Cyclical,Lodging,,SGD,Cap Ex as a % of Sales,,13.85,23.32,21.37,19.5,15.27,27.92,25.18,21.68,30.79,14.23,,
H18,XSES,Hotel Grand Central Ltd,Consumer Cyclical,Lodging,,SGD,Current Ratio,,5.92,3.42,4.07,4.11,5.04,9.78,6.57,3.88,3.56,3.89,,
H18,XSES,Hotel Grand Central Ltd,Consumer Cyclical,Lodging,,SGD,Quick Ratio,,5.86,3.36,4.0,4.04,4.97,6.9,6.5,3.82,3.5,3.84,,
H18,XSES,Hotel Grand Central Ltd,Consumer Cyclical,Lodging,,SGD,Interest Coverage,,17.69,11.05,15.51,16.62,23.66,35.2,33.18,68.54,4.24,-7.02,,
H18,XSES,Hotel Grand Central Ltd,Consumer Cyclical,Lodging,,SGD,Financial Leverage,,1.26,1.21,1.18,1.17,1.15,1.13,1.15,1.17,1.19,1.19,,
H18,XSES,Hotel Grand Central Ltd,Consumer Cyclical,Lodging,,SGD,Debt/Equity,,0.1,0.05,0.02,0.02,0.0,0.0,0.01,0.01,0.01,0.0,,
H18,XSES,Hotel Grand Central Ltd,Consumer Cyclical,Lodging,,SGD,Book Value/Share,,1.95,1.92,1.8,1.85,1.86,1.79,1.75,1.8,1.78,1.69,,
H18,XSES,Hotel Grand Central Ltd,Consumer Cyclical,Lodging,,SGD,Cap Ex as a % of Sales,,4.03,3.83,11.27,15.76,14.11,18.99,24.45,36.1,19.4,5.66,,
H20,XSES,Hoe Leong Corp Ltd,Industrials,Industrial Distribution,,SGD,Current Ratio,,0.53,0.42,1.47,0.91,1.19,1.89,2.35,2.38,2.27,2.57,,
H20,XSES,Hoe Leong Corp Ltd,Industrials,Industrial Distribution,,SGD,Quick Ratio,,0.28,0.17,0.66,0.29,0.47,0.82,1.01,0.96,1.02,1.06,,
H20,XSES,Hoe Leong Corp Ltd,Industrials,Industrial Distribution,,SGD,Interest Coverage,,-13.52,-10.10,4.7,-14.87,-0.48,2.27,2.11,1.82,2.05,2.32,,
H20,XSES,Hoe Leong Corp Ltd,Industrials,Industrial Distribution,,SGD,Financial Leverage,,6.21,-,3.02,7.38,4.19,3.29,1.85,1.77,1.76,1.61,,
H20,XSES,Hoe Leong Corp Ltd,Industrials,Industrial Distribution,,SGD,Debt/Equity,,0.08,-,0.8,0.22,0.60,0.9,0.23,0.16,0.13,0.11,,
H20,XSES,Hoe Leong Corp Ltd,Industrials,Industrial Distribution,,SGD,Book Value/Share,,0.03,0.01,0.0,-,-,0.0,0.0,0.0,0.0,0.0,,
H20,XSES,Hoe Leong Corp Ltd,Industrials,Industrial Distribution,,SGD,Cap Ex as a % of Sales,,2.02,2.43,1.48,2.73,0.80,0.48,0.81,1.43,1.23,1.17,,
H22,XSES,Hong Leong Asia Ltd,Consumer Cyclical,Auto Manufacturers,,SGD,Current Ratio,,1.41,1.44,1.67,1.44,1.44,1.35,1.43,1.53,1.48,1.39,,
H22,XSES,Hong Leong Asia Ltd,Consumer Cyclical,Auto Manufacturers,,SGD,Quick Ratio,,1.18,1.16,1.38,1.18,1.08,0.93,1.0,1.17,1.12,1.05,,
H22,XSES,Hong Leong Asia Ltd,Consumer Cyclical,Auto Manufacturers,,SGD,Interest Coverage,,2.86,5.31,6.55,5.84,6.35,5.58,5.16,5.32,6.84,14.36,,
H22,XSES,Hong Leong Asia Ltd,Consumer Cyclical,Auto Manufacturers,,SGD,Financial Leverage,,6.84,8.25,6.45,6.69,6.66,6.26,5.89,5.96,5.73,6.14,,
H22,XSES,Hong Leong Asia Ltd,Consumer Cyclical,Auto Manufacturers,,SGD,Debt/Equity,,0.24,0.35,0.31,0.16,0.38,0.22,0.26,0.44,0.33,0.27,,
H22,XSES,Hong Leong Asia Ltd,Consumer Cyclical,Auto Manufacturers,,SGD,Book Value/Share,,1.89,1.65,0.68,1.01,1.09,1.24,1.28,1.19,1.28,1.35,,
H22,XSES,Hong Leong Asia Ltd,Consumer Cyclical,Auto Manufacturers,,SGD,Cap Ex as a % of Sales,,2.38,1.96,3.64,6.49,5.39,4.07,3.86,2.46,2.79,2.79,,
H30,XSES,Hong Fok Corp Ltd,Real Estate,Real Estate Services,,SGD,Current Ratio,,3.94,1.2,1.48,4.25,3.74,1.5,3.59,4.06,3.33,2.33,,
H30,XSES,Hong Fok Corp Ltd,Real Estate,Real Estate Services,,SGD,Quick Ratio,,0.97,0.22,0.38,1.25,1.04,0.42,1.08,1.73,1.05,0.9,,
H30,XSES,Hong Fok Corp Ltd,Real Estate,Real Estate Services,,SGD,Interest Coverage,,5.06,11.19,11.58,5.29,-0.09,3.99,10.94,3.71,1.44,2.43,,
H30,XSES,Hong Fok Corp Ltd,Real Estate,Real Estate Services,,SGD,Financial Leverage,,1.87,1.83,1.78,1.74,1.74,1.73,1.62,1.6,1.58,1.58,,
H30,XSES,Hong Fok Corp Ltd,Real Estate,Real Estate Services,,SGD,Debt/Equity,,0.47,0.36,0.35,0.39,0.39,0.33,0.32,0.31,0.28,0.29,,
H30,XSES,Hong Fok Corp Ltd,Real Estate,Real Estate Services,,SGD,Book Value/Share,,1.69,1.76,1.98,2.21,2.36,2.33,2.46,2.7,2.8,2.83,,
H30,XSES,Hong Fok Corp Ltd,Real Estate,Real Estate Services,,SGD,Cap Ex as a % of Sales,,107.65,87.49,12.17,4.14,0.78,0.75,0.33,0.85,1.62,3.15,,
H78,XSES,Hongkong Land Holdings Ltd,Real Estate,Real Estate - Development,,SGD,Current Ratio,,2.58,2.33,1.89,1.9,2.09,1.69,1.94,1.7,1.5,3.7,,
H78,XSES,Hongkong Land Holdings Ltd,Real Estate,Real Estate - Development,,SGD,Quick Ratio,,1.33,1.06,1.01,1.05,1.27,0.77,0.71,0.59,0.55,1.58,,
H78,XSES,Hongkong Land Holdings Ltd,Real Estate,Real Estate - Development,,SGD,Interest Coverage,,37.21,56.4,17.1,3.43,-12.74,0.27,2.5,-0.83,-4.41,7.61,,
H78,XSES,Hongkong Land Holdings Ltd,Real Estate,Real Estate - Development,,SGD,Financial Leverage,,1.18,1.17,1.17,1.18,1.24,1.27,1.28,1.28,1.3,1.3,,
H78,XSES,Hongkong Land Holdings Ltd,Real Estate,Real Estate - Development,,SGD,Debt/Equity,,0.12,0.11,0.11,0.11,0.16,0.17,0.2,0.18,0.18,0.19,,
H78,XSES,Hongkong Land Holdings Ltd,Real Estate,Real Estate - Development,,SGD,Book Value/Share,,12.64,14.55,15.98,16.5,15.41,14.98,15.1,14.56,13.82,13.77,,
H78,XSES,Hongkong Land Holdings Ltd,Real Estate,Real Estate - Development,,SGD,Cap Ex as a % of Sales,,12.01,10.9,5.64,6.19,221.0,4.21,4.21,4.63,3.92,11.34,,
HBBD,XSES,Alibaba Group Holding Ltd SGDR,Consumer Cyclical,Internet Retail,,SGD,Current Ratio,,2.58,1.95,1.89,1.30,1.91,1.70,1.66,1.81,1.79,1.55,,
HBBD,XSES,Alibaba Group Holding Ltd SGDR,Consumer Cyclical,Internet Retail,,SGD,Quick Ratio,,2.46,1.84,1.75,1.15,1.72,1.45,1.40,1.57,1.55,1.28,,
HBBD,XSES,Alibaba Group Holding Ltd SGDR,Consumer Cyclical,Internet Retail,,SGD,Interest Coverage,,42.86,23.47,29.16,19.54,33.17,37.99,3.89,6.25,6.67,17.2,,
HBBD,XSES,Alibaba Group Holding Ltd SGDR,Consumer Cyclical,Internet Retail,,SGD,Financial Leverage,,1.68,1.82,1.96,1.96,1.74,1.80,1.79,1.77,1.79,1.79,,
HBBD,XSES,Alibaba Group Holding Ltd SGDR,Consumer Cyclical,Internet Retail,,SGD,Debt/Equity,,0.25,0.28,0.33,0.23,0.18,0.17,0.17,0.18,0.17,0.22,,
HBBD,XSES,Alibaba Group Holding Ltd SGDR,Consumer Cyclical,Internet Retail,,SGD,Book Value/Share,,-,-,-,-,-,-,-,-,-,9.08,,
HBBD,XSES,Alibaba Group Holding Ltd SGDR,Consumer Cyclical,Internet Retail,,SGD,Cap Ex as a % of Sales,,10.72,11.09,11.92,13.17,8.90,6.02,6.25,3.95,3.50,8.63,,
HBND,XSES,Bank Of China Ltd SGDR,Financial Services,Banks - Diversified,,SGD,Current Ratio,,-,-,-,-,-,-,-,-,-,-,,
HBND,XSES,Bank Of China Ltd SGDR,Financial Services,Banks - Diversified,,SGD,Quick Ratio,,-,-,-,-,-,-,-,-,-,-,,
HBND,XSES,Bank Of China Ltd SGDR,Financial Services,Banks - Diversified,,SGD,Interest Coverage,,-,-,-,-,-,-,-,-,-,-,,
HBND,XSES,Bank Of China Ltd SGDR,Financial Services,Banks - Diversified,,SGD,Financial Leverage,,13.83,13.94,14.05,13.46,12.91,12.69,12.53,12.92,13.00,12.94,,
HBND,XSES,Bank Of China Ltd SGDR,Financial Services,Banks - Diversified,,SGD,Debt/Equity,,0.42,0.53,0.73,0.93,0.82,0.82,0.82,0.88,0.94,0.94,,
HBND,XSES,Bank Of China Ltd SGDR,Financial Services,Banks - Diversified,,SGD,Book Value/Share,,-,-,-,-,-,-,-,-,1.66,1.71,,
HBND,XSES,Bank Of China Ltd SGDR,Financial Services,Banks - Diversified,,SGD,Cap Ex as a % of Sales,,7.09,9.54,8.40,7.12,7.01,4.99,4.49,4.69,4.33,7.80,,
HHZD,XSES,Horizon Robotics SGDR,Technology,Software - Application,,SGD,Current Ratio,,-,-,-,-,-,0.52,0.32,0.34,13.46,1.43,,
HHZD,XSES,Horizon Robotics SGDR,Technology,Software - Application,,SGD,Quick Ratio,,-,-,-,-,-,0.50,0.30,0.30,12.59,1.34,,
HHZD,XSES,Horizon Robotics SGDR,Technology,Software - Application,,SGD,Interest Coverage,,-442.69,-1154.90,-778.58,318.15,-1498.22,-,-,-,-,-,,
HHZD,XSES,Horizon Robotics SGDR,Technology,Software - Application,,SGD,Financial Leverage,,-,-,-,-,-,-,-,-,1.71,2.42,,
HHZD,XSES,Horizon Robotics SGDR,Technology,Software - Application,,SGD,Debt/Equity,,-,-,-,-,-,-,-,-,0.58,0.04,,
HHZD,XSES,Horizon Robotics SGDR,Technology,Software - Application,,SGD,Book Value/Share,,-,-,-,-,-,-,-,-,-,-,,
HHZD,XSES,Horizon Robotics SGDR,Technology,Software - Application,,SGD,Cap Ex as a % of Sales,,48.00,60.64,29.26,38.26,18.66,-,-,-,-,-,,
HJDD,XSES,JD.com Inc SGDR,Consumer Cyclical,Internet Retail,,SGD,Current Ratio,,1.02,0.97,0.87,0.99,1.35,1.35,1.32,1.16,1.29,1.22,,
HJDD,XSES,JD.com Inc SGDR,Consumer Cyclical,Internet Retail,,SGD,Quick Ratio,,0.57,0.56,0.44,0.53,0.93,0.91,0.93,0.80,0.88,0.79,,
HJDD,XSES,JD.com Inc SGDR,Consumer Cyclical,Internet Retail,,SGD,Interest Coverage,,-11.46,1.13,-1.78,19.89,46.17,-1.13,7.58,11.99,18.80,10.03,,
HJDD,XSES,JD.com Inc SGDR,Consumer Cyclical,Internet Retail,,SGD,Financial Leverage,,4.73,3.54,3.50,3.17,2.25,2.38,2.79,2.71,2.92,3.09,,
HJDD,XSES,JD.com Inc SGDR,Consumer Cyclical,Internet Retail,,SGD,Debt/Equity,,0.32,0.21,0.17,0.19,0.12,0.11,0.21,0.24,0.31,0.38,,
HJDD,XSES,JD.com Inc SGDR,Consumer Cyclical,Internet Retail,,SGD,Book Value/Share,,-,-,-,-,-,-,-,-,-,15.53,,
HJDD,XSES,JD.com Inc SGDR,Consumer Cyclical,Internet Retail,,SGD,Cap Ex as a % of Sales,,1.71,3.13,4.63,1.56,1.67,2.34,2.19,1.85,1.19,1.08,,
HKB,XSES,AMTD IDEA Group Ordinary Shares Class A,Financial Services,Asset Management,,SGD,Current Ratio,,1.14,1.86,1.89,7.63,12.13,5.03,13.95,7.66,10.62,8.83,,
HKB,XSES,AMTD IDEA Group Ordinary Shares Class A,Financial Services,Asset Management,,SGD,Quick Ratio,,0.98,1.73,1.72,6.29,10.31,3.57,10.49,7.63,10.59,8.82,,
HKB,XSES,AMTD IDEA Group Ordinary Shares Class A,Financial Services,Asset Management,,SGD,Interest Coverage,,-,29.15,68.31,36.71,47.56,104.79,203.35,20.23,5.11,6.40,,
HKB,XSES,AMTD IDEA Group Ordinary Shares Class A,Financial Services,Asset Management,,SGD,Financial Leverage,,8.44,2.77,2.68,1.21,1.08,1.16,1.09,1.16,1.30,1.32,,
HKB,XSES,AMTD IDEA Group Ordinary Shares Class A,Financial Services,Asset Management,,SGD,Debt/Equity,,-,-,-,0.01,0.01,0.02,0.00,0.02,0.14,0.12,,
HKB,XSES,AMTD IDEA Group Ordinary Shares Class A,Financial Services,Asset Management,,SGD,Book Value/Share,,-,-,-,-,6.52,-,-,-,-,-,,
HKB,XSES,AMTD IDEA Group Ordinary Shares Class A,Financial Services,Asset Management,,SGD,Cap Ex as a % of Sales,,-,0.01,0.00,0.04,0.01,-,0.00,0.04,0.01,1.30,,
HLPD,XSES,Laopu Gold Co Ltd SGDR,Consumer Cyclical,Luxury Goods,,SGD,Current Ratio,,-,-,-,-,-,3.45,3.45,3.75,2.59,2.08,,
HLPD,XSES,Laopu Gold Co Ltd SGDR,Consumer Cyclical,Luxury Goods,,SGD,Quick Ratio,,-,-,-,-,-,0.48,0.55,0.94,0.68,0.32,,
HLPD,XSES,Laopu Gold Co Ltd SGDR,Consumer Cyclical,Luxury Goods,,SGD,Interest Coverage,,14.31,8.51,31.62,65.61,46.98,-,-,-,-,-,,
HLPD,XSES,Laopu Gold Co Ltd SGDR,Consumer Cyclical,Luxury Goods,,SGD,Financial Leverage,,-,-,-,-,-,1.52,1.48,1.42,1.62,1.92,,
HLPD,XSES,Laopu Gold Co Ltd SGDR,Consumer Cyclical,Luxury Goods,,SGD,Debt/Equity,,-,-,-,-,-,0.17,0.15,0.11,0.04,0.02,,
HLPD,XSES,Laopu Gold Co Ltd SGDR,Consumer Cyclical,Luxury Goods,,SGD,Book Value/Share,,-,-,-,-,-,-,-,-,-,-,,
HLPD,XSES,Laopu Gold Co Ltd SGDR,Consumer Cyclical,Luxury Goods,,SGD,Cap Ex as a % of Sales,,2.47,2.67,1.87,0.83,0.53,-,-,-,-,-,,
HLS,XSES,Helens International Holdings Co Ltd,Consumer Cyclical,Restaurants,,SGD,Current Ratio,,-,-,0.22,0.34,0.30,4.91,4.82,9.35,7.38,4.71,,
HLS,XSES,Helens International Holdings Co Ltd,Consumer Cyclical,Restaurants,,SGD,Quick Ratio,,-,-,0.12,0.15,0.10,4.66,4.50,8.77,6.71,4.32,,
HLS,XSES,Helens International Holdings Co Ltd,Consumer Cyclical,Restaurants,,SGD,Interest Coverage,,3.36,7.41,4.38,-2.07,-37.48,6.47,-5.84,6.09,-,-,,
HLS,XSES,Helens International Holdings Co Ltd,Consumer Cyclical,Restaurants,,SGD,Financial Leverage,,-,-,21.76,6.44,5.37,1.49,1.47,1.19,1.23,1.29,,
HLS,XSES,Helens International Holdings Co Ltd,Consumer Cyclical,Restaurants,,SGD,Debt/Equity,,-,-,12.54,3.78,2.87,0.37,0.31,0.10,0.08,0.07,,
HLS,XSES,Helens International Holdings Co Ltd,Consumer Cyclical,Restaurants,,SGD,Book Value/Share,,-,-,-,-,-,-,-,-,0.22,0.14,,
HLS,XSES,Helens International Holdings Co Ltd,Consumer Cyclical,Restaurants,,SGD,Cap Ex as a % of Sales,,34.41,13.44,12.98,54.12,23.80,3.77,1.09,2.96,-,-,,
HMN,XSES,CapitaLand Ascott Trust Stapled Units,Real Estate,REIT - Diversified,,SGD,Current Ratio,,0.78,1.03,2.29,1.05,1.16,0.48,0.75,0.91,1.48,1.03,,
HMN,XSES,CapitaLand Ascott Trust Stapled Units,Real Estate,REIT - Diversified,,SGD,Quick Ratio,,0.64,0.58,1.25,0.57,1.07,0.45,0.67,0.55,1.25,0.97,,
HMN,XSES,CapitaLand Ascott Trust Stapled Units,Real Estate,REIT - Diversified,,SGD,Interest Coverage,,4.44,6.59,4.87,5.42,-3.2,7.38,4.08,3.4,3.08,4.53,,
HMN,XSES,CapitaLand Ascott Trust Stapled Units,Real Estate,REIT - Diversified,,SGD,Financial Leverage,,1.84,1.78,1.75,1.74,1.81,1.8,1.84,1.84,1.85,1.83,,
HMN,XSES,CapitaLand Ascott Trust Stapled Units,Real Estate,REIT - Diversified,,SGD,Debt/Equity,,0.66,0.55,0.6,0.54,0.61,0.52,0.63,0.58,0.65,0.59,,
HMN,XSES,CapitaLand Ascott Trust Stapled Units,Real Estate,REIT - Diversified,,SGD,Book Value/Share,,1.48,1.43,1.4,1.06,1.36,1.25,1.22,1.16,1.25,1.22,,
HMN,XSES,CapitaLand Ascott Trust Stapled Units,Real Estate,REIT - Diversified,,SGD,Cap Ex as a % of Sales,,12.06,5.29,5.36,6.15,8.47,27.1,7.81,21.77,12.97,12.96,,
HPAD,XSES,Ping An Insurance (Group) Co. of China Ltd SGDR,Financial Services,Insurance - Life,,SGD,Current Ratio,,-,-,-,-,-,-,-,-,-,-,,
HPAD,XSES,Ping An Insurance (Group) Co. of China Ltd SGDR,Financial Services,Insurance - Life,,SGD,Quick Ratio,,-,-,-,-,-,-,-,-,-,-,,
HPAD,XSES,Ping An Insurance (Group) Co. of China Ltd SGDR,Financial Services,Insurance - Life,,SGD,Interest Coverage,,-,-,9.95,10.19,8.10,5.97,5.62,5.93,9.79,9.59,,
HPAD,XSES,Ping An Insurance (Group) Co. of China Ltd SGDR,Financial Services,Insurance - Life,,SGD,Financial Leverage,,14.54,13.72,12.84,12.22,12.49,12.48,12.97,12.88,13.95,13.89,,
HPAD,XSES,Ping An Insurance (Group) Co. of China Ltd SGDR,Financial Services,Insurance - Life,,SGD,Debt/Equity,,1.29,1.52,1.58,1.59,1.69,1.81,1.58,1.55,1.40,1.35,,
HPAD,XSES,Ping An Insurance (Group) Co. of China Ltd SGDR,Financial Services,Insurance - Life,,SGD,Book Value/Share,,-,-,-,-,-,-,-,-,-,10.00,,
HPAD,XSES,Ping An Insurance (Group) Co. of China Ltd SGDR,Financial Services,Insurance - Life,,SGD,Cap Ex as a % of Sales,,2.32,2.15,1.21,1.16,0.91,1.15,0.90,0.97,0.73,0.90,,
HPCD,XSES,PetroChina Co Ltd SGDR,Energy,Oil & Gas Integrated,,SGD,Current Ratio,,0.76,0.74,0.74,0.71,0.80,0.93,0.98,0.96,0.93,1.1,,
HPCD,XSES,PetroChina Co Ltd SGDR,Energy,Oil & Gas Integrated,,SGD,Quick Ratio,,0.34,0.39,0.32,0.31,0.39,0.51,0.56,0.56,0.52,0.65,,
HPCD,XSES,PetroChina Co Ltd SGDR,Energy,Oil & Gas Integrated,,SGD,Interest Coverage,,2.94,3.37,6.15,4.39,3.11,9.01,10.89,10.87,12.65,13.87,,
HPCD,XSES,PetroChina Co Ltd SGDR,Energy,Oil & Gas Integrated,,SGD,Financial Leverage,,2.02,2.01,2.00,2.22,2.05,1.98,1.95,1.90,1.82,1.78,,
HPCD,XSES,PetroChina Co Ltd SGDR,Energy,Oil & Gas Integrated,,SGD,Debt/Equity,,0.31,0.24,0.22,0.37,0.31,0.32,0.25,0.18,0.14,0.18,,
HPCD,XSES,PetroChina Co Ltd SGDR,Energy,Oil & Gas Integrated,,SGD,Book Value/Share,,-,-,-,-,-,-,-,-,-,1.56,,
HPCD,XSES,PetroChina Co Ltd SGDR,Energy,Oil & Gas Integrated,,SGD,Cap Ex as a % of Sales,,11.72,11.76,11.72,12.98,13.28,10.16,7.53,9.38,10.30,10.22,,
HQU,XSES,Oiltek International Ltd,Industrials,Specialty Industrial Machinery,,SGD,Current Ratio,,-,-,2.46,1.80,1.93,1.65,1.72,1.54,1.61,2.06,,
HQU,XSES,Oiltek International Ltd,Industrials,Specialty Industrial Machinery,,SGD,Quick Ratio,,-,-,2.41,1.77,1.89,1.61,1.71,1.53,1.60,2.04,,
HQU,XSES,Oiltek International Ltd,Industrials,Specialty Industrial Machinery,,SGD,Interest Coverage,,-,-,-,-,-,-,-,-,-,-,,
HQU,XSES,Oiltek International Ltd,Industrials,Specialty Industrial Machinery,,SGD,Financial Leverage,,-,-,1.63,2.13,1.98,2.39,2.29,2.73,2.57,1.88,,
HQU,XSES,Oiltek International Ltd,Industrials,Specialty Industrial Machinery,,SGD,Debt/Equity,,-,-,-,-,-,-,-,-,-,-,,
HQU,XSES,Oiltek International Ltd,Industrials,Specialty Industrial Machinery,,SGD,Book Value/Share,,-,-,-,-,-,-,0.03,0.04,0.05,0.07,,
HQU,XSES,Oiltek International Ltd,Industrials,Specialty Industrial Machinery,,SGD,Cap Ex as a % of Sales,,0.21,0.04,0.09,0.03,0.22,0.16,0.30,0.04,-,-,,
HSHD,XSES,HSBC Holdings PLC SGDR,Financial Services,Banks - Diversified,,SGD,Current Ratio,,-,-,-,-,-,-,-,-,-,-,,
HSHD,XSES,HSBC Holdings PLC SGDR,Financial Services,Banks - Diversified,,SGD,Quick Ratio,,-,-,-,-,-,-,-,-,-,-,,
HSHD,XSES,HSBC Holdings PLC SGDR,Financial Services,Banks - Diversified,,SGD,Interest Coverage,,-,-,-,-,-,-,-,-,-,-,,
HSHD,XSES,HSBC Holdings PLC SGDR,Financial Services,Banks - Diversified,,SGD,Financial Leverage,,13.54,13.26,13.73,14.76,15.19,14.92,15.82,16.40,16.31,16.31,,
HSHD,XSES,HSBC Holdings PLC SGDR,Financial Services,Banks - Diversified,,SGD,Debt/Equity,,0.94,0.90,1.23,1.48,1.28,1.13,1.09,1.27,1.31,1.29,,
HSHD,XSES,HSBC Holdings PLC SGDR,Financial Services,Banks - Diversified,,SGD,Book Value/Share,,-,-,-,-,-,-,-,-,14.61,14.35,,
HSHD,XSES,HSBC Holdings PLC SGDR,Financial Services,Banks - Diversified,,SGD,Cap Ex as a % of Sales,,3.31,3.83,4.77,5.13,5.58,5.60,6.58,5.86,5.77,7.04,,
HTCD,XSES,Tencent Holdings Ltd ADR,Communication Services,Internet Content & Information,,SGD,Current Ratio,,1.47,1.18,1.07,1.06,1.18,1.20,1.30,1.47,1.25,1.44,,
HTCD,XSES,Tencent Holdings Ltd ADR,Communication Services,Internet Content & Information,,SGD,Quick Ratio,,1.35,1.07,0.98,0.95,1.04,0.82,0.83,1.30,1.07,1.26,,
HTCD,XSES,Tencent Holdings Ltd ADR,Communication Services,Internet Content & Information,,SGD,Interest Coverage,,24.83,29.83,20.29,15.23,25.17,32.33,22.05,14.57,20.4,21.6,,
HTCD,XSES,Tencent Holdings Ltd ADR,Communication Services,Internet Content & Information,,SGD,Financial Leverage,,2.27,2.17,2.24,2.20,1.89,2.00,2.19,1.95,1.83,1.77,,
HTCD,XSES,Tencent Holdings Ltd ADR,Communication Services,Internet Content & Information,,SGD,Debt/Equity,,0.54,0.44,0.43,0.45,0.35,0.37,0.46,0.38,0.3,0.3,,
HTCD,XSES,Tencent Holdings Ltd ADR,Communication Services,Internet Content & Information,,SGD,Book Value/Share,,-,-,-,-,-,-,-,-,18.61,23.83,,
HTCD,XSES,Tencent Holdings Ltd ADR,Communication Services,Internet Content & Information,,SGD,Cap Ex as a % of Sales,,12.34,13.46,17.29,15.10,13.82,11.10,9.17,7.78,14.55,15.02,,
HYDD,XSES,BYD Co Ltd SGDR,Consumer Cyclical,Auto Manufacturers,,SGD,Current Ratio,,1.00,0.98,0.99,0.99,1.05,0.97,0.72,0.67,0.75,0.79,,
HYDD,XSES,BYD Co Ltd SGDR,Consumer Cyclical,Auto Manufacturers,,SGD,Quick Ratio,,0.72,0.66,0.60,0.67,0.67,0.65,0.42,0.42,0.45,0.38,,
HYDD,XSES,BYD Co Ltd SGDR,Consumer Cyclical,Auto Manufacturers,,SGD,Interest Coverage,,4.65,3.40,2.41,1.70,3.20,3.37,17.01,21.39,24.73,16.58,,
HYDD,XSES,BYD Co Ltd SGDR,Consumer Cyclical,Auto Manufacturers,,SGD,Financial Leverage,,2.83,3.24,3.52,3.45,3.53,3.11,4.45,4.90,4.23,3.59,,
HYDD,XSES,BYD Co Ltd SGDR,Consumer Cyclical,Auto Manufacturers,,SGD,Debt/Equity,,0.18,0.20,0.25,0.40,0.43,0.13,0.09,0.15,0.1,0.3,,
HYDD,XSES,BYD Co Ltd SGDR,Consumer Cyclical,Auto Manufacturers,,SGD,Book Value/Share,,-,-,-,-,-,-,-,-,3.32,4.95,,
HYDD,XSES,BYD Co Ltd SGDR,Consumer Cyclical,Auto Manufacturers,,SGD,Cap Ex as a % of Sales,,12.62,13.95,13.72,16.15,7.52,17.28,22.98,20.27,12.53,19.5,,
I06,XSES,Intraco Ltd,Industrials,Industrial Distribution,,SGD,Current Ratio,,1.92,2.15,1.96,1.99,2.37,2.58,3.13,3.98,1.96,1.73,,
I06,XSES,Intraco Ltd,Industrials,Industrial Distribution,,SGD,Quick Ratio,,1.81,2.01,1.83,1.89,2.27,2.34,2.7,3.71,1.16,1.31,,
I06,XSES,Intraco Ltd,Industrials,Industrial Distribution,,SGD,Interest Coverage,,4.2,7.84,6.8,3.87,-66.63,-4.02,-3.28,7.39,3.43,1.81,,
I06,XSES,Intraco Ltd,Industrials,Industrial Distribution,,SGD,Financial Leverage,,1.61,1.43,1.5,1.41,1.58,1.51,1.37,1.28,1.98,2.25,,
I06,XSES,Intraco Ltd,Industrials,Industrial Distribution,,SGD,Debt/Equity,,0.03,0.03,0.01,0.01,0.02,0.01,0.01,0.0,0.0,0.0,,
I06,XSES,Intraco Ltd,Industrials,Industrial Distribution,,SGD,Book Value/Share,,0.63,0.64,0.66,0.66,0.65,0.55,0.53,0.53,0.57,0.5,,
I06,XSES,Intraco Ltd,Industrials,Industrial Distribution,,SGD,Cap Ex as a % of Sales,,0.13,3.76,2.91,0.16,0.39,0.09,0.02,0.06,0.02,0.02,,
I07,XSES,ISDN Holdings Ltd,Industrials,Engineering & Construction,,SGD,Current Ratio,,2.04,2.1,2.19,2.16,1.68,1.72,1.68,2.49,2.18,1.57,,
I07,XSES,ISDN Holdings Ltd,Industrials,Engineering & Construction,,SGD,Quick Ratio,,1.5,1.43,1.44,1.44,1.2,1.14,1.05,1.57,1.42,1.08,,
I07,XSES,ISDN Holdings Ltd,Industrials,Engineering & Construction,,SGD,Interest Coverage,,20.31,24.17,23.89,10.6,19.44,36.55,10.19,5.3,4.59,5.01,,
I07,XSES,ISDN Holdings Ltd,Industrials,Engineering & Construction,,SGD,Financial Leverage,,1.79,1.73,1.97,1.98,2.11,2.11,2.02,2.02,2.01,2.19,,
I07,XSES,ISDN Holdings Ltd,Industrials,Engineering & Construction,,SGD,Debt/Equity,,0.0,0.0,0.08,0.06,0.06,0.09,0.08,0.31,0.27,0.24,,
I07,XSES,ISDN Holdings Ltd,Industrials,Engineering & Construction,,SGD,Book Value/Share,,0.33,0.34,0.37,0.36,0.38,0.42,0.47,0.45,0.45,0.45,,
I07,XSES,ISDN Holdings Ltd,Industrials,Engineering & Construction,,SGD,Cap Ex as a % of Sales,,0.96,0.7,0.87,1.72,2.9,1.55,0.62,1.28,2.02,1.53,,
I11,XSES,Renaissance United Ltd,Utilities,Utilities - Regulated Gas,,SGD,Current Ratio,,1.05,0.9,0.87,0.73,0.83,0.76,0.72,0.76,0.7,0.52,,
I11,XSES,Renaissance United Ltd,Utilities,Utilities - Regulated Gas,,SGD,Quick Ratio,,0.61,0.5,0.36,0.45,0.39,0.53,0.47,0.45,0.52,0.36,,
I11,XSES,Renaissance United Ltd,Utilities,Utilities - Regulated Gas,,SGD,Interest Coverage,,15.05,3.69,-23.88,-47.56,1.61,-3.17,-10.55,-4.82,-5.84,-9.91,,
I11,XSES,Renaissance United Ltd,Utilities,Utilities - Regulated Gas,,SGD,Financial Leverage,,1.52,1.53,1.85,2.8,2.37,2.28,2.53,2.57,2.8,3.32,,
I11,XSES,Renaissance United Ltd,Utilities,Utilities - Regulated Gas,,SGD,Debt/Equity,,0.14,0.12,0.14,0.16,0.25,0.16,0.17,0.3,0.31,0.33,,
I11,XSES,Renaissance United Ltd,Utilities,Utilities - Regulated Gas,,SGD,Book Value/Share,,0.02,0.02,0.02,0.01,0.01,0.01,0.01,0.01,0.01,0.0,,
I11,XSES,Renaissance United Ltd,Utilities,Utilities - Regulated Gas,,SGD,Cap Ex as a % of Sales,,17.2,18.45,18.89,22.77,19.2,5.29,0.34,0.54,0.21,3.54,,
I49,XSES,IFS Capital Ltd,Financial Services,Credit Services,,SGD,Current Ratio,,-,-,-,-,-,-,-,-,-,-,,
I49,XSES,IFS Capital Ltd,Financial Services,Credit Services,,SGD,Quick Ratio,,-,-,-,-,-,-,-,-,-,-,,
I49,XSES,IFS Capital Ltd,Financial Services,Credit Services,,SGD,Interest Coverage,,1.04,2.03,3.97,3.11,1.42,4.23,2.84,1.88,1.59,2.16,,
I49,XSES,IFS Capital Ltd,Financial Services,Credit Services,,SGD,Financial Leverage,,2.68,2.70,2.99,2.82,2.74,2.24,2.27,2.79,2.93,3.06,,
I49,XSES,IFS Capital Ltd,Financial Services,Credit Services,,SGD,Debt/Equity,,0.09,0.06,0.08,0.04,0.09,0.15,0.14,0.08,0.06,0.04,,
I49,XSES,IFS Capital Ltd,Financial Services,Credit Services,,SGD,Book Value/Share,,0.26,0.40,0.41,0.47,0.48,0.46,0.47,0.46,0.46,0.47,,
I49,XSES,IFS Capital Ltd,Financial Services,Credit Services,,SGD,Cap Ex as a % of Sales,,0.84,0.78,3.20,0.65,0.73,0.37,0.39,0.54,0.44,0.98,,
IBKD,XSES,PT Bank Central Asia Tbk SGDR,Financial Services,Banks - Regional,,SGD,Current Ratio,,-,-,-,-,-,-,-,-,-,-,,
IBKD,XSES,PT Bank Central Asia Tbk SGDR,Financial Services,Banks - Regional,,SGD,Quick Ratio,,-,-,-,-,-,-,-,-,-,-,,
IBKD,XSES,PT Bank Central Asia Tbk SGDR,Financial Services,Banks - Regional,,SGD,Interest Coverage,,-,-,-,-,-,-,-,-,-,-,,
IBKD,XSES,PT Bank Central Asia Tbk SGDR,Financial Services,Banks - Regional,,SGD,Financial Leverage,,6.02,5.71,5.44,5.28,5.83,6.06,5.95,5.81,5.52,5.64,,
IBKD,XSES,PT Bank Central Asia Tbk SGDR,Financial Services,Banks - Regional,,SGD,Debt/Equity,,0.05,0.03,0.02,0.02,0.01,0.01,0.01,0.01,0.01,0.01,,
IBKD,XSES,PT Bank Central Asia Tbk SGDR,Financial Services,Banks - Regional,,SGD,Book Value/Share,,-,-,-,-,-,-,-,-,-,-,,
IBKD,XSES,PT Bank Central Asia Tbk SGDR,Financial Services,Banks - Regional,,SGD,Cap Ex as a % of Sales,,4.98,3.00,3.64,3.67,3.49,4.12,3.75,5.00,3.77,2.14,,
IICD,XSES,PT Indofood CBP Sukses Makmur Tbk SGDR,Consumer Defensive,Packaged Foods,,SGD,Current Ratio,,2.41,2.43,1.95,2.54,2.26,1.80,3.10,3.51,4.09,4.15,,
IICD,XSES,PT Indofood CBP Sukses Makmur Tbk SGDR,Consumer Defensive,Packaged Foods,,SGD,Quick Ratio,,1.90,1.91,1.32,1.91,1.67,1.46,2.30,2.79,3.34,3.40,,
IICD,XSES,PT Indofood CBP Sukses Makmur Tbk SGDR,Consumer Defensive,Packaged Foods,,SGD,Interest Coverage,,29.57,41.77,44.85,47.07,15.85,6.41,4.50,6.65,6.37,7.37,,
IICD,XSES,PT Indofood CBP Sukses Makmur Tbk SGDR,Consumer Defensive,Packaged Foods,,SGD,Financial Leverage,,1.65,1.62,1.59,1.53,3.52,3.48,3.16,2.93,2.79,2.63,,
IICD,XSES,PT Indofood CBP Sukses Makmur Tbk SGDR,Consumer Defensive,Packaged Foods,,SGD,Debt/Equity,,0.05,0.05,0.04,0.07,1.05,1.21,1.22,1.06,1.00,0.90,,
IICD,XSES,PT Indofood CBP Sukses Makmur Tbk SGDR,Consumer Defensive,Packaged Foods,,SGD,Book Value/Share,,-,-,-,-,-,-,-,-,-,-,,
IICD,XSES,PT Indofood CBP Sukses Makmur Tbk SGDR,Consumer Defensive,Packaged Foods,,SGD,Cap Ex as a % of Sales,,3.09,5.09,9.14,4.81,4.11,3.96,2.76,2.69,2.98,4.86,,
ITS,XSES,Info-Tech Systems Ltd,Technology,Software - Application,,SGD,Current Ratio,,-,-,-,-,-,-,0.94,1.06,1.00,1.99,,
ITS,XSES,Info-Tech Systems Ltd,Technology,Software - Application,,SGD,Quick Ratio,,-,-,-,-,-,-,0.91,1.03,1.00,1.96,,
ITS,XSES,Info-Tech Systems Ltd,Technology,Software - Application,,SGD,Interest Coverage,,196.21,93.89,76.24,100.80,-,-,-,-,-,-,,
ITS,XSES,Info-Tech Systems Ltd,Technology,Software - Application,,SGD,Financial Leverage,,-,-,-,-,-,-,36.11,8.29,25.08,2.10,,
ITS,XSES,Info-Tech Systems Ltd,Technology,Software - Application,,SGD,Debt/Equity,,-,-,-,-,-,-,2.45,0.39,1.63,0.07,,
ITS,XSES,Info-Tech Systems Ltd,Technology,Software - Application,,SGD,Book Value/Share,,-,-,-,-,-,-,-,-,-,0.03,,
ITS,XSES,Info-Tech Systems Ltd,Technology,Software - Application,,SGD,Cap Ex as a % of Sales,,2.45,3.57,0.91,2.05,-,-,-,-,-,-,,
J03,XSES,Jadason Enterprises Ltd,Technology,Electronic Components,,SGD,Current Ratio,,2.18,2.73,2.98,2.28,2.18,1.82,1.6,1.1,1.09,1.33,,
J03,XSES,Jadason Enterprises Ltd,Technology,Electronic Components,,SGD,Quick Ratio,,1.97,2.35,2.53,2.01,1.98,1.65,1.45,1.05,1.03,1.23,,
J03,XSES,Jadason Enterprises Ltd,Technology,Electronic Components,,SGD,Interest Coverage,,5.99,13.32,-2.47,-13.05,-3.3,-11.94,-11.05,-32.35,-13.39,52.41,,
J03,XSES,Jadason Enterprises Ltd,Technology,Electronic Components,,SGD,Financial Leverage,,1.53,1.37,1.33,1.85,2.02,2.34,2.45,4.91,4.3,2.97,,
J03,XSES,Jadason Enterprises Ltd,Technology,Electronic Components,,SGD,Debt/Equity,,0.0,0.0,0.0,0.35,0.4,0.45,0.36,0.29,0.07,0.03,,
J03,XSES,Jadason Enterprises Ltd,Technology,Electronic Components,,SGD,Book Value/Share,,0.07,0.07,0.07,0.06,0.04,0.04,0.02,0.01,0.01,0.01,,
J03,XSES,Jadason Enterprises Ltd,Technology,Electronic Components,,SGD,Cap Ex as a % of Sales,,4.07,1.66,3.44,1.3,0.64,0.5,0.02,0.01,0.94,0.89,,
J2T,XSES,Hock Lian Seng Holdings Ltd,Industrials,Engineering & Construction,,SGD,Current Ratio,,2.77,2.19,1.84,2.04,2.41,2.21,2.38,3.57,4.64,5.86,,
J2T,XSES,Hock Lian Seng Holdings Ltd,Industrials,Engineering & Construction,,SGD,Quick Ratio,,2.11,1.39,1.06,1.11,1.21,1.32,1.47,2.69,3.86,3.53,,
J2T,XSES,Hock Lian Seng Holdings Ltd,Industrials,Engineering & Construction,,SGD,Interest Coverage,,-,-,72.13,-,-,-,-,-,-,498.38,,
J2T,XSES,Hock Lian Seng Holdings Ltd,Industrials,Engineering & Construction,,SGD,Financial Leverage,,1.52,1.72,1.70,1.57,1.44,1.50,1.46,1.32,1.24,1.37,,
J2T,XSES,Hock Lian Seng Holdings Ltd,Industrials,Engineering & Construction,,SGD,Debt/Equity,,0.06,0.07,-,-,-,-,-,0.00,0.00,0.15,,
J2T,XSES,Hock Lian Seng Holdings Ltd,Industrials,Engineering & Construction,,SGD,Book Value/Share,,0.45,0.37,0.39,0.39,0.40,0.41,0.45,0.47,0.53,0.55,,
J2T,XSES,Hock Lian Seng Holdings Ltd,Industrials,Engineering & Construction,,SGD,Cap Ex as a % of Sales,,7.71,15.59,4.09,0.15,0.47,0.39,0.82,0.34,1.80,1.54,,
J36,XSES,Jardine Matheson Holdings Ltd,Industrials,Conglomerates,,SGD,Current Ratio,,1.35,1.2,1.06,1.21,1.34,1.29,1.22,1.12,1.19,-,,
J36,XSES,Jardine Matheson Holdings Ltd,Industrials,Conglomerates,,SGD,Quick Ratio,,0.92,0.8,0.71,0.85,1.01,0.89,0.79,0.67,0.68,-,,
J36,XSES,Jardine Matheson Holdings Ltd,Industrials,Conglomerates,,SGD,Interest Coverage,,31.51,41.01,14.53,9.38,-0.24,8.45,6.84,5.61,2.9,-,,
J36,XSES,Jardine Matheson Holdings Ltd,Industrials,Conglomerates,,SGD,Financial Leverage,,3.28,3.23,3.27,3.2,3.18,3.07,3.09,3.07,3.11,-,,
J36,XSES,Jardine Matheson Holdings Ltd,Industrials,Conglomerates,,SGD,Debt/Equity,,0.31,0.29,0.27,0.39,0.44,0.51,0.52,0.49,0.5,-,,
J36,XSES,Jardine Matheson Holdings Ltd,Industrials,Conglomerates,,SGD,Book Value/Share,,29.01,32.9,35.05,40.99,39.85,96.06,101.13,100.28,96.52,-,,
J36,XSES,Jardine Matheson Holdings Ltd,Industrials,Conglomerates,,SGD,Cap Ex as a % of Sales,,3.22,3.56,3.74,3.82,2.64,2.33,3.34,5.12,3.85,-,,
J69U,XSES,Frasers Centrepoint Trust,Real Estate,REIT - Retail,,SGD,Current Ratio,,0.09,0.09,0.09,0.04,0.46,0.16,0.1,0.81,0.09,0.22,,
J69U,XSES,Frasers Centrepoint Trust,Real Estate,REIT - Retail,,SGD,Quick Ratio,,0.09,0.09,0.09,0.04,0.11,0.16,0.09,0.08,0.08,0.21,,
J69U,XSES,Frasers Centrepoint Trust,Real Estate,REIT - Retail,,SGD,Interest Coverage,,8.57,12.51,9.63,9.76,6.78,5.03,5.53,3.71,3.43,3.44,,
J69U,XSES,Frasers Centrepoint Trust,Real Estate,REIT - Retail,,SGD,Financial Leverage,,1.46,1.47,1.47,1.46,1.53,1.51,1.5,1.6,1.53,1.61,,
J69U,XSES,Frasers Centrepoint Trust,Real Estate,REIT - Retail,,SGD,Debt/Equity,,0.29,0.34,0.31,0.3,0.39,0.41,0.36,0.46,0.41,0.46,,
J69U,XSES,Frasers Centrepoint Trust,Real Estate,REIT - Retail,,SGD,Book Value/Share,,1.88,1.9,2.0,2.09,2.19,2.3,2.31,2.31,2.26,2.05,,
J69U,XSES,Frasers Centrepoint Trust,Real Estate,REIT - Retail,,SGD,Cap Ex as a % of Sales,,9.55,15.3,8.04,2.56,6.76,1.71,1.65,2.25,11.84,8.48,,
J85,XSES,CDL Hospitality Trusts Stapled Security Real Estate Investment Trust,Real Estate,REIT - Hotel & Motel,,SGD,Current Ratio,,3.03,0.57,0.57,4.08,0.46,0.36,0.42,0.26,0.21,0.45,,
J85,XSES,CDL Hospitality Trusts Stapled Security Real Estate Investment Trust,Real Estate,REIT - Hotel & Motel,,SGD,Quick Ratio,,2.92,0.35,0.57,1.26,0.44,0.35,0.41,0.24,0.21,0.44,,
J85,XSES,CDL Hospitality Trusts Stapled Security Real Estate Investment Trust,Real Estate,REIT - Hotel & Motel,,SGD,Interest Coverage,,3.28,7.83,7.09,5.97,-6.89,4.03,8.14,3.97,1.39,0.63,,
J85,XSES,CDL Hospitality Trusts Stapled Security Real Estate Investment Trust,Real Estate,REIT - Hotel & Motel,,SGD,Financial Leverage,,1.64,1.56,1.6,1.65,1.76,1.79,1.74,1.76,1.88,1.8,,
J85,XSES,CDL Hospitality Trusts Stapled Security Real Estate Investment Trust,Real Estate,REIT - Hotel & Motel,,SGD,Debt/Equity,,0.6,0.35,0.41,0.55,0.51,0.47,0.54,0.5,0.56,0.62,,
J85,XSES,CDL Hospitality Trusts Stapled Security Real Estate Investment Trust,Real Estate,REIT - Hotel & Motel,,SGD,Book Value/Share,,1.5,1.48,1.49,1.46,1.47,1.29,1.31,1.41,1.48,1.41,,
J85,XSES,CDL Hospitality Trusts Stapled Security Real Estate Investment Trust,Real Estate,REIT - Hotel & Motel,,SGD,Cap Ex as a % of Sales,,10.06,8.51,18.31,22.72,304.39,13.65,24.37,34.48,64.72,15.91,,
JYEU,XSES,Lendlease Global Commercial REIT,Real Estate,REIT - Diversified,,SGD,Current Ratio,,-,-,-,-,4.47,9.24,0.21,0.14,0.12,0.13,,
JYEU,XSES,Lendlease Global Commercial REIT,Real Estate,REIT - Diversified,,SGD,Quick Ratio,,-,-,-,-,3.96,8.93,0.17,0.12,0.09,0.11,,
JYEU,XSES,Lendlease Global Commercial REIT,Real Estate,REIT - Diversified,,SGD,Interest Coverage,,-,0.72,18.53,4.07,2.38,2.3,-,-,-,-,,
JYEU,XSES,Lendlease Global Commercial REIT,Real Estate,REIT - Diversified,,SGD,Financial Leverage,,-,-,-,-,1.57,1.5,1.70,1.72,1.73,1.82,,
JYEU,XSES,Lendlease Global Commercial REIT,Real Estate,REIT - Diversified,,SGD,Debt/Equity,,-,-,-,-,0.53,0.47,0.53,0.48,0.53,0.62,,
JYEU,XSES,Lendlease Global Commercial REIT,Real Estate,REIT - Diversified,,SGD,Book Value/Share,,-,-,-,-,-,0.81,0.51,0.94,0.93,0.90,,
JYEU,XSES,Lendlease Global Commercial REIT,Real Estate,REIT - Diversified,,SGD,Cap Ex as a % of Sales,,-,1.87,4.41,2.66,3.46,7.38,-,-,-,-,,
K03,XSES,Khong Guan Ltd,Consumer Defensive,Food Distribution,,SGD,Current Ratio,,6.74,6.45,4.76,4.61,3.66,4.34,3.0,3.25,3.02,2.82,,
K03,XSES,Khong Guan Ltd,Consumer Defensive,Food Distribution,,SGD,Quick Ratio,,5.70,5.21,3.67,3.55,2.72,3.1,2.09,2.28,2.02,1.87,,
K03,XSES,Khong Guan Ltd,Consumer Defensive,Food Distribution,,SGD,Interest Coverage,,170.40,6936.49,-,-,80.08,58.09,206.72,69.1,-76.87,19.5,,
K03,XSES,Khong Guan Ltd,Consumer Defensive,Food Distribution,,SGD,Financial Leverage,,1.15,1.15,1.17,1.16,1.18,1.15,1.22,1.21,1.23,1.24,,
K03,XSES,Khong Guan Ltd,Consumer Defensive,Food Distribution,,SGD,Debt/Equity,,-,-,-,-,0.0,0.0,0.0,0.0,0.0,0.0,,
K03,XSES,Khong Guan Ltd,Consumer Defensive,Food Distribution,,SGD,Book Value/Share,,2.46,2.36,2.48,2.40,2.37,2.38,2.29,2.25,2.07,2.16,,
K03,XSES,Khong Guan Ltd,Consumer Defensive,Food Distribution,,SGD,Cap Ex as a % of Sales,,1.42,0.30,0.52,4.14,2.26,0.36,0.38,0.58,0.54,0.48,,
K29,XSES,Karin Technology Holdings Ltd,Technology,Information Technology Services,,SGD,Current Ratio,,1.55,1.65,1.61,1.53,1.58,1.6,1.45,1.61,1.52,1.61,,
K29,XSES,Karin Technology Holdings Ltd,Technology,Information Technology Services,,SGD,Quick Ratio,,0.91,1.17,1.10,0.95,1.21,1.1,1.01,1.09,1.08,1.1,,
K29,XSES,Karin Technology Holdings Ltd,Technology,Information Technology Services,,SGD,Interest Coverage,,9.93,6.3,10.91,8.63,3.56,27.63,13.48,6.49,3.04,5.22,,
K29,XSES,Karin Technology Holdings Ltd,Technology,Information Technology Services,,SGD,Financial Leverage,,1.76,1.69,2.04,2.13,2.09,2.36,2.85,2.53,2.87,2.58,,
K29,XSES,Karin Technology Holdings Ltd,Technology,Information Technology Services,,SGD,Debt/Equity,,0.0,0.01,-,0.0,0.0,0.0,0.03,0.0,0.01,0.02,,
K29,XSES,Karin Technology Holdings Ltd,Technology,Information Technology Services,,SGD,Book Value/Share,,0.51,0.54,0.31,0.33,0.37,0.35,0.37,0.33,0.33,0.31,,
K29,XSES,Karin Technology Holdings Ltd,Technology,Information Technology Services,,SGD,Cap Ex as a % of Sales,,1.3,0.33,0.18,0.08,0.11,0.09,1.07,0.19,0.09,0.1,,
K6S,XSES,Prudential PLC,Financial Services,Insurance - Life,,SGD,Current Ratio,,-,-,-,-,-,-,-,-,-,-,,
K6S,XSES,Prudential PLC,Financial Services,Insurance - Life,,SGD,Quick Ratio,,-,-,-,-,-,-,-,-,-,-,,
K6S,XSES,Prudential PLC,Financial Services,Insurance - Life,,SGD,Interest Coverage,,7.32,8.76,9.87,4.72,4.65,9.16,8.31,13.19,18.27,28.00,,
K6S,XSES,Prudential PLC,Financial Services,Insurance - Life,,SGD,Financial Leverage,,32.08,30.70,29.49,23.32,24.72,11.65,9.78,9.77,10.40,10.55,,
K6S,XSES,Prudential PLC,Financial Services,Insurance - Life,,SGD,Debt/Equity,,0.60,0.67,0.70,0.40,0.41,0.38,0.27,0.23,0.24,0.24,,
K6S,XSES,Prudential PLC,Financial Services,Insurance - Life,,SGD,Book Value/Share,,7.55,7.77,-,9.58,7.32,5.72,5.86,6.25,6.12,7.16,,
K6S,XSES,Prudential PLC,Financial Services,Insurance - Life,,SGD,Cap Ex as a % of Sales,,0.48,0.15,1.16,0.07,0.10,0.14,-0.41,0.23,0.62,0.38,,
K71U,XSES,Keppel REIT,Real Estate,REIT - Office,,SGD,Current Ratio,,4.85,0.42,2.05,0.89,0.79,0.83,1.11,0.5,0.14,0.11,,
K71U,XSES,Keppel REIT,Real Estate,REIT - Office,,SGD,Quick Ratio,,4.83,0.42,2.02,0.81,0.73,0.77,0.27,0.45,0.11,0.1,,
K71U,XSES,Keppel REIT,Real Estate,REIT - Office,,SGD,Interest Coverage,,5.63,4.12,3.47,3.49,1.10,6.63,9.12,4.2,2.51,6.84,,
K71U,XSES,Keppel REIT,Real Estate,REIT - Office,,SGD,Financial Leverage,,1.54,1.55,1.59,1.57,1.62,1.64,1.64,1.56,1.63,1.81,,
K71U,XSES,Keppel REIT,Real Estate,REIT - Office,,SGD,Debt/Equity,,0.51,0.43,0.45,0.43,0.46,0.49,0.41,0.39,0.38,0.44,,
K71U,XSES,Keppel REIT,Real Estate,REIT - Office,,SGD,Book Value/Share,,1.46,1.46,1.44,1.42,1.38,1.38,1.43,1.41,1.37,1.27,,
K71U,XSES,Keppel REIT,Real Estate,REIT - Office,,SGD,Cap Ex as a % of Sales,,0.02,-,0.0,0.0,-,-,0.01,0.11,0.0,0.0,,
K75,XSES,Koh Brothers Group Ltd,Industrials,Engineering & Construction,,SGD,Current Ratio,,1.5,1.57,1.98,2.03,1.93,1.7,1.28,1.33,1.25,1.03,,
K75,XSES,Koh Brothers Group Ltd,Industrials,Engineering & Construction,,SGD,Quick Ratio,,1.4,1.49,1.36,1.4,1.33,1.13,0.92,1.26,1.19,0.97,,
K75,XSES,Koh Brothers Group Ltd,Industrials,Engineering & Construction,,SGD,Interest Coverage,,5.21,5.95,2.27,1.87,-0.52,1.96,1.86,-0.84,0.42,5.68,,
K75,XSES,Koh Brothers Group Ltd,Industrials,Engineering & Construction,,SGD,Financial Leverage,,2.33,2.5,2.83,2.85,2.85,2.89,2.78,2.73,2.41,2.41,,
K75,XSES,Koh Brothers Group Ltd,Industrials,Engineering & Construction,,SGD,Debt/Equity,,0.42,0.52,0.88,0.92,0.94,0.68,0.39,0.4,0.32,0.13,,
K75,XSES,Koh Brothers Group Ltd,Industrials,Engineering & Construction,,SGD,Book Value/Share,,0.63,0.65,0.7,0.72,0.69,0.7,0.7,0.66,0.62,-,,
K75,XSES,Koh Brothers Group Ltd,Industrials,Engineering & Construction,,SGD,Cap Ex as a % of Sales,,3.61,1.84,4.29,6.1,0.95,1.2,0.93,0.63,0.96,1.50,,
KIN,XSES,Kin Global Ltd,Industrials,Specialty Business Services,,SGD,Current Ratio,,-,-,-,-,-,-,1.60,1.34,1.15,2.16,,
KIN,XSES,Kin Global Ltd,Industrials,Specialty Business Services,,SGD,Quick Ratio,,-,-,-,-,-,-,1.56,1.32,1.09,2.12,,
KIN,XSES,Kin Global Ltd,Industrials,Specialty Business Services,,SGD,Interest Coverage,,58.26,36.48,52.53,34.45,-,-,-,-,-,-,,
KIN,XSES,Kin Global Ltd,Industrials,Specialty Business Services,,SGD,Financial Leverage,,-,-,-,-,-,-,1.61,2.06,2.55,1.84,,
KIN,XSES,Kin Global Ltd,Industrials,Specialty Business Services,,SGD,Debt/Equity,,-,-,-,-,-,-,0.13,0.04,0.01,0.04,,
KIN,XSES,Kin Global Ltd,Industrials,Specialty Business Services,,SGD,Book Value/Share,,-,-,-,-,-,-,-,-,-,-,,
KIN,XSES,Kin Global Ltd,Industrials,Specialty Business Services,,SGD,Cap Ex as a % of Sales,,3.61,0.33,0.36,0.19,-,-,-,-,-,-,,
KJ5,XSES,BBR Holdings (S) Ltd,Industrials,Engineering & Construction,,SGD,Current Ratio,,1.64,3.45,4.38,3.71,3.05,3.12,2.88,1.55,1.34,2.06,,
KJ5,XSES,BBR Holdings (S) Ltd,Industrials,Engineering & Construction,,SGD,Quick Ratio,,1.39,1.58,1.98,1.61,1.94,1.96,1.78,1.02,0.85,1.19,,
KJ5,XSES,BBR Holdings (S) Ltd,Industrials,Engineering & Construction,,SGD,Interest Coverage,,8.3,7.29,-0.46,-2.42,-6.34,0.95,2.11,2.47,4.75,3.55,,
KJ5,XSES,BBR Holdings (S) Ltd,Industrials,Engineering & Construction,,SGD,Financial Leverage,,2.51,2.23,2.15,2.49,3.55,3.32,3.17,3.24,3.24,2.78,,
KJ5,XSES,BBR Holdings (S) Ltd,Industrials,Engineering & Construction,,SGD,Debt/Equity,,0.11,0.72,0.73,0.93,1.59,1.47,1.3,0.43,0.43,0.7,,
KJ5,XSES,BBR Holdings (S) Ltd,Industrials,Engineering & Construction,,SGD,Book Value/Share,,0.39,0.41,0.42,0.39,0.34,0.28,0.3,0.31,0.33,0.39,,
KJ5,XSES,BBR Holdings (S) Ltd,Industrials,Engineering & Construction,,SGD,Cap Ex as a % of Sales,,1.75,1.6,0.76,1.3,1.95,0.41,2.06,0.46,0.18,0.62,,
KUH,XSES,TSH Corp Ltd,Consumer Cyclical,Restaurants,,SGD,Current Ratio,,17.07,18.62,11.15,3.45,3.31,3.86,3.06,2.63,2.74,3.63,,
KUH,XSES,TSH Corp Ltd,Consumer Cyclical,Restaurants,,SGD,Quick Ratio,,5.35,4.96,2.20,2.15,1.74,1.73,1.0,0.52,0.6,0.96,,
KUH,XSES,TSH Corp Ltd,Consumer Cyclical,Restaurants,,SGD,Interest Coverage,,37.78,-,-,9.51,-35.51,-2.61,7.76,2.69,5.44,11.04,,
KUH,XSES,TSH Corp Ltd,Consumer Cyclical,Restaurants,,SGD,Financial Leverage,,1.06,1.06,1.10,1.48,1.49,1.77,1.98,1.95,1.64,1.53,,
KUH,XSES,TSH Corp Ltd,Consumer Cyclical,Restaurants,,SGD,Debt/Equity,,-,-,-,0.15,0.08,0.33,0.45,0.37,0.11,0.17,,
KUH,XSES,TSH Corp Ltd,Consumer Cyclical,Restaurants,,SGD,Book Value/Share,,2.35,0.50,0.45,0.19,-,0.16,0.15,0.17,0.18,0.22,,
KUH,XSES,TSH Corp Ltd,Consumer Cyclical,Restaurants,,SGD,Cap Ex as a % of Sales,,-,-,-,2.25,0.57,2.91,0.9,2.06,0.41,0.11,,
KUO,XSES,International Cement Group Ltd Ordinary Shares,Basic Materials,Building Materials,,SGD,Current Ratio,,6.32,2.59,1.76,0.93,1.27,1.48,1.16,1.06,1.06,1.43,,
KUO,XSES,International Cement Group Ltd Ordinary Shares,Basic Materials,Building Materials,,SGD,Quick Ratio,,5.13,1.95,1.11,0.58,0.35,0.91,0.59,0.49,0.63,0.76,,
KUO,XSES,International Cement Group Ltd Ordinary Shares,Basic Materials,Building Materials,,SGD,Interest Coverage,,-,1.44,48.89,56.95,7.77,10.72,16.0,14.74,2.14,6.3,,
KUO,XSES,International Cement Group Ltd Ordinary Shares,Basic Materials,Building Materials,,SGD,Financial Leverage,,1.09,1.49,1.50,1.8,1.75,1.75,2.08,2.28,2.54,2.01,,
KUO,XSES,International Cement Group Ltd Ordinary Shares,Basic Materials,Building Materials,,SGD,Debt/Equity,,-,0.00,0.00,0.07,0.07,0.16,0.16,0.13,0.18,0.1,,
KUO,XSES,International Cement Group Ltd Ordinary Shares,Basic Materials,Building Materials,,SGD,Book Value/Share,,-,-,-,0.04,0.04,0.04,0.04,0.04,0.04,0.04,,
KUO,XSES,International Cement Group Ltd Ordinary Shares,Basic Materials,Building Materials,,SGD,Cap Ex as a % of Sales,,-,22.68,33.36,43.93,18.52,33.61,21.21,15.05,15.29,17.76,,
KUX,XSES,OIO Holdings Ltd Ordinary Shares,Technology,Software - Application,,SGD,Current Ratio,,1.01,1.30,2.3,0.23,0.16,0.64,1.02,0.20,0.08,0.06,,
KUX,XSES,OIO Holdings Ltd Ordinary Shares,Technology,Software - Application,,SGD,Quick Ratio,,0.94,1.16,2.1,0.19,0.14,0.63,0.99,0.20,0.05,0.03,,
KUX,XSES,OIO Holdings Ltd Ordinary Shares,Technology,Software - Application,,SGD,Interest Coverage,,-,49.55,-12.72,-44.48,-17.76,-189.05,-8581.55,-13.12,-58.06,-1286.73,,
KUX,XSES,OIO Holdings Ltd Ordinary Shares,Technology,Software - Application,,SGD,Financial Leverage,,5.75,3.12,1.71,-,-,2.08,-,-,-,-,,
KUX,XSES,OIO Holdings Ltd Ordinary Shares,Technology,Software - Application,,SGD,Debt/Equity,,0.09,0.25,0.08,-,-,-,-,-,-,-,,
KUX,XSES,OIO Holdings Ltd Ordinary Shares,Technology,Software - Application,,SGD,Book Value/Share,,-,-,0.04,-,-,0.04,0.03,-0.02,-0.02,-0.03,,
KUX,XSES,OIO Holdings Ltd Ordinary Shares,Technology,Software - Application,,SGD,Cap Ex as a % of Sales,,-,0.45,0.39,1.64,0.38,8.20,23.02,48.19,1.02,-,,
L02,XSES,Metis Energy Ltd,Utilities,Utilities - Renewable,,SGD,Current Ratio,,1.02,0.95,1.12,0.52,1.03,1.18,4.12,3.49,1.29,1.13,,
L02,XSES,Metis Energy Ltd,Utilities,Utilities - Renewable,,SGD,Quick Ratio,,0.83,0.89,1.06,0.45,0.9,0.82,1.01,3.3,0.62,0.93,,
L02,XSES,Metis Energy Ltd,Utilities,Utilities - Renewable,,SGD,Interest Coverage,,-4.69,-1.3,3.3,-39.33,11.62,-34.85,8.06,-3.22,-1.65,-1.52,,
L02,XSES,Metis Energy Ltd,Utilities,Utilities - Renewable,,SGD,Financial Leverage,,2.65,3.0,2.68,2.82,2.03,1.45,1.57,1.47,2.76,3.79,,
L02,XSES,Metis Energy Ltd,Utilities,Utilities - Renewable,,SGD,Debt/Equity,,0.28,0.26,0.14,0.02,0.01,-,0.18,0.16,0.69,1.46,,
L02,XSES,Metis Energy Ltd,Utilities,Utilities - Renewable,,SGD,Book Value/Share,,0.16,0.13,0.06,0.08,0.04,0.03,0.03,0.03,0.03,0.02,,
L02,XSES,Metis Energy Ltd,Utilities,Utilities - Renewable,,SGD,Cap Ex as a % of Sales,,0.78,19.24,14.24,27.23,43.67,17.00,301.44,1039.21,2239.62,820.03,,
L19,XSES,Lum Chang Holdings Ltd,Industrials,Engineering & Construction,,SGD,Current Ratio,,1.64,1.37,1.76,2.15,2.57,1.87,1.34,1.09,1.15,1.26,,
L19,XSES,Lum Chang Holdings Ltd,Industrials,Engineering & Construction,,SGD,Quick Ratio,,1.17,1.03,0.97,1.39,1.52,1.25,1.05,0.94,0.98,1.01,,
L19,XSES,Lum Chang Holdings Ltd,Industrials,Engineering & Construction,,SGD,Interest Coverage,,8.2,5.21,7.01,4.48,0.6,3.59,-2.61,-6.49,5.36,12.54,,
L19,XSES,Lum Chang Holdings Ltd,Industrials,Engineering & Construction,,SGD,Financial Leverage,,2.62,2.61,2.51,2.64,2.25,2.58,2.22,2.65,2.71,2.42,,
L19,XSES,Lum Chang Holdings Ltd,Industrials,Engineering & Construction,,SGD,Debt/Equity,,0.75,0.48,0.61,0.79,0.64,0.73,0.11,0.22,0.2,0.18,,
L19,XSES,Lum Chang Holdings Ltd,Industrials,Engineering & Construction,,SGD,Book Value/Share,,0.56,0.55,0.62,0.65,0.69,0.67,0.63,0.53,0.44,0.44,,
L19,XSES,Lum Chang Holdings Ltd,Industrials,Engineering & Construction,,SGD,Cap Ex as a % of Sales,,0.47,-,-,1.54,0.44,2.67,0.59,0.69,0.92,1.97,,
L23,XSES,Enviro-Hub Holdings Ltd,Industrials,Waste Management,,SGD,Current Ratio,,0.31,1.65,1.22,1.1,1.63,0.67,1.73,1.64,0.63,2.29,,
L23,XSES,Enviro-Hub Holdings Ltd,Industrials,Waste Management,,SGD,Quick Ratio,,0.24,1.59,0.98,0.75,1.1,0.41,1.32,1.34,0.5,1.95,,
L23,XSES,Enviro-Hub Holdings Ltd,Industrials,Waste Management,,SGD,Interest Coverage,,0.17,-2.16,2.3,1.27,0.82,3.43,4.22,2.7,-10.18,1.89,,
L23,XSES,Enviro-Hub Holdings Ltd,Industrials,Waste Management,,SGD,Financial Leverage,,9.4,3.51,3.49,3.73,3.18,1.95,1.91,1.73,2.02,2.31,,
L23,XSES,Enviro-Hub Holdings Ltd,Industrials,Waste Management,,SGD,Debt/Equity,,5.77,1.96,1.95,2.04,1.59,0.26,0.63,0.51,0.21,1.06,,
L23,XSES,Enviro-Hub Holdings Ltd,Industrials,Waste Management,,SGD,Book Value/Share,,0.07,0.06,0.05,0.05,0.04,0.04,0.05,0.05,0.05,0.04,,
L23,XSES,Enviro-Hub Holdings Ltd,Industrials,Waste Management,,SGD,Cap Ex as a % of Sales,,0.12,2.01,4.3,9.14,2.04,3.28,6.76,3.74,1.61,4.16,,
LCC,XSES,Lum Chang Creations Ltd,Industrials,Engineering & Construction,,SGD,Current Ratio,,-,-,-,-,-,-,2.14,1.93,1.52,1.42,,
LCC,XSES,Lum Chang Creations Ltd,Industrials,Engineering & Construction,,SGD,Quick Ratio,,-,-,-,-,-,-,2.11,1.91,1.51,1.41,,
LCC,XSES,Lum Chang Creations Ltd,Industrials,Engineering & Construction,,SGD,Interest Coverage,,85.71,520.27,566.25,285.55,-,-,-,-,-,-,,
LCC,XSES,Lum Chang Creations Ltd,Industrials,Engineering & Construction,,SGD,Financial Leverage,,-,-,-,-,-,-,1.73,2.00,2.90,3.16,,
LCC,XSES,Lum Chang Creations Ltd,Industrials,Engineering & Construction,,SGD,Debt/Equity,,-,-,-,-,-,-,0.03,0.03,0.07,0.04,,
LCC,XSES,Lum Chang Creations Ltd,Industrials,Engineering & Construction,,SGD,Book Value/Share,,-,-,-,-,-,-,-,-,-,-,,
LCC,XSES,Lum Chang Creations Ltd,Industrials,Engineering & Construction,,SGD,Cap Ex as a % of Sales,,0.07,0.67,0.14,1.77,-,-,-,-,-,-,,
LGH,XSES,Leong Guan Holdings Ltd,Consumer Defensive,Packaged Foods,,SGD,Current Ratio,,-,-,-,-,-,-,1.73,1.41,1.44,1.37,,
LGH,XSES,Leong Guan Holdings Ltd,Consumer Defensive,Packaged Foods,,SGD,Quick Ratio,,-,-,-,-,-,-,1.58,1.24,1.26,1.14,,
LGH,XSES,Leong Guan Holdings Ltd,Consumer Defensive,Packaged Foods,,SGD,Interest Coverage,,11.90,10.74,12.05,3.48,-,-,-,-,-,-,,
LGH,XSES,Leong Guan Holdings Ltd,Consumer Defensive,Packaged Foods,,SGD,Financial Leverage,,-,-,-,-,-,-,2.76,3.19,3.02,2.65,,
LGH,XSES,Leong Guan Holdings Ltd,Consumer Defensive,Packaged Foods,,SGD,Debt/Equity,,-,-,-,-,-,-,0.39,0.32,0.42,0.74,,
LGH,XSES,Leong Guan Holdings Ltd,Consumer Defensive,Packaged Foods,,SGD,Book Value/Share,,-,-,-,-,-,-,-,-,-,0.06,,
LGH,XSES,Leong Guan Holdings Ltd,Consumer Defensive,Packaged Foods,,SGD,Cap Ex as a % of Sales,,1.32,2.18,5.93,9.72,-,-,-,-,-,-,,
LJ3,XSES,OUE Ltd,Real Estate,Real Estate - Diversified,,SGD,Current Ratio,,1.31,0.97,1.56,0.72,3.21,1.21,0.67,1.23,1.81,0.53,,
LJ3,XSES,OUE Ltd,Real Estate,Real Estate - Diversified,,SGD,Quick Ratio,,0.48,0.55,0.93,0.52,1.16,0.99,0.51,0.79,1.53,0.4,,
LJ3,XSES,OUE Ltd,Real Estate,Real Estate - Diversified,,SGD,Interest Coverage,,2.85,2.64,1.77,3.45,-3.01,2.6,5.07,2.25,-1.11,-0.39,,
LJ3,XSES,OUE Ltd,Real Estate,Real Estate - Diversified,,SGD,Financial Leverage,,2.02,2.24,2.35,2.64,2.57,2.35,2.55,2.52,2.74,2.8,,
LJ3,XSES,OUE Ltd,Real Estate,Real Estate - Diversified,,SGD,Debt/Equity,,0.56,0.6,0.77,0.66,0.82,0.63,0.65,0.78,0.91,0.77,,
LJ3,XSES,OUE Ltd,Real Estate,Real Estate - Diversified,,SGD,Book Value/Share,,4.41,4.38,4.39,4.49,4.33,4.32,4.5,4.39,4.62,4.26,,
LJ3,XSES,OUE Ltd,Real Estate,Real Estate - Diversified,,SGD,Cap Ex as a % of Sales,,0.25,1.39,1.11,1.23,2.39,24.74,11.17,7.99,4.6,4.92,,
LMS,XSES,Lms Compliance Ltd,Industrials,Specialty Business Services,,SGD,Current Ratio,,-,-,-,2.34,2.99,2.75,10.78,9.54,7.62,5.23,,
LMS,XSES,Lms Compliance Ltd,Industrials,Specialty Business Services,,SGD,Quick Ratio,,-,-,-,2.27,2.96,2.55,10.68,9.37,7.47,5.12,,
LMS,XSES,Lms Compliance Ltd,Industrials,Specialty Business Services,,SGD,Interest Coverage,,30.61,24.39,29.66,12.49,43.66,41.25,62.65,-,-,-,,
LMS,XSES,Lms Compliance Ltd,Industrials,Specialty Business Services,,SGD,Financial Leverage,,-,-,-,1.55,1.45,1.47,1.21,1.19,1.20,1.26,,
LMS,XSES,Lms Compliance Ltd,Industrials,Specialty Business Services,,SGD,Debt/Equity,,-,-,-,0.19,0.13,0.13,0.1,0.08,0.07,0.03,,
LMS,XSES,Lms Compliance Ltd,Industrials,Specialty Business Services,,SGD,Book Value/Share,,-,-,-,-,-,-,0.04,0.07,0.07,0.07,,
LMS,XSES,Lms Compliance Ltd,Industrials,Specialty Business Services,,SGD,Cap Ex as a % of Sales,,8.29,7.12,4.18,4.23,5.64,10.99,4.05,-,-,-,,
LS9,XSES,Leader Environmental Technologies Ltd,Industrials,Pollution & Treatment Controls,,SGD,Current Ratio,,1.36,1.40,1.37,1.24,1.28,4.47,1.47,3.5,0.89,0.68,,
LS9,XSES,Leader Environmental Technologies Ltd,Industrials,Pollution & Treatment Controls,,SGD,Quick Ratio,,0.55,1.37,0.47,0.31,0.98,3.68,1.15,3.12,0.48,0.58,,
LS9,XSES,Leader Environmental Technologies Ltd,Industrials,Pollution & Treatment Controls,,SGD,Interest Coverage,,0.87,4.24,-1.35,-3.11,-12.12,7.34,-16.61,-5.12,-3.21,-8.71,,
LS9,XSES,Leader Environmental Technologies Ltd,Industrials,Pollution & Treatment Controls,,SGD,Financial Leverage,,3.05,3.08,3.28,4.17,3.69,1.58,2.08,3.25,9.44,-,,
LS9,XSES,Leader Environmental Technologies Ltd,Industrials,Pollution & Treatment Controls,,SGD,Debt/Equity,,-,-,-,0.01,0.02,0.19,0.22,1.42,0.91,-,,
LS9,XSES,Leader Environmental Technologies Ltd,Industrials,Pollution & Treatment Controls,,SGD,Book Value/Share,,0.01,0.01,0.01,0.01,0.01,0.0,0.02,0.01,0.01,0.00,,
LS9,XSES,Leader Environmental Technologies Ltd,Industrials,Pollution & Treatment Controls,,SGD,Cap Ex as a % of Sales,,0.59,0.05,1.74,0.04,0.41,91.0,8.52,32.22,186.01,42.63,,
LVR,XSES,17LIVE Group Ltd,Technology,Software - Application,,SGD,Current Ratio,,-,-,-,-,-,-,1.20,1.79,2.11,2.16,,
LVR,XSES,17LIVE Group Ltd,Technology,Software - Application,,SGD,Quick Ratio,,-,-,-,-,-,-,1.20,0.27,0.26,0.26,,
LVR,XSES,17LIVE Group Ltd,Technology,Software - Application,,SGD,Interest Coverage,,-,3.11,-2226.20,-7.95,10.07,-,-,-,-,-,,
LVR,XSES,17LIVE Group Ltd,Technology,Software - Application,,SGD,Financial Leverage,,-,-,-,-,-,-,6.06,1.81,1.57,1.53,,
LVR,XSES,17LIVE Group Ltd,Technology,Software - Application,,SGD,Debt/Equity,,-,-,-,-,-,-,-,0.03,0.02,0.02,,
LVR,XSES,17LIVE Group Ltd,Technology,Software - Application,,SGD,Book Value/Share,,-,-,-,-,-,-,-,0.22,0.67,0.64,,
LVR,XSES,17LIVE Group Ltd,Technology,Software - Application,,SGD,Cap Ex as a % of Sales,,-,-,0.46,0.31,0.13,-,-,-,-,-,,
LYY,XSES,SinoCloud Group Ltd,Technology,Information Technology Services,,SGD,Current Ratio,4.67,1.5,1.22,1.07,-,0.4,0.56,0.16,0.15,,,,
LYY,XSES,SinoCloud Group Ltd,Technology,Information Technology Services,,SGD,Quick Ratio,4.05,1.46,0.67,0.43,-,0.04,0.07,0.13,0.13,,,,
LYY,XSES,SinoCloud Group Ltd,Technology,Information Technology Services,,SGD,Interest Coverage,-56.53,-33.21,-4.93,-7.33,-21.76,-1.51,-20.6,-1.95,-,,,,
LYY,XSES,SinoCloud Group Ltd,Technology,Information Technology Services,,SGD,Financial Leverage,1.10,1.64,1.68,1.93,-,1.94,1.91,2.44,2.03,,,,
LYY,XSES,SinoCloud Group Ltd,Technology,Information Technology Services,,SGD,Debt/Equity,-,0.19,0.1,0.06,-,0.62,0.64,1.71,1.49,,,,
LYY,XSES,SinoCloud Group Ltd,Technology,Information Technology Services,,SGD,Book Value/Share,0.73,0.63,0.42,0.38,-,0.17,0.14,0.15,0.02,,,,
LYY,XSES,SinoCloud Group Ltd,Technology,Information Technology Services,,SGD,Cap Ex as a % of Sales,0.34,29.81,17.54,175.23,53.89,0.56,5.56,1.68,-,,,,
M01,XSES,Metro Holdings Ltd,Consumer Cyclical,Department Stores,,SGD,Current Ratio,,4.41,2.63,2.88,4.17,3.98,2.45,4.07,3.79,3.15,2.64,,
M01,XSES,Metro Holdings Ltd,Consumer Cyclical,Department Stores,,SGD,Quick Ratio,,4.21,2.48,2.49,3.05,3.1,2.0,3.14,2.97,2.54,2.14,,
M01,XSES,Metro Holdings Ltd,Consumer Cyclical,Department Stores,,SGD,Interest Coverage,,220.63,298.98,83.79,20.06,3.15,3.52,2.75,2.27,1.68,-6.75,,
M01,XSES,Metro Holdings Ltd,Consumer Cyclical,Department Stores,,SGD,Financial Leverage,,1.11,1.15,1.16,1.26,1.49,1.53,1.58,1.61,1.62,1.77,,
M01,XSES,Metro Holdings Ltd,Consumer Cyclical,Department Stores,,SGD,Debt/Equity,,-,-,-,0.1,0.27,0.16,0.33,0.34,0.31,0.36,,
M01,XSES,Metro Holdings Ltd,Consumer Cyclical,Department Stores,,SGD,Book Value/Share,,1.71,1.64,1.77,1.76,1.8,1.8,1.89,1.84,1.72,1.67,,
M01,XSES,Metro Holdings Ltd,Consumer Cyclical,Department Stores,,SGD,Cap Ex as a % of Sales,,1.16,1.50,1.11,1.14,0.34,2.63,0.49,0.9,0.41,1.39,,
M03,XSES,Miyoshi Ltd,Industrials,Metal Fabrication,,SGD,Current Ratio,,2.16,2.21,1.89,1.38,1.54,1.13,1.26,1.2,1.66,1.21,,
M03,XSES,Miyoshi Ltd,Industrials,Metal Fabrication,,SGD,Quick Ratio,,1.8,1.64,1.33,0.97,0.98,0.67,0.9,0.85,1.09,0.87,,
M03,XSES,Miyoshi Ltd,Industrials,Metal Fabrication,,SGD,Interest Coverage,,5.4,6.48,4.97,-0.16,-63.65,-20.74,3.58,-1.19,-3.45,-3.34,,
M03,XSES,Miyoshi Ltd,Industrials,Metal Fabrication,,SGD,Financial Leverage,,1.45,1.4,1.36,1.37,1.54,1.94,1.85,1.88,1.83,1.86,,
M03,XSES,Miyoshi Ltd,Industrials,Metal Fabrication,,SGD,Debt/Equity,,0.09,0.05,0.06,0.04,0.09,0.18,0.15,0.08,0.17,0.03,,
M03,XSES,Miyoshi Ltd,Industrials,Metal Fabrication,,SGD,Book Value/Share,,0.1,0.09,0.09,0.1,0.08,0.06,0.04,0.04,0.02,0.02,,
M03,XSES,Miyoshi Ltd,Industrials,Metal Fabrication,,SGD,Cap Ex as a % of Sales,,6.59,9.52,16.12,10.9,4.91,18.45,3.05,1.63,1.61,3.55,,
M05,XSES,,,,,SGD,Current Ratio,,2.64,3.14,2.57,2.17,4.23,4.88,2.94,2.38,3.38,2.89,,
M05,XSES,,,,,SGD,Quick Ratio,,1.92,2.56,1.76,1.67,3.01,3.33,1.72,1.52,2.12,1.58,,
M05,XSES,,,,,SGD,Interest Coverage,,-10.04,-14.02,-28.7,-3.6,6.11,-7.12,2.72,3.29,6.67,4.36,,
M05,XSES,,,,,SGD,Financial Leverage,,1.87,1.83,1.76,1.83,1.69,1.61,1.79,1.98,1.63,1.67,,
M05,XSES,,,,,SGD,Debt/Equity,,0.38,0.41,0.34,0.3,0.44,0.41,0.53,0.54,0.4,0.43,,
M05,XSES,,,,,SGD,Book Value/Share,,0.72,0.58,0.47,0.33,0.33,0.32,0.26,0.27,0.32,0.35,,
M05,XSES,,,,,SGD,Cap Ex as a % of Sales,,3.51,1.16,2.32,1.25,1.88,3.52,16.73,7.57,10.31,32.52,,
M11,XSES,Manufacturing Integration Technology Ltd,Technology,Semiconductor Equipment & Materials,,SGD,Current Ratio,,3.13,2.92,2.58,4.03,4.81,2.4,2.40,1.47,0.78,0.69,,
M11,XSES,Manufacturing Integration Technology Ltd,Technology,Semiconductor Equipment & Materials,,SGD,Quick Ratio,,2.10,1.98,0.74,3.11,4.25,1.8,1.60,0.75,0.43,0.45,,
M11,XSES,Manufacturing Integration Technology Ltd,Technology,Semiconductor Equipment & Materials,,SGD,Interest Coverage,,-41.19,92.69,-21.16,-48.14,-21.49,-24.38,-53.61,-155.82,-25.99,-9.11,,
M11,XSES,Manufacturing Integration Technology Ltd,Technology,Semiconductor Equipment & Materials,,SGD,Financial Leverage,,1.32,1.36,1.49,1.26,1.22,1.35,1.27,1.47,1.9,2.88,,
M11,XSES,Manufacturing Integration Technology Ltd,Technology,Semiconductor Equipment & Materials,,SGD,Debt/Equity,,-,-,-,0.09,0.05,0.03,-,0.07,0.06,-,,
M11,XSES,Manufacturing Integration Technology Ltd,Technology,Semiconductor Equipment & Materials,,SGD,Book Value/Share,,0.22,0.21,0.20,0.22,0.08,0.07,0.06,0.05,0.03,0.02,,
M11,XSES,Manufacturing Integration Technology Ltd,Technology,Semiconductor Equipment & Materials,,SGD,Cap Ex as a % of Sales,,2.07,5.23,20.65,6.16,0.33,0.47,1.60,1.25,0.2,0.03,,
M14,XSES,InnoTek Ltd,Industrials,Metal Fabrication,,SGD,Current Ratio,,1.92,2.03,2.23,2.6,2.75,3.18,2.74,2.36,2.34,2.14,,
M14,XSES,InnoTek Ltd,Industrials,Metal Fabrication,,SGD,Quick Ratio,,1.54,1.63,1.84,2.15,2.35,2.47,2.02,1.79,1.83,1.68,,
M14,XSES,InnoTek Ltd,Industrials,Metal Fabrication,,SGD,Interest Coverage,,156.04,15836.0,23346.0,119.02,8.91,5.26,2.06,3.9,4.55,3.08,,
M14,XSES,InnoTek Ltd,Industrials,Metal Fabrication,,SGD,Financial Leverage,,1.58,1.56,1.49,1.52,1.49,1.41,1.46,1.53,1.5,1.63,,
M14,XSES,InnoTek Ltd,Industrials,Metal Fabrication,,SGD,Debt/Equity,,0.0,0.0,0.0,0.13,0.11,0.1,0.08,0.06,0.04,0.12,,
M14,XSES,InnoTek Ltd,Industrials,Metal Fabrication,,SGD,Book Value/Share,,0.53,0.57,0.63,0.69,0.72,0.8,0.79,0.74,0.75,0.7,,
M14,XSES,InnoTek Ltd,Industrials,Metal Fabrication,,SGD,Cap Ex as a % of Sales,,1.04,2.36,3.69,1.23,3.21,4.14,3.74,6.38,4.71,5.12,,
M15,XSES,Nanyang New Development Ltd,Basic Materials,Specialty Chemicals,,SGD,Current Ratio,,2.52,1.94,1.89,1.41,1.36,1.52,2.93,2.29,1.89,1.48,,
M15,XSES,Nanyang New Development Ltd,Basic Materials,Specialty Chemicals,,SGD,Quick Ratio,,1.47,1.13,1.14,0.67,0.62,0.46,2.49,2.12,1.65,1.32,,
M15,XSES,Nanyang New Development Ltd,Basic Materials,Specialty Chemicals,,SGD,Interest Coverage,,-0.28,-17.51,-5.34,-15.95,-17.17,-8.67,9.62,-31.99,-63.24,-108.03,,
M15,XSES,Nanyang New Development Ltd,Basic Materials,Specialty Chemicals,,SGD,Financial Leverage,,2.02,2.23,2.16,2.49,2.68,3.87,1.63,1.68,1.68,1.96,,
M15,XSES,Nanyang New Development Ltd,Basic Materials,Specialty Chemicals,,SGD,Debt/Equity,,0.0,0.0,0.0,0.04,0.21,0.49,0.1,0.04,0.03,0.00,,
M15,XSES,Nanyang New Development Ltd,Basic Materials,Specialty Chemicals,,SGD,Book Value/Share,,0.14,0.13,0.1,0.08,0.05,0.03,0.02,0.04,0.03,-,,
M15,XSES,Nanyang New Development Ltd,Basic Materials,Specialty Chemicals,,SGD,Cap Ex as a % of Sales,,2.6,2.28,4.66,3.67,2.8,1.3,0.52,4.05,8.08,1.62,,
M1GU,XSES,Alpha Integrated REIT,Real Estate,REIT - Industrial,,SGD,Current Ratio,,0.22,0.17,0.64,0.29,0.14,1.2,0.63,0.19,1.08,0.32,,
M1GU,XSES,Alpha Integrated REIT,Real Estate,REIT - Industrial,,SGD,Quick Ratio,,0.12,0.07,0.04,0.08,0.06,1.17,0.53,0.18,0.8,0.24,,
M1GU,XSES,Alpha Integrated REIT,Real Estate,REIT - Industrial,,SGD,Interest Coverage,,-2.45,-0.84,5.9,2.42,-2.27,4.79,4.5,1.91,1.57,4.75,,
M1GU,XSES,Alpha Integrated REIT,Real Estate,REIT - Industrial,,SGD,Financial Leverage,,1.84,1.69,1.64,1.63,1.72,1.75,1.68,1.75,1.81,1.78,,
M1GU,XSES,Alpha Integrated REIT,Real Estate,REIT - Industrial,,SGD,Debt/Equity,,0.55,0.43,0.31,0.49,0.37,0.69,0.62,0.49,0.74,0.59,,
M1GU,XSES,Alpha Integrated REIT,Real Estate,REIT - Industrial,,SGD,Book Value/Share,,0.81,0.57,0.53,0.56,0.51,0.51,0.52,0.52,0.52,0.49,,
M1GU,XSES,Alpha Integrated REIT,Real Estate,REIT - Industrial,,SGD,Cap Ex as a % of Sales,,1.99,21.78,2.74,8.46,20.91,11.65,2.82,14.93,19.18,2.12,,
M44U,XSES,Mapletree Logistics Trust,Real Estate,REIT - Industrial,,SGD,Current Ratio,,0.31,0.32,0.61,0.68,0.52,0.76,0.55,0.65,0.77,0.58,,
M44U,XSES,Mapletree Logistics Trust,Real Estate,REIT - Industrial,,SGD,Quick Ratio,,0.28,0.28,0.56,0.60,0.47,0.71,0.51,0.51,0.56,0.46,,
M44U,XSES,Mapletree Logistics Trust,Real Estate,REIT - Industrial,,SGD,Interest Coverage,,6.52,6.38,11.02,8.17,6.68,7.92,11.08,6.12,3.84,2.83,,
M44U,XSES,Mapletree Logistics Trust,Real Estate,REIT - Industrial,,SGD,Financial Leverage,,1.81,1.79,1.75,1.73,1.81,1.83,1.79,1.79,1.85,1.92,,
M44U,XSES,Mapletree Logistics Trust,Real Estate,REIT - Industrial,,SGD,Debt/Equity,,0.64,0.62,0.65,0.64,0.67,0.68,0.59,0.61,0.69,0.73,,
M44U,XSES,Mapletree Logistics Trust,Real Estate,REIT - Industrial,,SGD,Book Value/Share,,1.15,1.26,1.18,1.23,1.29,1.38,1.46,1.53,1.51,1.46,,
M44U,XSES,Mapletree Logistics Trust,Real Estate,REIT - Industrial,,SGD,Cap Ex as a % of Sales,,-,-,-,-,-,-,-,-,-,-,,
ME8U,XSES,Mapletree Industrial Trust Units Real Estate Investment Trust,Real Estate,REIT - Industrial,,SGD,Current Ratio,,0.52,0.22,0.22,0.42,0.69,0.52,0.36,0.53,0.73,0.19,,
ME8U,XSES,Mapletree Industrial Trust Units Real Estate Investment Trust,Real Estate,REIT - Industrial,,SGD,Quick Ratio,,0.5,0.22,0.21,0.41,0.68,0.17,0.33,0.51,0.70,0.18,,
ME8U,XSES,Mapletree Industrial Trust Units Real Estate Investment Trust,Real Estate,REIT - Industrial,,SGD,Interest Coverage,,10.5,11.62,11.44,8.15,9.62,6.87,11.6,3.79,1.81,3.37,,
ME8U,XSES,Mapletree Industrial Trust Units Real Estate Investment Trust,Real Estate,REIT - Industrial,,SGD,Financial Leverage,,1.47,1.5,1.49,1.51,1.46,1.64,1.61,1.59,1.64,1.70,,
ME8U,XSES,Mapletree Industrial Trust Units Real Estate Investment Trust,Real Estate,REIT - Industrial,,SGD,Debt/Equity,,0.4,0.39,0.37,0.43,0.41,0.49,0.48,0.50,0.57,0.52,,
ME8U,XSES,Mapletree Industrial Trust Units Real Estate Investment Trust,Real Estate,REIT - Industrial,,SGD,Book Value/Share,,1.31,1.36,1.41,1.39,1.57,1.69,1.9,2.00,1.95,1.84,,
ME8U,XSES,Mapletree Industrial Trust Units Real Estate Investment Trust,Real Estate,REIT - Industrial,,SGD,Cap Ex as a % of Sales,,0.0,0.0,0.03,0.04,0.01,0.02,0.01,-,-,-,,
META,XNAS,,,,,USD,Current Ratio,,11.97,12.92,7.19,4.4,5.05,3.15,2.20,2.67,2.98,2.6,,
META,XNAS,,,,,USD,Quick Ratio,,11.63,12.64,6.94,4.28,4.89,2.94,2.01,2.55,2.82,2.42,,
META,XNAS,,,,,USD,Interest Coverage,,1252.80,3433.33,2818.89,1241.6,-,-,-,107.34,99.83,74.76,,
META,XNAS,,,,,USD,Financial Leverage,,1.10,1.14,1.16,1.32,1.24,1.33,1.48,1.5,1.51,1.68,,
META,XNAS,,,,,USD,Debt/Equity,,-,-,-,0.09,0.08,0.10,0.20,0.23,0.26,0.38,,
META,XNAS,,,,,USD,Book Value/Share,,18.71,24.50,28.15,32.96,41.32,48.65,47.47,55.79,64.92,76.72,,
META,XNAS,,,,,USD,Cap Ex as a % of Sales,,16.25,16.56,24.92,21.36,17.58,15.74,26.95,20.21,22.65,34.68,,
MF6,XSES,Mun Siong Engineering Ltd,Industrials,Engineering & Construction,,SGD,Current Ratio,,3.92,5.66,5.0,3.0,3.65,2.68,3.71,2.0,1.59,1.46,,
MF6,XSES,Mun Siong Engineering Ltd,Industrials,Engineering & Construction,,SGD,Quick Ratio,,2.95,5.24,4.61,2.86,3.5,2.63,3.44,1.9,1.52,1.39,,
MF6,XSES,Mun Siong Engineering Ltd,Industrials,Engineering & Construction,,SGD,Interest Coverage,,74.30,1327.5,-167.48,21.21,-1.61,5.33,7.18,-11.01,-30.25,-21.84,,
MF6,XSES,Mun Siong Engineering Ltd,Industrials,Engineering & Construction,,SGD,Financial Leverage,,1.26,1.19,1.23,1.42,1.46,1.58,1.34,1.45,1.55,1.7,,
MF6,XSES,Mun Siong Engineering Ltd,Industrials,Engineering & Construction,,SGD,Debt/Equity,,-,0.0,0.0,0.0,0.1,0.07,0.05,0.05,0.03,0.03,,
MF6,XSES,Mun Siong Engineering Ltd,Industrials,Engineering & Construction,,SGD,Book Value/Share,,0.10,0.1,0.1,0.09,0.09,0.09,0.09,0.09,0.09,0.07,,
MF6,XSES,Mun Siong Engineering Ltd,Industrials,Engineering & Construction,,SGD,Cap Ex as a % of Sales,,4.22,1.54,2.92,1.99,6.76,4.21,10.7,18.78,2.91,1.42,,
MIJ,XSES,Alliance Healthcare Group Ltd,Healthcare,Medical Care Facilities,,SGD,Current Ratio,,0.78,0.89,1.13,1.73,1.55,1.51,1.61,1.47,1.06,1.18,,
MIJ,XSES,Alliance Healthcare Group Ltd,Healthcare,Medical Care Facilities,,SGD,Quick Ratio,,0.70,0.81,1.01,1.6,1.36,1.38,1.47,1.32,0.97,1.08,,
MIJ,XSES,Alliance Healthcare Group Ltd,Healthcare,Medical Care Facilities,,SGD,Interest Coverage,,10.53,17.01,32.63,10.54,11.75,9.92,22.74,6.12,1.03,2.34,,
MIJ,XSES,Alliance Healthcare Group Ltd,Healthcare,Medical Care Facilities,,SGD,Financial Leverage,,8.22,6.20,3.98,2.13,2.46,2.55,2.33,2.85,3.65,3.74,,
MIJ,XSES,Alliance Healthcare Group Ltd,Healthcare,Medical Care Facilities,,SGD,Debt/Equity,,0.38,0.23,0.45,0.24,0.37,0.34,0.25,0.42,0.26,0.43,,
MIJ,XSES,Alliance Healthcare Group Ltd,Healthcare,Medical Care Facilities,,SGD,Book Value/Share,,-,-,-,0.03,0.09,0.09,0.1,0.11,0.11,0.11,,
MIJ,XSES,Alliance Healthcare Group Ltd,Healthcare,Medical Care Facilities,,SGD,Cap Ex as a % of Sales,,2.71,2.77,1.97,6.52,2.41,2.01,0.77,3.96,5.03,2.12,,
MR7,XSES,Nordic Group Ltd,Industrials,Engineering & Construction,,SGD,Current Ratio,,1.94,1.71,1.59,1.54,1.49,1.48,1.36,1.25,1.56,1.84,,
MR7,XSES,Nordic Group Ltd,Industrials,Engineering & Construction,,SGD,Quick Ratio,,1.58,1.2,1.24,1.19,1.29,1.27,1.08,1.06,1.32,1.52,,
MR7,XSES,Nordic Group Ltd,Industrials,Engineering & Construction,,SGD,Interest Coverage,,16.01,14.62,9.19,6.97,6.78,26.53,12.06,6.46,6.23,15.81,,
MR7,XSES,Nordic Group Ltd,Industrials,Engineering & Construction,,SGD,Financial Leverage,,1.68,1.98,1.88,1.88,1.89,1.97,2.16,2.26,1.81,1.62,,
MR7,XSES,Nordic Group Ltd,Industrials,Engineering & Construction,,SGD,Debt/Equity,,0.1,0.1,0.07,0.08,0.1,0.06,0.2,0.08,0.08,0.06,,
MR7,XSES,Nordic Group Ltd,Industrials,Engineering & Construction,,SGD,Book Value/Share,,0.16,0.18,0.21,0.22,0.22,0.25,0.25,0.29,0.31,0.34,,
MR7,XSES,Nordic Group Ltd,Industrials,Engineering & Construction,,SGD,Cap Ex as a % of Sales,,1.47,2.27,11.33,3.76,1.08,0.7,0.54,0.7,1.26,0.67,,
MSFT,XNAS,,,,,USD,Current Ratio,,2.35,2.48,2.9,2.53,2.52,2.08,1.78,1.77,1.28,1.35,,
MSFT,XNAS,,,,,USD,Quick Ratio,,2.22,2.37,2.74,2.35,2.33,1.9,1.57,1.54,1.06,1.16,,
MSFT,XNAS,,,,,USD,Interest Coverage,,16.89,11.42,14.35,17.27,21.47,31.31,41.58,46.38,37.72,52.84,,
MSFT,XNAS,,,,,USD,Financial Leverage,,2.69,3.33,3.13,2.8,2.55,2.35,2.19,2.0,1.91,1.8,,
MSFT,XNAS,,,,,USD,Debt/Equity,,0.57,1.05,0.94,0.71,0.57,0.42,0.35,0.27,0.22,0.17,,
MSFT,XNAS,,,,,USD,Book Value/Share,,9.58,9.05,10.32,12.41,15.12,17.89,21.83,26.2,34.05,43.3,,
MSFT,XNAS,,,,,USD,Cap Ex as a % of Sales,,9.78,9.04,10.54,11.07,10.8,12.27,12.05,13.26,18.14,22.91,,
MV4,XSES,Mewah International Inc,Consumer Defensive,Packaged Foods,,SGD,Current Ratio,,1.47,1.3,1.26,1.16,1.39,1.48,1.6,1.79,1.52,1.52,,
MV4,XSES,Mewah International Inc,Consumer Defensive,Packaged Foods,,SGD,Quick Ratio,,0.78,0.59,0.49,0.47,0.64,0.65,0.81,0.83,0.76,0.68,,
MV4,XSES,Mewah International Inc,Consumer Defensive,Packaged Foods,,SGD,Interest Coverage,,4.61,6.84,1.78,1.21,13.77,12.27,8.43,3.02,2.63,2.71,,
MV4,XSES,Mewah International Inc,Consumer Defensive,Packaged Foods,,SGD,Financial Leverage,,2.0,2.37,2.42,2.4,2.1,2.22,2.2,1.9,2.28,2.26,,
MV4,XSES,Mewah International Inc,Consumer Defensive,Packaged Foods,,SGD,Debt/Equity,,0.06,0.04,0.09,0.07,0.07,0.11,0.14,0.14,0.16,0.15,,
MV4,XSES,Mewah International Inc,Consumer Defensive,Packaged Foods,,SGD,Book Value/Share,,0.48,0.45,0.46,0.47,0.48,0.56,0.6,0.66,0.72,0.75,,
MV4,XSES,Mewah International Inc,Consumer Defensive,Packaged Foods,,SGD,Cap Ex as a % of Sales,,1.03,1.02,2.71,1.89,0.62,0.58,1.03,2.07,1.2,0.88,,
MXNU,XSES,Elite UK REIT Units,Real Estate,REIT - Office,,SGD,Current Ratio,,-,-,-,0.27,2.66,1.43,1.19,0.21,1.77,1.19,,
MXNU,XSES,Elite UK REIT Units,Real Estate,REIT - Office,,SGD,Quick Ratio,,-,-,-,0.27,2.64,1.4,0.84,0.16,0.93,1.17,,
MXNU,XSES,Elite UK REIT Units,Real Estate,REIT - Office,,SGD,Interest Coverage,,2.60,8.30,0.14,-1.81,-0.89,3.29,2.77,-,-,-,,
MXNU,XSES,Elite UK REIT Units,Real Estate,REIT - Office,,SGD,Financial Leverage,,-,-,-,3.19,1.53,1.85,1.96,2.14,1.83,1.84,,
MXNU,XSES,Elite UK REIT Units,Real Estate,REIT - Office,,SGD,Debt/Equity,,-,-,-,1.18,0.47,0.76,0.86,0.46,0.77,0.77,,
MXNU,XSES,Elite UK REIT Units,Real Estate,REIT - Office,,SGD,Book Value/Share,,-,-,-,-,-,0.61,0.61,0.51,0.40,0.38,,
MXNU,XSES,Elite UK REIT Units,Real Estate,REIT - Office,,SGD,Cap Ex as a % of Sales,,-,-,-,20.06,8.11,9.39,-,-,-,-,,
MZH,XSES,Nanofilm Technologies International Ltd Ordinary Shares,Technology,Electronic Components,,SGD,Current Ratio,,1.54,1.64,3.10,1.99,4.07,4.44,5.0,5.87,4.56,3.38,,
MZH,XSES,Nanofilm Technologies International Ltd Ordinary Shares,Technology,Electronic Components,,SGD,Quick Ratio,,1.06,1.21,2.14,1.56,3.78,4.03,4.44,5.22,4.0,2.96,,
MZH,XSES,Nanofilm Technologies International Ltd Ordinary Shares,Technology,Electronic Components,,SGD,Interest Coverage,,-,30.92,32.44,29.99,45.68,100.23,38.74,2.65,3.67,5.97,,
MZH,XSES,Nanofilm Technologies International Ltd Ordinary Shares,Technology,Electronic Components,,SGD,Financial Leverage,,1.63,1.55,1.94,1.94,1.27,1.5,1.48,1.64,1.64,1.46,,
MZH,XSES,Nanofilm Technologies International Ltd Ordinary Shares,Technology,Electronic Components,,SGD,Debt/Equity,,0.17,0.05,0.56,0.42,0.05,0.1,0.1,0.26,0.24,0.22,,
MZH,XSES,Nanofilm Technologies International Ltd Ordinary Shares,Technology,Electronic Components,,SGD,Book Value/Share,,-,-,-,-,0.2,0.69,0.65,0.58,0.58,0.57,,
MZH,XSES,Nanofilm Technologies International Ltd Ordinary Shares,Technology,Electronic Components,,SGD,Cap Ex as a % of Sales,,-,13.06,24.55,33.55,36.95,43.66,26.17,35.78,24.53,25.81,,
N01,XSES,NeraTelecommunications Ltd,Technology,Communication Equipment,,SGD,Current Ratio,,1.97,1.74,1.67,1.63,1.63,1.37,1.33,1.5,1.53,1.56,,
N01,XSES,NeraTelecommunications Ltd,Technology,Communication Equipment,,SGD,Quick Ratio,,1.9,1.74,1.47,1.52,1.56,1.24,1.2,1.43,1.45,1.47,,
N01,XSES,NeraTelecommunications Ltd,Technology,Communication Equipment,,SGD,Interest Coverage,,9.41,61.06,53.39,11.41,7.34,-22.28,-5.09,4.19,-6.3,1.14,,
N01,XSES,NeraTelecommunications Ltd,Technology,Communication Equipment,,SGD,Financial Leverage,,2.16,2.25,2.38,2.49,2.45,3.27,3.71,2.72,2.64,2.62,,
N01,XSES,NeraTelecommunications Ltd,Technology,Communication Equipment,,SGD,Debt/Equity,,0.1,-,-,0.06,0.05,0.01,0.13,0.09,0.09,0.08,,
N01,XSES,NeraTelecommunications Ltd,Technology,Communication Equipment,,SGD,Book Value/Share,,0.33,0.19,0.18,0.18,0.19,0.17,0.13,0.13,0.13,0.11,,
N01,XSES,NeraTelecommunications Ltd,Technology,Communication Equipment,,SGD,Cap Ex as a % of Sales,,3.59,0.13,0.83,0.67,1.81,0.54,0.4,1.0,0.28,0.12,,
N02,XSES,NSL Ltd,Basic Materials,Building Materials,,SGD,Current Ratio,,5.54,5.01,4.55,3.97,4.01,4.45,3.32,3.05,2.64,-,,
N02,XSES,NSL Ltd,Basic Materials,Building Materials,,SGD,Quick Ratio,,5.0,4.43,3.88,3.41,3.44,3.76,2.83,2.5,2.22,-,,
N02,XSES,NSL Ltd,Basic Materials,Building Materials,,SGD,Interest Coverage,,11.7,7.21,-3.71,-24.93,-8.75,5.35,9.52,-6.65,20.37,-,,
N02,XSES,NSL Ltd,Basic Materials,Building Materials,,SGD,Financial Leverage,,1.21,1.23,1.24,1.3,1.3,1.26,1.31,1.4,1.43,-,,
N02,XSES,NSL Ltd,Basic Materials,Building Materials,,SGD,Debt/Equity,,0.02,0.02,0.04,0.08,0.07,0.07,0.03,0.1,0.04,-,,
N02,XSES,NSL Ltd,Basic Materials,Building Materials,,SGD,Book Value/Share,,1.5,1.56,1.51,1.44,1.3,1.27,1.24,1.21,0.72,-,,
N02,XSES,NSL Ltd,Basic Materials,Building Materials,,SGD,Cap Ex as a % of Sales,,7.93,5.09,12.36,10.83,3.63,3.79,4.28,2.31,2.45,-,,
N08,XSES,New Toyo International Holdings Ltd,Consumer Cyclical,Packaging & Containers,,SGD,Current Ratio,,2.82,2.23,1.86,1.79,2.1,2.15,2.51,2.32,2.33,2.32,,
N08,XSES,New Toyo International Holdings Ltd,Consumer Cyclical,Packaging & Containers,,SGD,Quick Ratio,,1.99,1.51,1.04,1.16,1.41,1.39,1.64,1.59,1.36,1.61,,
N08,XSES,New Toyo International Holdings Ltd,Consumer Cyclical,Packaging & Containers,,SGD,Interest Coverage,,44.54,0.9,2.94,-2.68,3.62,9.78,10.23,21.85,16.91,7.44,,
N08,XSES,New Toyo International Holdings Ltd,Consumer Cyclical,Packaging & Containers,,SGD,Financial Leverage,,1.87,1.87,2.01,2.11,1.85,1.8,1.68,1.7,1.68,1.7,,
N08,XSES,New Toyo International Holdings Ltd,Consumer Cyclical,Packaging & Containers,,SGD,Debt/Equity,,0.16,0.13,0.13,0.2,0.12,0.07,0.05,0.06,0.06,0.08,,
N08,XSES,New Toyo International Holdings Ltd,Consumer Cyclical,Packaging & Containers,,SGD,Book Value/Share,,0.38,0.39,0.38,0.34,0.35,0.33,0.34,0.34,0.35,0.33,,
N08,XSES,New Toyo International Holdings Ltd,Consumer Cyclical,Packaging & Containers,,SGD,Cap Ex as a % of Sales,,7.03,13.66,8.71,4.19,1.77,1.68,2.45,5.65,5.03,2.98,,
N0Z,XSES,Combine Will International Holdings Ltd,Consumer Cyclical,Leisure,,SGD,Current Ratio,1.40,1.57,1.61,1.74,1.47,1.35,1.28,1.3,1.36,1.19,,,
N0Z,XSES,Combine Will International Holdings Ltd,Consumer Cyclical,Leisure,,SGD,Quick Ratio,0.44,0.62,0.58,0.61,1.14,0.98,0.89,0.97,1.03,0.88,,,
N0Z,XSES,Combine Will International Holdings Ltd,Consumer Cyclical,Leisure,,SGD,Interest Coverage,2.01,-1.43,2.26,4.64,3.78,2.73,3.54,3.67,2.67,2.94,,,
N0Z,XSES,Combine Will International Holdings Ltd,Consumer Cyclical,Leisure,,SGD,Financial Leverage,2.72,2.10,2.12,2.17,2.31,2.29,2.22,2.14,1.93,2.16,,,
N0Z,XSES,Combine Will International Holdings Ltd,Consumer Cyclical,Leisure,,SGD,Debt/Equity,-,-,-,0.11,0.16,0.09,0.11,0.09,0.06,0.03,,,
N0Z,XSES,Combine Will International Holdings Ltd,Consumer Cyclical,Leisure,,SGD,Book Value/Share,3.63,3.48,3.00,3.69,3.54,3.56,3.8,3.98,3.83,4.01,,,
N0Z,XSES,Combine Will International Holdings Ltd,Consumer Cyclical,Leisure,,SGD,Cap Ex as a % of Sales,2.37,6.01,4.13,4.98,8.52,16.73,12.88,7.24,8.36,13.03,,,
N2IU,XSES,Mapletree Pan Asia Commercial Trust Units Real Estate Investment Trust Reg S,Real Estate,REIT - Office,,SGD,Current Ratio,,0.17,0.8,0.21,0.41,0.28,1.11,0.23,0.3,0.16,0.3,,
N2IU,XSES,Mapletree Pan Asia Commercial Trust Units Real Estate Investment Trust Reg S,Real Estate,REIT - Office,,SGD,Quick Ratio,,0.17,0.79,0.21,0.41,0.27,1.07,0.22,0.23,0.14,0.27,,
N2IU,XSES,Mapletree Pan Asia Commercial Trust Units Real Estate Investment Trust Reg S,Real Estate,REIT - Office,,SGD,Interest Coverage,,8.50,8.65,11.4,9.66,8.11,2.16,7.42,3.58,3.04,3.3,,
N2IU,XSES,Mapletree Pan Asia Commercial Trust Units Real Estate Investment Trust Reg S,Real Estate,REIT - Office,,SGD,Financial Leverage,,1.60,1.62,1.57,1.54,1.56,1.57,1.55,1.78,1.76,1.68,,
N2IU,XSES,Mapletree Pan Asia Commercial Trust Units Real Estate Investment Trust Reg S,Real Estate,REIT - Office,,SGD,Debt/Equity,,0.43,0.59,0.51,0.5,0.49,0.52,0.44,0.64,0.59,0.58,,
N2IU,XSES,Mapletree Pan Asia Commercial Trust Units Real Estate Investment Trust Reg S,Real Estate,REIT - Office,,SGD,Book Value/Share,,1.21,1.33,1.37,1.48,1.76,1.71,1.72,1.83,1.78,1.78,,
N2IU,XSES,Mapletree Pan Asia Commercial Trust Units Real Estate Investment Trust Reg S,Real Estate,REIT - Office,,SGD,Cap Ex as a % of Sales,,-,0.03,0.02,0.01,0.05,0.02,0.01,0.06,0.04,0.13,,
N32,XSES,Nippecraft Ltd,Basic Materials,Paper & Paper Products,,SGD,Current Ratio,,2.30,1.84,2.54,2.74,2.1,1.94,1.88,2.28,2.25,2.48,,
N32,XSES,Nippecraft Ltd,Basic Materials,Paper & Paper Products,,SGD,Quick Ratio,,2.09,1.62,2.27,2.49,1.83,1.82,1.69,2.05,1.98,2.23,,
N32,XSES,Nippecraft Ltd,Basic Materials,Paper & Paper Products,,SGD,Interest Coverage,,-4.20,1.22,0.46,-0.1,1.51,1.66,0.96,20.03,8.0,14.5,,
N32,XSES,Nippecraft Ltd,Basic Materials,Paper & Paper Products,,SGD,Financial Leverage,,1.67,2.06,1.63,1.57,1.87,2.04,2.12,1.77,1.77,1.67,,
N32,XSES,Nippecraft Ltd,Basic Materials,Paper & Paper Products,,SGD,Debt/Equity,,-,-,0.05,0.06,0.05,0.05,0.05,0.04,0.03,0.04,,
N32,XSES,Nippecraft Ltd,Basic Materials,Paper & Paper Products,,SGD,Book Value/Share,,0.13,0.09,0.12,0.11,0.11,0.11,0.11,0.11,0.12,0.12,,
N32,XSES,Nippecraft Ltd,Basic Materials,Paper & Paper Products,,SGD,Cap Ex as a % of Sales,,0.06,0.12,0.09,0.06,0.11,0.13,0.1,0.12,0.23,0.07,,
NC2,XSES,Sri Trang Agro-Industry PLC Shs Foreign Registered,Basic Materials,Specialty Chemicals,,SGD,Current Ratio,,0.97,1.1,1.15,1.0,1.77,2.2,4.09,3.27,1.62,1.92,,
NC2,XSES,Sri Trang Agro-Industry PLC Shs Foreign Registered,Basic Materials,Specialty Chemicals,,SGD,Quick Ratio,,0.32,0.4,0.5,0.35,1.16,1.12,2.19,1.39,0.56,0.64,,
NC2,XSES,Sri Trang Agro-Industry PLC Shs Foreign Registered,Basic Materials,Specialty Chemicals,,SGD,Interest Coverage,,-0.46,-0.16,3.61,0.92,25.7,35.65,6.05,0.63,2.36,-0.27,,
NC2,XSES,Sri Trang Agro-Industry PLC Shs Foreign Registered,Basic Materials,Specialty Chemicals,,SGD,Financial Leverage,,2.82,2.61,2.26,2.42,2.45,2.45,2.28,2.22,2.57,2.36,,
NC2,XSES,Sri Trang Agro-Industry PLC Shs Foreign Registered,Basic Materials,Specialty Chemicals,,SGD,Debt/Equity,,0.14,0.41,0.36,0.39,0.16,0.37,0.61,0.54,0.39,0.44,,
NC2,XSES,Sri Trang Agro-Industry PLC Shs Foreign Registered,Basic Materials,Specialty Chemicals,,SGD,Book Value/Share,,0.64,0.52,0.67,0.7,0.97,1.23,1.28,1.27,1.29,1.29,,
NC2,XSES,Sri Trang Agro-Industry PLC Shs Foreign Registered,Basic Materials,Specialty Chemicals,,SGD,Cap Ex as a % of Sales,,2.97,3.54,3.79,6.64,3.31,9.94,9.48,6.34,2.45,1.89,,
NEX,XSES,Reclaims Global Ltd,Industrials,Waste Management,,SGD,Current Ratio,,2.76,2.03,2.15,1.70,2.62,2.9,3.77,4.28,5.02,4.64,,
NEX,XSES,Reclaims Global Ltd,Industrials,Waste Management,,SGD,Quick Ratio,,2.65,1.94,2.07,1.60,2.45,2.76,3.7,4.06,4.90,4.60,,
NEX,XSES,Reclaims Global Ltd,Industrials,Waste Management,,SGD,Interest Coverage,,55.02,18.40,16.56,5.87,12.01,25.12,68.38,68.36,51.07,1291.80,,
NEX,XSES,Reclaims Global Ltd,Industrials,Waste Management,,SGD,Financial Leverage,,1.71,1.77,1.65,1.70,1.44,1.42,1.25,1.21,1.17,1.20,,
NEX,XSES,Reclaims Global Ltd,Industrials,Waste Management,,SGD,Debt/Equity,,-,-,-,0.19,0.11,0.1,0.01,0.01,-,-,,
NEX,XSES,Reclaims Global Ltd,Industrials,Waste Management,,SGD,Book Value/Share,,-,-,-,-,0.08,0.08,0.1,0.11,0.12,0.12,,
NEX,XSES,Reclaims Global Ltd,Industrials,Waste Management,,SGD,Cap Ex as a % of Sales,,22.13,11.57,4.16,6.96,7.77,2.4,2.66,8.36,5.90,5.27,,
NHD,XSES,Jubilee Industries Holdings Ltd,Technology,Electronics & Computer Distribution,,SGD,Current Ratio,,1.03,1.08,1.55,1.47,1.53,1.77,1.63,1.61,5.41,4.04,,
NHD,XSES,Jubilee Industries Holdings Ltd,Technology,Electronics & Computer Distribution,,SGD,Quick Ratio,,0.73,0.72,0.94,0.81,1.05,1.16,0.93,0.42,5.17,3.95,,
NHD,XSES,Jubilee Industries Holdings Ltd,Technology,Electronics & Computer Distribution,,SGD,Interest Coverage,,-63.55,-18.54,1.8,4.09,-2.16,-1.15,-10.25,-27.16,-73.51,-,,
NHD,XSES,Jubilee Industries Holdings Ltd,Technology,Electronics & Computer Distribution,,SGD,Financial Leverage,,2.34,5.43,2.16,2.13,2.1,2.23,2.27,3.04,1.21,1.24,,
NHD,XSES,Jubilee Industries Holdings Ltd,Technology,Electronics & Computer Distribution,,SGD,Debt/Equity,,0.0,0.89,0.03,0.0,0.06,0.07,0.01,0.0,-,-,,
NHD,XSES,Jubilee Industries Holdings Ltd,Technology,Electronics & Computer Distribution,,SGD,Book Value/Share,,0.43,0.2,0.1,0.16,0.16,0.14,0.12,0.1,0.07,0.05,,
NHD,XSES,Jubilee Industries Holdings Ltd,Technology,Electronics & Computer Distribution,,SGD,Cap Ex as a % of Sales,,0.38,0.71,2.08,0.36,0.26,0.34,0.5,0.14,3.09,-,,
NIO,XSES,NIO Inc Class A,Consumer Cyclical,Auto Manufacturers,,SGD,Current Ratio,,1.20,5.13,1.42,0.52,3.31,2.18,1.29,1.22,0.99,0.98,,
NIO,XSES,NIO Inc Class A,Consumer Cyclical,Auto Manufacturers,,SGD,Quick Ratio,,1.05,4.95,1.20,0.40,3.22,2.00,1.02,1.02,0.55,0.41,,
NIO,XSES,NIO Inc Class A,Consumer Cyclical,Auto Manufacturers,,SGD,Interest Coverage,,-46707.00,-276.22,-76.78,-29.46,-11.44,-5.24,-42.16,-49.7,-27.09,-15.74,,
NIO,XSES,NIO Inc Class A,Consumer Cyclical,Auto Manufacturers,,SGD,Financial Leverage,,-,-,2.76,-,2.01,2.39,4.03,4.59,18.03,29.91,,
NIO,XSES,NIO Inc Class A,Consumer Cyclical,Auto Manufacturers,,SGD,Debt/Equity,,-,-,0.17,-,0.26,0.35,0.73,0.91,3.81,5.65,,
NIO,XSES,NIO Inc Class A,Consumer Cyclical,Auto Manufacturers,,SGD,Book Value/Share,,-,-,-,-,-,-,2.52,1.06,0.74,0.21,,
NIO,XSES,NIO Inc Class A,Consumer Cyclical,Auto Manufacturers,,SGD,Cap Ex as a % of Sales,,-,-,53.40,21.81,6.94,11.29,14.15,25.78,13.91,6.93,,
NPW,XSES,Malaysia Smelting Corp Bhd,Basic Materials,Other Industrial Metals & Mining,,SGD,Current Ratio,,1.26,1.14,1.38,1.58,1.38,1.54,2.08,2.01,1.8,1.65,,
NPW,XSES,Malaysia Smelting Corp Bhd,Basic Materials,Other Industrial Metals & Mining,,SGD,Quick Ratio,,0.26,0.09,0.14,0.14,0.12,0.21,0.45,0.6,0.46,0.39,,
NPW,XSES,Malaysia Smelting Corp Bhd,Basic Materials,Other Industrial Metals & Mining,,SGD,Interest Coverage,,4.92,2.92,3.74,3.7,2.52,11.05,8.57,8.18,7.87,7.64,,
NPW,XSES,Malaysia Smelting Corp Bhd,Basic Materials,Other Industrial Metals & Mining,,SGD,Financial Leverage,,2.85,3.01,2.42,2.23,2.53,2.27,1.82,1.85,1.92,2.07,,
NPW,XSES,Malaysia Smelting Corp Bhd,Basic Materials,Other Industrial Metals & Mining,,SGD,Debt/Equity,,0.18,-,0.14,0.21,0.14,0.08,0.1,0.06,0.04,0.03,,
NPW,XSES,Malaysia Smelting Corp Bhd,Basic Materials,Other Industrial Metals & Mining,,SGD,Book Value/Share,,0.11,0.13,-,0.16,0.15,0.2,0.25,0.25,0.27,0.26,,
NPW,XSES,Malaysia Smelting Corp Bhd,Basic Materials,Other Industrial Metals & Mining,,SGD,Cap Ex as a % of Sales,,3.88,0.72,1.45,1.45,2.06,0.89,1.22,1.14,1.14,1.41,,
NR7,XSES,Raffles Education Ltd,Consumer Defensive,Education & Training Services,,SGD,Current Ratio,,1.2,0.74,0.55,0.41,0.59,0.53,0.42,0.59,0.9,0.59,,
NR7,XSES,Raffles Education Ltd,Consumer Defensive,Education & Training Services,,SGD,Quick Ratio,,0.84,0.39,0.44,0.33,0.51,0.29,0.29,0.18,0.32,0.21,,
NR7,XSES,Raffles Education Ltd,Consumer Defensive,Education & Training Services,,SGD,Interest Coverage,,2.83,-1.12,3.74,2.67,0.56,2.67,2.14,0.91,-0.11,1.53,,
NR7,XSES,Raffles Education Ltd,Consumer Defensive,Education & Training Services,,SGD,Financial Leverage,,2.25,2.33,2.03,1.96,1.9,2.06,1.9,1.92,1.86,1.83,,
NR7,XSES,Raffles Education Ltd,Consumer Defensive,Education & Training Services,,SGD,Debt/Equity,,0.55,0.51,0.28,0.4,0.29,0.14,0.2,0.18,0.31,0.18,,
NR7,XSES,Raffles Education Ltd,Consumer Defensive,Education & Training Services,,SGD,Book Value/Share,,0.49,0.49,0.4,0.43,0.46,0.49,0.51,0.46,0.43,0.42,,
NR7,XSES,Raffles Education Ltd,Consumer Defensive,Education & Training Services,,SGD,Cap Ex as a % of Sales,,51.13,82.41,24.53,50.8,19.48,27.89,30.94,14.78,12.18,3.77,,
NS8U,XSES,Hutchison Port Holdings Trust Units Reg S,Industrials,Marine Shipping,,SGD,Current Ratio,,0.9,0.91,1.11,0.99,1.11,1.06,1.19,1.0,1.04,0.78,,
NS8U,XSES,Hutchison Port Holdings Trust Units Reg S,Industrials,Marine Shipping,,SGD,Quick Ratio,,0.89,0.89,1.09,0.97,1.1,1.05,1.19,0.99,1.02,0.77,,
NS8U,XSES,Hutchison Port Holdings Trust Units Reg S,Industrials,Marine Shipping,,SGD,Interest Coverage,,6.61,4.38,-9.1,3.27,4.79,9.44,6.72,3.8,5.15,5.97,,
NS8U,XSES,Hutchison Port Holdings Trust Units Reg S,Industrials,Marine Shipping,,SGD,Financial Leverage,,2.75,2.75,3.55,3.58,3.49,3.43,3.31,3.28,3.27,3.23,,
NS8U,XSES,Hutchison Port Holdings Trust Units Reg S,Industrials,Marine Shipping,,SGD,Debt/Equity,,0.71,0.7,1.08,1.02,0.97,0.8,0.82,0.81,0.81,0.62,,
NS8U,XSES,Hutchison Port Holdings Trust Units Reg S,Industrials,Marine Shipping,,SGD,Book Value/Share,,0.61,0.58,0.57,0.38,0.38,0.39,0.4,0.38,0.37,0.37,,
NS8U,XSES,Hutchison Port Holdings Trust Units Reg S,Industrials,Marine Shipping,,SGD,Cap Ex as a % of Sales,,14.87,7.33,6.54,5.3,4.36,1.76,4.26,4.81,3.3,3.83,,
NTDU,XSES,NTT DC REIT Units,Real Estate,REIT - Diversified,,SGD,Current Ratio,-,-,-,-,-,-,-,-,-,1.00,,,
NTDU,XSES,NTT DC REIT Units,Real Estate,REIT - Diversified,,SGD,Quick Ratio,-,-,-,-,-,-,-,-,-,0.75,,,
NTDU,XSES,NTT DC REIT Units,Real Estate,REIT - Diversified,,SGD,Interest Coverage,-0.40,-,-,-,-,-,-,-,-,-,,,
NTDU,XSES,NTT DC REIT Units,Real Estate,REIT - Diversified,,SGD,Financial Leverage,-,-,-,-,-,-,-,-,-,1.57,,,
NTDU,XSES,NTT DC REIT Units,Real Estate,REIT - Diversified,,SGD,Debt/Equity,-,-,-,-,-,-,-,-,-,0.54,,,
NTDU,XSES,NTT DC REIT Units,Real Estate,REIT - Diversified,,SGD,Book Value/Share,-,-,-,-,-,-,-,-,-,-,,,
NTDU,XSES,NTT DC REIT Units,Real Estate,REIT - Diversified,,SGD,Cap Ex as a % of Sales,873.81,-,-,-,-,-,-,-,-,-,,,
NVDA,XNAS,,,,,USD,Current Ratio,,,4.69,8.03,7.94,7.67,4.09,6.65,3.52,4.17,4.44,3.91,
NVDA,XNAS,,,,,USD,Quick Ratio,,,4.19,7.26,6.66,7.04,3.56,5.96,2.61,3.38,3.67,3.14,
NVDA,XNAS,,,,,USD,Interest Coverage,,,33.84,53.39,68.17,58.12,24.96,43.12,16.96,132.59,341.19,547.14,
NVDA,XNAS,,,,,USD,Financial Leverage,,,1.71,1.5,1.42,1.42,1.7,1.66,1.86,1.53,1.41,1.31,
NVDA,XNAS,,,,,USD,Debt/Equity,,,0.35,0.27,0.21,0.21,0.39,0.44,0.48,0.22,0.13,0.06,
NVDA,XNAS,,,,,USD,Book Value/Share,,,0.23,0.26,0.39,0.46,0.62,0.95,0.87,1.35,2.69,4.89,
NVDA,XNAS,,,,,USD,Cap Ex as a % of Sales,,,2.55,6.1,5.12,4.48,6.76,3.63,6.8,1.75,2.48,2.8,
O08,XSES,Ossia International Ltd,Consumer Cyclical,Apparel Retail,,SGD,Current Ratio,,1.99,2.25,2.55,1.84,2.24,3.19,3.97,5.0,4.44,5.52,,
O08,XSES,Ossia International Ltd,Consumer Cyclical,Apparel Retail,,SGD,Quick Ratio,,0.93,1.12,1.21,0.74,1.09,1.51,2.18,2.99,2.31,3.66,,
O08,XSES,Ossia International Ltd,Consumer Cyclical,Apparel Retail,,SGD,Interest Coverage,,-6.4,5.71,20.07,24.17,28.08,41.62,98.77,191.15,128.72,74.67,,
O08,XSES,Ossia International Ltd,Consumer Cyclical,Apparel Retail,,SGD,Financial Leverage,,1.48,1.36,1.28,1.31,1.25,1.18,1.15,1.11,1.12,1.1,,
O08,XSES,Ossia International Ltd,Consumer Cyclical,Apparel Retail,,SGD,Debt/Equity,,0.06,0.06,0.05,-,0.01,0.02,0.02,0.01,0.0,0.0,,
O08,XSES,Ossia International Ltd,Consumer Cyclical,Apparel Retail,,SGD,Book Value/Share,,0.14,0.13,0.14,0.16,0.16,0.17,0.17,0.2,0.2,0.23,,
O08,XSES,Ossia International Ltd,Consumer Cyclical,Apparel Retail,,SGD,Cap Ex as a % of Sales,,5.78,2.64,2.59,6.90,4.79,1.32,3.12,1.01,1.86,3.11,,
O10,XSES,Far East Orchard Ltd,Real Estate,Real Estate Services,,SGD,Current Ratio,,1.31,1.3,1.31,0.96,1.16,0.91,1.32,1.19,0.89,1.25,,
O10,XSES,Far East Orchard Ltd,Real Estate,Real Estate Services,,SGD,Quick Ratio,,0.8,0.77,0.81,0.09,0.63,0.53,0.78,0.69,0.51,0.74,,
O10,XSES,Far East Orchard Ltd,Real Estate,Real Estate Services,,SGD,Interest Coverage,,18.32,6.94,7.87,2.77,0.8,2.74,2.01,2.95,2.66,2.51,,
O10,XSES,Far East Orchard Ltd,Real Estate,Real Estate Services,,SGD,Financial Leverage,,1.69,1.68,1.7,2.03,2.11,2.05,1.96,1.93,1.9,1.96,,
O10,XSES,Far East Orchard Ltd,Real Estate,Real Estate Services,,SGD,Debt/Equity,,0.04,0.03,0.07,0.3,0.43,0.31,0.37,0.33,0.26,0.4,,
O10,XSES,Far East Orchard Ltd,Real Estate,Real Estate Services,,SGD,Book Value/Share,,2.92,2.88,2.82,2.76,2.65,2.65,2.7,2.67,2.77,2.82,,
O10,XSES,Far East Orchard Ltd,Real Estate,Real Estate Services,,SGD,Cap Ex as a % of Sales,,6.45,2.46,3.07,0.55,1.46,9.37,0.77,2.27,3.09,4.09,,
O39,XSES,Oversea-Chinese Banking Corp Ltd,Financial Services,Banks - Regional,,SGD,Current Ratio,,-,-,-,-,-,-,-,-,-,-,,
O39,XSES,Oversea-Chinese Banking Corp Ltd,Financial Services,Banks - Regional,,SGD,Quick Ratio,,-,-,-,-,-,-,-,-,-,-,,
O39,XSES,Oversea-Chinese Banking Corp Ltd,Financial Services,Banks - Regional,,SGD,Interest Coverage,,-,-,-,-,-,-,-,-,-,-,,
O39,XSES,Oversea-Chinese Banking Corp Ltd,Financial Services,Banks - Regional,,SGD,Financial Leverage,,11.38,11.97,11.10,10.43,10.51,10.30,10.55,10.73,10.54,10.82,,
O39,XSES,Oversea-Chinese Banking Corp Ltd,Financial Services,Banks - Regional,,SGD,Debt/Equity,,0.55,0.85,0.72,0.63,0.50,0.39,0.42,0.49,0.54,0.49,,
O39,XSES,Oversea-Chinese Banking Corp Ltd,Financial Services,Banks - Regional,,SGD,Book Value/Share,,8.67,9.13,9.73,10.43,10.79,11.21,11.67,11.56,12.81,13.35,,
O39,XSES,Oversea-Chinese Banking Corp Ltd,Financial Services,Banks - Regional,,SGD,Cap Ex as a % of Sales,,5.06,2.76,3.08,3.42,3.81,4.23,4.14,4.00,4.25,6.76,,
O5RU,XSES,AIMS APAC REIT Units Real Estate Investment Trust,Real Estate,REIT - Industrial,,SGD,Current Ratio,,0.11,0.15,0.11,0.21,0.13,0.15,0.37,0.79,0.17,0.93,,
O5RU,XSES,AIMS APAC REIT Units Real Estate Investment Trust,Real Estate,REIT - Industrial,,SGD,Quick Ratio,,0.11,0.15,0.11,0.21,0.13,0.15,0.37,0.48,0.17,0.45,,
O5RU,XSES,AIMS APAC REIT Units Real Estate Investment Trust,Real Estate,REIT - Industrial,,SGD,Interest Coverage,,3.46,1.87,4.48,4.07,5.53,3.97,6.48,4.7,2.73,2.45,,
O5RU,XSES,AIMS APAC REIT Units Real Estate Investment Trust,Real Estate,REIT - Industrial,,SGD,Financial Leverage,,1.55,1.65,1.57,1.6,1.73,1.7,1.75,1.71,1.62,1.52,,
O5RU,XSES,AIMS APAC REIT Units Real Estate Investment Trust,Real Estate,REIT - Industrial,,SGD,Debt/Equity,,0.4,0.5,0.32,0.45,0.49,0.55,0.66,0.65,0.48,0.46,,
O5RU,XSES,AIMS APAC REIT Units Real Estate Investment Trust,Real Estate,REIT - Industrial,,SGD,Book Value/Share,,1.51,1.47,1.35,1.35,1.36,1.51,1.9,1.91,1.81,1.76,,
O5RU,XSES,AIMS APAC REIT Units Real Estate Investment Trust,Real Estate,REIT - Industrial,,SGD,Cap Ex as a % of Sales,,18.25,39.95,28.38,12.14,24.05,2.61,5.21,1.82,2.41,13.62,,
O9E,XSES,Parkson retail Asia Ltd,Consumer Cyclical,Department Stores,,SGD,Current Ratio,,0.94,0.74,0.65,0.69,0.41,-,0.71,0.84,0.99,0.97,,
O9E,XSES,Parkson retail Asia Ltd,Consumer Cyclical,Department Stores,,SGD,Quick Ratio,,0.46,0.36,0.28,0.35,0.09,-,0.53,0.68,0.79,0.78,,
O9E,XSES,Parkson retail Asia Ltd,Consumer Cyclical,Department Stores,,SGD,Interest Coverage,,107.14,-119.17,-121.01,-26.39,-1.79,3.68,4.26,3.99,3.63,-,,
O9E,XSES,Parkson retail Asia Ltd,Consumer Cyclical,Department Stores,,SGD,Financial Leverage,,2.37,3.63,5.54,17.41,-,-,-,27.49,8.38,9.04,,
O9E,XSES,Parkson retail Asia Ltd,Consumer Cyclical,Department Stores,,SGD,Debt/Equity,,-,-,0.0,0.8,-,-,-,10.75,2.99,3.03,,
O9E,XSES,Parkson retail Asia Ltd,Consumer Cyclical,Department Stores,,SGD,Book Value/Share,,0.26,0.20,0.1,0.05,-0.02,-,-0.04,0.0,0.05,0.04,,
O9E,XSES,Parkson retail Asia Ltd,Consumer Cyclical,Department Stores,,SGD,Cap Ex as a % of Sales,,18.76,10.96,4.89,4.37,3.64,1.64,1.52,3.43,2.59,-,,
OAJ,XSES,Fortress Minerals Ltd,Basic Materials,Steel,,SGD,Current Ratio,,1.28,1.87,0.18,2.53,2.05,3.85,1.18,1.15,1.48,1.9,,
OAJ,XSES,Fortress Minerals Ltd,Basic Materials,Steel,,SGD,Quick Ratio,,1.15,0.32,0.02,1.69,1.68,2.18,0.61,0.68,1.06,1.02,,
OAJ,XSES,Fortress Minerals Ltd,Basic Materials,Steel,,SGD,Interest Coverage,,-,-222.73,0.06,952.34,224.23,377.54,24.67,18.34,15.41,18.55,,
OAJ,XSES,Fortress Minerals Ltd,Basic Materials,Steel,,SGD,Financial Leverage,,3.52,2.23,11.10,3.95,1.33,1.24,1.62,1.51,1.35,1.3,,
OAJ,XSES,Fortress Minerals Ltd,Basic Materials,Steel,,SGD,Debt/Equity,,-,0.01,0.01,-,0.01,0.03,0.29,0.13,0.03,0.03,,
OAJ,XSES,Fortress Minerals Ltd,Basic Materials,Steel,,SGD,Book Value/Share,,-,-,-,-,0.08,0.11,0.16,0.17,0.19,0.21,,
OAJ,XSES,Fortress Minerals Ltd,Basic Materials,Steel,,SGD,Cap Ex as a % of Sales,,-,-,-,31.20,24.51,8.11,35.2,16.36,10.23,6.03,,
ODBU,XSES,United Hampshire US REIT Units,Real Estate,REIT - Retail,,SGD,Current Ratio,,-,-,5.76,-,2.21,1.18,1.73,0.66,0.77,0.48,,
ODBU,XSES,United Hampshire US REIT Units,Real Estate,REIT - Retail,,SGD,Quick Ratio,,-,-,4.94,-,2.01,1.04,1.44,0.54,0.33,0.42,,
ODBU,XSES,United Hampshire US REIT Units,Real Estate,REIT - Retail,,SGD,Interest Coverage,,3.59,-,8.98,4.49,3.71,3.04,2.6,-,-,-,,
ODBU,XSES,United Hampshire US REIT Units,Real Estate,REIT - Retail,,SGD,Financial Leverage,,-,-,1.59,-,1.68,1.75,1.85,1.87,1.82,1.86,,
ODBU,XSES,United Hampshire US REIT Units,Real Estate,REIT - Retail,,SGD,Debt/Equity,,-,-,0.58,-,0.64,0.69,0.79,0.75,0.61,0.64,,
ODBU,XSES,United Hampshire US REIT Units,Real Estate,REIT - Retail,,SGD,Book Value/Share,,-,-,-,-,0.76,0.67,0.75,0.73,0.73,0.73,,
ODBU,XSES,United Hampshire US REIT Units,Real Estate,REIT - Retail,,SGD,Cap Ex as a % of Sales,,-,-,-,9.24,25.96,18.59,18.72,-,-,-,,
OMK,XSES,Vividthree Holdings Ltd Ordinary Shares,Communication Services,Entertainment,,SGD,Current Ratio,,2.18,3.34,4.26,6.85,4.06,2.38,1.76,1.45,1.07,0.3,,
OMK,XSES,Vividthree Holdings Ltd Ordinary Shares,Communication Services,Entertainment,,SGD,Quick Ratio,,1.73,3.18,3.78,4.07,2.29,1.05,1.05,0.36,0.4,0.23,,
OMK,XSES,Vividthree Holdings Ltd Ordinary Shares,Communication Services,Entertainment,,SGD,Interest Coverage,,57.14,60.90,222.12,1162.66,-34.65,-23.53,-25.55,-18.83,-8.07,-71.51,,
OMK,XSES,Vividthree Holdings Ltd Ordinary Shares,Communication Services,Entertainment,,SGD,Financial Leverage,,1.32,1.23,1.21,1.12,1.18,1.48,1.44,1.53,1.79,2.99,,
OMK,XSES,Vividthree Holdings Ltd Ordinary Shares,Communication Services,Entertainment,,SGD,Debt/Equity,,0.06,0.02,0.00,-,0.02,0.24,0.19,0.13,0.07,0.25,,
OMK,XSES,Vividthree Holdings Ltd Ordinary Shares,Communication Services,Entertainment,,SGD,Book Value/Share,,-,-,-,0.07,0.08,0.07,0.05,0.04,0.03,0.03,,
OMK,XSES,Vividthree Holdings Ltd Ordinary Shares,Communication Services,Entertainment,,SGD,Cap Ex as a % of Sales,,7.09,5.77,2.07,16.83,49.35,272.11,30.86,1.38,0.25,8.47,,
OTS,XSES,OTS Holdings Ltd Ordinary Shares,Consumer Defensive,Packaged Foods,,SGD,Current Ratio,,-,-,2.65,2.88,2.64,3.78,5.17,5.77,3.98,2.89,,
OTS,XSES,OTS Holdings Ltd Ordinary Shares,Consumer Defensive,Packaged Foods,,SGD,Quick Ratio,,-,-,1.37,1.61,1.37,2.73,3.2,3.56,2.27,1.46,,
OTS,XSES,OTS Holdings Ltd Ordinary Shares,Consumer Defensive,Packaged Foods,,SGD,Interest Coverage,,13.25,16.98,17.80,14.80,7.62,-7.74,0.86,0.29,-,-,,
OTS,XSES,OTS Holdings Ltd Ordinary Shares,Consumer Defensive,Packaged Foods,,SGD,Financial Leverage,,-,-,1.47,1.41,1.82,1.52,1.33,1.33,1.34,1.51,,
OTS,XSES,OTS Holdings Ltd Ordinary Shares,Consumer Defensive,Packaged Foods,,SGD,Debt/Equity,,-,-,0.15,0.11,0.36,0.22,0.13,0.12,0.11,0.27,,
OTS,XSES,OTS Holdings Ltd Ordinary Shares,Consumer Defensive,Packaged Foods,,SGD,Book Value/Share,,-,-,-,-,-,0.11,0.14,0.13,0.13,0.13,,
OTS,XSES,OTS Holdings Ltd Ordinary Shares,Consumer Defensive,Packaged Foods,,SGD,Cap Ex as a % of Sales,,3.49,1.93,1.38,2.57,5.64,3.34,21.37,23.37,-,-,,
OTX,XSES,Medinex Ltd Ordinary Shares,Healthcare,Medical Care Facilities,,SGD,Current Ratio,,1.52,5.02,8.79,-,-,2.94,2.9,2.2,2.57,2.59,,
OTX,XSES,Medinex Ltd Ordinary Shares,Healthcare,Medical Care Facilities,,SGD,Quick Ratio,,1.46,4.45,8.28,-,-,2.72,2.6,1.95,2.36,2.40,,
OTX,XSES,Medinex Ltd Ordinary Shares,Healthcare,Medical Care Facilities,,SGD,Interest Coverage,,72.90,719.12,420.15,54.37,38.86,31.73,19.42,65.51,-,-,,
OTX,XSES,Medinex Ltd Ordinary Shares,Healthcare,Medical Care Facilities,,SGD,Financial Leverage,,2.65,1.15,1.1,-,-,1.41,1.33,1.29,1.27,1.24,,
OTX,XSES,Medinex Ltd Ordinary Shares,Healthcare,Medical Care Facilities,,SGD,Debt/Equity,,-,0.00,0.0,-,-,0.19,0.13,0.09,0.08,0.04,,
OTX,XSES,Medinex Ltd Ordinary Shares,Healthcare,Medical Care Facilities,,SGD,Book Value/Share,,-,-,0.07,-,-,0.12,0.13,0.13,0.13,0.12,,
OTX,XSES,Medinex Ltd Ordinary Shares,Healthcare,Medical Care Facilities,,SGD,Cap Ex as a % of Sales,,3.24,-,0.17,1.22,1.92,1.49,0.24,0.18,-,-,,
OU8,XSES,Centurion Corp Ltd,Consumer Cyclical,Lodging,,SGD,Current Ratio,,1.06,0.69,1.01,0.71,0.84,0.71,0.55,0.94,0.64,1.61,,
OU8,XSES,Centurion Corp Ltd,Consumer Cyclical,Lodging,,SGD,Quick Ratio,,0.95,0.62,0.91,0.6,0.79,0.67,0.53,0.52,0.59,1.55,,
OU8,XSES,Centurion Corp Ltd,Consumer Cyclical,Lodging,,SGD,Interest Coverage,,2.96,3.29,5.04,4.88,2.19,4.29,4.38,6.01,11.62,5.29,,
OU8,XSES,Centurion Corp Ltd,Consumer Cyclical,Lodging,,SGD,Financial Leverage,,2.85,2.57,2.61,2.5,2.55,2.4,2.25,2.09,1.9,2.67,,
OU8,XSES,Centurion Corp Ltd,Consumer Cyclical,Lodging,,SGD,Debt/Equity,,1.44,1.06,1.37,1.26,1.27,1.14,0.95,0.79,0.64,0.67,,
OU8,XSES,Centurion Corp Ltd,Consumer Cyclical,Lodging,,SGD,Book Value/Share,,0.53,0.52,0.55,0.61,0.71,0.74,0.8,0.87,1.12,1.44,,
OU8,XSES,Centurion Corp Ltd,Consumer Cyclical,Lodging,,SGD,Cap Ex as a % of Sales,,3.73,1.95,2.07,2.77,1.04,2.86,0.73,1.7,3.46,1.24,,
OV8,XSES,Sheng Siong Group Ltd,Consumer Defensive,Grocery Stores,,SGD,Current Ratio,,1.04,1.16,1.21,0.96,1.28,1.32,1.49,1.68,1.55,1.62,,
OV8,XSES,Sheng Siong Group Ltd,Consumer Defensive,Grocery Stores,,SGD,Quick Ratio,,0.54,0.65,0.67,0.46,0.98,0.94,1.09,1.3,1.2,1.31,,
OV8,XSES,Sheng Siong Group Ltd,Consumer Defensive,Grocery Stores,,SGD,Interest Coverage,,-,-,-,46.63,82.9,69.1,59.73,47.37,38.66,34.7,,
OV8,XSES,Sheng Siong Group Ltd,Consumer Defensive,Grocery Stores,,SGD,Financial Leverage,,1.54,1.49,1.50,1.7,1.86,1.79,1.74,1.68,1.75,1.82,,
OV8,XSES,Sheng Siong Group Ltd,Consumer Defensive,Grocery Stores,,SGD,Debt/Equity,,-,-,-,0.1,0.1,0.12,0.14,0.14,0.16,0.22,,
OV8,XSES,Sheng Siong Group Ltd,Consumer Defensive,Grocery Stores,,SGD,Book Value/Share,,0.16,0.17,0.18,0.2,0.23,0.25,0.28,0.31,0.34,0.37,,
OV8,XSES,Sheng Siong Group Ltd,Consumer Defensive,Grocery Stores,,SGD,Cap Ex as a % of Sales,,11.28,2.14,3.16,5.41,1.23,2.31,0.66,0.74,1.27,1.33,,
OXMU,XSES,Prime US REIT Unit,Real Estate,REIT - Office,,SGD,Current Ratio,,-,-,1.29,1.89,1.9,0.69,0.66,0.04,1.10,0.37,,
OXMU,XSES,Prime US REIT Unit,Real Estate,REIT - Office,,SGD,Quick Ratio,,-,-,1.26,1.73,1.78,0.57,0.6,0.03,0.85,0.32,,
OXMU,XSES,Prime US REIT Unit,Real Estate,REIT - Office,,SGD,Interest Coverage,,3.66,-,2.87,5.82,-1.1,-3.41,1.25,1.57,-,-,,
OXMU,XSES,Prime US REIT Unit,Real Estate,REIT - Office,,SGD,Financial Leverage,,-,-,1.61,1.57,1.59,1.69,1.78,2.02,1.95,1.91,,
OXMU,XSES,Prime US REIT Unit,Real Estate,REIT - Office,,SGD,Debt/Equity,,-,-,0.58,0.52,0.53,0.63,0.74,0.31,0.89,0.76,,
OXMU,XSES,Prime US REIT Unit,Real Estate,REIT - Office,,SGD,Book Value/Share,,-,-,-,0.78,0.79,0.71,0.78,0.68,0.55,0.50,,
OXMU,XSES,Prime US REIT Unit,Real Estate,REIT - Office,,SGD,Cap Ex as a % of Sales,,-,-,8.62,11.12,19.09,16.28,28.86,30.16,-,-,,
OYY,XSES,PropNex Ltd Ordinary Shares,Real Estate,Real Estate Services,,SGD,Current Ratio,,1.33,1.28,1.94,1.82,1.79,1.6,1.5,1.5,1.71,1.55,,
OYY,XSES,PropNex Ltd Ordinary Shares,Real Estate,Real Estate Services,,SGD,Quick Ratio,,1.32,1.26,1.94,1.82,1.78,1.59,1.49,1.5,1.69,1.53,,
OYY,XSES,PropNex Ltd Ordinary Shares,Real Estate,Real Estate Services,,SGD,Interest Coverage,,-,-,-,329.25,419.59,1854.62,2494.05,1653.28,1916.46,1081.61,,
OYY,XSES,PropNex Ltd Ordinary Shares,Real Estate,Real Estate Services,,SGD,Financial Leverage,,4.41,5.10,2.13,2.23,2.28,2.69,2.99,2.74,2.32,2.87,,
OYY,XSES,PropNex Ltd Ordinary Shares,Real Estate,Real Estate Services,,SGD,Debt/Equity,,-,-,-,0.04,0.01,0.01,0.02,0.01,0.01,0.02,,
OYY,XSES,PropNex Ltd Ordinary Shares,Real Estate,Real Estate Services,,SGD,Book Value/Share,,-,-,0.09,0.08,0.1,0.13,0.15,0.16,0.16,0.17,,
OYY,XSES,PropNex Ltd Ordinary Shares,Real Estate,Real Estate Services,,SGD,Cap Ex as a % of Sales,,0.12,0.41,0.43,0.45,0.09,0.06,0.04,0.09,0.04,0.04,,
P15,XSES,Pacific Century Regional Developments Ltd,Financial Services,Asset Management,,SGD,Current Ratio,,0.42,4.99,1.8,3.01,22.83,1.56,1.13,3.43,6.15,2.01,,
P15,XSES,Pacific Century Regional Developments Ltd,Financial Services,Asset Management,,SGD,Quick Ratio,,0.41,4.93,0.82,0.34,1.86,1.09,0.85,3.03,3.87,1.77,,
P15,XSES,Pacific Century Regional Developments Ltd,Financial Services,Asset Management,,SGD,Interest Coverage,,53.32,122.42,93.53,5.32,-3.34,17.07,2.64,-1.03,-0.46,-1.21,,
P15,XSES,Pacific Century Regional Developments Ltd,Financial Services,Asset Management,,SGD,Financial Leverage,,1.1,1.02,1.01,1.33,1.36,1.43,1.79,1.59,1.8,47.53,,
P15,XSES,Pacific Century Regional Developments Ltd,Financial Services,Asset Management,,SGD,Debt/Equity,,0.0,0.0,0.0,0.29,0.35,0.43,0.77,0.58,0.78,45.84,,
P15,XSES,Pacific Century Regional Developments Ltd,Financial Services,Asset Management,,SGD,Book Value/Share,,0.37,0.52,0.52,0.46,0.39,0.29,0.24,0.14,0.08,0.03,,
P15,XSES,Pacific Century Regional Developments Ltd,Financial Services,Asset Management,,SGD,Cap Ex as a % of Sales,,0.03,0.02,0.1,4.11,0.11,0.05,0.31,0.04,1.01,1.1,,
P34,XSES,Delfi Ltd,Consumer Defensive,Confectioners,,SGD,Current Ratio,,1.71,1.72,1.55,1.61,1.75,2.15,2.10,2.16,1.95,2.1,,
P34,XSES,Delfi Ltd,Consumer Defensive,Confectioners,,SGD,Quick Ratio,,1.18,1.15,0.98,1.01,1.13,1.47,1.16,1.15,0.93,1.2,,
P34,XSES,Delfi Ltd,Consumer Defensive,Confectioners,,SGD,Interest Coverage,,10.6,12.87,13.4,12.87,9.77,42.69,101.07,54.73,35.61,47.86,,
P34,XSES,Delfi Ltd,Consumer Defensive,Confectioners,,SGD,Financial Leverage,,1.7,1.68,1.75,1.77,1.70,1.52,1.60,1.58,1.62,1.56,,
P34,XSES,Delfi Ltd,Consumer Defensive,Confectioners,,SGD,Debt/Equity,,0.05,0.02,0.0,-,-,-,-,0.02,0.01,0.0,,
P34,XSES,Delfi Ltd,Consumer Defensive,Confectioners,,SGD,Book Value/Share,,0.48,0.45,0.44,0.48,0.49,0.50,0.53,0.57,0.58,0.57,,
P34,XSES,Delfi Ltd,Consumer Defensive,Confectioners,,SGD,Cap Ex as a % of Sales,,4.32,3.09,4.88,2.26,1.28,0.83,0.82,4.41,5.76,1.87,,
P36,XSES,Pan Hong Holdings Group Ltd,Real Estate,Real Estate - Development,,SGD,Current Ratio,,1.78,2.17,1.59,1.37,1.35,2.25,3.2,1.73,1.86,2.22,,
P36,XSES,Pan Hong Holdings Group Ltd,Real Estate,Real Estate - Development,,SGD,Quick Ratio,,0.21,0.3,0.44,0.41,0.38,0.91,0.21,0.25,0.18,0.13,,
P36,XSES,Pan Hong Holdings Group Ltd,Real Estate,Real Estate - Development,,SGD,Interest Coverage,,55.73,29.28,15.68,43.35,115.92,1205.50,153.1,-2.23,29.5,13.5,,
P36,XSES,Pan Hong Holdings Group Ltd,Real Estate,Real Estate - Development,,SGD,Financial Leverage,,3.17,2.83,2.52,3.33,3.44,1.72,1.83,2.3,2.14,1.87,,
P36,XSES,Pan Hong Holdings Group Ltd,Real Estate,Real Estate - Development,,SGD,Debt/Equity,,0.35,0.37,-,-,-,-,0.27,0.03,0.04,0.06,,
P36,XSES,Pan Hong Holdings Group Ltd,Real Estate,Real Estate - Development,,SGD,Book Value/Share,,0.63,0.61,0.67,0.23,0.29,0.37,0.42,0.38,0.37,0.37,,
P36,XSES,Pan Hong Holdings Group Ltd,Real Estate,Real Estate - Development,,SGD,Cap Ex as a % of Sales,,0.65,0.05,4.07,0.93,0.49,0.84,0.83,3.23,0.03,0.35,,
P40U,XSES,Starhill Global Real Estate Investment Trust,Real Estate,REIT - Retail,,SGD,Current Ratio,,1.44,0.19,0.68,0.47,0.68,2.42,0.54,1.77,0.27,0.88,,
P40U,XSES,Starhill Global Real Estate Investment Trust,Real Estate,REIT - Retail,,SGD,Quick Ratio,,1.42,0.18,0.67,0.46,0.68,2.4,0.53,1.74,0.26,0.87,,
P40U,XSES,Starhill Global Real Estate Investment Trust,Real Estate,REIT - Retail,,SGD,Interest Coverage,,5.17,3.54,3.29,2.78,-1.41,2.4,2.48,1.91,2.69,3.79,,
P40U,XSES,Starhill Global Real Estate Investment Trust,Real Estate,REIT - Retail,,SGD,Financial Leverage,,1.6,1.6,1.6,1.63,1.74,1.63,1.62,1.64,1.65,1.63,,
P40U,XSES,Starhill Global Real Estate Investment Trust,Real Estate,REIT - Retail,,SGD,Debt/Equity,,0.55,0.36,0.54,0.52,0.6,0.59,0.52,0.6,0.49,0.55,,
P40U,XSES,Starhill Global Real Estate Investment Trust,Real Estate,REIT - Retail,,SGD,Book Value/Share,,0.9,0.92,0.92,0.9,0.87,0.86,0.84,0.81,0.76,0.75,,
P40U,XSES,Starhill Global Real Estate Investment Trust,Real Estate,REIT - Retail,,SGD,Cap Ex as a % of Sales,,0.9,4.19,6.56,3.72,16.46,19.27,10.77,9.5,7.76,5.5,,
P52,XSES,Pan-United Corp Ltd,Basic Materials,Building Materials,,SGD,Current Ratio,,1.48,1.82,1.58,1.55,1.64,1.65,1.65,1.66,1.74,1.64,,
P52,XSES,Pan-United Corp Ltd,Basic Materials,Building Materials,,SGD,Quick Ratio,,1.3,0.63,1.33,1.33,1.39,1.41,1.37,1.48,1.51,1.42,,
P52,XSES,Pan-United Corp Ltd,Basic Materials,Building Materials,,SGD,Interest Coverage,,4.09,3.26,3.27,6.33,1.56,12.94,16.83,15.91,18.24,21.0,,
P52,XSES,Pan-United Corp Ltd,Basic Materials,Building Materials,,SGD,Financial Leverage,,2.7,4.38,2.2,2.19,2.07,1.93,1.99,1.96,1.88,1.87,,
P52,XSES,Pan-United Corp Ltd,Basic Materials,Building Materials,,SGD,Debt/Equity,,0.9,0.46,0.34,0.32,0.28,0.19,0.17,0.17,0.13,0.11,,
P52,XSES,Pan-United Corp Ltd,Basic Materials,Building Materials,,SGD,Book Value/Share,,0.43,0.46,0.27,0.28,0.29,0.28,0.3,0.31,0.34,0.38,,
P52,XSES,Pan-United Corp Ltd,Basic Materials,Building Materials,,SGD,Cap Ex as a % of Sales,,6.53,5.05,1.42,0.77,1.96,1.5,2.22,1.54,2.29,5.57,,
P74,XSES,China Kangda Food Co Ltd,Consumer Defensive,Packaged Foods,,SGD,Current Ratio,0.74,0.73,0.76,0.83,0.72,0.84,0.82,0.97,1.00,0.96,,,
P74,XSES,China Kangda Food Co Ltd,Consumer Defensive,Packaged Foods,,SGD,Quick Ratio,0.34,0.41,0.46,0.38,0.38,0.4,0.49,0.53,0.44,0.51,,,
P74,XSES,China Kangda Food Co Ltd,Consumer Defensive,Packaged Foods,,SGD,Interest Coverage,0.47,1.25,0.69,1.28,1.38,-0.89,-2.39,0.03,0.54,-0.28,,,
P74,XSES,China Kangda Food Co Ltd,Consumer Defensive,Packaged Foods,,SGD,Financial Leverage,2.87,2.66,2.66,2.76,2.33,2.42,2.22,2.42,2.92,2.52,,,
P74,XSES,China Kangda Food Co Ltd,Consumer Defensive,Packaged Foods,,SGD,Debt/Equity,0.06,0.05,0.05,0.0,0.07,0.06,0.09,0.07,0.19,0.17,,,
P74,XSES,China Kangda Food Co Ltd,Consumer Defensive,Packaged Foods,,SGD,Book Value/Share,0.35,0.32,0.31,0.29,0.29,0.3,0.28,0.25,-,0.21,,,
P74,XSES,China Kangda Food Co Ltd,Consumer Defensive,Packaged Foods,,SGD,Cap Ex as a % of Sales,24.13,4.25,3.78,3.48,6.34,5.33,1.53,1.4,1.39,1.36,,,
P8A,XSES,Cordlife Group Ltd,Healthcare,Diagnostics & Research,,SGD,Current Ratio,,5.01,2.81,2.37,3.28,3.93,4.12,5.16,4.27,3.29,2.94,,
P8A,XSES,Cordlife Group Ltd,Healthcare,Diagnostics & Research,,SGD,Quick Ratio,,4.9,2.68,2.19,2.53,3.3,3.86,4.42,3.69,3.09,2.76,,
P8A,XSES,Cordlife Group Ltd,Healthcare,Diagnostics & Research,,SGD,Interest Coverage,,3.39,0.04,-,27.13,23.14,36.05,37.2,16.89,-95.84,-71.36,,
P8A,XSES,Cordlife Group Ltd,Healthcare,Diagnostics & Research,,SGD,Financial Leverage,,2.07,1.59,1.80,1.74,1.75,1.71,1.7,1.69,1.84,1.93,,
P8A,XSES,Cordlife Group Ltd,Healthcare,Diagnostics & Research,,SGD,Debt/Equity,,0.58,0.05,0.04,0.04,0.04,0.01,0.01,0.01,0.0,0.01,,
P8A,XSES,Cordlife Group Ltd,Healthcare,Diagnostics & Research,,SGD,Book Value/Share,,0.49,0.48,0.48,0.5,0.52,0.52,0.52,0.53,0.48,0.43,,
P8A,XSES,Cordlife Group Ltd,Healthcare,Diagnostics & Research,,SGD,Cap Ex as a % of Sales,,9.08,2.79,-,3.35,2.72,2.77,4.34,5.08,12.29,3.76,,
P8Z,XSES,Bumitama Agri Ltd,Consumer Defensive,Farm Products,,SGD,Current Ratio,,1.2,1.49,0.38,1.46,1.52,1.79,2.44,1.77,5.57,1.89,,
P8Z,XSES,Bumitama Agri Ltd,Consumer Defensive,Farm Products,,SGD,Quick Ratio,,0.57,0.6,0.16,0.57,0.54,0.37,0.71,0.72,2.83,0.83,,
P8Z,XSES,Bumitama Agri Ltd,Consumer Defensive,Farm Products,,SGD,Interest Coverage,,10.28,12.41,9.53,5.97,11.79,19.68,36.04,30.94,21.6,28.87,,
P8Z,XSES,Bumitama Agri Ltd,Consumer Defensive,Farm Products,,SGD,Financial Leverage,,2.2,2.05,2.13,2.16,2.02,1.72,1.59,1.45,1.48,1.52,,
P8Z,XSES,Bumitama Agri Ltd,Consumer Defensive,Farm Products,,SGD,Debt/Equity,,0.57,0.59,0.12,0.75,0.64,0.4,0.26,0.1,0.22,0.12,,
P8Z,XSES,Bumitama Agri Ltd,Consumer Defensive,Farm Products,,SGD,Book Value/Share,,0.36,0.4,0.4,0.43,0.45,0.5,0.59,0.6,0.62,0.63,,
P8Z,XSES,Bumitama Agri Ltd,Consumer Defensive,Farm Products,,SGD,Cap Ex as a % of Sales,,13.67,10.77,8.46,9.15,11.23,8.9,8.28,10.74,8.86,7.75,,
P9D,XSES,Civmec Ltd,Industrials,Engineering & Construction,,SGD,Current Ratio,,1.81,2.08,1.53,1.6,1.02,1.09,1.24,1.42,1.48,1.82,,
P9D,XSES,Civmec Ltd,Industrials,Engineering & Construction,,SGD,Quick Ratio,,1.72,2.01,1.52,1.57,1.0,1.08,1.23,1.41,1.47,1.75,,
P9D,XSES,Civmec Ltd,Industrials,Engineering & Construction,,SGD,Interest Coverage,,26.16,15.55,72.64,5.98,18.87,10.66,22.4,96.02,115.22,76.25,,
P9D,XSES,Civmec Ltd,Industrials,Engineering & Construction,,SGD,Financial Leverage,,1.61,1.85,2.45,2.47,2.28,2.18,1.95,1.84,1.86,1.72,,
P9D,XSES,Civmec Ltd,Industrials,Engineering & Construction,,SGD,Debt/Equity,,0.16,0.32,0.34,0.62,0.39,0.36,0.25,0.23,0.22,0.22,,
P9D,XSES,Civmec Ltd,Industrials,Engineering & Construction,,SGD,Book Value/Share,,0.32,0.35,0.36,0.33,0.34,0.55,0.59,0.69,0.78,0.82,,
P9D,XSES,Civmec Ltd,Industrials,Engineering & Construction,,SGD,Cap Ex as a % of Sales,,8.65,5.97,3.8,13.97,17.87,3.21,0.85,2.39,2.44,0.59,,
PCT,XSES,PC Partner Group Ltd,Technology,Computer Hardware,,SGD,Current Ratio,,1.43,1.38,1.22,1.08,1.19,1.78,1.69,1.89,2.04,1.82,,
PCT,XSES,PC Partner Group Ltd,Technology,Computer Hardware,,SGD,Quick Ratio,,0.77,0.91,0.49,0.69,0.84,1.34,1.06,1.36,1.51,1.22,,
PCT,XSES,PC Partner Group Ltd,Technology,Computer Hardware,,SGD,Interest Coverage,,12.13,15.93,7.31,1.02,9.20,145.95,26.90,2.49,9.47,14.69,,
PCT,XSES,PC Partner Group Ltd,Technology,Computer Hardware,,SGD,Financial Leverage,,3.11,3.39,4.97,4.58,3.61,2.24,2.16,1.91,1.75,2.0,,
PCT,XSES,PC Partner Group Ltd,Technology,Computer Hardware,,SGD,Debt/Equity,,0.00,0.00,0.00,0.15,0.10,0.03,0.03,0.02,0.03,0.02,,
PCT,XSES,PC Partner Group Ltd,Technology,Computer Hardware,,SGD,Book Value/Share,,-,-,-,-,-,-,-,-,1.3,1.3,,
PCT,XSES,PC Partner Group Ltd,Technology,Computer Hardware,,SGD,Cap Ex as a % of Sales,,0.41,0.22,0.51,0.19,0.12,0.43,5.05,0.51,1.46,0.33,,
PPC,XSES,ProsperCap Corp Ltd,Consumer Cyclical,Lodging,,SGD,Current Ratio,,2.64,2.16,0.72,0.19,0.11,1.58,4.32,0.13,0.32,0.44,,
PPC,XSES,ProsperCap Corp Ltd,Consumer Cyclical,Lodging,,SGD,Quick Ratio,,0.19,0.25,0.71,0.18,0.10,0.01,4.04,0.12,0.21,0.28,,
PPC,XSES,ProsperCap Corp Ltd,Consumer Cyclical,Lodging,,SGD,Interest Coverage,,-166.09,-420.25,-9.91,-12.76,-2.52,-,-,-,0.19,0.28,,
PPC,XSES,ProsperCap Corp Ltd,Consumer Cyclical,Lodging,,SGD,Financial Leverage,,2.35,1.88,1.77,2.12,2.32,2.74,1.31,-,3.52,4.43,,
PPC,XSES,ProsperCap Corp Ltd,Consumer Cyclical,Lodging,,SGD,Debt/Equity,,1.0,0.51,0.38,0.41,0.76,0.00,0.00,-,2.13,2.85,,
PPC,XSES,ProsperCap Corp Ltd,Consumer Cyclical,Lodging,,SGD,Book Value/Share,,-0.04,5.65,4.01,2.64,1.40,1.16,0.02,0.00,0.17,0.14,,
PPC,XSES,ProsperCap Corp Ltd,Consumer Cyclical,Lodging,,SGD,Cap Ex as a % of Sales,,2.35,7.03,-,2.5,-,-,-,-,10.97,11.57,,
PRH,XSES,Livingstone Health Holdings Ltd,Healthcare,Medical Care Facilities,,SGD,Current Ratio,,0.17,0.39,1.02,1.73,0.79,-,1.33,1.06,1.15,1.02,,
PRH,XSES,Livingstone Health Holdings Ltd,Healthcare,Medical Care Facilities,,SGD,Quick Ratio,,0.17,0.39,1.02,1.65,0.78,-,1.18,1.0,1.07,0.85,,
PRH,XSES,Livingstone Health Holdings Ltd,Healthcare,Medical Care Facilities,,SGD,Interest Coverage,,-58.67,8.47,-5.44,1.28,-25.19,13.34,7.91,-7.56,1.18,-,,
PRH,XSES,Livingstone Health Holdings Ltd,Healthcare,Medical Care Facilities,,SGD,Financial Leverage,,-,-,-,-,-,-,4.22,4.39,5.79,3.11,,
PRH,XSES,Livingstone Health Holdings Ltd,Healthcare,Medical Care Facilities,,SGD,Debt/Equity,,-,-,-,-,-,-,0.77,0.79,1.22,0.30,,
PRH,XSES,Livingstone Health Holdings Ltd,Healthcare,Medical Care Facilities,,SGD,Book Value/Share,,-,-,0.00,-0.01,-0.01,-,0.01,0.01,0.01,0.01,,
PRH,XSES,Livingstone Health Holdings Ltd,Healthcare,Medical Care Facilities,,SGD,Cap Ex as a % of Sales,,-,-,-,-,-,2.88,2.99,1.66,1.01,-,,
Q01,XSES,QAF Ltd,Consumer Defensive,Packaged Foods,,SGD,Current Ratio,,2.18,1.93,1.58,1.5,1.88,1.96,3.14,2.74,2.94,3.09,,
Q01,XSES,QAF Ltd,Consumer Defensive,Packaged Foods,,SGD,Quick Ratio,,1.39,1.24,0.88,0.8,0.58,0.63,2.51,2.21,2.35,2.52,,
Q01,XSES,QAF Ltd,Consumer Defensive,Packaged Foods,,SGD,Interest Coverage,,45.43,14.1,4.95,6.66,22.12,15.66,23.17,20.71,23.23,38.9,,
Q01,XSES,QAF Ltd,Consumer Defensive,Packaged Foods,,SGD,Financial Leverage,,1.47,1.53,1.53,1.68,1.68,1.66,1.34,1.37,1.33,1.31,,
Q01,XSES,QAF Ltd,Consumer Defensive,Packaged Foods,,SGD,Debt/Equity,,0.1,0.12,0.1,0.18,0.11,0.09,0.06,0.05,0.04,0.03,,
Q01,XSES,QAF Ltd,Consumer Defensive,Packaged Foods,,SGD,Book Value/Share,,0.84,0.94,0.88,0.84,0.9,0.9,0.87,0.83,0.82,0.83,,
Q01,XSES,QAF Ltd,Consumer Defensive,Packaged Foods,,SGD,Cap Ex as a % of Sales,,8.35,7.15,9.15,4.11,5.62,5.4,4.6,6.32,3.04,2.81,,
Q0F,XSES,IHH Healthcare Bhd,Healthcare,Medical Care Facilities,,SGD,Current Ratio,,1.26,2.01,1.92,1.43,1.31,1.41,1.14,0.9,0.72,0.58,,
Q0F,XSES,IHH Healthcare Bhd,Healthcare,Medical Care Facilities,,SGD,Quick Ratio,,1.1,1.88,1.81,1.31,1.14,1.26,0.61,0.71,0.57,0.46,,
Q0F,XSES,IHH Healthcare Bhd,Healthcare,Medical Care Facilities,,SGD,Interest Coverage,,5.51,5.2,3.65,2.85,2.22,6.75,5.7,6.88,5.77,4.4,,
Q0F,XSES,IHH Healthcare Bhd,Healthcare,Medical Care Facilities,,SGD,Financial Leverage,,1.69,1.62,1.87,1.84,1.86,1.85,1.85,1.72,1.88,1.9,,
Q0F,XSES,IHH Healthcare Bhd,Healthcare,Medical Care Facilities,,SGD,Debt/Equity,,0.31,0.25,0.39,0.41,0.43,0.38,0.34,0.28,0.36,0.32,,
Q0F,XSES,IHH Healthcare Bhd,Healthcare,Medical Care Facilities,,SGD,Book Value/Share,,0.86,0.98,0.88,0.91,0.87,0.91,0.9,0.91,0.98,1.09,,
Q0F,XSES,IHH Healthcare Bhd,Healthcare,Medical Care Facilities,,SGD,Cap Ex as a % of Sales,,22.83,13.51,9.21,7.26,6.75,6.25,9.54,9.28,13.28,14.28,,
Q0X,XSES,Ley Choon Group Holdings Ltd,Industrials,Engineering & Construction,,SGD,Current Ratio,,0.58,1.18,1.38,1.55,0.8,0.81,2.01,1.52,2.52,3.23,,
Q0X,XSES,Ley Choon Group Holdings Ltd,Industrials,Engineering & Construction,,SGD,Quick Ratio,,0.28,0.52,1.02,1.27,0.54,0.61,1.32,1.11,1.88,2.57,,
Q0X,XSES,Ley Choon Group Holdings Ltd,Industrials,Engineering & Construction,,SGD,Interest Coverage,,-5.32,5.62,1.75,-2.0,-0.45,1.28,2.73,6.86,10.75,44.73,,
Q0X,XSES,Ley Choon Group Holdings Ltd,Industrials,Engineering & Construction,,SGD,Financial Leverage,,28.2,5.74,3.76,5.04,6.11,5.32,2.34,2.03,1.49,1.38,,
Q0X,XSES,Ley Choon Group Holdings Ltd,Industrials,Engineering & Construction,,SGD,Debt/Equity,,0.65,2.29,1.29,2.18,0.15,0.14,0.54,0.05,0.05,0.04,,
Q0X,XSES,Ley Choon Group Holdings Ltd,Industrials,Engineering & Construction,,SGD,Book Value/Share,,0.03,0.02,0.03,0.03,0.02,0.01,0.02,0.03,0.04,0.04,,
Q0X,XSES,Ley Choon Group Holdings Ltd,Industrials,Engineering & Construction,,SGD,Cap Ex as a % of Sales,,3.31,4.14,3.49,0.63,1.86,2.05,0.68,1.5,3.25,1.43,,
Q5T,XSES,Far East Hospitality Trust,Real Estate,REIT - Diversified,,SGD,Current Ratio,,0.18,0.15,0.31,1.47,0.19,1.34,9.37,11.97,6.78,0.64,,
Q5T,XSES,Far East Hospitality Trust,Real Estate,REIT - Diversified,,SGD,Quick Ratio,,0.16,0.15,0.31,1.47,0.19,0.22,8.98,11.83,6.76,0.64,,
Q5T,XSES,Far East Hospitality Trust,Real Estate,REIT - Diversified,,SGD,Interest Coverage,,2.52,1.73,4.47,3.07,-2.96,7.82,12.47,6.29,2.58,2.3,,
Q5T,XSES,Far East Hospitality Trust,Real Estate,REIT - Diversified,,SGD,Financial Leverage,,1.51,1.51,1.64,1.61,1.66,1.62,1.42,1.4,1.4,1.45,,
Q5T,XSES,Far East Hospitality Trust,Real Estate,REIT - Diversified,,SGD,Debt/Equity,,0.32,0.34,0.53,0.58,0.48,0.46,0.41,0.39,0.39,0.39,,
Q5T,XSES,Far East Hospitality Trust,Real Estate,REIT - Diversified,,SGD,Book Value/Share,,0.93,0.9,0.87,0.86,0.86,0.79,0.85,0.91,0.92,0.89,,
Q5T,XSES,Far East Hospitality Trust,Real Estate,REIT - Diversified,,SGD,Cap Ex as a % of Sales,,7.4,2.99,3.63,2.4,5.46,1.13,8.66,4.1,3.18,53.81,,
QC7,XSES,Q & M Dental Group (Singapore) Ltd,Healthcare,Medical Care Facilities,,SGD,Current Ratio,,2.2,0.8,3.51,1.76,2.85,2.1,2.5,2.42,2.64,4.75,,
QC7,XSES,Q & M Dental Group (Singapore) Ltd,Healthcare,Medical Care Facilities,,SGD,Quick Ratio,,1.73,0.62,2.57,1.56,2.08,1.57,1.9,1.82,2.07,4.1,,
QC7,XSES,Q & M Dental Group (Singapore) Ltd,Healthcare,Medical Care Facilities,,SGD,Interest Coverage,,11.44,8.53,6.63,5.57,6.51,16.44,4.65,3.42,3.75,2.89,,
QC7,XSES,Q & M Dental Group (Singapore) Ltd,Healthcare,Medical Care Facilities,,SGD,Financial Leverage,,2.0,1.95,1.94,2.51,2.26,2.82,2.77,2.61,2.33,3.38,,
QC7,XSES,Q & M Dental Group (Singapore) Ltd,Healthcare,Medical Care Facilities,,SGD,Debt/Equity,,0.56,0.17,0.71,0.88,0.96,1.27,1.35,1.2,0.98,1.68,,
QC7,XSES,Q & M Dental Group (Singapore) Ltd,Healthcare,Medical Care Facilities,,SGD,Book Value/Share,,0.1,0.12,0.12,0.12,0.12,0.12,0.1,0.1,0.11,0.11,,
QC7,XSES,Q & M Dental Group (Singapore) Ltd,Healthcare,Medical Care Facilities,,SGD,Cap Ex as a % of Sales,,5.32,3.94,2.29,5.69,5.28,4.31,6.06,3.58,4.49,2.52,,
QES,XSES,China Sunsine Chemical Holdings Ltd,Basic Materials,Specialty Chemicals,,SGD,Current Ratio,,3.74,3.70,4.78,6.39,4.96,3.80,5.91,7.22,7.60,8.29,,
QES,XSES,China Sunsine Chemical Holdings Ltd,Basic Materials,Specialty Chemicals,,SGD,Quick Ratio,,3.04,3.00,4.14,5.24,4.25,3.14,5.00,6.23,6.65,7.29,,
QES,XSES,China Sunsine Chemical Holdings Ltd,Basic Materials,Specialty Chemicals,,SGD,Interest Coverage,,71.90,-,-,949.86,227.93,-,-,-,-,-,,
QES,XSES,China Sunsine Chemical Holdings Ltd,Basic Materials,Specialty Chemicals,,SGD,Financial Leverage,,1.21,1.22,1.18,1.14,1.17,1.24,1.14,1.12,1.11,1.10,,
QES,XSES,China Sunsine Chemical Holdings Ltd,Basic Materials,Specialty Chemicals,,SGD,Debt/Equity,,-,-,-,0.0,-,-,-,-,-,-,,
QES,XSES,China Sunsine Chemical Holdings Ltd,Basic Materials,Specialty Chemicals,,SGD,Book Value/Share,,0.29,0.34,0.45,0.5,0.54,0.64,0.70,0.73,0.78,0.83,,
QES,XSES,China Sunsine Chemical Holdings Ltd,Basic Materials,Specialty Chemicals,,SGD,Cap Ex as a % of Sales,,4.05,7.63,3.95,2.69,11.80,7.83,4.14,4.98,3.24,7.67,,
QNS,XSES,Southern Alliance Mining Ltd Ordinary Shares,Basic Materials,Steel,,SGD,Current Ratio,,-,1.06,0.98,4.40,7.93,5.73,12.41,10.55,7.89,3.94,,
QNS,XSES,Southern Alliance Mining Ltd Ordinary Shares,Basic Materials,Steel,,SGD,Quick Ratio,,-,0.26,0.48,2.95,7.42,5.49,10.78,8.31,5.55,2.42,,
QNS,XSES,Southern Alliance Mining Ltd Ordinary Shares,Basic Materials,Steel,,SGD,Interest Coverage,,-130.52,-80.56,236.88,256.79,659.41,48.97,-13.93,-2.67,-10.95,-,,
QNS,XSES,Southern Alliance Mining Ltd Ordinary Shares,Basic Materials,Steel,,SGD,Financial Leverage,,-,1.46,1.52,1.16,1.13,1.18,1.1,1.1,1.15,1.20,,
QNS,XSES,Southern Alliance Mining Ltd Ordinary Shares,Basic Materials,Steel,,SGD,Debt/Equity,,-,0.01,0.02,0.01,0.02,0.0,0.02,0.02,0.03,0.01,,
QNS,XSES,Southern Alliance Mining Ltd Ordinary Shares,Basic Materials,Steel,,SGD,Book Value/Share,,-,-,-,-,0.12,0.18,0.23,0.21,0.2,0.20,,
QNS,XSES,Southern Alliance Mining Ltd Ordinary Shares,Basic Materials,Steel,,SGD,Cap Ex as a % of Sales,,0.51,1.95,2.30,3.94,8.05,14.36,12.21,13.92,14.13,-,,
QS9,XSES,Global Invacom Group Ltd,Technology,Communication Equipment,,SGD,Current Ratio,,1.97,2.18,1.81,1.66,2.13,2.09,2.16,2.14,3.06,3.2,,
QS9,XSES,Global Invacom Group Ltd,Technology,Communication Equipment,,SGD,Quick Ratio,,0.95,1.11,0.95,0.9,1.01,1.07,1.02,1.14,1.36,1.55,,
QS9,XSES,Global Invacom Group Ltd,Technology,Communication Equipment,,SGD,Interest Coverage,,-1.70,8.65,4.98,-9.95,5.1,0.95,-29.49,-8.31,-14.69,-8.4,,
QS9,XSES,Global Invacom Group Ltd,Technology,Communication Equipment,,SGD,Financial Leverage,,1.60,1.50,1.66,1.92,1.63,1.64,1.67,1.65,1.39,1.39,,
QS9,XSES,Global Invacom Group Ltd,Technology,Communication Equipment,,SGD,Debt/Equity,,-,-,-,0.13,0.1,0.07,0.05,0.01,0.04,0.07,,
QS9,XSES,Global Invacom Group Ltd,Technology,Communication Equipment,,SGD,Book Value/Share,,0.29,0.27,0.28,0.29,0.22,0.23,0.22,0.16,0.13,0.1,,
QS9,XSES,Global Invacom Group Ltd,Technology,Communication Equipment,,SGD,Cap Ex as a % of Sales,,1.48,1.66,1.25,2.46,1.92,1.29,0.65,1.12,1.03,0.93,,
QZG,XSES,Accrelist Ltd,Healthcare,Medical Care Facilities,,SGD,Current Ratio,,7.4,6.34,1.68,1.36,1.23,1.47,1.33,1.69,2.83,1.25,,
QZG,XSES,Accrelist Ltd,Healthcare,Medical Care Facilities,,SGD,Quick Ratio,,7.01,5.36,1.12,0.83,0.88,0.99,0.77,0.48,2.52,0.89,,
QZG,XSES,Accrelist Ltd,Healthcare,Medical Care Facilities,,SGD,Interest Coverage,,-723.67,-68.91,0.59,1.86,-6.51,-0.19,-26.28,-8.06,-21.46,-41.83,,
QZG,XSES,Accrelist Ltd,Healthcare,Medical Care Facilities,,SGD,Financial Leverage,,1.16,1.25,2.34,2.61,3.06,3.13,4.78,3.81,2.36,2.55,,
QZG,XSES,Accrelist Ltd,Healthcare,Medical Care Facilities,,SGD,Debt/Equity,,0.03,0.08,0.1,0.04,0.16,0.17,0.23,0.18,0.08,0.21,,
QZG,XSES,Accrelist Ltd,Healthcare,Medical Care Facilities,,SGD,Book Value/Share,,0.22,0.18,0.13,0.14,0.14,0.1,0.1,0.05,0.05,0.04,,
QZG,XSES,Accrelist Ltd,Healthcare,Medical Care Facilities,,SGD,Cap Ex as a % of Sales,,6.22,0.32,0.46,0.63,0.69,0.37,0.77,2.94,1.98,3.63,,
R14,XSES,Eneco Energy Ltd,Industrials,Integrated Freight & Logistics,,SGD,Current Ratio,,1.16,1.0,0.66,0.38,0.68,0.59,1.93,3.24,2.16,-,,
R14,XSES,Eneco Energy Ltd,Industrials,Integrated Freight & Logistics,,SGD,Quick Ratio,,1.13,0.95,0.61,0.35,0.63,0.45,1.56,3.08,2.11,-,,
R14,XSES,Eneco Energy Ltd,Industrials,Integrated Freight & Logistics,,SGD,Interest Coverage,,-36.74,-7.75,-27.83,-7.42,15.03,2.84,3.52,2.96,0.58,-,,
R14,XSES,Eneco Energy Ltd,Industrials,Integrated Freight & Logistics,,SGD,Financial Leverage,,2.29,2.67,5.92,-,96.70,15.98,1.85,1.57,1.9,-,,
R14,XSES,Eneco Energy Ltd,Industrials,Integrated Freight & Logistics,,SGD,Debt/Equity,,0.06,0.3,0.83,-,24.78,2.70,0.06,0.18,0.33,-,,
R14,XSES,Eneco Energy Ltd,Industrials,Integrated Freight & Logistics,,SGD,Book Value/Share,,0.12,0.08,0.05,0.01,-,-,0.01,0.01,0.01,-,,
R14,XSES,Eneco Energy Ltd,Industrials,Integrated Freight & Logistics,,SGD,Cap Ex as a % of Sales,,12.84,15.76,23.72,2.78,1.53,1.12,2.88,1.75,2.08,-,,
RCU,XSES,Assurance Healthcare Ltd,Technology,Information Technology Services,,SGD,Current Ratio,,0.31,0.38,0.23,4.82,1.75,1.49,1.23,4.63,4.13,2.17,,
RCU,XSES,Assurance Healthcare Ltd,Technology,Information Technology Services,,SGD,Quick Ratio,,0.23,0.20,0.11,4.74,1.68,1.33,1.12,4.36,3.91,2.09,,
RCU,XSES,Assurance Healthcare Ltd,Technology,Information Technology Services,,SGD,Interest Coverage,,-4873.03,-193.02,-2855.16,-530.9,-0.5,-24.25,-62.18,-234.65,-135.04,-119.27,,
RCU,XSES,Assurance Healthcare Ltd,Technology,Information Technology Services,,SGD,Financial Leverage,,-,-,-,1.38,1.82,2.03,4.8,1.18,1.1,1.15,,
RCU,XSES,Assurance Healthcare Ltd,Technology,Information Technology Services,,SGD,Debt/Equity,,-,-,-,0.09,0.16,0.32,0.77,0.02,0.01,0.0,,
RCU,XSES,Assurance Healthcare Ltd,Technology,Information Technology Services,,SGD,Book Value/Share,,-,-,-,0.04,0.05,0.04,0.04,0.01,0.03,0.02,,
RCU,XSES,Assurance Healthcare Ltd,Technology,Information Technology Services,,SGD,Cap Ex as a % of Sales,,0.87,1.73,0.49,0.95,6.66,32.52,7.32,3.33,75.67,32.56,,
RE4,XSES,Geo Energy Resources Ltd,Energy,Thermal Coal,,SGD,Current Ratio,,1.64,3.33,3.47,2.85,1.84,1.84,2.5,2.5,1.99,1.35,,
RE4,XSES,Geo Energy Resources Ltd,Energy,Thermal Coal,,SGD,Quick Ratio,,1.5,3.03,2.92,1.88,1.19,1.43,1.93,1.33,0.96,0.68,,
RE4,XSES,Geo Energy Resources Ltd,Energy,Thermal Coal,,SGD,Interest Coverage,,6.73,5.1,2.09,-0.66,6.79,56.65,4460.0,17.06,3.48,4.44,,
RE4,XSES,Geo Energy Resources Ltd,Energy,Thermal Coal,,SGD,Financial Leverage,,2.48,3.59,3.15,3.98,1.7,1.51,1.38,2.24,2.26,2.56,,
RE4,XSES,Geo Energy Resources Ltd,Energy,Thermal Coal,,SGD,Debt/Equity,,0.55,1.88,1.67,2.25,0.27,0.01,0.01,0.53,0.46,0.56,,
RE4,XSES,Geo Energy Resources Ltd,Energy,Thermal Coal,,SGD,Book Value/Share,,0.13,0.16,0.16,0.15,0.2,0.28,0.38,0.37,0.43,0.39,,
RE4,XSES,Geo Energy Resources Ltd,Energy,Thermal Coal,,SGD,Cap Ex as a % of Sales,,5.0,11.02,13.56,11.97,2.56,0.96,0.54,1.82,10.41,15.09,,
RQ1,XSES,Overseas Education Ltd,Consumer Defensive,Education & Training Services,,SGD,Current Ratio,,1.57,1.64,0.29,1.01,1.05,1.02,1.01,1.07,1.13,1.07,,
RQ1,XSES,Overseas Education Ltd,Consumer Defensive,Education & Training Services,,SGD,Quick Ratio,,1.53,1.58,0.28,0.97,1.01,0.98,0.97,1.03,1.08,1.01,,
RQ1,XSES,Overseas Education Ltd,Consumer Defensive,Education & Training Services,,SGD,Interest Coverage,,1.92,2.08,2.33,3.21,5.26,4.77,2.97,3.16,3.05,1.45,,
RQ1,XSES,Overseas Education Ltd,Consumer Defensive,Education & Training Services,,SGD,Financial Leverage,,2.22,2.19,2.13,2.18,2.12,2.09,2.11,2.07,1.98,1.96,,
RQ1,XSES,Overseas Education Ltd,Consumer Defensive,Education & Training Services,,SGD,Debt/Equity,,0.94,0.91,-,0.78,0.74,0.72,0.67,0.62,0.57,0.55,,
RQ1,XSES,Overseas Education Ltd,Consumer Defensive,Education & Training Services,,SGD,Book Value/Share,,0.37,0.35,0.34,0.33,0.35,0.32,0.32,0.33,0.33,0.32,,
RQ1,XSES,Overseas Education Ltd,Consumer Defensive,Education & Training Services,,SGD,Cap Ex as a % of Sales,,1.24,1.33,1.87,1.88,1.69,1.5,1.09,2.34,1.89,1.29,,
RXS,XSES,Pacific Radiance Ltd,Industrials,Marine Shipping,,SGD,Current Ratio,,1.37,0.21,0.21,0.15,0.11,0.40,1.64,2.15,1.79,2.91,,
RXS,XSES,Pacific Radiance Ltd,Industrials,Marine Shipping,,SGD,Quick Ratio,,1.31,0.20,0.15,0.15,0.10,0.17,1.61,2.07,1.74,2.45,,
RXS,XSES,Pacific Radiance Ltd,Industrials,Marine Shipping,,SGD,Interest Coverage,,-6.15,-16.36,-3.51,-2.19,-1.78,1.67,116.14,16.54,59.5,50.34,,
RXS,XSES,Pacific Radiance Ltd,Industrials,Marine Shipping,,SGD,Financial Leverage,,3.11,-,-,-,-,-,4.64,2.86,1.45,1.29,,
RXS,XSES,Pacific Radiance Ltd,Industrials,Marine Shipping,,SGD,Debt/Equity,,1.6,-,-,-,-,-,1.55,0.93,0.08,0.07,,
RXS,XSES,Pacific Radiance Ltd,Industrials,Marine Shipping,,SGD,Book Value/Share,,5.7,4.13,-,-,-,-,0.07,0.08,0.07,0.08,,
RXS,XSES,Pacific Radiance Ltd,Industrials,Marine Shipping,,SGD,Cap Ex as a % of Sales,,181.88,3.49,2.52,10.10,7.58,19.30,4.68,15.38,45.69,4.56,,
S07,XSES,Shangri-La Asia Ltd,Consumer Cyclical,Lodging,,SGD,Current Ratio,,0.8,1.07,1.11,1.17,0.96,0.69,0.72,0.99,1.44,1.86,,
S07,XSES,Shangri-La Asia Ltd,Consumer Cyclical,Lodging,,SGD,Quick Ratio,,0.7,0.93,0.92,1.0,0.83,0.55,0.59,0.85,1.32,1.75,,
S07,XSES,Shangri-La Asia Ltd,Consumer Cyclical,Lodging,,SGD,Interest Coverage,,2.27,2.88,2.71,2.26,-1.53,-0.75,0.19,1.84,1.72,1.68,,
S07,XSES,Shangri-La Asia Ltd,Consumer Cyclical,Lodging,,SGD,Financial Leverage,,2.17,2.07,2.09,2.22,2.31,2.3,2.4,2.46,2.6,2.71,,
S07,XSES,Shangri-La Asia Ltd,Consumer Cyclical,Lodging,,SGD,Debt/Equity,,0.75,0.75,0.75,0.88,0.94,0.87,0.99,1.07,1.16,1.3,,
S07,XSES,Shangri-La Asia Ltd,Consumer Cyclical,Lodging,,SGD,Book Value/Share,,13.65,13.57,14.35,13.5,12.24,13.1,11.8,11.27,11.27,11.49,,
S07,XSES,Shangri-La Asia Ltd,Consumer Cyclical,Lodging,,SGD,Cap Ex as a % of Sales,,29.06,19.64,11.85,14.13,13.13,9.66,9.91,7.25,5.48,3.03,,
S08,XSES,Singapore Post Ltd,Industrials,Integrated Freight & Logistics,,SGD,Current Ratio,,0.73,1.03,1.05,0.81,1.04,1.17,0.68,1.06,1.09,2.4,,
S08,XSES,Singapore Post Ltd,Industrials,Integrated Freight & Logistics,,SGD,Quick Ratio,,0.69,0.97,0.99,0.78,1.01,1.13,0.63,1.01,1.04,2.35,,
S08,XSES,Singapore Post Ltd,Industrials,Integrated Freight & Logistics,,SGD,Interest Coverage,,37.99,7.21,18.05,6.32,11.17,6.68,9.0,4.57,4.35,10.66,,
S08,XSES,Singapore Post Ltd,Industrials,Integrated Freight & Logistics,,SGD,Financial Leverage,,1.56,1.59,1.56,1.62,1.72,1.68,2.05,2.05,2.27,1.52,,
S08,XSES,Singapore Post Ltd,Industrials,Integrated Freight & Logistics,,SGD,Debt/Equity,,0.13,0.13,0.13,0.01,0.17,0.23,0.38,0.49,0.67,0.23,,
S08,XSES,Singapore Post Ltd,Industrials,Integrated Freight & Logistics,,SGD,Book Value/Share,,0.69,0.7,0.77,0.76,0.72,0.71,0.72,0.67,0.61,0.61,,
S08,XSES,Singapore Post Ltd,Industrials,Integrated Freight & Logistics,,SGD,Cap Ex as a % of Sales,,24.29,14.81,4.24,2.01,2.06,1.56,1.46,1.52,3.27,6.28,,
S19,XSES,Singapore Shipping Corp Ltd,Industrials,Marine Shipping,,SGD,Current Ratio,,0.94,1.05,1.49,2.4,2.19,3.07,4.38,5.41,6.46,7.35,,
S19,XSES,Singapore Shipping Corp Ltd,Industrials,Marine Shipping,,SGD,Quick Ratio,,0.84,0.96,1.39,2.29,2.13,2.99,4.26,5.22,6.26,7.2,,
S19,XSES,Singapore Shipping Corp Ltd,Industrials,Marine Shipping,,SGD,Interest Coverage,,4.22,4.01,5.38,5.94,5.78,7.16,7.91,10.25,9.57,13.24,,
S19,XSES,Singapore Shipping Corp Ltd,Industrials,Marine Shipping,,SGD,Financial Leverage,,2.54,2.18,1.99,1.92,2.0,1.82,1.69,1.59,1.53,1.47,,
S19,XSES,Singapore Shipping Corp Ltd,Industrials,Marine Shipping,,SGD,Debt/Equity,,1.17,0.88,0.7,0.59,0.54,0.41,0.33,0.25,0.19,0.15,,
S19,XSES,Singapore Shipping Corp Ltd,Industrials,Marine Shipping,,SGD,Book Value/Share,,0.23,0.25,0.26,0.29,0.32,0.31,0.35,0.36,0.4,0.43,,
S19,XSES,Singapore Shipping Corp Ltd,Industrials,Marine Shipping,,SGD,Cap Ex as a % of Sales,,3.79,5.46,2.78,4.07,7.3,3.25,2.13,4.18,4.72,5.76,,
S20,XSES,Straits Trading Co Ltd,Basic Materials,Other Industrial Metals & Mining,,SGD,Current Ratio,,1.24,2.39,1.68,2.34,1.22,0.93,1.36,1.97,1.02,1.08,,
S20,XSES,Straits Trading Co Ltd,Basic Materials,Other Industrial Metals & Mining,,SGD,Quick Ratio,,0.95,1.76,1.14,1.65,0.91,0.49,0.9,1.49,0.75,0.76,,
S20,XSES,Straits Trading Co Ltd,Basic Materials,Other Industrial Metals & Mining,,SGD,Interest Coverage,,6.25,3.8,5.9,5.99,4.57,13.33,15.07,0.84,1.31,-0.82,,
S20,XSES,Straits Trading Co Ltd,Basic Materials,Other Industrial Metals & Mining,,SGD,Financial Leverage,,1.62,1.65,1.76,1.74,2.01,1.8,2.02,2.36,2.47,2.46,,
S20,XSES,Straits Trading Co Ltd,Basic Materials,Other Industrial Metals & Mining,,SGD,Debt/Equity,,0.14,0.37,0.42,0.44,0.4,0.29,0.61,0.91,0.73,0.59,,
S20,XSES,Straits Trading Co Ltd,Basic Materials,Other Industrial Metals & Mining,,SGD,Book Value/Share,,3.28,3.46,3.62,3.67,3.56,4.03,5.03,3.6,3.14,2.99,,
S20,XSES,Straits Trading Co Ltd,Basic Materials,Other Industrial Metals & Mining,,SGD,Cap Ex as a % of Sales,,3.88,1.45,1.47,2.82,4.87,4.9,4.11,29.08,21.85,5.59,,
S23,XSES,Singapura Finance Ltd,Financial Services,Credit Services,,SGD,Current Ratio,,-,-,-,-,-,-,-,-,-,-,,
S23,XSES,Singapura Finance Ltd,Financial Services,Credit Services,,SGD,Quick Ratio,,-,-,-,-,-,-,-,-,-,-,,
S23,XSES,Singapura Finance Ltd,Financial Services,Credit Services,,SGD,Interest Coverage,,-,-,-,-,-,-,-,-,-,-,,
S23,XSES,Singapura Finance Ltd,Financial Services,Credit Services,,SGD,Financial Leverage,,-,4.24,3.87,4.33,4.61,4.59,4.65,4.59,5.16,5.79,,
S23,XSES,Singapura Finance Ltd,Financial Services,Credit Services,,SGD,Debt/Equity,,-,-,-,0.00,0.00,0.00,0.00,0.01,0.00,0.01,,
S23,XSES,Singapura Finance Ltd,Financial Services,Credit Services,,SGD,Book Value/Share,,-,1.61,1.61,1.63,1.62,1.60,1.54,1.58,1.57,1.62,,
S23,XSES,Singapura Finance Ltd,Financial Services,Credit Services,,SGD,Cap Ex as a % of Sales,,1.38,3.91,1.52,1.04,2.08,4.08,1.62,1.23,8.20,-,,
S29,XSES,Stamford Tyres Corp Ltd,Consumer Cyclical,Auto Parts,,SGD,Current Ratio,,1.82,1.57,1.7,1.76,1.57,1.69,1.51,1.61,1.76,1.83,,
S29,XSES,Stamford Tyres Corp Ltd,Consumer Cyclical,Auto Parts,,SGD,Quick Ratio,,0.92,0.84,0.82,0.75,0.72,0.86,0.65,0.68,0.83,0.78,,
S29,XSES,Stamford Tyres Corp Ltd,Consumer Cyclical,Auto Parts,,SGD,Interest Coverage,,1.91,3.45,3.03,1.54,0.3,2.18,3.07,2.29,2.62,1.4,,
S29,XSES,Stamford Tyres Corp Ltd,Consumer Cyclical,Auto Parts,,SGD,Financial Leverage,,2.25,2.15,2.1,2.01,2.21,2.18,2.22,2.06,1.88,2.01,,
S29,XSES,Stamford Tyres Corp Ltd,Consumer Cyclical,Auto Parts,,SGD,Debt/Equity,,0.41,0.23,0.26,0.23,0.25,0.29,0.2,0.19,0.14,0.24,,
S29,XSES,Stamford Tyres Corp Ltd,Consumer Cyclical,Auto Parts,,SGD,Book Value/Share,,0.5,0.51,0.53,0.52,0.51,0.5,0.48,0.46,0.46,0.47,,
S29,XSES,Stamford Tyres Corp Ltd,Consumer Cyclical,Auto Parts,,SGD,Cap Ex as a % of Sales,,5.38,3.04,1.99,1.11,0.88,1.96,3.74,0.84,1.07,2.73,,
S35,XSES,Sing Investments & Finance Ltd,Financial Services,Credit Services,,SGD,Current Ratio,,0.50,0.46,0.46,0.41,0.42,0.41,0.43,0.49,0.53,0.39,,
S35,XSES,Sing Investments & Finance Ltd,Financial Services,Credit Services,,SGD,Quick Ratio,,0.48,0.43,0.43,0.38,0.42,0.38,0.4,0.47,0.5,0.36,,
S35,XSES,Sing Investments & Finance Ltd,Financial Services,Credit Services,,SGD,Interest Coverage,,-,-,-,-,-,-,3.06,1.44,1.51,1.78,,
S35,XSES,Sing Investments & Finance Ltd,Financial Services,Credit Services,,SGD,Financial Leverage,,8.39,7.47,7.75,7.82,7.36,7.20,7.5,7.82,7.48,7.05,,
S35,XSES,Sing Investments & Finance Ltd,Financial Services,Credit Services,,SGD,Debt/Equity,,0.00,0.01,0.02,0.01,0.38,0.14,0.0,0.0,0.0,0.0,,
S35,XSES,Sing Investments & Finance Ltd,Financial Services,Credit Services,,SGD,Book Value/Share,,1.38,1.40,1.50,1.55,1.61,1.68,1.68,1.76,1.84,2.01,,
S35,XSES,Sing Investments & Finance Ltd,Financial Services,Credit Services,,SGD,Cap Ex as a % of Sales,,1.00,2.74,7.04,5.84,1.24,1.07,1.6,0.88,0.04,0.53,,
S3N,XSES,Global Resource Construction Ltd,Real Estate,Real Estate Services,,SGD,Current Ratio,,0.78,1.05,0.91,0.74,0.43,0.19,0.61,1.87,0.81,1.16,,
S3N,XSES,Global Resource Construction Ltd,Real Estate,Real Estate Services,,SGD,Quick Ratio,,0.19,0.29,0.22,0.25,0.2,0.11,0.56,0.43,0.07,1.1,,
S3N,XSES,Global Resource Construction Ltd,Real Estate,Real Estate Services,,SGD,Interest Coverage,,-0.72,-6.73,1.52,-0.29,-2.69,1.94,-4.82,2.04,2.27,4.23,,
S3N,XSES,Global Resource Construction Ltd,Real Estate,Real Estate Services,,SGD,Financial Leverage,,4.76,3.62,3.0,2.84,3.2,2.99,2.64,2.27,2.01,3.48,,
S3N,XSES,Global Resource Construction Ltd,Real Estate,Real Estate Services,,SGD,Debt/Equity,,0.18,0.62,0.66,1.4,1.31,0.61,0.99,0.82,0.13,0.27,,
S3N,XSES,Global Resource Construction Ltd,Real Estate,Real Estate Services,,SGD,Book Value/Share,,0.19,0.12,0.08,0.08,0.08,0.06,0.07,0.05,0.05,0.02,,
S3N,XSES,Global Resource Construction Ltd,Real Estate,Real Estate Services,,SGD,Cap Ex as a % of Sales,,25.3,1.09,0.28,0.02,0.07,0.09,1.28,0.2,0.32,0.69,,
S41,XSES,Hong Leong Finance Ltd,Financial Services,Banks - Regional,,SGD,Current Ratio,,-,-,-,-,-,-,-,-,-,-,,
S41,XSES,Hong Leong Finance Ltd,Financial Services,Banks - Regional,,SGD,Quick Ratio,,-,-,-,-,-,-,-,-,-,-,,
S41,XSES,Hong Leong Finance Ltd,Financial Services,Banks - Regional,,SGD,Interest Coverage,,-,-,-,-,-,-,-,-,-,-,,
S41,XSES,Hong Leong Finance Ltd,Financial Services,Banks - Regional,,SGD,Financial Leverage,,7.26,7.20,7.14,7.55,6.97,6.60,7.00,7.26,6.94,6.98,,
S41,XSES,Hong Leong Finance Ltd,Financial Services,Banks - Regional,,SGD,Debt/Equity,,0.00,0.00,0.00,0.02,0.02,0.02,0.02,0.02,0.02,0.02,,
S41,XSES,Hong Leong Finance Ltd,Financial Services,Banks - Regional,,SGD,Book Value/Share,,3.79,3.86,4.15,4.22,4.26,4.33,4.40,4.52,4.62,4.66,,
S41,XSES,Hong Leong Finance Ltd,Financial Services,Banks - Regional,,SGD,Cap Ex as a % of Sales,,0.50,0.27,0.33,2.21,0.22,0.21,0.55,1.38,0.80,2.07,,
S44,XSES,EnGro Corp Ltd,Basic Materials,Building Materials,,SGD,Current Ratio,,4.44,4.77,4.79,4.95,4.6,4.6,6.53,5.13,3.92,2.8,,
S44,XSES,EnGro Corp Ltd,Basic Materials,Building Materials,,SGD,Quick Ratio,,3.75,4.11,4.13,4.2,4.07,4.23,5.89,4.63,3.36,2.51,,
S44,XSES,EnGro Corp Ltd,Basic Materials,Building Materials,,SGD,Interest Coverage,,17.51,14.2,33.44,29.59,83.31,118.58,0.9,-4.31,2.18,15.37,,
S44,XSES,EnGro Corp Ltd,Basic Materials,Building Materials,,SGD,Financial Leverage,,1.16,1.14,1.11,1.12,1.12,1.17,1.15,1.2,1.25,1.32,,
S44,XSES,EnGro Corp Ltd,Basic Materials,Building Materials,,SGD,Debt/Equity,,0.03,0.02,0.01,0.02,0.02,0.07,0.07,0.07,0.09,0.1,,
S44,XSES,EnGro Corp Ltd,Basic Materials,Building Materials,,SGD,Book Value/Share,,1.8,1.8,1.81,1.98,2.02,2.38,2.51,2.3,2.18,2.16,,
S44,XSES,EnGro Corp Ltd,Basic Materials,Building Materials,,SGD,Cap Ex as a % of Sales,,1.8,2.1,0.97,0.59,1.66,1.49,5.51,2.8,5.65,3.65,,
S56,XSES,Samudera Shipping Line Ltd,Industrials,Marine Shipping,,SGD,Current Ratio,,1.88,2.04,2.15,2.54,2.5,2.16,2.63,3.37,3.82,2.5,,
S56,XSES,Samudera Shipping Line Ltd,Industrials,Marine Shipping,,SGD,Quick Ratio,,1.66,1.76,1.94,2.14,2.09,2.02,2.53,3.22,3.63,2.37,,
S56,XSES,Samudera Shipping Line Ltd,Industrials,Marine Shipping,,SGD,Interest Coverage,,-1.02,4.64,5.53,2.71,5.85,47.81,56.98,10.59,6.02,5.45,,
S56,XSES,Samudera Shipping Line Ltd,Industrials,Marine Shipping,,SGD,Financial Leverage,,1.55,1.49,1.53,1.5,1.75,1.79,1.59,1.65,1.64,1.72,,
S56,XSES,Samudera Shipping Line Ltd,Industrials,Marine Shipping,,SGD,Debt/Equity,,0.27,0.19,0.18,0.18,0.37,0.27,0.17,0.36,0.39,0.38,,
S56,XSES,Samudera Shipping Line Ltd,Industrials,Marine Shipping,,SGD,Book Value/Share,,0.66,0.6,0.47,0.47,0.49,0.57,1.09,1.29,1.36,1.42,,
S56,XSES,Samudera Shipping Line Ltd,Industrials,Marine Shipping,,SGD,Cap Ex as a % of Sales,,3.05,2.04,0.99,1.08,0.88,0.59,4.58,17.91,13.89,10.15,,
S58,XSES,SATS Ltd,Industrials,Airports & Air Services,,SGD,Current Ratio,,1.76,2.09,1.83,1.82,1.83,2.34,2.06,4.49,0.7,0.59,,
S58,XSES,SATS Ltd,Industrials,Airports & Air Services,,SGD,Quick Ratio,,1.65,1.91,1.68,1.69,1.67,2.07,1.87,1.42,0.64,0.53,,
S58,XSES,SATS Ltd,Industrials,Airports & Air Services,,SGD,Interest Coverage,,233.2,250.25,399.0,378.56,29.15,-6.09,-0.59,-1.35,1.45,2.46,,
S58,XSES,SATS Ltd,Industrials,Airports & Air Services,,SGD,Financial Leverage,,1.41,1.42,1.44,1.46,1.86,2.0,2.05,2.0,3.57,3.43,,
S58,XSES,SATS Ltd,Industrials,Airports & Air Services,,SGD,Debt/Equity,,0.0,0.06,0.06,0.06,0.3,0.46,0.43,0.61,1.15,0.87,,
S58,XSES,SATS Ltd,Industrials,Airports & Air Services,,SGD,Book Value/Share,,1.25,1.31,1.35,1.36,1.37,1.3,1.33,1.03,1.57,1.7,,
S58,XSES,SATS Ltd,Industrials,Airports & Air Services,,SGD,Cap Ex as a % of Sales,,3.02,5.1,5.75,4.79,3.9,6.34,6.63,6.79,3.6,3.81,,
S59,XSES,,,,,SGD,Current Ratio,,,3.51,3.66,3.93,4.14,4.43,5.13,4.42,3.32,2.88,2.66,
S59,XSES,,,,,SGD,Quick Ratio,,,2.95,3.48,3.74,3.88,4.19,4.89,4.16,3.09,2.67,2.46,
S59,XSES,,,,,SGD,Interest Coverage,,,489.35,268.39,191.9,54.85,-11.18,19.67,34.63,23.65,39.18,34.76,
S59,XSES,,,,,SGD,Financial Leverage,,,1.23,1.22,1.21,1.23,1.18,1.14,1.19,1.24,1.24,1.29,
S59,XSES,,,,,SGD,Debt/Equity,,,0.01,0.01,0.01,0.05,0.04,0.02,0.05,0.05,0.04,0.07,
S59,XSES,,,,,SGD,Book Value/Share,,,1.36,1.3,1.33,1.38,1.37,1.4,1.5,1.5,1.47,1.51,
S59,XSES,,,,,SGD,Cap Ex as a % of Sales,,,3.94,3.93,3.9,4.39,4.6,4.11,7.49,4.45,5.17,0.0,
S61,XSES,SBS Transit Ltd,Industrials,Railroads,,SGD,Current Ratio,,0.36,0.68,0.9,0.95,1.26,1.46,1.68,1.93,2.34,2.46,,
S61,XSES,SBS Transit Ltd,Industrials,Railroads,,SGD,Quick Ratio,,0.2,0.4,0.54,0.6,0.92,1.14,1.37,1.64,1.89,2.03,,
S61,XSES,SBS Transit Ltd,Industrials,Railroads,,SGD,Interest Coverage,,7.97,13.29,28.78,24.39,24.72,40.21,57.32,59.07,116.02,123.87,,
S61,XSES,SBS Transit Ltd,Industrials,Railroads,,SGD,Financial Leverage,,2.52,2.42,2.13,2.16,1.94,1.92,1.88,1.72,1.61,1.6,,
S61,XSES,SBS Transit Ltd,Industrials,Railroads,,SGD,Debt/Equity,,0.16,0.28,0.15,0.14,0.1,0.13,0.11,0.01,0.01,0.0,,
S61,XSES,SBS Transit Ltd,Industrials,Railroads,,SGD,Book Value/Share,,1.31,1.4,1.53,1.63,1.73,1.94,2.02,2.13,2.24,2.17,,
S61,XSES,SBS Transit Ltd,Industrials,Railroads,,SGD,Cap Ex as a % of Sales,,2.13,2.94,2.01,2.0,1.49,2.52,0.7,1.03,1.3,1.6,,
S63,XSES,Singapore Technologies Engineering Ltd,Industrials,Aerospace & Defense,,SGD,Current Ratio,,1.27,1.21,1.06,0.85,1.18,1.14,0.77,0.91,0.89,1.08,,
S63,XSES,Singapore Technologies Engineering Ltd,Industrials,Aerospace & Defense,,SGD,Quick Ratio,,0.77,0.76,0.76,0.61,0.85,0.87,0.55,0.64,0.64,0.77,,
S63,XSES,Singapore Technologies Engineering Ltd,Industrials,Aerospace & Defense,,SGD,Interest Coverage,,14.92,16.13,14.83,16.54,11.78,15.15,5.35,3.99,4.84,4.54,,
S63,XSES,Singapore Technologies Engineering Ltd,Industrials,Aerospace & Defense,,SGD,Financial Leverage,,3.83,3.78,3.37,4.28,4.17,4.36,6.24,6.25,6.07,6.23,,
S63,XSES,Singapore Technologies Engineering Ltd,Industrials,Aerospace & Defense,,SGD,Debt/Equity,,0.46,0.4,0.12,0.21,0.68,0.64,1.21,1.44,1.08,1.24,,
S63,XSES,Singapore Technologies Engineering Ltd,Industrials,Aerospace & Defense,,SGD,Book Value/Share,,0.63,0.67,0.68,0.68,0.72,0.73,0.75,0.79,0.82,0.87,,
S63,XSES,Singapore Technologies Engineering Ltd,Industrials,Aerospace & Defense,,SGD,Cap Ex as a % of Sales,,4.9,5.22,6.74,5.01,4.01,5.57,10.69,6.1,4.83,4.7,,
S68,XSES,Singapore Exchange Ltd,Financial Services,Financial Data & Stock Exchanges,,SGD,Current Ratio,,1.64,1.66,1.70,1.57,1.36,1.84,1.49,1.33,1.81,2.02,,
S68,XSES,Singapore Exchange Ltd,Financial Services,Financial Data & Stock Exchanges,,SGD,Quick Ratio,,1.64,1.66,1.70,1.57,1.36,1.84,1.46,1.3,1.78,1.98,,
S68,XSES,Singapore Exchange Ltd,Financial Services,Financial Data & Stock Exchanges,,SGD,Interest Coverage,,-,-,-,-,198.7,113.19,74.75,93.93,69.74,46.33,,
S68,XSES,Singapore Exchange Ltd,Financial Services,Financial Data & Stock Exchanges,,SGD,Financial Leverage,,2.13,1.98,1.93,1.95,2.15,2.18,2.49,2.22,2.03,1.88,,
S68,XSES,Singapore Exchange Ltd,Financial Services,Financial Data & Stock Exchanges,,SGD,Debt/Equity,,-,-,-,-,0.06,0.37,0.47,0.21,0.36,0.3,,
S68,XSES,Singapore Exchange Ltd,Financial Services,Financial Data & Stock Exchanges,,SGD,Book Value/Share,,0.86,0.88,0.95,0.92,1.01,1.18,1.32,1.4,1.59,1.9,,
S68,XSES,Singapore Exchange Ltd,Financial Services,Financial Data & Stock Exchanges,,SGD,Cap Ex as a % of Sales,,9.03,7.51,9.30,5.20,3.29,4.29,4.02,4.55,5.24,4.97,,
S69,XSES,Serial System Ltd,Technology,Electronics & Computer Distribution,,SGD,Current Ratio,,1.16,1.18,1.23,1.44,1.46,1.45,1.33,1.34,1.28,1.3,,
S69,XSES,Serial System Ltd,Technology,Electronics & Computer Distribution,,SGD,Quick Ratio,,0.73,0.74,0.84,0.9,0.97,0.9,0.75,0.81,0.81,0.81,,
S69,XSES,Serial System Ltd,Technology,Electronics & Computer Distribution,,SGD,Interest Coverage,,2.48,2.52,2.69,1.81,1.31,3.68,0.57,-0.14,1.06,1.33,,
S69,XSES,Serial System Ltd,Technology,Electronics & Computer Distribution,,SGD,Financial Leverage,,4.27,4.03,3.81,2.8,2.8,2.9,3.29,3.2,3.24,3.43,,
S69,XSES,Serial System Ltd,Technology,Electronics & Computer Distribution,,SGD,Debt/Equity,,0.13,0.08,0.03,0.07,0.07,0.11,0.05,0.1,0.02,0.17,,
S69,XSES,Serial System Ltd,Technology,Electronics & Computer Distribution,,SGD,Book Value/Share,,0.2,0.2,0.22,0.21,0.2,0.22,0.22,0.18,0.18,0.19,,
S69,XSES,Serial System Ltd,Technology,Electronics & Computer Distribution,,SGD,Cap Ex as a % of Sales,,0.19,0.08,0.12,0.07,0.08,0.11,0.12,0.11,0.12,0.07,,
S71,XSES,Sunright Ltd,Technology,Semiconductors,,SGD,Current Ratio,,2.87,2.39,3.28,3.67,4.44,5.86,5.15,4.21,3.98,3.79,,
S71,XSES,Sunright Ltd,Technology,Semiconductors,,SGD,Quick Ratio,,2.68,2.22,3.1,3.45,4.19,5.34,4.59,3.88,3.86,3.63,,
S71,XSES,Sunright Ltd,Technology,Semiconductors,,SGD,Interest Coverage,,8.85,18.34,10.93,0.81,2.65,9.3,-7.15,-3.08,3.37,-5.53,,
S71,XSES,Sunright Ltd,Technology,Semiconductors,,SGD,Financial Leverage,,2.34,2.51,2.42,2.3,2.13,2.06,2.16,2.44,2.33,2.3,,
S71,XSES,Sunright Ltd,Technology,Semiconductors,,SGD,Debt/Equity,,0.06,0.16,0.19,0.07,0.04,0.06,0.1,0.26,0.16,0.04,,
S71,XSES,Sunright Ltd,Technology,Semiconductors,,SGD,Book Value/Share,,0.58,0.58,0.68,0.68,0.67,0.7,0.67,0.62,0.55,0.58,,
S71,XSES,Sunright Ltd,Technology,Semiconductors,,SGD,Cap Ex as a % of Sales,,7.92,23.62,9.43,7.0,3.98,12.66,28.93,15.95,6.11,7.68,,
S7OU,XSES,Asian Pay Television Trust,Communication Services,Entertainment,,SGD,Current Ratio,,0.71,0.73,0.89,0.93,0.4,0.79,0.74,0.74,0.73,0.6,,
S7OU,XSES,Asian Pay Television Trust,Communication Services,Entertainment,,SGD,Quick Ratio,,0.69,0.72,0.86,0.78,0.39,0.78,0.7,0.71,0.68,0.55,,
S7OU,XSES,Asian Pay Television Trust,Communication Services,Entertainment,,SGD,Interest Coverage,,2.57,2.17,1.57,1.69,1.72,1.76,2.44,-8.16,2.74,1.81,,
S7OU,XSES,Asian Pay Television Trust,Communication Services,Entertainment,,SGD,Financial Leverage,,2.23,2.35,2.61,2.62,2.48,2.44,2.38,3.12,3.0,2.81,,
S7OU,XSES,Asian Pay Television Trust,Communication Services,Entertainment,,SGD,Debt/Equity,,1.05,1.16,1.4,1.4,1.13,1.18,1.1,1.71,1.59,1.46,,
S7OU,XSES,Asian Pay Television Trust,Communication Services,Entertainment,,SGD,Book Value/Share,,0.84,0.83,0.78,0.74,0.66,0.69,0.65,0.62,0.37,0.39,,
S7OU,XSES,Asian Pay Television Trust,Communication Services,Entertainment,,SGD,Cap Ex as a % of Sales,,31.71,29.6,27.57,31.41,19.4,11.38,12.62,12.6,14.15,13.57,,
S85,XSES,Straco Corp Ltd,Consumer Cyclical,Leisure,,SGD,Current Ratio,,6.94,7.78,8.48,8.89,6.14,12.81,15.29,12.97,13.81,15.11,,
S85,XSES,Straco Corp Ltd,Consumer Cyclical,Leisure,,SGD,Quick Ratio,,6.82,7.66,8.36,8.71,5.99,12.6,14.95,12.7,13.53,14.83,,
S85,XSES,Straco Corp Ltd,Consumer Cyclical,Leisure,,SGD,Interest Coverage,,43.27,57.59,51.98,22.99,0.57,10.61,-6.59,25.09,27.48,22.61,,
S85,XSES,Straco Corp Ltd,Consumer Cyclical,Leisure,,SGD,Financial Leverage,,1.45,1.38,1.32,1.42,1.42,1.35,1.36,1.33,1.32,1.3,,
S85,XSES,Straco Corp Ltd,Consumer Cyclical,Leisure,,SGD,Debt/Equity,,0.19,0.14,0.09,0.2,0.17,0.18,0.19,0.17,0.15,0.14,,
S85,XSES,Straco Corp Ltd,Consumer Cyclical,Leisure,,SGD,Book Value/Share,,0.27,0.3,0.32,0.33,0.31,0.32,0.3,0.29,0.3,0.3,,
S85,XSES,Straco Corp Ltd,Consumer Cyclical,Leisure,,SGD,Cap Ex as a % of Sales,,3.0,2.04,3.59,5.26,18.85,9.7,9.07,4.97,4.52,10.1,,
S9B,XSES,Amcorp Global Ltd,Real Estate,Real Estate - Development,,SGD,Current Ratio,,3.38,2.55,2.59,2.49,-,1.92,2.44,4.32,1.55,7.49,,
S9B,XSES,Amcorp Global Ltd,Real Estate,Real Estate - Development,,SGD,Quick Ratio,,1.04,0.69,0.5,0.73,-,0.38,0.66,1.84,1.09,3.56,,
S9B,XSES,Amcorp Global Ltd,Real Estate,Real Estate - Development,,SGD,Interest Coverage,,1.92,1.35,0.38,-2.25,0.04,-2.82,2.17,-2.71,1.60,-,,
S9B,XSES,Amcorp Global Ltd,Real Estate,Real Estate - Development,,SGD,Financial Leverage,,2.57,2.67,3.04,3.28,-,3.01,3.15,2.43,2.67,1.48,,
S9B,XSES,Amcorp Global Ltd,Real Estate,Real Estate - Development,,SGD,Debt/Equity,,1.03,0.74,0.9,1.15,-,0.66,1.08,0.87,0.01,0.30,,
S9B,XSES,Amcorp Global Ltd,Real Estate,Real Estate - Development,,SGD,Book Value/Share,,0.35,0.36,0.34,0.33,-,0.21,0.2,0.18,0.17,0.14,,
S9B,XSES,Amcorp Global Ltd,Real Estate,Real Estate - Development,,SGD,Cap Ex as a % of Sales,,45.76,8.53,0.02,0.26,0.14,0.68,0.18,0.01,-,-,,
SEG,XSES,Concord New Energy Group Ltd,Utilities,Utilities - Renewable,,SGD,Current Ratio,,1.15,1.03,1.03,1.17,1.31,1.31,1.02,1.02,1.03,1.02,,
SEG,XSES,Concord New Energy Group Ltd,Utilities,Utilities - Renewable,,SGD,Quick Ratio,,0.74,0.81,0.87,0.68,1.17,1.14,0.88,0.70,0.52,0.51,,
SEG,XSES,Concord New Energy Group Ltd,Utilities,Utilities - Renewable,,SGD,Interest Coverage,,4.35,2.46,2.76,2.69,2.89,3.09,3.11,2.63,2.27,1.43,,
SEG,XSES,Concord New Energy Group Ltd,Utilities,Utilities - Renewable,,SGD,Financial Leverage,,2.83,2.87,3.34,3.35,3.04,3.25,3.47,3.77,3.69,3.89,,
SEG,XSES,Concord New Energy Group Ltd,Utilities,Utilities - Renewable,,SGD,Debt/Equity,,0.65,1.02,1.45,1.53,1.27,1.37,1.49,1.79,1.67,1.96,,
SEG,XSES,Concord New Energy Group Ltd,Utilities,Utilities - Renewable,,SGD,Book Value/Share,,-,-,-,-,-,-,-,-,-,-,,
SEG,XSES,Concord New Energy Group Ltd,Utilities,Utilities - Renewable,,SGD,Cap Ex as a % of Sales,,98.77,249.74,169.57,75.71,71.54,143.54,191.55,186.70,183.93,129.70,,
SEJ,XSES,Noontalk Media Ltd,Communication Services,Entertainment,,SGD,Current Ratio,,-,-,-,-,1.57,1.37,1.16,3.58,1.27,1.01,,
SEJ,XSES,Noontalk Media Ltd,Communication Services,Entertainment,,SGD,Quick Ratio,,-,-,-,-,1.51,1.30,1.04,2.69,0.94,0.81,,
SEJ,XSES,Noontalk Media Ltd,Communication Services,Entertainment,,SGD,Interest Coverage,,1.14,2.42,1.22,-37.60,-95.42,-74.88,-,-,-,-,,
SEJ,XSES,Noontalk Media Ltd,Communication Services,Entertainment,,SGD,Financial Leverage,,-,-,-,-,3.46,3.35,4.96,1.46,3.03,-,,
SEJ,XSES,Noontalk Media Ltd,Communication Services,Entertainment,,SGD,Debt/Equity,,-,-,-,-,0.84,0.31,0.86,0.12,0.16,-,,
SEJ,XSES,Noontalk Media Ltd,Communication Services,Entertainment,,SGD,Book Value/Share,,-,-,-,-,-,-,-,0.03,0.02,0.00,,
SEJ,XSES,Noontalk Media Ltd,Communication Services,Entertainment,,SGD,Cap Ex as a % of Sales,,0.68,1.25,6.69,1.18,0.93,-,-,-,-,-,,
SES,XSES,,,,,SGD,Current Ratio,,4.39,3.27,1.99,1.74,1.21,1.79,1.28,0.98,-,-,,
SES,XSES,,,,,SGD,Quick Ratio,,3.19,2.43,1.46,0.54,0.99,1.61,1.13,0.83,-,-,,
SES,XSES,,,,,SGD,Interest Coverage,,-48.22,-121.9,-44.67,-29.98,-9.47,-17.76,-1.14,-0.62,-,-,,
SES,XSES,,,,,SGD,Financial Leverage,,1.1,1.13,1.22,1.22,5.36,4.99,5.49,6.89,-,-,,
SES,XSES,,,,,SGD,Debt/Equity,,0.0,0.0,0.0,0.00,3.64,2.69,3.06,3.71,-,-,,
SES,XSES,,,,,SGD,Book Value/Share,,0.42,0.4,0.36,0.29,0.16,0.04,0.03,0.03,-,-,,
SES,XSES,,,,,SGD,Cap Ex as a % of Sales,,0.17,0.35,0.21,-,-,-,12.76,2.55,-,-,,
SET,XSES,Stoneweg Europe Stapled Trust Unit,Real Estate,REIT - Diversified,,SGD,Current Ratio,,-,-,1.40,2.04,1.07,0.86,0.41,1.38,0.15,1.49,,
SET,XSES,Stoneweg Europe Stapled Trust Unit,Real Estate,REIT - Diversified,,SGD,Quick Ratio,,-,-,1.01,1.05,0.96,0.73,0.36,1.0,0.10,1.35,,
SET,XSES,Stoneweg Europe Stapled Trust Unit,Real Estate,REIT - Diversified,,SGD,Interest Coverage,,-,11.69,7.94,8.04,3.79,-0.67,2.46,3.1,-,-,,
SET,XSES,Stoneweg Europe Stapled Trust Unit,Real Estate,REIT - Diversified,,SGD,Financial Leverage,,-,-,1.62,1.72,1.73,1.72,1.82,1.89,1.93,1.98,,
SET,XSES,Stoneweg Europe Stapled Trust Unit,Real Estate,REIT - Diversified,,SGD,Debt/Equity,,-,-,0.53,0.61,0.65,0.61,0.68,0.76,0.41,0.83,,
SET,XSES,Stoneweg Europe Stapled Trust Unit,Real Estate,REIT - Diversified,,SGD,Book Value/Share,,-,-,-,2.51,2.52,2.5,2.64,2.42,2.21,2.18,,
SET,XSES,Stoneweg Europe Stapled Trust Unit,Real Estate,REIT - Diversified,,SGD,Cap Ex as a % of Sales,,7.41,6.34,11.21,11.31,17.51,38.36,20.48,21.01,-,-,,
SGR,XSES,Sheffield Green Ltd,Industrials,Staffing & Employment Services,,SGD,Current Ratio,,-,-,-,-,0.85,0.97,1.48,1.67,2.71,1.86,,
SGR,XSES,Sheffield Green Ltd,Industrials,Staffing & Employment Services,,SGD,Quick Ratio,,-,-,-,-,0.83,0.93,1.48,1.57,2.54,1.70,,
SGR,XSES,Sheffield Green Ltd,Industrials,Staffing & Employment Services,,SGD,Interest Coverage,,-,718.74,141.73,296.35,67.98,40.36,-,-,-,-,,
SGR,XSES,Sheffield Green Ltd,Industrials,Staffing & Employment Services,,SGD,Financial Leverage,,-,-,-,-,-,12.38,2.75,2.44,1.57,1.69,,
SGR,XSES,Sheffield Green Ltd,Industrials,Staffing & Employment Services,,SGD,Debt/Equity,,-,-,-,-,-,0.16,-,0.01,0.05,0.04,,
SGR,XSES,Sheffield Green Ltd,Industrials,Staffing & Employment Services,,SGD,Book Value/Share,,-,-,-,-,-,-,-,-,0.07,0.05,,
SGR,XSES,Sheffield Green Ltd,Industrials,Staffing & Employment Services,,SGD,Cap Ex as a % of Sales,,0.29,0.77,0.11,0.11,0.29,8.15,-,-,-,-,,
SHE,XSES,Soon Hock Enterprise Holding Ltd,Real Estate,Real Estate - Diversified,,SGD,Current Ratio,,-,-,-,-,-,-,0.92,1.85,4.20,1.85,,
SHE,XSES,Soon Hock Enterprise Holding Ltd,Real Estate,Real Estate - Diversified,,SGD,Quick Ratio,,-,-,-,-,-,-,0.16,0.64,0.32,0.80,,
SHE,XSES,Soon Hock Enterprise Holding Ltd,Real Estate,Real Estate - Diversified,,SGD,Interest Coverage,,-3.52,620.21,14.75,73.33,-,-,-,-,-,-,,
SHE,XSES,Soon Hock Enterprise Holding Ltd,Real Estate,Real Estate - Diversified,,SGD,Financial Leverage,,-,-,-,-,-,-,51.21,8.15,5.61,4.56,,
SHE,XSES,Soon Hock Enterprise Holding Ltd,Real Estate,Real Estate - Diversified,,SGD,Debt/Equity,,-,-,-,-,-,-,2.11,3.01,3.38,1.22,,
SHE,XSES,Soon Hock Enterprise Holding Ltd,Real Estate,Real Estate - Diversified,,SGD,Book Value/Share,,-,-,-,-,-,-,-,-,-,0.27,,
SHE,XSES,Soon Hock Enterprise Holding Ltd,Real Estate,Real Estate - Diversified,,SGD,Cap Ex as a % of Sales,,177.27,4.94,119.82,0.91,-,-,-,-,-,-,,
SO7,XSES,Yangzijiang Shipbuilding (Holdings) Ltd,Industrials,Aerospace & Defense,,SGD,Current Ratio,,2.12,2.17,2.74,3.07,3.82,3.27,1.88,1.66,1.69,1.76,,
SO7,XSES,Yangzijiang Shipbuilding (Holdings) Ltd,Industrials,Aerospace & Defense,,SGD,Quick Ratio,,1.62,1.68,2.17,2.58,3.25,2.88,1.58,1.41,1.39,1.09,,
SO7,XSES,Yangzijiang Shipbuilding (Holdings) Ltd,Industrials,Aerospace & Defense,,SGD,Interest Coverage,,11.54,21.12,38.23,23.84,31.27,45.93,31.93,54.39,69.90,93.50,,
SO7,XSES,Yangzijiang Shipbuilding (Holdings) Ltd,Industrials,Aerospace & Defense,,SGD,Financial Leverage,,1.82,1.68,1.56,1.47,1.39,1.44,1.88,1.95,2.08,1.81,,
SO7,XSES,Yangzijiang Shipbuilding (Holdings) Ltd,Industrials,Aerospace & Defense,,SGD,Debt/Equity,,0.2,0.09,0.10,0.07,0.07,0.05,0.13,0.08,0.09,-,,
SO7,XSES,Yangzijiang Shipbuilding (Holdings) Ltd,Industrials,Aerospace & Defense,,SGD,Book Value/Share,,5.77,-,-,-,-,-,-,-,-,7.05,,
SO7,XSES,Yangzijiang Shipbuilding (Holdings) Ltd,Industrials,Aerospace & Defense,,SGD,Cap Ex as a % of Sales,,2.28,0.27,2.12,2.26,1.98,4.01,4.38,3.30,4.00,6.87,,
STG,XSES,Sri Trang Gloves Thailand PCL Ordinary Shares (Alien Market),Basic Materials,Specialty Chemicals,,SGD,Current Ratio,,8.01,1.27,1.80,1.56,5.69,5.23,4.62,3.63,1.94,2.17,,
STG,XSES,Sri Trang Gloves Thailand PCL Ordinary Shares (Alien Market),Basic Materials,Specialty Chemicals,,SGD,Quick Ratio,,6.66,0.74,1.06,0.95,5.14,4.35,3.77,2.73,1.29,1.41,,
STG,XSES,Sri Trang Gloves Thailand PCL Ordinary Shares (Alien Market),Basic Materials,Specialty Chemicals,,SGD,Interest Coverage,,-,6.75,8.35,4.70,113.18,204.19,11.08,1.56,4.7,0.0,,
STG,XSES,Sri Trang Gloves Thailand PCL Ordinary Shares (Alien Market),Basic Materials,Specialty Chemicals,,SGD,Financial Leverage,,1.11,3.58,4.38,3.00,1.37,1.34,1.32,1.26,1.27,1.2,,
STG,XSES,Sri Trang Gloves Thailand PCL Ordinary Shares (Alien Market),Basic Materials,Specialty Chemicals,,SGD,Debt/Equity,,-,1.08,1.75,1.33,0.17,0.19,0.19,0.14,0.07,0.06,,
STG,XSES,Sri Trang Gloves Thailand PCL Ordinary Shares (Alien Market),Basic Materials,Specialty Chemicals,,SGD,Book Value/Share,,-,-,-,-,-,0.56,0.51,0.5,0.51,0.56,,
STG,XSES,Sri Trang Gloves Thailand PCL Ordinary Shares (Alien Market),Basic Materials,Specialty Chemicals,,SGD,Cap Ex as a % of Sales,,3.73,6.32,13.98,26.52,6.76,22.4,30.36,5.47,5.02,3.67,,
T12,XSES,Tat Seng Packaging Group Ltd,Consumer Cyclical,Packaging & Containers,,SGD,Current Ratio,,1.49,1.42,1.48,1.73,1.89,1.83,2.08,1.93,2.02,2.29,,
T12,XSES,Tat Seng Packaging Group Ltd,Consumer Cyclical,Packaging & Containers,,SGD,Quick Ratio,,1.29,1.2,1.27,1.5,1.62,1.52,1.8,1.74,1.81,2.04,,
T12,XSES,Tat Seng Packaging Group Ltd,Consumer Cyclical,Packaging & Containers,,SGD,Interest Coverage,,24.28,26.17,18.4,9.95,19.73,22.66,17.32,25.23,18.34,21.23,,
T12,XSES,Tat Seng Packaging Group Ltd,Consumer Cyclical,Packaging & Containers,,SGD,Financial Leverage,,2.14,2.3,2.36,1.97,1.85,1.86,1.66,1.68,1.62,1.56,,
T12,XSES,Tat Seng Packaging Group Ltd,Consumer Cyclical,Packaging & Containers,,SGD,Debt/Equity,,0.01,0.0,0.14,0.13,0.07,0.02,0.04,0.03,0.03,0.04,,
T12,XSES,Tat Seng Packaging Group Ltd,Consumer Cyclical,Packaging & Containers,,SGD,Book Value/Share,,0.6,0.67,0.79,0.82,0.92,1.09,1.19,1.18,1.26,1.28,,
T12,XSES,Tat Seng Packaging Group Ltd,Consumer Cyclical,Packaging & Containers,,SGD,Cap Ex as a % of Sales,,4.02,5.52,9.13,3.5,1.39,2.48,5.84,4.39,1.71,4.08,,
T13,XSES,RH Petrogas Ltd,Energy,Oil & Gas E&P,,SGD,Current Ratio,,0.50,0.59,0.72,0.64,0.66,1.3,1.83,1.62,2.13,2.42,,
T13,XSES,RH Petrogas Ltd,Energy,Oil & Gas E&P,,SGD,Quick Ratio,,0.47,0.55,0.54,0.48,0.65,1.28,1.8,1.38,1.83,2.08,,
T13,XSES,RH Petrogas Ltd,Energy,Oil & Gas E&P,,SGD,Interest Coverage,,-4.27,100.22,19.86,1.91,-0.28,26.69,30.82,7.66,44.25,14.57,,
T13,XSES,RH Petrogas Ltd,Energy,Oil & Gas E&P,,SGD,Financial Leverage,,-,-,-,-,-,3.51,2.36,2.49,1.9,1.83,,
T13,XSES,RH Petrogas Ltd,Energy,Oil & Gas E&P,,SGD,Debt/Equity,,-,-,-,-,-,0.42,0.13,0.07,0.07,0.03,,
T13,XSES,RH Petrogas Ltd,Energy,Oil & Gas E&P,,SGD,Book Value/Share,,-0.04,-0.05,-0.03,-0.03,-0.03,-0.01,0.05,0.07,0.09,0.09,,
T13,XSES,RH Petrogas Ltd,Energy,Oil & Gas E&P,,SGD,Cap Ex as a % of Sales,,5.31,5.63,5.05,14.80,0.65,1.01,0.29,12.36,26.77,5.45,,
T14,XSES,Tianjin Pharmaceutical Da Ren Tang Group Corp Ltd Class S,Healthcare,Drug Manufacturers - Specialty & Generic,,SGD,Current Ratio,,2.02,2.13,2.50,2.38,2.59,2.64,2.17,2.03,2.35,1.59,,
T14,XSES,Tianjin Pharmaceutical Da Ren Tang Group Corp Ltd Class S,Healthcare,Drug Manufacturers - Specialty & Generic,,SGD,Quick Ratio,,1.36,1.36,1.70,1.54,1.85,1.76,1.7,1.49,1.52,0.58,,
T14,XSES,Tianjin Pharmaceutical Da Ren Tang Group Corp Ltd Class S,Healthcare,Drug Manufacturers - Specialty & Generic,,SGD,Interest Coverage,,29.00,56.66,57.29,152.88,115325.01,298.17,96.46,31.55,65.16,272.48,,
T14,XSES,Tianjin Pharmaceutical Da Ren Tang Group Corp Ltd Class S,Healthcare,Drug Manufacturers - Specialty & Generic,,SGD,Financial Leverage,,1.54,1.48,1.44,1.46,1.43,1.42,1.56,1.55,1.37,1.65,,
T14,XSES,Tianjin Pharmaceutical Da Ren Tang Group Corp Ltd Class S,Healthcare,Drug Manufacturers - Specialty & Generic,,SGD,Debt/Equity,,-,-,-,0.01,0.01,0.0,0.02,0.04,0.0,0.0,,
T14,XSES,Tianjin Pharmaceutical Da Ren Tang Group Corp Ltd Class S,Healthcare,Drug Manufacturers - Specialty & Generic,,SGD,Book Value/Share,,0.78,0.87,0.89,0.97,1.12,1.27,1.25,1.18,1.14,1.67,,
T14,XSES,Tianjin Pharmaceutical Da Ren Tang Group Corp Ltd Class S,Healthcare,Drug Manufacturers - Specialty & Generic,,SGD,Cap Ex as a % of Sales,,1.88,2.01,2.76,2.94,2.86,2.27,1.31,1.71,1.61,2.41,,
T15,XSES,Tan Chong International Ltd,Consumer Cyclical,Auto & Truck Dealerships,,SGD,Current Ratio,,1.67,1.85,1.94,1.58,1.88,1.59,1.2,1.27,1.2,1.11,,
T15,XSES,Tan Chong International Ltd,Consumer Cyclical,Auto & Truck Dealerships,,SGD,Quick Ratio,,1.23,1.37,1.44,1.11,1.42,1.15,0.63,0.82,0.78,0.74,,
T15,XSES,Tan Chong International Ltd,Consumer Cyclical,Auto & Truck Dealerships,,SGD,Interest Coverage,,8.55,11.73,11.29,6.29,4.33,12.34,8.36,3.97,5.24,4.16,,
T15,XSES,Tan Chong International Ltd,Consumer Cyclical,Auto & Truck Dealerships,,SGD,Financial Leverage,,1.69,1.68,1.66,1.73,1.65,1.6,2.06,2.12,2.14,2.02,,
T15,XSES,Tan Chong International Ltd,Consumer Cyclical,Auto & Truck Dealerships,,SGD,Debt/Equity,,0.02,0.09,0.11,0.08,0.13,0.15,0.22,0.29,0.31,0.21,,
T15,XSES,Tan Chong International Ltd,Consumer Cyclical,Auto & Truck Dealerships,,SGD,Book Value/Share,,5.66,5.73,5.72,5.53,5.19,5.31,5.22,5.36,5.37,5.73,,
T15,XSES,Tan Chong International Ltd,Consumer Cyclical,Auto & Truck Dealerships,,SGD,Cap Ex as a % of Sales,,2.6,4.07,4.41,2.98,3.41,2.49,3.9,4.78,5.2,4.26,,
T24,XSES,Tuan Sing Holdings Ltd,Real Estate,Real Estate - Diversified,,SGD,Current Ratio,,3.69,1.21,0.62,1.56,1.65,1.13,1.31,0.88,2.82,2.46,,
T24,XSES,Tuan Sing Holdings Ltd,Real Estate,Real Estate - Diversified,,SGD,Quick Ratio,,2.16,0.74,0.21,0.66,0.51,0.69,0.8,0.63,2.08,1.8,,
T24,XSES,Tuan Sing Holdings Ltd,Real Estate,Real Estate - Diversified,,SGD,Interest Coverage,,2.64,3.16,4.47,1.76,2.4,3.44,1.02,1.04,0.98,1.7,,
T24,XSES,Tuan Sing Holdings Ltd,Real Estate,Real Estate - Diversified,,SGD,Financial Leverage,,2.31,2.68,2.67,2.71,2.71,2.21,2.17,2.14,2.21,2.29,,
T24,XSES,Tuan Sing Holdings Ltd,Real Estate,Real Estate - Diversified,,SGD,Debt/Equity,,1.11,1.2,0.68,1.29,1.08,0.64,0.77,0.68,1.08,1.14,,
T24,XSES,Tuan Sing Holdings Ltd,Real Estate,Real Estate - Diversified,,SGD,Book Value/Share,,0.75,0.78,0.82,0.9,0.95,1.06,1.02,1.0,0.98,0.96,,
T24,XSES,Tuan Sing Holdings Ltd,Real Estate,Real Estate - Diversified,,SGD,Cap Ex as a % of Sales,,2.95,2.28,1.02,2.29,2.82,2.67,5.27,2.3,68.57,13.12,,
T41,XSES,TeleChoice International Ltd,Communication Services,Telecom Services,,SGD,Current Ratio,,1.68,1.54,1.64,1.63,1.94,1.78,1.54,1.31,1.23,1.23,,
T41,XSES,TeleChoice International Ltd,Communication Services,Telecom Services,,SGD,Quick Ratio,,1.22,1.10,1.39,1.41,1.79,1.58,1.35,0.95,0.95,0.9,,
T41,XSES,TeleChoice International Ltd,Communication Services,Telecom Services,,SGD,Interest Coverage,,9.39,9.30,6.38,5.29,-2.41,-2.44,-18.47,-13.47,3.73,4.33,,
T41,XSES,TeleChoice International Ltd,Communication Services,Telecom Services,,SGD,Financial Leverage,,2.28,2.37,2.19,2.23,1.9,2.03,2.58,4.04,5.66,5.1,,
T41,XSES,TeleChoice International Ltd,Communication Services,Telecom Services,,SGD,Debt/Equity,,0.07,-,-,0.09,0.05,0.06,0.02,0.01,0.1,0.03,,
T41,XSES,TeleChoice International Ltd,Communication Services,Telecom Services,,SGD,Book Value/Share,,0.16,0.15,0.15,0.15,0.15,0.12,0.12,0.09,0.07,0.08,,
T41,XSES,TeleChoice International Ltd,Communication Services,Telecom Services,,SGD,Cap Ex as a % of Sales,,0.44,0.52,0.24,0.18,0.42,0.6,0.32,0.19,0.25,0.28,,
T43,XSES,Yunnan Energy International Co Ltd,Technology,Scientific & Technical Instruments,,SGD,Current Ratio,,1.84,1.87,2.18,11.07,6.19,3.36,4.39,2.08,1.49,1.47,,
T43,XSES,Yunnan Energy International Co Ltd,Technology,Scientific & Technical Instruments,,SGD,Quick Ratio,,1.31,1.27,1.73,7.92,5.65,2.07,2.01,1.81,0.87,1.06,,
T43,XSES,Yunnan Energy International Co Ltd,Technology,Scientific & Technical Instruments,,SGD,Interest Coverage,,1.68,1.96,-0.48,-0.46,-17.89,-18.84,-2.75,-0.14,2.04,1.73,,
T43,XSES,Yunnan Energy International Co Ltd,Technology,Scientific & Technical Instruments,,SGD,Financial Leverage,,2.07,1.99,1.82,1.82,1.19,1.43,1.29,1.93,2.53,2.68,,
T43,XSES,Yunnan Energy International Co Ltd,Technology,Scientific & Technical Instruments,,SGD,Debt/Equity,,0.07,0.04,-,0.66,0.0,0.00,-,-,-,0.07,,
T43,XSES,Yunnan Energy International Co Ltd,Technology,Scientific & Technical Instruments,,SGD,Book Value/Share,,0.44,0.38,-,-,0.17,-,-,-,0.10,0.1,,
T43,XSES,Yunnan Energy International Co Ltd,Technology,Scientific & Technical Instruments,,SGD,Cap Ex as a % of Sales,,1.71,1.35,7.37,0.14,1.25,0.86,0.01,0.02,0.01,0.0,,
T55,XSES,TIH Ltd,Financial Services,Asset Management,,SGD,Current Ratio,,-,-,-,-,-,-,-,-,-,-,,
T55,XSES,TIH Ltd,Financial Services,Asset Management,,SGD,Quick Ratio,,-,-,-,-,-,-,-,-,-,-,,
T55,XSES,TIH Ltd,Financial Services,Asset Management,,SGD,Interest Coverage,,-,-,-,-,-,-,-,-,-,-,,
T55,XSES,TIH Ltd,Financial Services,Asset Management,,SGD,Financial Leverage,,1.19,1.16,1.17,1.16,1.17,1.19,1.18,1.20,1.05,1.05,,
T55,XSES,TIH Ltd,Financial Services,Asset Management,,SGD,Debt/Equity,,0.03,-,-,0.00,0.00,0.00,0.00,0.00,0.00,0.00,,
T55,XSES,TIH Ltd,Financial Services,Asset Management,,SGD,Book Value/Share,,0.49,0.52,0.50,0.52,0.49,0.52,0.52,0.48,0.52,0.55,,
T55,XSES,TIH Ltd,Financial Services,Asset Management,,SGD,Cap Ex as a % of Sales,,0.08,0.13,-0.51,0.02,-2.62,-,0.59,0.28,-,0.31,,
T6I,XSES,ValueMax Group Ltd,Consumer Cyclical,Luxury Goods,,SGD,Current Ratio,,1.83,1.43,1.46,1.37,1.39,1.11,1.28,1.48,1.3,1.19,,
T6I,XSES,ValueMax Group Ltd,Consumer Cyclical,Luxury Goods,,SGD,Quick Ratio,,1.47,1.16,1.18,1.09,1.13,0.92,1.11,1.28,1.12,1.02,,
T6I,XSES,ValueMax Group Ltd,Consumer Cyclical,Luxury Goods,,SGD,Interest Coverage,,8.5,6.87,7.06,8.6,10.97,22.03,18.03,10.61,11.91,16.03,,
T6I,XSES,ValueMax Group Ltd,Consumer Cyclical,Luxury Goods,,SGD,Financial Leverage,,2.38,2.35,2.56,2.57,2.37,2.48,2.78,2.54,2.44,2.58,,
T6I,XSES,ValueMax Group Ltd,Consumer Cyclical,Luxury Goods,,SGD,Debt/Equity,,0.36,0.07,0.32,0.32,0.18,0.13,0.1,0.12,0.1,0.12,,
T6I,XSES,ValueMax Group Ltd,Consumer Cyclical,Luxury Goods,,SGD,Book Value/Share,,0.3,0.32,0.35,0.37,0.38,0.43,0.47,0.46,0.53,0.59,,
T6I,XSES,ValueMax Group Ltd,Consumer Cyclical,Luxury Goods,,SGD,Cap Ex as a % of Sales,,5.13,0.43,0.42,0.34,0.2,0.86,0.16,1.58,2.5,0.69,,
T82U,XSES,Suntec Real Estate Investment Trust,Real Estate,REIT - Diversified,,SGD,Current Ratio,,0.95,0.51,0.25,0.26,0.32,0.47,0.37,0.56,0.44,0.96,,
T82U,XSES,Suntec Real Estate Investment Trust,Real Estate,REIT - Diversified,,SGD,Quick Ratio,,0.94,0.5,0.24,0.23,0.3,0.46,0.36,0.46,0.4,0.91,,
T82U,XSES,Suntec Real Estate Investment Trust,Real Estate,REIT - Diversified,,SGD,Interest Coverage,,4.59,4.26,4.85,5.16,-0.25,5.73,4.77,2.26,1.83,2.25,,
T82U,XSES,Suntec Real Estate Investment Trust,Real Estate,REIT - Diversified,,SGD,Financial Leverage,,1.66,1.64,1.69,1.68,1.86,1.83,1.81,1.72,1.72,1.7,,
T82U,XSES,Suntec Real Estate Investment Trust,Real Estate,REIT - Diversified,,SGD,Debt/Equity,,0.59,0.53,0.53,0.51,0.69,0.69,0.65,0.6,0.59,0.62,,
T82U,XSES,Suntec Real Estate Investment Trust,Real Estate,REIT - Diversified,,SGD,Book Value/Share,,2.13,2.12,2.08,2.06,2.08,2.18,2.24,2.23,2.21,2.19,,
T82U,XSES,Suntec Real Estate Investment Trust,Real Estate,REIT - Diversified,,SGD,Cap Ex as a % of Sales,,42.86,7.14,13.27,25.18,76.06,2.32,3.3,2.44,2.72,4.68,,
TADD,XSES,Advanced Info Service PCL SGDR,Communication Services,Telecom Services,,SGD,Current Ratio,,0.46,0.50,0.48,0.45,0.45,0.39,0.36,0.31,0.48,0.52,,
TADD,XSES,Advanced Info Service PCL SGDR,Communication Services,Telecom Services,,SGD,Quick Ratio,,0.33,0.37,0.36,0.36,0.39,0.33,0.29,0.27,0.42,0.45,,
TADD,XSES,Advanced Info Service PCL SGDR,Communication Services,Telecom Services,,SGD,Interest Coverage,,9.47,7.97,8.06,8.98,8.89,10.02,7.25,6.99,5.75,8.3,,
TADD,XSES,Advanced Info Service PCL SGDR,Communication Services,Telecom Services,,SGD,Financial Leverage,,6.48,5.65,5.05,4.18,4.63,4.36,3.93,5.02,4.44,3.92,,
TADD,XSES,Advanced Info Service PCL SGDR,Communication Services,Telecom Services,,SGD,Debt/Equity,,2.05,1.99,1.60,1.00,1.69,1.40,1.13,1.88,1.83,1.48,,
TADD,XSES,Advanced Info Service PCL SGDR,Communication Services,Telecom Services,,SGD,Book Value/Share,,-,-,-,-,-,-,-,-,0.12,0.13,,
TADD,XSES,Advanced Info Service PCL SGDR,Communication Services,Telecom Services,,SGD,Cap Ex as a % of Sales,,36.56,32.56,23.98,14.95,31.75,24.98,23.38,27.00,17.8,20.83,,
TAP,XSES,Assembly Place Holdings Ltd Ordinary Shares,Real Estate,Real Estate Services,,SGD,Current Ratio,-,-,-,-,-,-,-,0.87,0.52,0.58,,,
TAP,XSES,Assembly Place Holdings Ltd Ordinary Shares,Real Estate,Real Estate Services,,SGD,Quick Ratio,-,-,-,-,-,-,-,0.79,0.41,0.37,,,
TAP,XSES,Assembly Place Holdings Ltd Ordinary Shares,Real Estate,Real Estate Services,,SGD,Interest Coverage,1.98,0.10,6.16,-,-,-,-,-,-,-,,,
TAP,XSES,Assembly Place Holdings Ltd Ordinary Shares,Real Estate,Real Estate Services,,SGD,Financial Leverage,-,-,-,-,-,-,-,2.77,4.36,4.04,,,
TAP,XSES,Assembly Place Holdings Ltd Ordinary Shares,Real Estate,Real Estate Services,,SGD,Debt/Equity,-,-,-,-,-,-,-,0.82,1.77,1.54,,,
TAP,XSES,Assembly Place Holdings Ltd Ordinary Shares,Real Estate,Real Estate Services,,SGD,Book Value/Share,-,-,-,-,-,-,-,-,-,-,,,
TAP,XSES,Assembly Place Holdings Ltd Ordinary Shares,Real Estate,Real Estate Services,,SGD,Cap Ex as a % of Sales,7.73,1.79,1.06,-,-,-,-,-,-,-,,,
TATD,XSES,Airports Of Thailand PLC SGDR,Industrials,Airports & Air Services,,SGD,Current Ratio,,3.48,3.46,3.32,3.09,3.29,1.58,0.58,0.82,1.29,1.52,,
TATD,XSES,Airports Of Thailand PLC SGDR,Industrials,Airports & Air Services,,SGD,Quick Ratio,,3.47,3.44,3.31,3.07,3.23,1.53,0.53,0.79,1.26,1.47,,
TATD,XSES,Airports Of Thailand PLC SGDR,Industrials,Airports & Air Services,,SGD,Interest Coverage,,18.74,22.91,31.63,39.65,9.26,-5.91,-3.73,4.91,9.9,10.28,,
TATD,XSES,Airports Of Thailand PLC SGDR,Industrials,Airports & Air Services,,SGD,Financial Leverage,,1.42,1.36,1.30,1.29,1.22,1.74,1.81,1.77,1.66,1.6,,
TATD,XSES,Airports Of Thailand PLC SGDR,Industrials,Airports & Air Services,,SGD,Debt/Equity,,0.22,0.15,0.10,0.07,0.06,0.54,0.57,0.47,0.38,0.33,,
TATD,XSES,Airports Of Thailand PLC SGDR,Industrials,Airports & Air Services,,SGD,Book Value/Share,,-,-,-,-,-,-,-,0.28,0.33,0.36,,
TATD,XSES,Airports Of Thailand PLC SGDR,Industrials,Airports & Air Services,,SGD,Cap Ex as a % of Sales,,9.53,9.69,16.20,15.71,43.94,118.72,57.80,24.1,19.51,14.28,,
TCPD,XSES,CP All PCL SGDR,Consumer Defensive,Grocery Stores,,SGD,Current Ratio,,0.61,0.59,0.61,0.64,0.66,0.77,0.72,0.6,0.59,0.61,,
TCPD,XSES,CP All PCL SGDR,Consumer Defensive,Grocery Stores,,SGD,Quick Ratio,,0.37,0.35,0.37,0.35,0.40,0.53,0.44,0.36,0.33,0.31,,
TCPD,XSES,CP All PCL SGDR,Consumer Defensive,Grocery Stores,,SGD,Interest Coverage,,3.39,3.94,4.50,4.98,3.26,1.99,2.19,2.6,3.32,3.61,,
TCPD,XSES,CP All PCL SGDR,Consumer Defensive,Grocery Stores,,SGD,Financial Leverage,,6.38,4.78,4.41,4.01,5.41,8.95,9.17,8.35,7.44,7.11,,
TCPD,XSES,CP All PCL SGDR,Consumer Defensive,Grocery Stores,,SGD,Debt/Equity,,2.85,1.94,1.50,1.38,2.74,3.75,3.91,3.19,2.83,2.65,,
TCPD,XSES,CP All PCL SGDR,Consumer Defensive,Grocery Stores,,SGD,Book Value/Share,,-,-,-,-,-,-,-,0.46,0.53,0.61,,
TCPD,XSES,CP All PCL SGDR,Consumer Defensive,Grocery Stores,,SGD,Cap Ex as a % of Sales,,4.44,3.84,3.10,3.25,3.31,3.13,3.65,3.17,2.69,2.78,,
TCU,XSES,Credit Bureau Asia Ltd Ordinary Shares,Financial Services,Financial Data & Stock Exchanges,,SGD,Current Ratio,,-,1.71,1.85,1.32,2.58,3.26,2.73,2.92,2.92,2.99,,
TCU,XSES,Credit Bureau Asia Ltd Ordinary Shares,Financial Services,Financial Data & Stock Exchanges,,SGD,Quick Ratio,,-,1.68,1.81,1.29,2.53,3.19,2.67,2.86,2.87,2.92,,
TCU,XSES,Credit Bureau Asia Ltd Ordinary Shares,Financial Services,Financial Data & Stock Exchanges,,SGD,Interest Coverage,,-,-,69.96,103.89,145.22,116.11,210.22,154.52,97.11,-,,
TCU,XSES,Credit Bureau Asia Ltd Ordinary Shares,Financial Services,Financial Data & Stock Exchanges,,SGD,Financial Leverage,,-,3.27,3.07,3.96,1.93,1.79,1.85,1.89,2.0,2.01,,
TCU,XSES,Credit Bureau Asia Ltd Ordinary Shares,Financial Services,Financial Data & Stock Exchanges,,SGD,Debt/Equity,,-,-,-,0.14,0.03,0.05,0.03,0.03,0.08,0.06,,
TCU,XSES,Credit Bureau Asia Ltd Ordinary Shares,Financial Services,Financial Data & Stock Exchanges,,SGD,Book Value/Share,,-,-,-,-,0.08,0.21,0.21,0.21,0.22,0.23,,
TCU,XSES,Credit Bureau Asia Ltd Ordinary Shares,Financial Services,Financial Data & Stock Exchanges,,SGD,Cap Ex as a % of Sales,,4.83,2.91,8.24,3.28,6.89,5.96,2.33,2.67,2.6,-,,
TDED,XSES,Delta Electronics (Thailand) PCL SGDR,Industrials,Electrical Equipment & Parts,,SGD,Current Ratio,,3.14,3.09,3.07,2.99,2.47,1.97,2.02,2.09,2.16,1.99,,
TDED,XSES,Delta Electronics (Thailand) PCL SGDR,Industrials,Electrical Equipment & Parts,,SGD,Quick Ratio,,2.51,2.40,2.24,2.07,1.66,1.12,1.19,1.15,1.31,1.3,,
TDED,XSES,Delta Electronics (Thailand) PCL SGDR,Industrials,Electrical Equipment & Parts,,SGD,Interest Coverage,,126.91,330.23,567.29,1618.46,6217.52,1689.56,811.16,179.28,119.27,454.56,,
TDED,XSES,Delta Electronics (Thailand) PCL SGDR,Industrials,Electrical Equipment & Parts,,SGD,Financial Leverage,,1.45,1.42,1.42,1.39,1.52,1.67,1.66,1.60,1.54,1.59,,
TDED,XSES,Delta Electronics (Thailand) PCL SGDR,Industrials,Electrical Equipment & Parts,,SGD,Debt/Equity,,-,-,-,-,0.00,0.01,0.02,0.01,0.02,0.01,,
TDED,XSES,Delta Electronics (Thailand) PCL SGDR,Industrials,Electrical Equipment & Parts,,SGD,Book Value/Share,,-,-,-,-,-,-,-,-,0.25,0.3,,
TDED,XSES,Delta Electronics (Thailand) PCL SGDR,Industrials,Electrical Equipment & Parts,,SGD,Cap Ex as a % of Sales,,4.41,4.13,4.35,10.53,5.39,9.42,5.51,7.92,9.06,7.56,,
TKKD,XSES,Kasikornbank Public Co Ltd SGDR,Financial Services,Banks - Regional,,SGD,Current Ratio,,-,-,-,-,-,-,-,-,-,-,,
TKKD,XSES,Kasikornbank Public Co Ltd SGDR,Financial Services,Banks - Regional,,SGD,Quick Ratio,,-,-,-,-,-,-,-,-,-,-,,
TKKD,XSES,Kasikornbank Public Co Ltd SGDR,Financial Services,Banks - Regional,,SGD,Interest Coverage,,-,-,-,-,-,-,-,-,-,-,,
TKKD,XSES,Kasikornbank Public Co Ltd SGDR,Financial Services,Banks - Regional,,SGD,Financial Leverage,,8.85,8.32,8.38,8.11,8.32,8.61,8.44,8.05,7.68,7.84,,
TKKD,XSES,Kasikornbank Public Co Ltd SGDR,Financial Services,Banks - Regional,,SGD,Debt/Equity,,0.78,0.40,0.53,0.40,0.31,0.46,0.32,0.38,0.33,0.38,,
TKKD,XSES,Kasikornbank Public Co Ltd SGDR,Financial Services,Banks - Regional,,SGD,Book Value/Share,,-,-,-,-,-,-,-,-,9.25,10.09,,
TKKD,XSES,Kasikornbank Public Co Ltd SGDR,Financial Services,Banks - Regional,,SGD,Cap Ex as a % of Sales,,4.39,4.65,2.89,3.67,6.42,3.21,5.54,4.34,4.34,3.39,,
TKU,XSES,Toku Ltd,Technology,Software - Application,,SGD,Current Ratio,,-,-,-,-,-,-,3.60,0.68,1.26,0.43,,
TKU,XSES,Toku Ltd,Technology,Software - Application,,SGD,Quick Ratio,,-,-,-,-,-,-,3.49,0.50,1.17,0.34,,
TKU,XSES,Toku Ltd,Technology,Software - Application,,SGD,Interest Coverage,,-,-19.88,-6.54,-12.05,-,-,-,-,-,-,,
TKU,XSES,Toku Ltd,Technology,Software - Application,,SGD,Financial Leverage,,-,-,-,-,-,-,1.28,8.82,2.87,-,,
TKU,XSES,Toku Ltd,Technology,Software - Application,,SGD,Debt/Equity,,-,-,-,-,-,-,-,1.11,0.23,-,,
TKU,XSES,Toku Ltd,Technology,Software - Application,,SGD,Book Value/Share,,-,-,-,-,-,-,-,-,-,-,,
TKU,XSES,Toku Ltd,Technology,Software - Application,,SGD,Cap Ex as a % of Sales,,0.44,0.29,3.27,3.44,-,-,-,-,-,-,,
TPED,XSES,PTT Exploration & Production PCL SGDR,Energy,Oil & Gas E&P,,SGD,Current Ratio,,4.72,3.60,2.32,2.30,2.71,1.34,1.72,2.65,2.11,1.37,,
TPED,XSES,PTT Exploration & Production PCL SGDR,Energy,Oil & Gas E&P,,SGD,Quick Ratio,,4.15,3.34,2.16,2.06,2.48,1.16,1.45,2.36,1.81,1.11,,
TPED,XSES,PTT Exploration & Production PCL SGDR,Energy,Oil & Gas E&P,,SGD,Interest Coverage,,3.66,4.46,8.78,10.57,6.21,13.42,18.42,14.71,12.52,8.97,,
TPED,XSES,PTT Exploration & Production PCL SGDR,Energy,Oil & Gas E&P,,SGD,Financial Leverage,,1.66,1.67,1.63,1.87,1.91,1.89,1.86,1.81,1.8,1.8,,
TPED,XSES,PTT Exploration & Production PCL SGDR,Energy,Oil & Gas E&P,,SGD,Debt/Equity,,0.25,0.22,0.13,0.29,0.32,0.28,0.26,0.23,0.21,0.2,,
TPED,XSES,PTT Exploration & Production PCL SGDR,Energy,Oil & Gas E&P,,SGD,Book Value/Share,,-,-,-,-,-,-,-,4.98,4.91,5.29,,
TPED,XSES,PTT Exploration & Production PCL SGDR,Energy,Oil & Gas E&P,,SGD,Cap Ex as a % of Sales,,24.03,31.24,21.69,19.63,23.70,24.38,19.97,27.66,34.08,42.98,,
TQ5,XSES,Frasers Property Ltd,Real Estate,Real Estate - Diversified,,SGD,Current Ratio,,2.02,1.93,1.52,1.63,1.74,1.21,1.38,1.16,1.18,1.23,,
TQ5,XSES,Frasers Property Ltd,Real Estate,Real Estate - Diversified,,SGD,Quick Ratio,,0.81,0.84,0.58,0.72,0.65,0.58,0.67,0.51,0.57,0.58,,
TQ5,XSES,Frasers Property Ltd,Real Estate,Real Estate - Diversified,,SGD,Interest Coverage,,7.08,9.16,5.71,4.08,2.56,5.64,6.4,1.76,2.04,1.88,,
TQ5,XSES,Frasers Property Ltd,Real Estate,Real Estate - Diversified,,SGD,Financial Leverage,,3.01,3.05,3.45,3.99,4.35,3.73,3.47,3.69,3.99,4.06,,
TQ5,XSES,Frasers Property Ltd,Real Estate,Real Estate - Diversified,,SGD,Debt/Equity,,1.03,1.14,1.31,1.53,1.82,1.24,1.13,1.26,1.46,1.6,,
TQ5,XSES,Frasers Property Ltd,Real Estate,Real Estate - Diversified,,SGD,Book Value/Share,,2.67,2.84,3.15,3.42,2.92,2.39,2.84,2.79,2.67,2.45,,
TQ5,XSES,Frasers Property Ltd,Real Estate,Real Estate - Diversified,,SGD,Cap Ex as a % of Sales,,1.81,1.58,2.07,1.1,1.11,0.96,2.4,3.22,1.52,1.44,,
TS0U,XSES,OUE Real Estate Investment Trust Units Real Estate Investment Trust,Real Estate,REIT - Office,,SGD,Current Ratio,,0.1,0.08,0.64,0.14,2.77,0.31,0.18,0.75,1.7,0.38,,
TS0U,XSES,OUE Real Estate Investment Trust Units Real Estate Investment Trust,Real Estate,REIT - Office,,SGD,Quick Ratio,,0.09,0.08,0.62,0.14,0.23,0.31,0.16,0.7,1.69,0.37,,
TS0U,XSES,OUE Real Estate Investment Trust Units Real Estate Investment Trust,Real Estate,REIT - Office,,SGD,Interest Coverage,,3.41,5.72,4.3,3.31,0.46,2.09,5.46,3.37,0.52,1.47,,
TS0U,XSES,OUE Real Estate Investment Trust Units Real Estate Investment Trust,Real Estate,REIT - Office,,SGD,Financial Leverage,,2.87,2.54,2.24,2.08,2.13,1.86,1.85,1.83,1.86,1.8,,
TS0U,XSES,OUE Real Estate Investment Trust Units Real Estate Investment Trust,Real Estate,REIT - Office,,SGD,Debt/Equity,,0.8,0.53,0.84,0.64,0.74,0.59,0.54,0.63,0.63,0.52,,
TS0U,XSES,OUE Real Estate Investment Trust Units Real Estate Investment Trust,Real Estate,REIT - Office,,SGD,Book Value/Share,,0.78,0.75,0.48,0.61,0.61,0.58,0.57,0.59,0.6,0.57,,
TS0U,XSES,OUE Real Estate Investment Trust Units Real Estate Investment Trust,Real Estate,REIT - Office,,SGD,Cap Ex as a % of Sales,,0.8,11.41,2.05,3.05,2.67,22.77,19.79,3.72,8.74,5.14,,
TSCD,XSES,Siam City Cement PCL SGDR,Basic Materials,Building Materials,,SGD,Current Ratio,,0.44,0.88,1.00,1.00,1.39,0.98,1.14,0.94,1.12,1.01,,
TSCD,XSES,Siam City Cement PCL SGDR,Basic Materials,Building Materials,,SGD,Quick Ratio,,0.29,0.56,0.60,0.67,1.05,0.73,0.60,0.67,0.79,0.76,,
TSCD,XSES,Siam City Cement PCL SGDR,Basic Materials,Building Materials,,SGD,Interest Coverage,,7.71,3.38,3.96,3.76,4.99,4.89,4.44,3.69,7.79,6.81,,
TSCD,XSES,Siam City Cement PCL SGDR,Basic Materials,Building Materials,,SGD,Financial Leverage,,2.79,2.36,2.41,2.49,2.33,2.17,2.21,2.11,2.35,2.4,,
TSCD,XSES,Siam City Cement PCL SGDR,Basic Materials,Building Materials,,SGD,Debt/Equity,,0.29,0.77,0.80,0.75,0.73,0.46,0.57,0.44,0.37,0.41,,
TSCD,XSES,Siam City Cement PCL SGDR,Basic Materials,Building Materials,,SGD,Book Value/Share,,-,-,-,-,-,-,-,-,0.42,0.44,,
TSCD,XSES,Siam City Cement PCL SGDR,Basic Materials,Building Materials,,SGD,Cap Ex as a % of Sales,,10.56,7.77,5.48,3.51,1.85,3.15,3.78,3.19,5.57,7.22,,
TSH,XSES,TSH Resources Bhd,Consumer Defensive,Farm Products,,SGD,Current Ratio,,0.68,0.60,0.52,0.60,1.02,0.89,1.42,2.03,1.44,1.65,,
TSH,XSES,TSH Resources Bhd,Consumer Defensive,Farm Products,,SGD,Quick Ratio,,0.31,0.29,0.21,0.28,0.27,0.45,0.75,0.91,0.96,1.3,,
TSH,XSES,TSH Resources Bhd,Consumer Defensive,Farm Products,,SGD,Interest Coverage,,53.29,12.45,4.94,2.40,6.27,12.43,27.14,12.02,18.49,28.66,,
TSH,XSES,TSH Resources Bhd,Consumer Defensive,Farm Products,,SGD,Financial Leverage,,2.33,2.26,2.34,2.27,2.18,2.02,1.56,1.39,1.37,1.4,,
TSH,XSES,TSH Resources Bhd,Consumer Defensive,Farm Products,,SGD,Debt/Equity,,0.58,0.54,0.58,0.62,0.43,0.36,0.09,0.05,0.03,0.04,,
TSH,XSES,TSH Resources Bhd,Consumer Defensive,Farm Products,,SGD,Book Value/Share,,-,-,-,-,-,-,-,0.43,0.44,0.49,,
TSH,XSES,TSH Resources Bhd,Consumer Defensive,Farm Products,,SGD,Cap Ex as a % of Sales,,22.50,15.44,16.94,12.47,7.17,3.88,6.44,6.01,5.63,7.61,,
TSLA,XNAS,,,,,USD,Current Ratio,,1.07,0.86,0.83,1.13,1.88,1.38,1.53,1.73,2.02,2.16,,
TSLA,XNAS,,,,,USD,Quick Ratio,,0.67,0.51,0.46,0.71,1.49,1.0,0.94,1.13,1.42,1.53,,
TSLA,XNAS,,,,,USD,Interest Coverage,,-2.75,-3.69,-0.52,0.03,2.54,18.1,72.83,64.93,26.69,16.62,,
TSLA,XNAS,,,,,USD,Financial Leverage,,4.77,6.76,6.04,5.18,2.35,2.06,1.84,1.7,1.67,1.68,,
TSLA,XNAS,,,,,USD,Debt/Equity,,1.55,2.63,2.26,1.91,0.49,0.23,0.08,0.1,0.14,0.15,,
TSLA,XNAS,,,,,USD,Book Value/Share,,1.11,1.86,1.74,2.22,5.57,8.73,12.6,16.79,21.74,21.32,,
TSLA,XNAS,,,,,USD,Cap Ex as a % of Sales,,20.58,34.71,10.81,5.85,10.28,14.89,8.8,9.2,11.61,8.99,,
TVV,XSES,OxPay Financial Ltd,Technology,Software - Infrastructure,,SGD,Current Ratio,,0.72,0.78,0.42,0.12,0.93,1.2,1.24,1.32,1.1,0.74,,
TVV,XSES,OxPay Financial Ltd,Technology,Software - Infrastructure,,SGD,Quick Ratio,,0.44,0.25,0.41,0.11,0.92,1.2,1.24,1.32,1.1,0.74,,
TVV,XSES,OxPay Financial Ltd,Technology,Software - Infrastructure,,SGD,Interest Coverage,,-1.34,-2.91,-2.34,-1.39,-1.03,-247.74,-24.12,-30.27,-46.68,-11.20,,
TVV,XSES,OxPay Financial Ltd,Technology,Software - Infrastructure,,SGD,Financial Leverage,,-,-,-,-,-,5.18,4.48,3.7,4.85,-,,
TVV,XSES,OxPay Financial Ltd,Technology,Software - Infrastructure,,SGD,Debt/Equity,,-,-,-,-,-,0.0,-,0.14,0.56,-,,
TVV,XSES,OxPay Financial Ltd,Technology,Software - Infrastructure,,SGD,Book Value/Share,,0.07,0.11,-0.07,-0.18,-0.24,0.02,0.03,0.02,0.01,0.00,,
TVV,XSES,OxPay Financial Ltd,Technology,Software - Infrastructure,,SGD,Cap Ex as a % of Sales,,1.88,0.56,-,-,-,0.44,2.22,0.89,3.89,2.80,,
TWL,XSES,Memiontec Holdings Ltd,Utilities,Utilities - Regulated Water,,SGD,Current Ratio,,1.63,1.18,1.64,1.46,2.07,2.31,2.09,1.56,1.24,1.2,,
TWL,XSES,Memiontec Holdings Ltd,Utilities,Utilities - Regulated Water,,SGD,Quick Ratio,,1.57,1.12,1.47,1.28,1.94,2.2,1.98,1.43,1.16,1.15,,
TWL,XSES,Memiontec Holdings Ltd,Utilities,Utilities - Regulated Water,,SGD,Interest Coverage,,8.72,6.06,34.98,5.42,14.52,15.9,29.74,31.87,-27.75,-7.17,,
TWL,XSES,Memiontec Holdings Ltd,Utilities,Utilities - Regulated Water,,SGD,Financial Leverage,,2.51,3.51,2.13,2.45,2.19,1.95,1.98,2.56,3.58,5.41,,
TWL,XSES,Memiontec Holdings Ltd,Utilities,Utilities - Regulated Water,,SGD,Debt/Equity,,0.22,0.30,0.11,0.05,0.24,0.21,0.14,0.06,0.03,0.42,,
TWL,XSES,Memiontec Holdings Ltd,Utilities,Utilities - Regulated Water,,SGD,Book Value/Share,,-,-,-,-,0.02,0.02,0.02,0.02,0.02,0.01,,
TWL,XSES,Memiontec Holdings Ltd,Utilities,Utilities - Regulated Water,,SGD,Cap Ex as a % of Sales,,3.83,3.28,0.63,0.25,0.24,0.8,0.32,0.15,0.08,0.04,,
U06,XSES,Singapore Land Group Ltd,Real Estate,Real Estate - Diversified,,SGD,Current Ratio,,0.84,2.58,1.92,0.63,0.66,0.94,1.37,0.79,1.36,0.84,,
U06,XSES,Singapore Land Group Ltd,Real Estate,Real Estate - Diversified,,SGD,Quick Ratio,,0.11,1.48,1.16,0.36,0.44,0.67,1.08,0.72,1.13,0.75,,
U06,XSES,Singapore Land Group Ltd,Real Estate,Real Estate - Diversified,,SGD,Interest Coverage,,36.66,33.08,35.31,43.33,14.46,56.51,43.02,29.07,19.87,19.13,,
U06,XSES,Singapore Land Group Ltd,Real Estate,Real Estate - Diversified,,SGD,Financial Leverage,,1.38,1.27,1.24,1.24,1.22,1.21,1.18,1.19,1.17,1.2,,
U06,XSES,Singapore Land Group Ltd,Real Estate,Real Estate - Diversified,,SGD,Debt/Equity,,0.0,0.07,0.05,0.02,0.02,0.05,0.05,0.02,0.04,0.05,,
U06,XSES,Singapore Land Group Ltd,Real Estate,Real Estate - Diversified,,SGD,Book Value/Share,,4.35,4.51,4.68,5.03,5.03,5.18,5.52,5.65,5.75,5.88,,
U06,XSES,Singapore Land Group Ltd,Real Estate,Real Estate - Diversified,,SGD,Cap Ex as a % of Sales,,0.57,0.6,0.97,1.56,4.15,4.72,2.55,4.93,1.12,1.12,,
U10,XSES,UOB-Kay Hian Holdings Ltd,Financial Services,Capital Markets,,SGD,Current Ratio,,1.88,1.69,1.77,1.69,1.48,1.53,1.64,1.85,1.81,1.64,,
U10,XSES,UOB-Kay Hian Holdings Ltd,Financial Services,Capital Markets,,SGD,Quick Ratio,,1.85,1.67,1.73,1.66,1.44,1.49,1.61,1.8,1.74,1.54,,
U10,XSES,UOB-Kay Hian Holdings Ltd,Financial Services,Capital Markets,,SGD,Interest Coverage,,2.66,3.84,3.34,2.61,4.61,5.64,4.08,4.62,7.61,7.67,,
U10,XSES,UOB-Kay Hian Holdings Ltd,Financial Services,Capital Markets,,SGD,Financial Leverage,,2.08,2.42,2.28,2.39,2.84,2.59,2.43,2.11,2.17,2.5,,
U10,XSES,UOB-Kay Hian Holdings Ltd,Financial Services,Capital Markets,,SGD,Debt/Equity,,-,-,-,0.01,0.01,0.0,0.01,0.01,0.0,0.01,,
U10,XSES,UOB-Kay Hian Holdings Ltd,Financial Services,Capital Markets,,SGD,Book Value/Share,,1.69,1.73,1.79,1.82,1.89,1.95,1.99,2.02,2.12,2.16,,
U10,XSES,UOB-Kay Hian Holdings Ltd,Financial Services,Capital Markets,,SGD,Cap Ex as a % of Sales,,1.75,1.24,1.22,4.13,0.99,0.83,0.6,0.91,0.89,2.36,,
U11,XSES,United Overseas Bank Ltd,Financial Services,Banks - Regional,,SGD,Current Ratio,,-,-,-,-,-,-,-,-,-,-,,
U11,XSES,United Overseas Bank Ltd,Financial Services,Banks - Regional,,SGD,Quick Ratio,,-,-,-,-,-,-,-,-,-,-,,
U11,XSES,United Overseas Bank Ltd,Financial Services,Banks - Regional,,SGD,Interest Coverage,,-,-,-,-,-,-,-,-,-,-,,
U11,XSES,United Overseas Bank Ltd,Financial Services,Banks - Regional,,SGD,Financial Leverage,,10.34,9.73,10.32,10.20,10.56,10.77,11.63,11.33,10.81,11.16,,
U11,XSES,United Overseas Bank Ltd,Financial Services,Banks - Regional,,SGD,Debt/Equity,,0.81,0.70,0.83,0.66,0.75,0.83,0.96,0.81,0.85,0.88,,
U11,XSES,United Overseas Bank Ltd,Financial Services,Banks - Regional,,SGD,Book Value/Share,,19.82,21.14,22.07,23.67,23.96,25.14,25.23,27.32,28.32,30.47,,
U11,XSES,United Overseas Bank Ltd,Financial Services,Banks - Regional,,SGD,Cap Ex as a % of Sales,,4.75,3.95,5.67,5.71,6.13,5.62,6.08,6.26,6.06,9.21,,
U13,XSES,United Overseas Insurance Ltd,Financial Services,Insurance - Property & Casualty,,SGD,Current Ratio,,-,-,-,-,-,-,-,-,-,-,,
U13,XSES,United Overseas Insurance Ltd,Financial Services,Insurance - Property & Casualty,,SGD,Quick Ratio,,-,-,-,-,-,-,-,-,-,-,,
U13,XSES,United Overseas Insurance Ltd,Financial Services,Insurance - Property & Casualty,,SGD,Interest Coverage,,-,-,-,-,-,-,-,-,-,-,,
U13,XSES,United Overseas Insurance Ltd,Financial Services,Insurance - Property & Casualty,,SGD,Financial Leverage,,1.81,1.71,1.61,1.52,1.50,1.46,1.48,1.33,1.29,1.25,,
U13,XSES,United Overseas Insurance Ltd,Financial Services,Insurance - Property & Casualty,,SGD,Debt/Equity,,-,-,-,0.01,0.00,0.00,0.00,0.00,0.00,0.00,,
U13,XSES,United Overseas Insurance Ltd,Financial Services,Insurance - Property & Casualty,,SGD,Book Value/Share,,5.38,5.97,6.17,6.64,6.64,7.26,6.86,6.97,7.31,7.71,,
U13,XSES,United Overseas Insurance Ltd,Financial Services,Insurance - Property & Casualty,,SGD,Cap Ex as a % of Sales,,0.07,0.15,0.07,0.76,33.86,7.39,2.82,12.58,4.68,3.54,,
U14,XSES,UOL Group Ltd,Real Estate,Real Estate - Development,,SGD,Current Ratio,,1.62,2.07,1.81,1.78,1.93,2.02,3.03,3.3,4.08,2.37,,
U14,XSES,UOL Group Ltd,Real Estate,Real Estate - Development,,SGD,Quick Ratio,,0.41,0.6,0.45,0.45,0.55,0.68,1.0,1.25,1.79,0.93,,
U14,XSES,UOL Group Ltd,Real Estate,Real Estate - Development,,SGD,Interest Coverage,,13.93,31.36,19.27,8.05,2.53,11.11,7.83,5.17,3.59,5.24,,
U14,XSES,UOL Group Ltd,Real Estate,Real Estate - Development,,SGD,Financial Leverage,,1.42,2.08,2.14,2.06,2.08,2.09,2.06,2.01,1.98,1.91,,
U14,XSES,UOL Group Ltd,Real Estate,Real Estate - Development,,SGD,Debt/Equity,,0.21,0.3,0.3,0.32,0.35,0.37,0.42,0.4,0.41,0.31,,
U14,XSES,UOL Group Ltd,Real Estate,Real Estate - Development,,SGD,Book Value/Share,,9.95,10.94,11.43,11.69,11.33,11.76,12.3,12.45,13.19,13.57,,
U14,XSES,UOL Group Ltd,Real Estate,Real Estate - Development,,SGD,Cap Ex as a % of Sales,,4.76,5.95,12.99,14.47,10.4,8.81,7.64,19.53,5.3,3.32,,
U77,XSES,Sarine Technologies Ltd,Technology,Software - Application,,SGD,Current Ratio,,5.52,5.98,5.50,4.36,5.49,5.31,4.65,5.5,5.02,4.74,,
U77,XSES,Sarine Technologies Ltd,Technology,Software - Application,,SGD,Quick Ratio,,4.48,4.92,4.50,3.75,4.72,4.62,4.0,4.18,3.94,3.95,,
U77,XSES,Sarine Technologies Ltd,Technology,Software - Application,,SGD,Interest Coverage,,195.38,31.33,33.53,1.88,11.72,87.87,79.72,-4.24,5.7,-7.27,,
U77,XSES,Sarine Technologies Ltd,Technology,Software - Application,,SGD,Financial Leverage,,1.16,1.14,1.16,1.3,1.32,1.25,1.27,1.27,1.25,1.22,,
U77,XSES,Sarine Technologies Ltd,Technology,Software - Application,,SGD,Debt/Equity,,-,-,-,0.1,0.14,0.07,0.05,0.09,0.07,0.05,,
U77,XSES,Sarine Technologies Ltd,Technology,Software - Application,,SGD,Book Value/Share,,0.31,0.27,0.25,0.22,0.22,0.27,0.28,0.25,0.24,0.22,,
U77,XSES,Sarine Technologies Ltd,Technology,Software - Application,,SGD,Cap Ex as a % of Sales,,5.98,6.88,3.09,1.63,1.87,1.44,1.68,3.45,3.8,3.57,,
U96,XSES,Sembcorp Industries Ltd,Utilities,Utilities - Diversified,,SGD,Current Ratio,,1.27,1.39,1.13,1.01,1.41,1.35,1.35,0.78,1.15,1.05,,
U96,XSES,Sembcorp Industries Ltd,Utilities,Utilities - Diversified,,SGD,Quick Ratio,,0.59,0.8,0.89,0.84,1.21,1.09,0.54,0.72,0.9,0.89,,
U96,XSES,Sembcorp Industries Ltd,Utilities,Utilities - Diversified,,SGD,Interest Coverage,,2.37,1.64,1.89,1.53,1.45,2.1,3.96,4.1,4.44,4.05,,
U96,XSES,Sembcorp Industries Ltd,Utilities,Utilities - Diversified,,SGD,Financial Leverage,,3.33,3.33,3.44,3.38,4.06,3.82,4.03,3.38,3.39,3.32,,
U96,XSES,Sembcorp Industries Ltd,Utilities,Utilities - Diversified,,SGD,Debt/Equity,,1.06,1.19,1.31,1.26,2.2,1.83,1.57,1.37,1.62,1.55,,
U96,XSES,Sembcorp Industries Ltd,Utilities,Utilities - Diversified,,SGD,Book Value/Share,,3.58,3.86,3.83,3.81,3.2,1.92,2.38,2.52,2.82,2.93,,
U96,XSES,Sembcorp Industries Ltd,Utilities,Utilities - Diversified,,SGD,Cap Ex as a % of Sales,,10.57,8.95,9.64,9.71,6.11,3.72,7.86,11.87,25.06,16.59,,
U9E,XSES,China Everbright Water Ltd,Utilities,Utilities - Regulated Water,,SGD,Current Ratio,,1.33,1.37,1.16,1.08,1.12,1.11,1.0,1.21,1.32,1.17,,
U9E,XSES,China Everbright Water Ltd,Utilities,Utilities - Regulated Water,,SGD,Quick Ratio,,1.3,1.33,1.08,1.01,1.03,1.03,0.96,1.16,1.29,1.13,,
U9E,XSES,China Everbright Water Ltd,Utilities,Utilities - Regulated Water,,SGD,Interest Coverage,,3.62,4.5,4.61,4.36,5.25,4.88,3.54,3.82,3.67,3.5,,
U9E,XSES,China Everbright Water Ltd,Utilities,Utilities - Regulated Water,,SGD,Financial Leverage,,2.07,2.3,2.45,2.57,2.55,2.78,2.84,2.8,2.84,2.81,,
U9E,XSES,China Everbright Water Ltd,Utilities,Utilities - Regulated Water,,SGD,Debt/Equity,,0.5,0.6,0.68,0.8,0.84,0.93,0.81,0.88,0.97,0.8,,
U9E,XSES,China Everbright Water Ltd,Utilities,Utilities - Regulated Water,,SGD,Book Value/Share,,0.5,0.5,0.51,0.51,0.53,0.68,0.74,0.71,0.76,0.77,,
U9E,XSES,China Everbright Water Ltd,Utilities,Utilities - Regulated Water,,SGD,Cap Ex as a % of Sales,,0.52,6.44,4.03,4.45,3.23,7.41,5.54,0.83,5.57,6.44,,
UD1U,XSES,IREIT Global Units Real Estate Investment Trust Reg S,Real Estate,REIT - Office,,SGD,Current Ratio,,0.57,0.57,0.19,1.58,2.18,2.0,2.5,2.19,2.95,1.16,,
UD1U,XSES,IREIT Global Units Real Estate Investment Trust Reg S,Real Estate,REIT - Office,,SGD,Quick Ratio,,0.55,0.56,0.18,1.48,2.12,1.97,2.12,1.29,2.65,0.51,,
UD1U,XSES,IREIT Global Units Real Estate Investment Trust Reg S,Real Estate,REIT - Office,,SGD,Interest Coverage,,10.25,9.92,18.89,15.5,7.31,35.11,8.82,-19.35,2.58,-8.56,,
UD1U,XSES,IREIT Global Units Real Estate Investment Trust Reg S,Real Estate,REIT - Office,,SGD,Financial Leverage,,1.84,1.81,1.73,1.8,1.74,1.67,1.66,1.82,1.82,2.05,,
UD1U,XSES,IREIT Global Units Real Estate Investment Trust Reg S,Real Estate,REIT - Office,,SGD,Debt/Equity,,0.67,0.65,0.32,0.65,0.6,0.53,0.53,0.67,0.69,0.78,,
UD1U,XSES,IREIT Global Units Real Estate Investment Trust Reg S,Real Estate,REIT - Office,,SGD,Book Value/Share,,0.56,0.59,0.61,0.65,0.59,0.62,0.81,0.65,0.56,0.58,,
UD1U,XSES,IREIT Global Units Real Estate Investment Trust Reg S,Real Estate,REIT - Office,,SGD,Cap Ex as a % of Sales,,-,-,1.35,1.86,3.09,6.37,5.71,12.72,3.23,37.5,,
UIBU,XSES,UI Boustead REIT Units,Real Estate,REIT - Industrial,,SGD,Current Ratio,,-,-,-,-,-,-,-,-,-,1.32,,
UIBU,XSES,UI Boustead REIT Units,Real Estate,REIT - Industrial,,SGD,Quick Ratio,,-,-,-,-,-,-,-,-,-,1.32,,
UIBU,XSES,UI Boustead REIT Units,Real Estate,REIT - Industrial,,SGD,Interest Coverage,,9.91,-,-,-,-,-,-,-,-,-,,
UIBU,XSES,UI Boustead REIT Units,Real Estate,REIT - Industrial,,SGD,Financial Leverage,,-,-,-,-,-,-,-,-,-,1.61,,
UIBU,XSES,UI Boustead REIT Units,Real Estate,REIT - Industrial,,SGD,Debt/Equity,,-,-,-,-,-,-,-,-,-,0.55,,
UIBU,XSES,UI Boustead REIT Units,Real Estate,REIT - Industrial,,SGD,Book Value/Share,,-,-,-,-,-,-,-,-,-,-,,
UIBU,XSES,UI Boustead REIT Units,Real Estate,REIT - Industrial,,SGD,Cap Ex as a % of Sales,,-,-,-,-,-,-,-,-,-,-,,
UIX,XSES,China Environmental Resources Group Ltd,Consumer Cyclical,Auto & Truck Dealerships,,SGD,Current Ratio,,11.63,7.38,6.28,2.55,1.65,1.04,0.98,1.36,1.3,0.76,,
UIX,XSES,China Environmental Resources Group Ltd,Consumer Cyclical,Auto & Truck Dealerships,,SGD,Quick Ratio,,6.08,1.99,4.13,1.86,1.18,0.74,0.6,0.43,0.6,0.47,,
UIX,XSES,China Environmental Resources Group Ltd,Consumer Cyclical,Auto & Truck Dealerships,,SGD,Interest Coverage,,-185.97,-361.27,-373.20,-184.76,-25.48,-19.27,-2.66,-8.71,-11.16,-6.56,,
UIX,XSES,China Environmental Resources Group Ltd,Consumer Cyclical,Auto & Truck Dealerships,,SGD,Financial Leverage,,1.22,1.28,1.19,1.24,1.35,1.46,1.49,1.55,1.61,1.62,,
UIX,XSES,China Environmental Resources Group Ltd,Consumer Cyclical,Auto & Truck Dealerships,,SGD,Debt/Equity,,-,0.04,-,-,0.05,0.05,0.09,0.1,0.12,0.12,,
UIX,XSES,China Environmental Resources Group Ltd,Consumer Cyclical,Auto & Truck Dealerships,,SGD,Book Value/Share,,0.42,0.4,0.32,0.29,0.27,0.25,0.24,0.22,0.15,0.13,,
UIX,XSES,China Environmental Resources Group Ltd,Consumer Cyclical,Auto & Truck Dealerships,,SGD,Cap Ex as a % of Sales,,26.87,1.6,17.63,0.58,9.05,1.1,2.49,3.17,0.39,0.66,,
ULG,XSES,Ultragreen Ai Ltd Ordinary Shares,Healthcare,Health Information Services,,SGD,Current Ratio,,-,-,-,-,-,-,1.57,1.45,2.74,13.22,,
ULG,XSES,Ultragreen Ai Ltd Ordinary Shares,Healthcare,Health Information Services,,SGD,Quick Ratio,,-,-,-,-,-,-,1.23,1.10,2.17,11.92,,
ULG,XSES,Ultragreen Ai Ltd Ordinary Shares,Healthcare,Health Information Services,,SGD,Interest Coverage,,13641.26,254.35,1010.80,562.02,-,-,-,-,-,-,,
ULG,XSES,Ultragreen Ai Ltd Ordinary Shares,Healthcare,Health Information Services,,SGD,Financial Leverage,,-,-,-,-,-,-,1.65,1.56,1.24,1.08,,
ULG,XSES,Ultragreen Ai Ltd Ordinary Shares,Healthcare,Health Information Services,,SGD,Debt/Equity,,-,-,-,-,-,-,0.00,0.01,0.02,0.01,,
ULG,XSES,Ultragreen Ai Ltd Ordinary Shares,Healthcare,Health Information Services,,SGD,Book Value/Share,,-,-,-,-,-,-,-,-,-,0.13,,
ULG,XSES,Ultragreen Ai Ltd Ordinary Shares,Healthcare,Health Information Services,,SGD,Cap Ex as a % of Sales,,1.21,23.62,11.56,5.96,-,-,-,-,-,-,,
URR,XSES,Sim Leisure Group Ltd Ordinary Shares,Consumer Cyclical,Leisure,,SGD,Current Ratio,,-,0.22,0.32,1.04,0.68,1.05,2.17,1.93,2.28,2.65,,
URR,XSES,Sim Leisure Group Ltd Ordinary Shares,Consumer Cyclical,Leisure,,SGD,Quick Ratio,,-,0.10,0.12,0.75,0.46,0.93,1.22,1.84,2.07,2.45,,
URR,XSES,Sim Leisure Group Ltd Ordinary Shares,Consumer Cyclical,Leisure,,SGD,Interest Coverage,,10.10,6.29,6.32,6.88,-0.84,15.18,11.93,12.17,12.23,-,,
URR,XSES,Sim Leisure Group Ltd Ordinary Shares,Consumer Cyclical,Leisure,,SGD,Financial Leverage,,-,2.27,1.62,1.48,1.96,2.13,1.86,2.29,2.49,2.17,,
URR,XSES,Sim Leisure Group Ltd Ordinary Shares,Consumer Cyclical,Leisure,,SGD,Debt/Equity,,-,0.00,0.00,0.3,0.52,0.47,0.31,0.54,0.79,0.59,,
URR,XSES,Sim Leisure Group Ltd Ordinary Shares,Consumer Cyclical,Leisure,,SGD,Book Value/Share,,-,-,-,0.12,0.12,0.11,0.13,0.15,0.19,0.22,,
URR,XSES,Sim Leisure Group Ltd Ordinary Shares,Consumer Cyclical,Leisure,,SGD,Cap Ex as a % of Sales,,138.14,33.23,61.99,77.02,3.36,7.87,8.42,5.73,6.64,-,,
UZF,XSES,Dezign Format Group Ltd,Industrials,Specialty Business Services,,SGD,Current Ratio,,-,-,-,-,-,-,1.87,1.47,1.03,1.62,,
UZF,XSES,Dezign Format Group Ltd,Industrials,Specialty Business Services,,SGD,Quick Ratio,,-,-,-,-,-,-,1.61,1.12,0.80,1.45,,
UZF,XSES,Dezign Format Group Ltd,Industrials,Specialty Business Services,,SGD,Interest Coverage,,13.81,25.91,30.14,20.55,-,-,-,-,-,-,,
UZF,XSES,Dezign Format Group Ltd,Industrials,Specialty Business Services,,SGD,Financial Leverage,,-,-,-,-,-,-,2.31,2.76,3.64,2.25,,
UZF,XSES,Dezign Format Group Ltd,Industrials,Specialty Business Services,,SGD,Debt/Equity,,-,-,-,-,-,-,0.34,0.26,0.25,0.17,,
UZF,XSES,Dezign Format Group Ltd,Industrials,Specialty Business Services,,SGD,Book Value/Share,,-,-,-,-,-,-,-,-,-,0.04,,
UZF,XSES,Dezign Format Group Ltd,Industrials,Specialty Business Services,,SGD,Cap Ex as a % of Sales,,0.65,0.34,8.15,10.65,-,-,-,-,-,-,,
V03,XSES,Venture Corp Ltd,Technology,Electronic Components,,SGD,Current Ratio,,2.36,2.34,2.71,3.11,3.65,3.02,3.17,3.74,3.47,3.34,,
V03,XSES,Venture Corp Ltd,Technology,Electronic Components,,SGD,Quick Ratio,,1.58,1.62,1.76,2.17,2.6,1.84,1.95,2.53,2.57,2.46,,
V03,XSES,Venture Corp Ltd,Technology,Electronic Components,,SGD,Interest Coverage,,242.19,439.49,441.90,804.11,730.43,851.09,869.27,457.85,270.65,290.33,,
V03,XSES,Venture Corp Ltd,Technology,Electronic Components,,SGD,Financial Leverage,,1.41,1.45,1.36,1.31,1.25,1.34,1.32,1.25,1.28,1.29,,
V03,XSES,Venture Corp Ltd,Technology,Electronic Components,,SGD,Debt/Equity,,-,-,-,0.01,0.0,0.0,0.0,0.01,0.01,0.0,,
V03,XSES,Venture Corp Ltd,Technology,Electronic Components,,SGD,Book Value/Share,,6.62,7.11,7.81,8.41,8.73,8.93,9.51,9.68,9.86,9.52,,
V03,XSES,Venture Corp Ltd,Technology,Electronic Components,,SGD,Cap Ex as a % of Sales,,1.17,0.92,1.69,0.97,0.93,0.37,0.87,1.58,0.61,1.11,,
V2Y,XSES,Oceanscape International Ltd Ordinary Shares,Industrials,Specialty Industrial Machinery,,SGD,Current Ratio,,0.81,1.74,1.72,1.15,1.68,1.42,2.44,1.14,0.24,0.17,,
V2Y,XSES,Oceanscape International Ltd Ordinary Shares,Industrials,Specialty Industrial Machinery,,SGD,Quick Ratio,,0.38,1.17,1.23,0.81,1.61,1.31,2.35,1.01,0.11,0.12,,
V2Y,XSES,Oceanscape International Ltd Ordinary Shares,Industrials,Specialty Industrial Machinery,,SGD,Interest Coverage,,-,-15.62,-11.34,-425.95,-1044.2,-184.8,-173.77,-82.73,-62.08,-109.79,,
V2Y,XSES,Oceanscape International Ltd Ordinary Shares,Industrials,Specialty Industrial Machinery,,SGD,Financial Leverage,,10.31,39.39,2.58,3.26,1.61,2.78,2.43,-,-,-,,
V2Y,XSES,Oceanscape International Ltd Ordinary Shares,Industrials,Specialty Industrial Machinery,,SGD,Debt/Equity,,-,17.38,-,0.02,0.01,0.34,0.37,-,-,-,,
V2Y,XSES,Oceanscape International Ltd Ordinary Shares,Industrials,Specialty Industrial Machinery,,SGD,Book Value/Share,,-,-,-0.01,0.02,0.03,0.01,0.00,0.00,0.00,-,,
V2Y,XSES,Oceanscape International Ltd Ordinary Shares,Industrials,Specialty Industrial Machinery,,SGD,Cap Ex as a % of Sales,,4.30,4.23,3.31,1.97,35.16,0.37,-,-,1.10,242.86,,
V3M,XSES,Metech International Ltd,Industrials,Specialty Business Services,,SGD,Current Ratio,,2.05,1.71,1.16,1.41,5.73,6.52,8.07,-,-,-,,
V3M,XSES,Metech International Ltd,Industrials,Specialty Business Services,,SGD,Quick Ratio,,1.35,1.26,0.66,1.11,5.68,6.39,7.19,-,-,-,,
V3M,XSES,Metech International Ltd,Industrials,Specialty Business Services,,SGD,Interest Coverage,,-787.0,231.0,-36.53,-4.45,-4.32,-30.38,-85.34,-,-,-,,
V3M,XSES,Metech International Ltd,Industrials,Specialty Business Services,,SGD,Financial Leverage,,1.68,2.35,4.22,4.79,1.24,1.23,1.33,-,-,-,,
V3M,XSES,Metech International Ltd,Industrials,Specialty Business Services,,SGD,Debt/Equity,,0.01,0.1,0.01,0.43,0.02,0.05,0.06,-,-,-,,
V3M,XSES,Metech International Ltd,Industrials,Specialty Business Services,,SGD,Book Value/Share,,0.14,0.12,0.11,0.06,0.03,0.02,0.07,-,-,-,,
V3M,XSES,Metech International Ltd,Industrials,Specialty Business Services,,SGD,Cap Ex as a % of Sales,,1.82,0.27,0.45,0.09,-,-,64.32,-,-,-,,
V7R,XSES,Resources Global Development Ltd Ordinary Shares,Industrials,Marine Shipping,,SGD,Current Ratio,,3.34,5.28,3.77,1.24,2.28,2.25,1.51,2.05,0.72,2.71,,
V7R,XSES,Resources Global Development Ltd Ordinary Shares,Industrials,Marine Shipping,,SGD,Quick Ratio,,3.26,5.23,3.42,1.20,1.99,1.89,1.43,1.83,0.48,2.47,,
V7R,XSES,Resources Global Development Ltd Ordinary Shares,Industrials,Marine Shipping,,SGD,Interest Coverage,,9.71,9.47,32.61,5.64,9.43,102.22,534.86,65.06,222.43,140.77,,
V7R,XSES,Resources Global Development Ltd Ordinary Shares,Industrials,Marine Shipping,,SGD,Financial Leverage,,2.47,2.29,2.14,3.04,2.28,1.96,2.18,1.98,2.81,1.87,,
V7R,XSES,Resources Global Development Ltd Ordinary Shares,Industrials,Marine Shipping,,SGD,Debt/Equity,,0.11,0.05,0.01,0.48,0.22,0.07,0.04,0.04,0.09,0.11,,
V7R,XSES,Resources Global Development Ltd Ordinary Shares,Industrials,Marine Shipping,,SGD,Book Value/Share,,-,-,-,-,0.05,0.06,0.1,0.13,0.13,0.17,,
V7R,XSES,Resources Global Development Ltd Ordinary Shares,Industrials,Marine Shipping,,SGD,Cap Ex as a % of Sales,,0.73,2.46,3.03,24.29,3.71,6.55,16.47,20.41,65.97,26.77,,
V8Y,XSES,Quantum Healthcare Ltd,Healthcare,Medical Devices,,SGD,Current Ratio,,0.21,0.18,2.28,0.91,0.59,0.12,0.83,0.34,0.28,0.54,,
V8Y,XSES,Quantum Healthcare Ltd,Healthcare,Medical Devices,,SGD,Quick Ratio,,0.07,0.06,2.06,0.78,0.48,0.09,0.81,0.30,0.24,0.48,,
V8Y,XSES,Quantum Healthcare Ltd,Healthcare,Medical Devices,,SGD,Interest Coverage,,-0.16,-2.31,67.16,-37.27,-26.55,-150.54,-17.00,-5.70,-4.48,-7.35,,
V8Y,XSES,Quantum Healthcare Ltd,Healthcare,Medical Devices,,SGD,Financial Leverage,,-,-,1.37,1.54,4.53,-,-,-,-,-,,
V8Y,XSES,Quantum Healthcare Ltd,Healthcare,Medical Devices,,SGD,Debt/Equity,,-,-,-,0.01,-,-,-,-,-,-,,
V8Y,XSES,Quantum Healthcare Ltd,Healthcare,Medical Devices,,SGD,Book Value/Share,,-0.01,-0.01,0.01,0.01,0.00,0.00,0.00,0.00,0.00,0.00,,
V8Y,XSES,Quantum Healthcare Ltd,Healthcare,Medical Devices,,SGD,Cap Ex as a % of Sales,,9.97,0.14,0.87,0.18,-,-,9.88,2.28,2.78,0.38,,
VC2,XSES,Olam Group Ltd,Consumer Defensive,Food Distribution,,SGD,Current Ratio,,1.57,1.63,1.48,1.27,1.38,1.43,1.73,1.47,1.41,1.26,,
VC2,XSES,Olam Group Ltd,Consumer Defensive,Food Distribution,,SGD,Quick Ratio,,0.42,0.48,0.5,0.46,0.42,0.46,0.63,0.47,0.33,0.17,,
VC2,XSES,Olam Group Ltd,Consumer Defensive,Food Distribution,,SGD,Interest Coverage,,1.97,2.19,1.69,2.08,1.43,2.39,1.86,1.32,1.11,1.1,,
VC2,XSES,Olam Group Ltd,Consumer Defensive,Food Distribution,,SGD,Financial Leverage,,4.35,3.46,3.71,3.99,4.48,4.73,4.17,4.55,6.45,5.56,,
VC2,XSES,Olam Group Ltd,Consumer Defensive,Food Distribution,,SGD,Debt/Equity,,1.42,1.08,1.03,0.91,1.27,1.42,1.43,1.33,1.87,1.06,,
VC2,XSES,Olam Group Ltd,Consumer Defensive,Food Distribution,,SGD,Book Value/Share,,1.86,1.75,1.93,1.89,1.95,1.83,1.89,1.9,1.9,1.84,,
VC2,XSES,Olam Group Ltd,Consumer Defensive,Food Distribution,,SGD,Cap Ex as a % of Sales,,3.71,3.65,2.69,1.88,1.9,1.48,1.48,1.44,1.23,2.47,,
VI2,XSES,Trans-China Automotive Holdings Ltd,Consumer Cyclical,Auto & Truck Dealerships,,SGD,Current Ratio,,-,-,0.98,1.04,1.07,1.06,1.0,0.93,0.85,0.81,,
VI2,XSES,Trans-China Automotive Holdings Ltd,Consumer Cyclical,Auto & Truck Dealerships,,SGD,Quick Ratio,,-,-,0.34,0.30,0.29,0.25,0.25,0.27,0.23,0.15,,
VI2,XSES,Trans-China Automotive Holdings Ltd,Consumer Cyclical,Auto & Truck Dealerships,,SGD,Interest Coverage,,1.33,1.74,3.30,4.39,1.75,-1.4,-2.12,-3.97,-,-,,
VI2,XSES,Trans-China Automotive Holdings Ltd,Consumer Cyclical,Auto & Truck Dealerships,,SGD,Financial Leverage,,-,-,-,-,21.51,6.78,6.13,8.03,15.90,-,,
VI2,XSES,Trans-China Automotive Holdings Ltd,Consumer Cyclical,Auto & Truck Dealerships,,SGD,Debt/Equity,,-,-,-,-,5.10,0.81,0.74,1.11,2.18,-,,
VI2,XSES,Trans-China Automotive Holdings Ltd,Consumer Cyclical,Auto & Truck Dealerships,,SGD,Book Value/Share,,-,-,-,-,-,0.05,0.1,0.09,0.04,0.01,,
VI2,XSES,Trans-China Automotive Holdings Ltd,Consumer Cyclical,Auto & Truck Dealerships,,SGD,Cap Ex as a % of Sales,,1.03,1.21,1.75,1.13,2.45,2.37,2.12,1.05,-,-,,
VIN,XSES,Vins Holdings Ltd,Consumer Cyclical,Auto & Truck Dealerships,,SGD,Current Ratio,,-,-,-,-,-,1.28,1.16,1.20,1.16,1.30,,
VIN,XSES,Vins Holdings Ltd,Consumer Cyclical,Auto & Truck Dealerships,,SGD,Quick Ratio,,-,-,-,-,-,0.50,0.41,0.88,0.40,0.51,,
VIN,XSES,Vins Holdings Ltd,Consumer Cyclical,Auto & Truck Dealerships,,SGD,Interest Coverage,,6.81,4.38,3.24,2.31,1.48,-,-,-,-,-,,
VIN,XSES,Vins Holdings Ltd,Consumer Cyclical,Auto & Truck Dealerships,,SGD,Financial Leverage,,-,-,-,-,-,4.82,5.62,5.21,5.06,3.71,,
VIN,XSES,Vins Holdings Ltd,Consumer Cyclical,Auto & Truck Dealerships,,SGD,Debt/Equity,,-,-,-,-,-,1.95,2.30,2.34,2.00,1.18,,
VIN,XSES,Vins Holdings Ltd,Consumer Cyclical,Auto & Truck Dealerships,,SGD,Book Value/Share,,-,-,-,-,-,-,-,-,-,0.20,,
VIN,XSES,Vins Holdings Ltd,Consumer Cyclical,Auto & Truck Dealerships,,SGD,Cap Ex as a % of Sales,,2.09,6.88,4.19,3.12,6.27,-,-,-,-,-,,
W05,XSES,Wing Tai Holdings Ltd,Real Estate,Real Estate - Development,,SGD,Current Ratio,,9.82,9.22,10.39,14.46,8.68,6.07,3.32,8.36,9.05,11.44,,
W05,XSES,Wing Tai Holdings Ltd,Real Estate,Real Estate - Development,,SGD,Quick Ratio,,2.98,4.22,5.61,2.69,3.44,3.07,1.78,3.85,4.48,3.1,,
W05,XSES,Wing Tai Holdings Ltd,Real Estate,Real Estate - Development,,SGD,Interest Coverage,,1.91,1.47,8.37,2.5,1.89,3.45,6.9,0.61,-1.01,-0.35,,
W05,XSES,Wing Tai Holdings Ltd,Real Estate,Real Estate - Development,,SGD,Financial Leverage,,1.59,1.4,1.3,1.24,1.32,1.29,1.24,1.26,1.34,1.5,,
W05,XSES,Wing Tai Holdings Ltd,Real Estate,Real Estate - Development,,SGD,Debt/Equity,,0.41,0.28,0.22,0.18,0.23,0.17,0.09,0.18,0.26,0.42,,
W05,XSES,Wing Tai Holdings Ltd,Real Estate,Real Estate - Development,,SGD,Book Value/Share,,4.08,4.02,4.29,4.41,4.55,4.54,4.58,4.45,4.24,3.91,,
W05,XSES,Wing Tai Holdings Ltd,Real Estate,Real Estate - Development,,SGD,Cap Ex as a % of Sales,,0.85,2.94,2.53,2.95,0.82,0.82,1.14,1.01,2.94,1.75,,
W8W,XSES,Coliwoo Holdings Ltd,Real Estate,Real Estate Services,,SGD,Current Ratio,,-,-,-,-,-,-,0.42,0.36,1.04,1.24,,
W8W,XSES,Coliwoo Holdings Ltd,Real Estate,Real Estate Services,,SGD,Quick Ratio,,-,-,-,-,-,-,0.26,0.24,0.94,0.43,,
W8W,XSES,Coliwoo Holdings Ltd,Real Estate,Real Estate Services,,SGD,Interest Coverage,,20.89,3.55,8.72,3.79,-,-,-,-,-,-,,
W8W,XSES,Coliwoo Holdings Ltd,Real Estate,Real Estate Services,,SGD,Financial Leverage,,-,-,-,-,-,-,4.43,4.78,3.04,3.22,,
W8W,XSES,Coliwoo Holdings Ltd,Real Estate,Real Estate Services,,SGD,Debt/Equity,,-,-,-,-,-,-,2.07,2.08,1.43,1.61,,
W8W,XSES,Coliwoo Holdings Ltd,Real Estate,Real Estate Services,,SGD,Book Value/Share,,-,-,-,-,-,-,-,-,-,-,,
W8W,XSES,Coliwoo Holdings Ltd,Real Estate,Real Estate Services,,SGD,Cap Ex as a % of Sales,,0.84,7.92,3.45,8.79,-,-,-,-,-,-,,
WJ9,XSES,Advanced Systems Automation Ltd,Technology,Semiconductor Equipment & Materials,,SGD,Current Ratio,1.16,1.00,1.17,0.81,0.56,0.91,0.46,0.84,0.87,0.35,,,
WJ9,XSES,Advanced Systems Automation Ltd,Technology,Semiconductor Equipment & Materials,,SGD,Quick Ratio,0.81,0.78,0.90,0.57,0.33,0.02,0.40,0.69,0.76,0.33,,,
WJ9,XSES,Advanced Systems Automation Ltd,Technology,Semiconductor Equipment & Materials,,SGD,Interest Coverage,-149.36,-26.40,-27.73,-9.17,-8.47,-10.24,0.53,1.61,-3.39,-6.17,,,
WJ9,XSES,Advanced Systems Automation Ltd,Technology,Semiconductor Equipment & Materials,,SGD,Financial Leverage,6.61,-,3.70,4.03,13.18,-,-,-,-,5.79,,,
WJ9,XSES,Advanced Systems Automation Ltd,Technology,Semiconductor Equipment & Materials,,SGD,Debt/Equity,0.27,-,-,0.12,0.33,-,-,-,-,0.42,,,
WJ9,XSES,Advanced Systems Automation Ltd,Technology,Semiconductor Equipment & Materials,,SGD,Book Value/Share,0.09,0.00,0.02,0.0,0.01,0.00,0.00,0.00,-0.01,0.0,,,
WJ9,XSES,Advanced Systems Automation Ltd,Technology,Semiconductor Equipment & Materials,,SGD,Cap Ex as a % of Sales,4.37,1.14,6.99,5.85,5.95,-,7.44,3.46,5.11,5.98,,,
WJP,XSES,Vicom Ltd,Consumer Cyclical,Auto & Truck Dealerships,,SGD,Current Ratio,,4.47,4.33,4.13,2.85,2.69,2.24,2.41,2.29,2.32,1.64,,
WJP,XSES,Vicom Ltd,Consumer Cyclical,Auto & Truck Dealerships,,SGD,Quick Ratio,,4.46,4.32,4.12,2.84,2.68,2.23,2.38,2.27,2.3,1.6,,
WJP,XSES,Vicom Ltd,Consumer Cyclical,Auto & Truck Dealerships,,SGD,Interest Coverage,,-,-,-,39.05,33.68,35.87,39.39,40.34,42.22,57.3,,
WJP,XSES,Vicom Ltd,Consumer Cyclical,Auto & Truck Dealerships,,SGD,Financial Leverage,,1.20,1.21,1.26,1.56,1.55,1.57,1.52,1.5,1.5,1.55,,
WJP,XSES,Vicom Ltd,Consumer Cyclical,Auto & Truck Dealerships,,SGD,Debt/Equity,,-,-,-,0.25,0.24,0.24,0.25,0.23,0.22,0.2,,
WJP,XSES,Vicom Ltd,Consumer Cyclical,Auto & Truck Dealerships,,SGD,Book Value/Share,,0.40,0.40,0.38,0.35,0.34,0.35,0.34,0.36,0.38,0.41,,
WJP,XSES,Vicom Ltd,Consumer Cyclical,Auto & Truck Dealerships,,SGD,Cap Ex as a % of Sales,,4.04,4.69,26.96,5.33,17.88,12.45,8.4,11.68,10.16,23.64,,
WKS,XSES,Winking Studios Ltd,Communication Services,Electronic Gaming & Multimedia,,SGD,Current Ratio,,-,-,-,-,2.95,2.61,2.29,3.69,6.85,4.25,,
WKS,XSES,Winking Studios Ltd,Communication Services,Electronic Gaming & Multimedia,,SGD,Quick Ratio,,-,-,-,-,2.89,2.57,2.25,3.65,6.77,4.13,,
WKS,XSES,Winking Studios Ltd,Communication Services,Electronic Gaming & Multimedia,,SGD,Interest Coverage,,116.26,116.42,13.92,16.99,5.43,4.78,-,-,-,-,,
WKS,XSES,Winking Studios Ltd,Communication Services,Electronic Gaming & Multimedia,,SGD,Financial Leverage,,-,-,-,-,1.53,1.68,1.75,1.42,1.21,1.30,,
WKS,XSES,Winking Studios Ltd,Communication Services,Electronic Gaming & Multimedia,,SGD,Debt/Equity,,-,-,-,-,0.02,0.12,0.17,0.08,0.04,0.02,,
WKS,XSES,Winking Studios Ltd,Communication Services,Electronic Gaming & Multimedia,,SGD,Book Value/Share,,-,-,-,-,-,-,-,0.07,0.06,0.15,,
WKS,XSES,Winking Studios Ltd,Communication Services,Electronic Gaming & Multimedia,,SGD,Cap Ex as a % of Sales,,4.38,5.65,6.89,2.28,1.70,1.74,-,-,-,-,,
WPC,XSES,Vallianz Holdings Ltd,Industrials,Marine Shipping,,SGD,Current Ratio,,-,1.11,1.3,1.01,0.36,0.52,0.8,0.88,0.93,0.99,,
WPC,XSES,Vallianz Holdings Ltd,Industrials,Marine Shipping,,SGD,Quick Ratio,,-,0.97,1.11,0.87,0.27,0.44,0.46,0.48,0.45,0.88,,
WPC,XSES,Vallianz Holdings Ltd,Industrials,Marine Shipping,,SGD,Interest Coverage,,-,2.05,-6.81,-2.3,-0.43,0.42,-0.11,2.2,1.67,-,,
WPC,XSES,Vallianz Holdings Ltd,Industrials,Marine Shipping,,SGD,Financial Leverage,,-,4.03,2.43,3.31,15.69,4.43,45.48,12.29,4.38,3.79,,
WPC,XSES,Vallianz Holdings Ltd,Industrials,Marine Shipping,,SGD,Debt/Equity,,-,1.53,0.64,0.88,7.99,2.1,26.91,6.14,1.15,0.92,,
WPC,XSES,Vallianz Holdings Ltd,Industrials,Marine Shipping,,SGD,Book Value/Share,,-,2.38,0.58,0.67,0.47,0.15,0.09,0.0,0.05,0.12,,
WPC,XSES,Vallianz Holdings Ltd,Industrials,Marine Shipping,,SGD,Cap Ex as a % of Sales,,-,3.02,15.91,27.8,29.37,7.15,11.8,2.99,3.86,-,,
X5N,XSES,Avarga Ltd,Industrials,Industrial Distribution,,SGD,Current Ratio,,17.85,1.8,1.88,1.71,1.99,1.94,2.67,3.16,3.6,3.26,,
X5N,XSES,Avarga Ltd,Industrials,Industrial Distribution,,SGD,Quick Ratio,,15.31,0.99,0.87,0.74,0.95,1.0,1.3,1.91,2.37,1.68,,
X5N,XSES,Avarga Ltd,Industrials,Industrial Distribution,,SGD,Interest Coverage,,3287.00,2.61,4.47,5.36,10.73,14.43,12.89,6.55,9.11,3.41,,
X5N,XSES,Avarga Ltd,Industrials,Industrial Distribution,,SGD,Financial Leverage,,1.06,2.54,2.44,2.86,2.68,2.61,2.21,2.1,2.03,2.09,,
X5N,XSES,Avarga Ltd,Industrials,Industrial Distribution,,SGD,Debt/Equity,,-,0.24,0.29,0.61,0.49,0.37,0.28,0.27,0.24,0.31,,
X5N,XSES,Avarga Ltd,Industrials,Industrial Distribution,,SGD,Book Value/Share,,2.06,2.23,2.31,2.11,2.33,3.29,3.75,3.89,3.93,3.76,,
X5N,XSES,Avarga Ltd,Industrials,Industrial Distribution,,SGD,Cap Ex as a % of Sales,,1.85,0.24,0.34,0.16,0.27,0.16,0.25,0.35,0.25,0.34,,
XCF,XSES,KTMG Ltd,Consumer Cyclical,Apparel Manufacturing,,SGD,Current Ratio,,0.02,0.01,0.01,1.03,1.11,1.08,1.24,1.12,1.02,1.06,,
XCF,XSES,KTMG Ltd,Consumer Cyclical,Apparel Manufacturing,,SGD,Quick Ratio,,0.01,0.01,0.00,0.61,0.76,0.61,0.74,0.7,0.58,0.53,,
XCF,XSES,KTMG Ltd,Consumer Cyclical,Apparel Manufacturing,,SGD,Interest Coverage,,-,-,-,-0.87,6.08,5.48,5.65,-0.57,-2.39,-1.1,,
XCF,XSES,KTMG Ltd,Consumer Cyclical,Apparel Manufacturing,,SGD,Financial Leverage,,-,-,-,3.22,3.09,3.61,2.24,2.87,4.05,3.3,,
XCF,XSES,KTMG Ltd,Consumer Cyclical,Apparel Manufacturing,,SGD,Debt/Equity,,-,-,-,0.34,0.23,0.17,0.07,0.04,0.26,0.41,,
XCF,XSES,KTMG Ltd,Consumer Cyclical,Apparel Manufacturing,,SGD,Book Value/Share,,-1.46,-1.67,-1.67,0.09,0.09,0.11,0.13,0.13,0.12,0.09,,
XCF,XSES,KTMG Ltd,Consumer Cyclical,Apparel Manufacturing,,SGD,Cap Ex as a % of Sales,,-,-,-,2.21,0.59,2.68,0.56,0.99,0.4,0.73,,
XHV,XSES,Serial Achieva Ltd,Technology,Computer Hardware,,SGD,Current Ratio,,17.20,7.44,5.75,6.91,27.88,116.18,10.15,1.26,1.1,1.09,,
XHV,XSES,Serial Achieva Ltd,Technology,Computer Hardware,,SGD,Quick Ratio,,16.38,7.11,5.56,6.79,27.85,8.12,6.60,0.31,0.8,0.7,,
XHV,XSES,Serial Achieva Ltd,Technology,Computer Hardware,,SGD,Interest Coverage,,-43.20,-,-,48.82,-1840.16,-,-,-,-17.67,0.39,,
XHV,XSES,Serial Achieva Ltd,Technology,Computer Hardware,,SGD,Financial Leverage,,1.07,1.14,1.19,1.17,1.04,1.01,1.11,4.76,10.38,13.06,,
XHV,XSES,Serial Achieva Ltd,Technology,Computer Hardware,,SGD,Debt/Equity,,-,-,-,0.02,-,-,-,-,0.03,2.89,,
XHV,XSES,Serial Achieva Ltd,Technology,Computer Hardware,,SGD,Book Value/Share,,0.61,0.45,0.51,0.52,-,-,-,-,0.04,0.03,,
XHV,XSES,Serial Achieva Ltd,Technology,Computer Hardware,,SGD,Cap Ex as a % of Sales,,3.25,1.18,1.19,1.12,4409.22,-,-,-,0.02,0.06,,
XJB,XSES,GHY Culture & Media Holding Co Ltd Ordinary Shares,Communication Services,Entertainment,,SGD,Current Ratio,,-,-,1.15,1.11,3.28,3.5,3.58,3.25,3.28,2.60,,
XJB,XSES,GHY Culture & Media Holding Co Ltd Ordinary Shares,Communication Services,Entertainment,,SGD,Quick Ratio,,-,-,0.42,0.82,2.96,2.83,2.8,1.96,1.88,1.78,,
XJB,XSES,GHY Culture & Media Holding Co Ltd Ordinary Shares,Communication Services,Entertainment,,SGD,Interest Coverage,,-,20.08,49.81,8.23,-7.43,-3.26,-50.44,2.29,-,-,,
XJB,XSES,GHY Culture & Media Holding Co Ltd Ordinary Shares,Communication Services,Entertainment,,SGD,Financial Leverage,,-,-,5.30,6.48,1.47,1.37,1.34,1.39,1.32,1.48,,
XJB,XSES,GHY Culture & Media Holding Co Ltd Ordinary Shares,Communication Services,Entertainment,,SGD,Debt/Equity,,-,-,0.04,0.07,0.02,0.02,0.01,0.03,0.01,0.00,,
XJB,XSES,GHY Culture & Media Holding Co Ltd Ordinary Shares,Communication Services,Entertainment,,SGD,Book Value/Share,,-,-,-,-,0.04,0.14,0.13,0.12,0.10,0.09,,
XJB,XSES,GHY Culture & Media Holding Co Ltd Ordinary Shares,Communication Services,Entertainment,,SGD,Cap Ex as a % of Sales,,-,4.71,2.37,3.21,6.17,1.33,4.81,0.75,-,-,,
XVG,XSES,Aedge Group Ltd Ordinary Shares,Industrials,Conglomerates,,SGD,Current Ratio,,-,-,-,-,1.51,2.13,1.92,2.03,1.70,0.98,,
XVG,XSES,Aedge Group Ltd Ordinary Shares,Industrials,Conglomerates,,SGD,Quick Ratio,,-,-,-,-,1.30,1.98,1.77,1.67,1.48,0.88,,
XVG,XSES,Aedge Group Ltd Ordinary Shares,Industrials,Conglomerates,,SGD,Interest Coverage,,5.15,-5.15,-10.50,-16.43,-0.68,-0.47,-,-,-,-,,
XVG,XSES,Aedge Group Ltd Ordinary Shares,Industrials,Conglomerates,,SGD,Financial Leverage,,-,-,-,-,1.79,1.56,1.57,1.61,2.21,2.90,,
XVG,XSES,Aedge Group Ltd Ordinary Shares,Industrials,Conglomerates,,SGD,Debt/Equity,,-,-,-,-,0.08,0.1,0.07,0.09,0.63,1.00,,
XVG,XSES,Aedge Group Ltd Ordinary Shares,Industrials,Conglomerates,,SGD,Book Value/Share,,-,-,-,-,-,0.11,0.10,0.08,0.07,0.07,,
XVG,XSES,Aedge Group Ltd Ordinary Shares,Industrials,Conglomerates,,SGD,Cap Ex as a % of Sales,,2.67,8.83,4.29,4.45,1.54,1.89,-,-,-,-,,
XWA,XSES,AEM Holdings Ltd,Technology,Semiconductor Equipment & Materials,,SGD,Current Ratio,,2.33,1.81,2.49,2.21,2.40,2.34,3.51,2.80,3.26,4.55,,
XWA,XSES,AEM Holdings Ltd,Technology,Semiconductor Equipment & Materials,,SGD,Quick Ratio,,1.34,1.19,1.82,1.55,1.66,1.45,1.27,0.88,1.22,2.12,,
XWA,XSES,AEM Holdings Ltd,Technology,Semiconductor Equipment & Materials,,SGD,Interest Coverage,,291.05,996.57,1000.20,399.34,509.06,65.28,59.91,2.09,4.07,9.61,,
XWA,XSES,AEM Holdings Ltd,Technology,Semiconductor Equipment & Materials,,SGD,Financial Leverage,,1.60,2.02,1.52,1.70,1.59,1.77,1.66,1.51,1.39,1.26,,
XWA,XSES,AEM Holdings Ltd,Technology,Semiconductor Equipment & Materials,,SGD,Debt/Equity,,0.00,-,0.00,0.00,0.03,0.15,0.27,0.09,0.03,0.02,,
XWA,XSES,AEM Holdings Ltd,Technology,Semiconductor Equipment & Materials,,SGD,Book Value/Share,,-,-,-,-,-,-,-,-,1.11,-,,
XWA,XSES,AEM Holdings Ltd,Technology,Semiconductor Equipment & Materials,,SGD,Cap Ex as a % of Sales,,0.87,1.11,1.80,1.02,1.01,2.97,3.16,5.36,6.36,5.30,,
XZL,XSES,Acrophyte Hospitality Trust,Real Estate,REIT - Hotel & Motel,,SGD,Current Ratio,,-,-,2.73,4.46,1.82,0.88,2.89,1.69,0.42,0.14,,
XZL,XSES,Acrophyte Hospitality Trust,Real Estate,REIT - Hotel & Motel,,SGD,Quick Ratio,,-,-,2.70,4.17,1.74,0.82,2.8,1.11,0.39,0.13,,
XZL,XSES,Acrophyte Hospitality Trust,Real Estate,REIT - Hotel & Motel,,SGD,Interest Coverage,,2.67,-,-7.97,-0.53,1.97,0.07,-0.13,-0.39,-,-,,
XZL,XSES,Acrophyte Hospitality Trust,Real Estate,REIT - Hotel & Motel,,SGD,Financial Leverage,,-,-,1.54,1.54,2.11,1.91,1.8,1.85,1.84,1.89,,
XZL,XSES,Acrophyte Hospitality Trust,Real Estate,REIT - Hotel & Motel,,SGD,Debt/Equity,,-,-,0.52,0.49,1.02,0.82,0.71,0.76,0.59,0.31,,
XZL,XSES,Acrophyte Hospitality Trust,Real Estate,REIT - Hotel & Motel,,SGD,Book Value/Share,,-,-,-,0.87,0.77,0.61,0.72,0.79,0.70,0.70,,
XZL,XSES,Acrophyte Hospitality Trust,Real Estate,REIT - Hotel & Motel,,SGD,Cap Ex as a % of Sales,,390.37,-,121.62,7.08,5.98,27.79,12.12,11.86,-,-,,
Y03,XSES,Yeo Hiap Seng Ltd,Consumer Defensive,Packaged Foods,,SGD,Current Ratio,,4.88,5.92,6.81,6.0,5.43,4.66,5.51,5.44,4.2,4.08,,
Y03,XSES,Yeo Hiap Seng Ltd,Consumer Defensive,Packaged Foods,,SGD,Quick Ratio,,4.06,5.09,5.69,5.2,4.69,3.91,4.44,4.57,3.25,3.42,,
Y03,XSES,Yeo Hiap Seng Ltd,Consumer Defensive,Packaged Foods,,SGD,Interest Coverage,,-,-,-,34.33,-16.29,-0.45,11.65,17.14,18.78,60.34,,
Y03,XSES,Yeo Hiap Seng Ltd,Consumer Defensive,Packaged Foods,,SGD,Financial Leverage,,1.14,1.13,1.12,1.17,1.16,1.17,1.15,1.16,1.18,1.2,,
Y03,XSES,Yeo Hiap Seng Ltd,Consumer Defensive,Packaged Foods,,SGD,Debt/Equity,,-,-,-,0.03,0.03,0.02,0.03,0.03,0.03,0.03,,
Y03,XSES,Yeo Hiap Seng Ltd,Consumer Defensive,Packaged Foods,,SGD,Book Value/Share,,1.03,1.11,1.09,1.07,1.02,0.99,0.96,0.91,0.88,0.9,,
Y03,XSES,Yeo Hiap Seng Ltd,Consumer Defensive,Packaged Foods,,SGD,Cap Ex as a % of Sales,,12.21,6.27,3.69,4.51,6.19,3.63,4.11,2.0,2.46,3.13,,
Y06,XSES,Green Build Technology Ltd,Industrials,Engineering & Construction,,SGD,Current Ratio,,1.18,0.78,0.37,0.33,0.4,0.46,74.80,0.32,0.32,0.20,,
Y06,XSES,Green Build Technology Ltd,Industrials,Engineering & Construction,,SGD,Quick Ratio,,1.17,0.32,0.29,0.3,0.37,0.44,0.36,0.29,0.26,0.12,,
Y06,XSES,Green Build Technology Ltd,Industrials,Engineering & Construction,,SGD,Interest Coverage,,2.5,0.85,0.24,8.53,0.73,1.18,-,-12.64,-8.68,-47.90,,
Y06,XSES,Green Build Technology Ltd,Industrials,Engineering & Construction,,SGD,Financial Leverage,,12.56,19.68,12.47,17.42,16.64,14.59,-,-,-,-,,
Y06,XSES,Green Build Technology Ltd,Industrials,Engineering & Construction,,SGD,Debt/Equity,,4.23,5.51,4.34,9.59,9.72,8.83,-,-,-,-,,
Y06,XSES,Green Build Technology Ltd,Industrials,Engineering & Construction,,SGD,Book Value/Share,,0.06,0.05,-,0.06,0.05,0.05,0.00,0.00,0.00,-0.01,,
Y06,XSES,Green Build Technology Ltd,Industrials,Engineering & Construction,,SGD,Cap Ex as a % of Sales,,0.05,0.13,0.45,0.01,0.07,0.01,-,-,-,-,,
Y35,XSES,AnAn International Ltd,Energy,Oil & Gas Refining & Marketing,,SGD,Current Ratio,,1.67,1.2,1.07,1.07,1.04,1.04,1.13,1.08,1.03,1.08,,
Y35,XSES,AnAn International Ltd,Energy,Oil & Gas Refining & Marketing,,SGD,Quick Ratio,,1.46,0.9,0.86,0.78,0.69,0.72,0.78,0.76,0.72,0.74,,
Y35,XSES,AnAn International Ltd,Energy,Oil & Gas Refining & Marketing,,SGD,Interest Coverage,,10.41,-39.91,-9.78,0.98,9.3,12.8,28.23,4.68,-0.31,4.45,,
Y35,XSES,AnAn International Ltd,Energy,Oil & Gas Refining & Marketing,,SGD,Financial Leverage,,2.35,3.68,5.0,5.5,5.18,6.4,5.45,5.62,4.83,4.98,,
Y35,XSES,AnAn International Ltd,Energy,Oil & Gas Refining & Marketing,,SGD,Debt/Equity,,0.05,0.19,0.21,0.32,0.24,0.19,0.18,0.24,0.19,0.13,,
Y35,XSES,AnAn International Ltd,Energy,Oil & Gas Refining & Marketing,,SGD,Book Value/Share,,0.07,0.07,0.02,0.02,0.02,0.02,0.02,0.03,0.03,0.03,,
Y35,XSES,AnAn International Ltd,Energy,Oil & Gas Refining & Marketing,,SGD,Cap Ex as a % of Sales,,0.05,0.18,0.24,0.31,0.98,1.03,0.92,1.28,0.6,0.41,,
Y3D,XSES,mDR Ltd,Technology,Electronics & Computer Distribution,,SGD,Current Ratio,,3.6,2.48,2.17,1.21,1.66,1.78,0.81,0.9,0.86,0.62,,
Y3D,XSES,mDR Ltd,Technology,Electronics & Computer Distribution,,SGD,Quick Ratio,,2.16,1.64,1.21,0.77,1.11,1.54,0.57,0.55,0.53,0.32,,
Y3D,XSES,mDR Ltd,Technology,Electronics & Computer Distribution,,SGD,Interest Coverage,,30.88,16.81,7.15,1.68,-12.3,5.44,7.57,-12.83,3.28,0.7,,
Y3D,XSES,mDR Ltd,Technology,Electronics & Computer Distribution,,SGD,Financial Leverage,,1.32,1.37,1.23,1.54,1.41,1.41,1.55,1.84,1.51,2.04,,
Y3D,XSES,mDR Ltd,Technology,Electronics & Computer Distribution,,SGD,Debt/Equity,,0.02,0.01,0.0,0.02,0.06,0.04,0.03,0.06,0.01,0.31,,
Y3D,XSES,mDR Ltd,Technology,Electronics & Computer Distribution,,SGD,Book Value/Share,,0.39,0.41,0.12,0.11,0.11,0.14,0.13,0.12,0.09,0.11,,
Y3D,XSES,mDR Ltd,Technology,Electronics & Computer Distribution,,SGD,Cap Ex as a % of Sales,,0.42,2.54,0.57,0.46,0.19,0.54,0.3,0.28,0.25,0.26,,
Y8E,XSES,Samurai 2K Aerosol Ltd,Basic Materials,Specialty Chemicals,,SGD,Current Ratio,,1.50,2.62,3.37,3.31,4.05,2.58,2.39,2.35,2.41,1.95,,
Y8E,XSES,Samurai 2K Aerosol Ltd,Basic Materials,Specialty Chemicals,,SGD,Quick Ratio,,1.04,1.81,2.83,2.79,3.33,2.16,1.89,1.57,1.54,1.24,,
Y8E,XSES,Samurai 2K Aerosol Ltd,Basic Materials,Specialty Chemicals,,SGD,Interest Coverage,,14.36,9.74,33.3,27.82,17.16,55.63,23.94,-7.34,4.05,-2.93,,
Y8E,XSES,Samurai 2K Aerosol Ltd,Basic Materials,Specialty Chemicals,,SGD,Financial Leverage,,2.80,1.72,1.43,1.39,1.3,1.53,1.57,1.7,1.71,1.91,,
Y8E,XSES,Samurai 2K Aerosol Ltd,Basic Materials,Specialty Chemicals,,SGD,Debt/Equity,,0.52,0.21,0.06,0.05,0.06,0.05,0.04,0.27,0.29,0.32,,
Y8E,XSES,Samurai 2K Aerosol Ltd,Basic Materials,Specialty Chemicals,,SGD,Book Value/Share,,-,0.01,0.02,0.07,0.08,0.08,0.09,0.08,0.07,0.06,,
Y8E,XSES,Samurai 2K Aerosol Ltd,Basic Materials,Specialty Chemicals,,SGD,Cap Ex as a % of Sales,,26.39,14.87,7.02,12.67,6.35,2.49,6.48,36.63,9.38,5.94,,
Y92,XSES,Thai Beverage PLC,Consumer Defensive,Beverages - Wineries & Distilleries,,SGD,Current Ratio,,-,1.17,2.0,1.59,0.95,1.0,1.24,1.11,1.33,1.48,,
Y92,XSES,Thai Beverage PLC,Consumer Defensive,Beverages - Wineries & Distilleries,,SGD,Quick Ratio,,-,0.28,0.78,0.66,0.47,0.49,0.69,0.55,0.69,0.70,,
Y92,XSES,Thai Beverage PLC,Consumer Defensive,Beverages - Wineries & Distilleries,,SGD,Interest Coverage,,40.73,6.05,5.38,5.67,5.68,7.41,6.41,6.1,5.51,-,,
Y92,XSES,Thai Beverage PLC,Consumer Defensive,Beverages - Wineries & Distilleries,,SGD,Financial Leverage,,-,1.51,3.31,3.52,3.04,2.76,2.47,2.46,3.54,3.61,,
Y92,XSES,Thai Beverage PLC,Consumer Defensive,Beverages - Wineries & Distilleries,,SGD,Debt/Equity,,-,0.08,1.79,1.71,1.07,0.92,0.77,0.72,1.19,1.34,,
Y92,XSES,Thai Beverage PLC,Consumer Defensive,Beverages - Wineries & Distilleries,,SGD,Book Value/Share,,-,0.2,0.21,0.21,0.23,0.23,0.27,0.28,0.32,0.24,,
Y92,XSES,Thai Beverage PLC,Consumer Defensive,Beverages - Wineries & Distilleries,,SGD,Cap Ex as a % of Sales,,2.92,3.24,2.17,1.83,1.48,1.28,1.77,2.77,4.22,-,,
YF8,XSES,Yangzijiang Financial Holding Ltd,Financial Services,Asset Management,,SGD,Current Ratio,,-,-,-,33.18,27.96,50.98,28.96,30.25,28.89,27.25,,
YF8,XSES,Yangzijiang Financial Holding Ltd,Financial Services,Asset Management,,SGD,Quick Ratio,,-,-,-,33.18,26.24,50.98,28.96,29.99,28.09,26.40,,
YF8,XSES,Yangzijiang Financial Holding Ltd,Financial Services,Asset Management,,SGD,Interest Coverage,,-,-,-,1023.90,557.46,367.90,-1792.04,-,-,-,,
YF8,XSES,Yangzijiang Financial Holding Ltd,Financial Services,Asset Management,,SGD,Financial Leverage,,-,-,-,1.03,1.04,1.04,1.09,1.09,1.09,1.08,,
YF8,XSES,Yangzijiang Financial Holding Ltd,Financial Services,Asset Management,,SGD,Debt/Equity,,-,-,-,-,-,-,0.0,0.00,-,-,,
YF8,XSES,Yangzijiang Financial Holding Ltd,Financial Services,Asset Management,,SGD,Book Value/Share,,-,-,-,-,-,-,1.15,1.07,1.12,1.11,,
YF8,XSES,Yangzijiang Financial Holding Ltd,Financial Services,Asset Management,,SGD,Cap Ex as a % of Sales,,-,0.17,-,0.00,39.49,20.15,63.36,-,-,-,,
YK9,XSES,YKGI Ltd,Consumer Cyclical,Restaurants,,SGD,Current Ratio,,-,-,-,0.79,0.90,1.58,0.76,1.57,1.53,1.32,,
YK9,XSES,YKGI Ltd,Consumer Cyclical,Restaurants,,SGD,Quick Ratio,,-,-,-,0.55,0.64,1.17,0.33,1.20,1.24,1.05,,
YK9,XSES,YKGI Ltd,Consumer Cyclical,Restaurants,,SGD,Interest Coverage,,3.70,9.96,17.25,7.82,2.67,4.97,3.41,-,-,-,,
YK9,XSES,YKGI Ltd,Consumer Cyclical,Restaurants,,SGD,Financial Leverage,,-,-,-,5.20,3.79,2.01,6.25,2.73,2.78,3.60,,
YK9,XSES,YKGI Ltd,Consumer Cyclical,Restaurants,,SGD,Debt/Equity,,-,-,-,1.18,0.56,0.18,1.70,0.83,0.81,1.46,,
YK9,XSES,YKGI Ltd,Consumer Cyclical,Restaurants,,SGD,Book Value/Share,,-,-,-,-,-,-,-,0.04,0.04,0.05,,
YK9,XSES,YKGI Ltd,Consumer Cyclical,Restaurants,,SGD,Cap Ex as a % of Sales,,7.25,4.07,3.53,3.23,3.89,4.38,5.26,-,-,-,,
YYB,XSES,Bacui Technologies International Ltd,Communication Services,Publishing,,SGD,Current Ratio,,1.0,4.67,5.74,7.06,5.91,8.50,3.89,1.16,1.57,1.90,,
YYB,XSES,Bacui Technologies International Ltd,Communication Services,Publishing,,SGD,Quick Ratio,,0.68,4.62,5.66,6.94,5.79,8.38,3.82,1.15,1.57,1.90,,
YYB,XSES,Bacui Technologies International Ltd,Communication Services,Publishing,,SGD,Interest Coverage,,-105.36,-,-,-,-,-,-,-,-,-,,
YYB,XSES,Bacui Technologies International Ltd,Communication Services,Publishing,,SGD,Financial Leverage,,3.59,1.65,1.78,1.16,1.20,1.13,1.30,6.56,2.73,2.03,,
YYB,XSES,Bacui Technologies International Ltd,Communication Services,Publishing,,SGD,Debt/Equity,,0.05,-,-,-,-,-,-,0.00,-,-,,
YYB,XSES,Bacui Technologies International Ltd,Communication Services,Publishing,,SGD,Book Value/Share,,0.03,0.01,0.00,0.00,0.00,0.00,0.00,0.00,0.00,0.00,,
YYB,XSES,Bacui Technologies International Ltd,Communication Services,Publishing,,SGD,Cap Ex as a % of Sales,,1.78,10.36,0.98,1.41,-,-,16.00,0.35,0.17,0.65,,
Z25,XSES,Yanlord Land Group Ltd,Real Estate,Real Estate - Development,,SGD,Current Ratio,,1.5,1.68,1.5,1.31,1.32,1.28,1.23,1.21,1.22,1.11,,
Z25,XSES,Yanlord Land Group Ltd,Real Estate,Real Estate - Development,,SGD,Quick Ratio,,0.56,0.75,0.73,0.66,0.62,0.68,0.43,0.45,0.56,0.48,,
Z25,XSES,Yanlord Land Group Ltd,Real Estate,Real Estate - Development,,SGD,Interest Coverage,,11.74,12.72,8.59,4.45,5.86,8.52,5.81,3.36,0.31,3.6,,
Z25,XSES,Yanlord Land Group Ltd,Real Estate,Real Estate - Development,,SGD,Financial Leverage,,4.44,4.67,4.26,4.6,4.7,4.51,5.41,4.51,3.79,2.98,,
Z25,XSES,Yanlord Land Group Ltd,Real Estate,Real Estate - Development,,SGD,Debt/Equity,,0.59,1.35,1.34,1.11,1.11,0.98,0.82,0.61,0.57,0.42,,
Z25,XSES,Yanlord Land Group Ltd,Real Estate,Real Estate - Development,,SGD,Book Value/Share,,2.26,2.27,2.55,2.51,2.95,3.55,3.44,3.47,3.23,3.02,,
Z25,XSES,Yanlord Land Group Ltd,Real Estate,Real Estate - Development,,SGD,Cap Ex as a % of Sales,,1.49,4.14,1.87,0.72,0.33,0.31,0.6,0.22,0.26,0.38,,
Z4D,XSES,Medi Lifestyle Ltd Ordinary Shares,Healthcare,Medical Care Facilities,,SGD,Current Ratio,,1.15,0.86,0.65,0.29,0.23,0.31,0.17,0.06,0.56,0.13,,
Z4D,XSES,Medi Lifestyle Ltd Ordinary Shares,Healthcare,Medical Care Facilities,,SGD,Quick Ratio,,1.09,0.58,0.61,0.24,0.23,0.23,0.14,0.04,0.37,0.07,,
Z4D,XSES,Medi Lifestyle Ltd Ordinary Shares,Healthcare,Medical Care Facilities,,SGD,Interest Coverage,,-36.16,-28.71,-16.09,-29.19,-17.92,-14.24,-10.35,-9.90,-10.12,-36.11,,
Z4D,XSES,Medi Lifestyle Ltd Ordinary Shares,Healthcare,Medical Care Facilities,,SGD,Financial Leverage,,2.02,9.23,-,8.8,2.75,-,-,-,-,-,,
Z4D,XSES,Medi Lifestyle Ltd Ordinary Shares,Healthcare,Medical Care Facilities,,SGD,Debt/Equity,,0.07,0.02,-,2.18,0.3,-,-,-,-,-,,
Z4D,XSES,Medi Lifestyle Ltd Ordinary Shares,Healthcare,Medical Care Facilities,,SGD,Book Value/Share,,1.32,0.91,-0.05,0.02,0.06,-0.02,-0.04,-0.03,-0.02,0.00,,
Z4D,XSES,Medi Lifestyle Ltd Ordinary Shares,Healthcare,Medical Care Facilities,,SGD,Cap Ex as a % of Sales,,2.98,5.7,29.27,0.68,49.49,14.14,7.96,1.28,-,0.09,,
Z59,XSES,Yoma Strategic Holdings Ltd,Industrials,Conglomerates,,SGD,Current Ratio,,2.5,2.42,2.57,2.68,-,2.89,-,-,1.65,-,,
Z59,XSES,Yoma Strategic Holdings Ltd,Industrials,Conglomerates,,SGD,Quick Ratio,,0.93,0.74,0.63,0.84,-,0.69,-,-,0.72,-,,
Z59,XSES,Yoma Strategic Holdings Ltd,Industrials,Conglomerates,,SGD,Interest Coverage,,12.41,6.28,3.8,3.53,0.45,2.06,-,-,-,-,,
Z59,XSES,Yoma Strategic Holdings Ltd,Industrials,Conglomerates,,SGD,Financial Leverage,,1.42,1.68,1.91,2.17,-,2.52,-,-,3.14,-,,
Z59,XSES,Yoma Strategic Holdings Ltd,Industrials,Conglomerates,,SGD,Debt/Equity,,0.1,0.27,0.26,0.47,-,0.65,-,-,0.38,-,,
Z59,XSES,Yoma Strategic Holdings Ltd,Industrials,Conglomerates,,SGD,Book Value/Share,,0.36,0.37,0.39,0.38,-,0.34,-,-,0.25,-,,
Z59,XSES,Yoma Strategic Holdings Ltd,Industrials,Conglomerates,,SGD,Cap Ex as a % of Sales,,24.88,21.14,23.96,26.19,20.47,11.92,-,-,-,-,,
Z74,XSES,Singapore Telecommunications Ltd,Communication Services,Telecom Services,,SGD,Current Ratio,,0.79,0.64,0.72,0.8,0.68,0.71,0.9,1.03,1.35,0.98,,
Z74,XSES,Singapore Telecommunications Ltd,Communication Services,Telecom Services,,SGD,Quick Ratio,,0.67,0.53,0.6,0.66,0.57,0.61,0.74,0.92,1.18,0.86,,
Z74,XSES,Singapore Telecommunications Ltd,Communication Services,Telecom Services,,SGD,Interest Coverage,,13.59,13.06,18.2,11.04,4.54,2.93,7.46,7.54,3.25,11.26,,
Z74,XSES,Singapore Telecommunications Ltd,Communication Services,Telecom Services,,SGD,Financial Leverage,,1.74,1.71,1.63,1.64,1.83,1.81,1.75,1.79,1.85,1.81,,
Z74,XSES,Singapore Telecommunications Ltd,Communication Services,Telecom Services,,SGD,Debt/Equity,,0.37,0.29,0.29,0.29,0.38,0.41,0.37,0.38,0.45,0.39,,
Z74,XSES,Singapore Telecommunications Ltd,Communication Services,Telecom Services,,SGD,Book Value/Share,,1.54,1.65,1.81,1.77,1.65,1.63,1.68,1.67,1.65,1.49,,
Z74,XSES,Singapore Telecommunications Ltd,Communication Services,Telecom Services,,SGD,Cap Ex as a % of Sales,,12.4,15.07,19.81,11.85,14.43,15.52,16.26,15.6,16.72,30.09,,
Z77,XSES,Singapore Telecommunications Ltd Shs Board lot 10,Communication Services,Telecom Services,,SGD,Current Ratio,,0.79,0.64,0.72,0.8,0.68,0.71,0.9,1.03,1.35,0.98,,
Z77,XSES,Singapore Telecommunications Ltd Shs Board lot 10,Communication Services,Telecom Services,,SGD,Quick Ratio,,0.67,0.53,0.6,0.66,0.57,0.61,0.74,0.92,1.18,0.86,,
Z77,XSES,Singapore Telecommunications Ltd Shs Board lot 10,Communication Services,Telecom Services,,SGD,Interest Coverage,,13.59,13.06,18.2,11.04,4.54,2.93,7.46,7.54,3.25,11.26,,
Z77,XSES,Singapore Telecommunications Ltd Shs Board lot 10,Communication Services,Telecom Services,,SGD,Financial Leverage,,1.74,1.71,1.63,1.64,1.83,1.81,1.75,1.79,1.85,1.81,,
Z77,XSES,Singapore Telecommunications Ltd Shs Board lot 10,Communication Services,Telecom Services,,SGD,Debt/Equity,,0.37,0.29,0.29,0.29,0.38,0.41,0.37,0.38,0.45,0.39,,
Z77,XSES,Singapore Telecommunications Ltd Shs Board lot 10,Communication Services,Telecom Services,,SGD,Book Value/Share,,1.54,1.65,1.81,1.77,1.65,1.63,1.68,1.67,1.65,1.49,,
Z77,XSES,Singapore Telecommunications Ltd Shs Board lot 10,Communication Services,Telecom Services,,SGD,Cap Ex as a % of Sales,,12.4,15.07,19.81,11.85,14.43,15.52,16.26,15.6,16.72,30.09,,
ZB9,XSES,Union Steel Holdings Ltd,Industrials,Waste Management,,SGD,Current Ratio,,1.24,1.29,1.35,1.42,1.26,1.84,1.56,1.55,1.67,1.57,,
ZB9,XSES,Union Steel Holdings Ltd,Industrials,Waste Management,,SGD,Quick Ratio,,0.93,0.71,0.74,0.74,0.53,0.97,0.76,0.96,1.03,0.94,,
ZB9,XSES,Union Steel Holdings Ltd,Industrials,Waste Management,,SGD,Interest Coverage,,-13.79,2.03,1.56,-4.06,-3.90,9.79,10.97,8.08,9.51,5.33,,
ZB9,XSES,Union Steel Holdings Ltd,Industrials,Waste Management,,SGD,Financial Leverage,,1.75,1.88,1.75,1.69,1.98,1.77,2.1,2.02,1.8,1.86,,
ZB9,XSES,Union Steel Holdings Ltd,Industrials,Waste Management,,SGD,Debt/Equity,,0.05,0.11,0.07,0.04,0.20,0.23,0.35,0.25,0.16,0.3,,
ZB9,XSES,Union Steel Holdings Ltd,Industrials,Waste Management,,SGD,Book Value/Share,,0.63,0.55,0.55,0.56,-,0.48,0.54,0.61,0.7,0.79,,
ZB9,XSES,Union Steel Holdings Ltd,Industrials,Waste Management,,SGD,Cap Ex as a % of Sales,,1.72,2.47,3.3,2.41,6.58,4.21,6.59,5.78,11.36,23.87,,
ZKX,XSES,Ever Glory United Holdings Ltd,Industrials,Engineering & Construction,,SGD,Current Ratio,,-,-,-,-,1.28,1.14,1.31,1.80,1.52,1.56,,
ZKX,XSES,Ever Glory United Holdings Ltd,Industrials,Engineering & Construction,,SGD,Quick Ratio,,-,-,-,-,1.22,1.10,1.23,1.63,1.34,1.38,,
ZKX,XSES,Ever Glory United Holdings Ltd,Industrials,Engineering & Construction,,SGD,Interest Coverage,,77.77,33.13,76.45,221.23,72.19,17.15,-,-,-,-,,
ZKX,XSES,Ever Glory United Holdings Ltd,Industrials,Engineering & Construction,,SGD,Financial Leverage,,-,-,-,-,5.77,7.19,4.33,2.21,2.53,2.93,,
ZKX,XSES,Ever Glory United Holdings Ltd,Industrials,Engineering & Construction,,SGD,Debt/Equity,,-,-,-,-,0.37,0.05,0.12,0.04,0.02,0.55,,
ZKX,XSES,Ever Glory United Holdings Ltd,Industrials,Engineering & Construction,,SGD,Book Value/Share,,-,-,-,-,-,-,-,0.03,0.04,0.05,,
ZKX,XSES,Ever Glory United Holdings Ltd,Industrials,Engineering & Construction,,SGD,Cap Ex as a % of Sales,,0.00,0.06,0.13,0.23,0.29,0.11,-,-,-,-,,
ZQM,XSES,Soilbuild Construction Group Ltd,Industrials,Engineering & Construction,,SGD,Current Ratio,,1.20,0.93,0.58,0.92,0.72,0.75,0.68,0.91,1.13,1.36,,
ZQM,XSES,Soilbuild Construction Group Ltd,Industrials,Engineering & Construction,,SGD,Quick Ratio,,1.18,0.79,0.57,0.89,0.64,0.65,0.62,0.8,1.04,1.31,,
ZQM,XSES,Soilbuild Construction Group Ltd,Industrials,Engineering & Construction,,SGD,Interest Coverage,,437.67,-112.03,-2.80,-3.42,-14.4,-0.72,-11.92,3.18,8.8,33.69,,
ZQM,XSES,Soilbuild Construction Group Ltd,Industrials,Engineering & Construction,,SGD,Financial Leverage,,2.20,2.30,2.93,3.29,4.7,4.82,14.18,5.59,4.03,2.91,,
ZQM,XSES,Soilbuild Construction Group Ltd,Industrials,Engineering & Construction,,SGD,Debt/Equity,,-,-,-,0.55,1.05,1.22,3.66,1.64,0.78,0.31,,
ZQM,XSES,Soilbuild Construction Group Ltd,Industrials,Engineering & Construction,,SGD,Book Value/Share,,0.34,0.31,0.30,0.24,0.18,0.15,0.14,0.07,0.08,0.16,,
ZQM,XSES,Soilbuild Construction Group Ltd,Industrials,Engineering & Construction,,SGD,Cap Ex as a % of Sales,,2.51,17.12,19.55,4.09,11.48,1.7,2.48,3.4,2.13,0.73,,
