Ticker,Exchange,Company,Sector,Industry,Employees,Currency,Metric,2015,2016,2017,2018,2019,2020,2021,2022,2023,2024,2025,2026,TTM
1A1,XSES,Wong Fong Industries Ltd,Industrials,Farm & Heavy Construction Machinery,,SGD,Return on Asset %,,5.55,6.14,3.09,2.9,2.48,3.91,2.47,4.22,4.49,5.87,,
1A1,XSES,Wong Fong Industries Ltd,Industrials,Farm & Heavy Construction Machinery,,SGD,Return on Equity %,,8.93,9.23,4.64,4.54,4.09,6.38,4.1,6.77,6.47,8.32,,
1A1,XSES,Wong Fong Industries Ltd,Industrials,Farm & Heavy Construction Machinery,,SGD,Return on Invested Capital %,,8.0,8.28,4.25,4.18,3.64,5.54,3.53,5.47,5.48,7.37,,
1A1,XSES,Wong Fong Industries Ltd,Industrials,Farm & Heavy Construction Machinery,,SGD,Days Sales Outstanding,,52.23,51.33,77.28,87.57,94.39,64.64,47.77,52.05,55.64,37.32,,
1A1,XSES,Wong Fong Industries Ltd,Industrials,Farm & Heavy Construction Machinery,,SGD,Days Inventory,,101.83,101.52,119.34,130.34,151.41,138.46,150.04,154.37,163.46,135.62,,
1A1,XSES,Wong Fong Industries Ltd,Industrials,Farm & Heavy Construction Machinery,,SGD,Payables Period,,79.46,92.31,77.76,69.52,69.64,51.52,60.53,65.9,66.08,68.94,,
1A1,XSES,Wong Fong Industries Ltd,Industrials,Farm & Heavy Construction Machinery,,SGD,Cash Conversion Cycle,,74.6,60.55,118.86,148.39,176.16,151.58,137.27,140.51,153.01,103.99,,
1A1,XSES,Wong Fong Industries Ltd,Industrials,Farm & Heavy Construction Machinery,,SGD,Recieveables Turnover,,6.99,7.11,4.72,4.17,3.87,5.65,7.64,7.01,6.56,9.78,,
1A1,XSES,Wong Fong Industries Ltd,Industrials,Farm & Heavy Construction Machinery,,SGD,Inventory Turnover,,3.58,3.6,3.06,2.8,2.41,2.64,2.43,2.36,2.23,2.69,,
1A1,XSES,Wong Fong Industries Ltd,Industrials,Farm & Heavy Construction Machinery,,SGD,Fixed Assets Turnover,,3.31,3.1,2.76,2.34,1.91,2.66,2.65,2.49,2.22,2.93,,
1A1,XSES,Wong Fong Industries Ltd,Industrials,Farm & Heavy Construction Machinery,,SGD,Asset Turnover,,1.09,0.97,0.77,0.7,0.59,0.77,0.85,0.89,0.82,0.93,,
1AZ,XSES,Audience Analytics Ltd Ordinary Shares,Industrials,Consulting Services,,SGD,Return on Asset %,,-,-,29.77,36.18,45.87,38.02,33.29,23.08,26.30,17.49,,
1AZ,XSES,Audience Analytics Ltd Ordinary Shares,Industrials,Consulting Services,,SGD,Return on Equity %,,-,-,47.85,56.61,86.14,53.45,39.79,27.33,30.12,19.66,,
1AZ,XSES,Audience Analytics Ltd Ordinary Shares,Industrials,Consulting Services,,SGD,Return on Invested Capital %,,-,-,44.97,53.39,82.83,52.69,39.34,25.09,27.51,17.73,,
1AZ,XSES,Audience Analytics Ltd Ordinary Shares,Industrials,Consulting Services,,SGD,Days Sales Outstanding,,-,-,29.08,24.19,29.83,35.10,27.86,19.29,16.30,19.53,,
1AZ,XSES,Audience Analytics Ltd Ordinary Shares,Industrials,Consulting Services,,SGD,Days Inventory,,-,-,-,-,-,-,-,-,-,-,,
1AZ,XSES,Audience Analytics Ltd Ordinary Shares,Industrials,Consulting Services,,SGD,Payables Period,,-,-,21.16,12.38,17.20,12.67,6.01,7.99,12.98,11.24,,
1AZ,XSES,Audience Analytics Ltd Ordinary Shares,Industrials,Consulting Services,,SGD,Cash Conversion Cycle,,-,-,-,-,-,-,-,-,-,-,,
1AZ,XSES,Audience Analytics Ltd Ordinary Shares,Industrials,Consulting Services,,SGD,Recieveables Turnover,,-,-,12.55,15.09,12.23,10.40,13.10,18.92,22.40,18.69,,
1AZ,XSES,Audience Analytics Ltd Ordinary Shares,Industrials,Consulting Services,,SGD,Inventory Turnover,,-,-,-,-,-,-,-,-,-,-,,
1AZ,XSES,Audience Analytics Ltd Ordinary Shares,Industrials,Consulting Services,,SGD,Fixed Assets Turnover,,-,-,16.33,22.79,32.44,49.13,50.13,33.35,23.78,22.17,,
1AZ,XSES,Audience Analytics Ltd Ordinary Shares,Industrials,Consulting Services,,SGD,Asset Turnover,,-,-,1.02,1.32,1.19,0.89,0.83,0.73,0.69,0.63,,
1B0,XSES,mm2 Asia Ltd,Communication Services,Entertainment,,SGD,Return on Asset %,18.48,15.35,16.2,7.07,3.06,0.48,-13.34,-5.82,-23.89,-1.28,,,
1B0,XSES,mm2 Asia Ltd,Communication Services,Entertainment,,SGD,Return on Equity %,44.54,29.53,30.57,19.67,9.65,1.54,-52.72,-24.38,-113.8,-9.11,,,
1B0,XSES,mm2 Asia Ltd,Communication Services,Entertainment,,SGD,Return on Invested Capital %,42.01,28.99,28.02,15.79,9.29,3.2,-14.59,-5.35,-32.14,3.28,,,
1B0,XSES,mm2 Asia Ltd,Communication Services,Entertainment,,SGD,Days Sales Outstanding,194.3,174.89,104.04,122.98,143.4,157.04,398.6,232.3,189.66,142.63,,,
1B0,XSES,mm2 Asia Ltd,Communication Services,Entertainment,,SGD,Days Inventory,77.75,46.07,3.32,12.6,8.83,0.97,5.91,5.45,3.1,2.0,,,
1B0,XSES,mm2 Asia Ltd,Communication Services,Entertainment,,SGD,Payables Period,323.81,352.24,254.73,153.04,146.69,148.07,213.47,149.16,117.96,85.36,,,
1B0,XSES,mm2 Asia Ltd,Communication Services,Entertainment,,SGD,Cash Conversion Cycle,-51.76,-131.28,-147.37,-17.45,5.54,9.94,191.03,88.6,74.81,59.28,,,
1B0,XSES,mm2 Asia Ltd,Communication Services,Entertainment,,SGD,Recieveables Turnover,1.88,2.09,3.51,2.97,2.55,2.32,0.92,1.57,1.92,2.56,,,
1B0,XSES,mm2 Asia Ltd,Communication Services,Entertainment,,SGD,Inventory Turnover,4.69,7.92,110.07,28.97,41.34,377.77,61.79,66.93,117.61,182.22,,,
1B0,XSES,mm2 Asia Ltd,Communication Services,Entertainment,,SGD,Fixed Assets Turnover,244.09,20.46,12.91,7.33,6.86,3.16,0.75,1.53,3.58,12.27,,,
1B0,XSES,mm2 Asia Ltd,Communication Services,Entertainment,,SGD,Asset Turnover,0.88,0.72,0.83,0.51,0.43,0.34,0.11,0.19,0.27,0.45,,,
1B1,XSES,HC Surgical Specialists Ltd,Healthcare,Diagnostics & Research,,SGD,Return on Asset %,,71.38,11.21,23.37,29.26,12.27,23.99,18.98,9.38,13.01,30.62,,
1B1,XSES,HC Surgical Specialists Ltd,Healthcare,Diagnostics & Research,,SGD,Return on Equity %,,100.16,12.92,29.24,39.4,19.35,61.29,61.27,25.27,28.71,47.36,,
1B1,XSES,HC Surgical Specialists Ltd,Healthcare,Diagnostics & Research,,SGD,Return on Invested Capital %,,136.87,14.93,26.85,36.31,14.69,38.37,36.49,16.85,21.24,39.95,,
1B1,XSES,HC Surgical Specialists Ltd,Healthcare,Diagnostics & Research,,SGD,Days Sales Outstanding,,31.71,34.3,26.29,33.06,27.66,17.56,24.03,21.41,23.22,22.58,,
1B1,XSES,HC Surgical Specialists Ltd,Healthcare,Diagnostics & Research,,SGD,Days Inventory,,11.34,30.42,36.73,48.55,73.66,47.14,48.39,57.01,52.03,47.88,,
1B1,XSES,HC Surgical Specialists Ltd,Healthcare,Diagnostics & Research,,SGD,Payables Period,,148.18,341.4,144.7,24.69,28.67,24.37,28.09,15.14,9.74,13.4,,
1B1,XSES,HC Surgical Specialists Ltd,Healthcare,Diagnostics & Research,,SGD,Cash Conversion Cycle,,-105.13,-276.68,-81.68,56.92,72.65,40.32,44.33,63.28,65.51,57.06,,
1B1,XSES,HC Surgical Specialists Ltd,Healthcare,Diagnostics & Research,,SGD,Recieveables Turnover,,11.51,10.64,13.88,11.04,13.19,20.79,15.19,17.05,15.72,16.17,,
1B1,XSES,HC Surgical Specialists Ltd,Healthcare,Diagnostics & Research,,SGD,Inventory Turnover,,32.2,12.0,9.94,7.52,4.96,7.74,7.54,6.4,7.01,7.62,,
1B1,XSES,HC Surgical Specialists Ltd,Healthcare,Diagnostics & Research,,SGD,Fixed Assets Turnover,,16.26,9.61,11.45,14.9,5.99,4.99,4.41,4.56,4.44,4.95,,
1B1,XSES,HC Surgical Specialists Ltd,Healthcare,Diagnostics & Research,,SGD,Asset Turnover,,1.83,0.81,0.84,0.74,0.59,0.7,0.57,0.61,0.64,0.69,,
1B6,XSES,Ocean Sky International Ltd,Industrials,Engineering & Construction,,SGD,Return on Asset %,,2.01,5.89,-11.82,-11.2,-5.61,0.87,-0.96,-3.74,-0.13,2.23,,
1B6,XSES,Ocean Sky International Ltd,Industrials,Engineering & Construction,,SGD,Return on Equity %,,2.53,8.41,-17.07,-16.79,-9.9,1.61,-1.67,-6.42,-0.22,3.68,,
1B6,XSES,Ocean Sky International Ltd,Industrials,Engineering & Construction,,SGD,Return on Invested Capital %,,2.28,7.12,-13.58,-12.92,-5.85,1.61,-0.49,-3.55,0.7,3.57,,
1B6,XSES,Ocean Sky International Ltd,Industrials,Engineering & Construction,,SGD,Days Sales Outstanding,,389.57,114.79,155.55,141.54,147.3,132.47,97.13,102.64,121.99,117.09,,
1B6,XSES,Ocean Sky International Ltd,Industrials,Engineering & Construction,,SGD,Days Inventory,,15.06,1.75,58.65,106.82,56.39,3.67,3.15,3.18,3.43,2.37,,
1B6,XSES,Ocean Sky International Ltd,Industrials,Engineering & Construction,,SGD,Payables Period,,781.28,97.34,82.01,77.64,85.45,81.01,63.07,71.07,82.12,83.51,,
1B6,XSES,Ocean Sky International Ltd,Industrials,Engineering & Construction,,SGD,Cash Conversion Cycle,,-376.65,19.21,132.19,170.72,118.24,55.12,37.21,34.75,43.29,35.95,,
1B6,XSES,Ocean Sky International Ltd,Industrials,Engineering & Construction,,SGD,Recieveables Turnover,,0.94,3.18,2.35,2.58,2.48,2.76,3.76,3.56,2.99,3.12,,
1B6,XSES,Ocean Sky International Ltd,Industrials,Engineering & Construction,,SGD,Inventory Turnover,,24.23,208.37,6.22,3.42,6.47,99.53,115.74,114.9,106.5,153.82,,
1B6,XSES,Ocean Sky International Ltd,Industrials,Engineering & Construction,,SGD,Fixed Assets Turnover,,0.39,1.96,2.08,2.11,2.02,2.09,2.7,2.91,2.98,3.76,,
1B6,XSES,Ocean Sky International Ltd,Industrials,Engineering & Construction,,SGD,Asset Turnover,,0.06,0.34,0.27,0.32,0.31,0.3,0.4,0.44,0.45,0.56,,
1D0,XSES,Kimly Ltd,Consumer Cyclical,Restaurants,,SGD,Return on Asset %,,56.4,28.65,19.72,16.94,11.44,12.16,9.95,10.56,9.02,8.32,,
1D0,XSES,Kimly Ltd,Consumer Cyclical,Restaurants,,SGD,Return on Equity %,,212.67,51.16,27.83,23.39,25.47,32.25,23.07,21.58,18.41,17.71,,
1D0,XSES,Kimly Ltd,Consumer Cyclical,Restaurants,,SGD,Return on Invested Capital %,,212.74,51.55,27.27,21.83,15.25,15.53,13.05,13.64,11.66,11.13,,
1D0,XSES,Kimly Ltd,Consumer Cyclical,Restaurants,,SGD,Days Sales Outstanding,,0.48,0.97,1.56,1.88,2.32,1.88,1.66,3.06,3.9,4.84,,
1D0,XSES,Kimly Ltd,Consumer Cyclical,Restaurants,,SGD,Days Inventory,,3.14,2.79,2.4,2.33,3.35,3.59,4.36,5.93,4.93,4.48,,
1D0,XSES,Kimly Ltd,Consumer Cyclical,Restaurants,,SGD,Payables Period,,15.26,32.35,29.94,14.39,18.65,18.4,14.49,16.7,16.22,16.28,,
1D0,XSES,Kimly Ltd,Consumer Cyclical,Restaurants,,SGD,Cash Conversion Cycle,,-11.64,-28.58,-25.99,-10.18,-12.98,-12.92,-8.47,-7.72,-7.4,-6.96,,
1D0,XSES,Kimly Ltd,Consumer Cyclical,Restaurants,,SGD,Recieveables Turnover,,757.04,375.24,234.59,194.4,157.29,194.02,219.82,119.38,93.65,75.41,,
1D0,XSES,Kimly Ltd,Consumer Cyclical,Restaurants,,SGD,Inventory Turnover,,116.15,130.67,152.28,156.35,109.02,101.66,83.8,61.57,74.01,81.45,,
1D0,XSES,Kimly Ltd,Consumer Cyclical,Restaurants,,SGD,Fixed Assets Turnover,,43.77,30.43,21.44,20.78,1.93,1.19,1.73,1.96,1.83,1.47,,
1D0,XSES,Kimly Ltd,Consumer Cyclical,Restaurants,,SGD,Asset Turnover,,4.04,2.57,1.82,1.76,0.96,0.74,0.93,0.91,0.87,0.81,,
1D1,XSES,UnUsUaL Ltd,Communication Services,Advertising Agencies,,SGD,Return on Asset %,,-,-,26.87,18.68,6.59,-10.08,-5.84,2.53,11.53,-46.93,,
1D1,XSES,UnUsUaL Ltd,Communication Services,Advertising Agencies,,SGD,Return on Equity %,,-,-,38.62,28.49,10.84,-15.63,-8.96,3.88,15.60,-58.96,,
1D1,XSES,UnUsUaL Ltd,Communication Services,Advertising Agencies,,SGD,Return on Invested Capital %,,-,-,37.88,27.23,9.77,-10.78,-5.75,3.81,13.89,-56.12,,
1D1,XSES,UnUsUaL Ltd,Communication Services,Advertising Agencies,,SGD,Days Sales Outstanding,,-,-,47.27,93.22,95.74,3267.21,1026.29,125.48,37.42,26.32,,
1D1,XSES,UnUsUaL Ltd,Communication Services,Advertising Agencies,,SGD,Days Inventory,,-,-,1.04,0.36,0.08,0.3,-,-,-,-,,
1D1,XSES,UnUsUaL Ltd,Communication Services,Advertising Agencies,,SGD,Payables Period,,-,-,97.62,127.99,87.83,314.94,68.54,19.72,13.79,13.53,,
1D1,XSES,UnUsUaL Ltd,Communication Services,Advertising Agencies,,SGD,Cash Conversion Cycle,,-,-,-49.31,-34.41,7.99,2952.57,-,-,-,-,,
1D1,XSES,UnUsUaL Ltd,Communication Services,Advertising Agencies,,SGD,Recieveables Turnover,,-,-,7.72,3.92,3.81,0.11,0.36,2.91,9.75,13.87,,
1D1,XSES,UnUsUaL Ltd,Communication Services,Advertising Agencies,,SGD,Inventory Turnover,,-,-,352.43,1016.15,4844.46,1236.05,-,-,-,-,,
1D1,XSES,UnUsUaL Ltd,Communication Services,Advertising Agencies,,SGD,Fixed Assets Turnover,,-,-,5.62,5.8,6.23,0.11,0.26,2.27,5.44,4.33,,
1D1,XSES,UnUsUaL Ltd,Communication Services,Advertising Agencies,,SGD,Asset Turnover,,-,-,1.25,0.81,0.67,0.02,0.05,0.41,1.11,1.07,,
1D4,XSES,Aoxin Q & M Dental Group Ltd,Healthcare,Medical Care Facilities,,SGD,Return on Asset %,,4.47,2.11,-0.17,-4.71,-3.95,-1.97,-16.71,-13.78,-0.56,2.01,,
1D4,XSES,Aoxin Q & M Dental Group Ltd,Healthcare,Medical Care Facilities,,SGD,Return on Equity %,,8.18,3.17,-0.19,-5.63,-5.29,-2.5,-20.07,-16.38,-0.66,2.27,,
1D4,XSES,Aoxin Q & M Dental Group Ltd,Healthcare,Medical Care Facilities,,SGD,Return on Invested Capital %,,8.58,3.13,-0.24,-3.8,-3.47,-1.46,-17.69,-14.51,-0.22,2.35,,
1D4,XSES,Aoxin Q & M Dental Group Ltd,Healthcare,Medical Care Facilities,,SGD,Days Sales Outstanding,,133.43,32.25,30.54,37.28,50.6,56.12,70.37,55.11,59.91,77.59,,
1D4,XSES,Aoxin Q & M Dental Group Ltd,Healthcare,Medical Care Facilities,,SGD,Days Inventory,,59.34,77.07,76.86,69.43,76.28,68.72,86.05,69.82,67.08,62.92,,
1D4,XSES,Aoxin Q & M Dental Group Ltd,Healthcare,Medical Care Facilities,,SGD,Payables Period,,1167.03,650.08,80.57,80.98,100.9,92.07,114.96,99.25,112.64,109.79,,
1D4,XSES,Aoxin Q & M Dental Group Ltd,Healthcare,Medical Care Facilities,,SGD,Cash Conversion Cycle,,-974.26,-540.77,26.83,25.73,25.98,32.77,41.46,25.68,14.35,30.72,,
1D4,XSES,Aoxin Q & M Dental Group Ltd,Healthcare,Medical Care Facilities,,SGD,Recieveables Turnover,,2.74,11.32,11.95,9.79,7.21,6.5,5.19,6.62,6.09,4.7,,
1D4,XSES,Aoxin Q & M Dental Group Ltd,Healthcare,Medical Care Facilities,,SGD,Inventory Turnover,,6.15,4.74,4.75,5.26,4.78,5.31,4.24,5.23,5.44,5.8,,
1D4,XSES,Aoxin Q & M Dental Group Ltd,Healthcare,Medical Care Facilities,,SGD,Fixed Assets Turnover,,2.41,2.76,2.42,1.61,1.27,1.76,1.74,2.56,3.18,3.73,,
1D4,XSES,Aoxin Q & M Dental Group Ltd,Healthcare,Medical Care Facilities,,SGD,Asset Turnover,,0.42,0.42,0.45,0.49,0.43,0.43,0.35,0.52,0.59,0.49,,
1D5,XSES,Capital World Ltd,Real Estate,Real Estate - Development,,SGD,Return on Asset %,,-22.88,18.88,7.81,-5.59,-21.22,-44.03,15.19,11.60,-21.14,-5.06,,
1D5,XSES,Capital World Ltd,Real Estate,Real Estate - Development,,SGD,Return on Equity %,,-29.41,52.45,21.99,-14.81,-67.07,-642.17,131.04,23.20,-41.57,-11.11,,
1D5,XSES,Capital World Ltd,Real Estate,Real Estate - Development,,SGD,Return on Invested Capital %,,-28.25,52.03,20.56,-7.81,-54.66,-285.25,87.21,23.23,-41.74,-11.10,,
1D5,XSES,Capital World Ltd,Real Estate,Real Estate - Development,,SGD,Days Sales Outstanding,,43.94,34.08,73.75,53.18,1028.48,691.59,231.95,-,-,-,,
1D5,XSES,Capital World Ltd,Real Estate,Real Estate - Development,,SGD,Days Inventory,,135.83,740.66,2940.35,1627.88,21146.1,670921.75,19900.6,-,-,-,,
1D5,XSES,Capital World Ltd,Real Estate,Real Estate - Development,,SGD,Payables Period,,20.04,639.67,2136.11,720.5,13844.54,823475.41,27857.19,-,-,-,,
1D5,XSES,Capital World Ltd,Real Estate,Real Estate - Development,,SGD,Cash Conversion Cycle,,159.72,135.08,877.99,960.56,8330.04,-151862.07,-7724.64,-,-,-,,
1D5,XSES,Capital World Ltd,Real Estate,Real Estate - Development,,SGD,Recieveables Turnover,,8.31,10.71,4.95,6.86,0.35,0.53,1.57,-,-,-,,
1D5,XSES,Capital World Ltd,Real Estate,Real Estate - Development,,SGD,Inventory Turnover,,2.69,0.49,0.12,0.22,0.02,0.0,0.02,-,-,-,,
1D5,XSES,Capital World Ltd,Real Estate,Real Estate - Development,,SGD,Fixed Assets Turnover,,1.89,1.79,0.76,0.83,0.03,0.07,0.17,-,-,-,,
1D5,XSES,Capital World Ltd,Real Estate,Real Estate - Development,,SGD,Asset Turnover,,0.65,0.5,0.19,0.18,0.0,0.01,0.01,-,-,-,,
1F0,XSES,shopper360 Ltd,Communication Services,Advertising Agencies,,SGD,Return on Asset %,,23.03,8.43,9.40,7.04,3.95,7.58,4.34,12.09,2.82,-14.80,,
1F0,XSES,shopper360 Ltd,Communication Services,Advertising Agencies,,SGD,Return on Equity %,,37.23,16.08,15.71,10.41,5.70,10.61,6.38,17.85,3.85,-19.43,,
1F0,XSES,shopper360 Ltd,Communication Services,Advertising Agencies,,SGD,Return on Invested Capital %,,36.54,15.54,15.36,10.00,5.42,10.11,5.88,16.32,3.45,-18.37,,
1F0,XSES,shopper360 Ltd,Communication Services,Advertising Agencies,,SGD,Days Sales Outstanding,,69.66,76.6,79.10,74.02,74.34,71.58,72.34,72.56,69.04,64.04,,
1F0,XSES,shopper360 Ltd,Communication Services,Advertising Agencies,,SGD,Days Inventory,,0.4,0.29,-,-,-,0.94,1.7,2.19,1.05,-,,
1F0,XSES,shopper360 Ltd,Communication Services,Advertising Agencies,,SGD,Payables Period,,93.14,109.76,58.06,13.82,11.83,10.69,8.72,6.49,4.99,3.17,,
1F0,XSES,shopper360 Ltd,Communication Services,Advertising Agencies,,SGD,Cash Conversion Cycle,,-23.08,-32.88,-,-,-,61.83,65.32,68.27,65.09,-,,
1F0,XSES,shopper360 Ltd,Communication Services,Advertising Agencies,,SGD,Recieveables Turnover,,5.24,4.77,4.61,4.93,4.91,5.1,5.05,5.03,5.29,5.70,,
1F0,XSES,shopper360 Ltd,Communication Services,Advertising Agencies,,SGD,Inventory Turnover,,911.79,1266.19,-,-,-,387.56,214.49,166.72,348.52,-,,
1F0,XSES,shopper360 Ltd,Communication Services,Advertising Agencies,,SGD,Fixed Assets Turnover,,22.05,24.37,27.65,36.16,37.38,34.63,35.83,35.65,40.9,62.98,,
1F0,XSES,shopper360 Ltd,Communication Services,Advertising Agencies,,SGD,Asset Turnover,,1.96,2.17,2.23,2.19,2.17,2.0,1.77,1.77,1.85,2.03,,
1F1,XSES,Y Ventures Group Ltd,Consumer Cyclical,Internet Retail,,SGD,Return on Asset %,,27.85,-10.02,-32.09,-8.18,2.82,-7.81,-9.76,-2.48,-1.9,-2.82,,
1F1,XSES,Y Ventures Group Ltd,Consumer Cyclical,Internet Retail,,SGD,Return on Equity %,,55.73,-18.45,-77.9,-49.38,19.05,-39.99,-52.48,-23.81,-23.52,-33.99,,
1F1,XSES,Y Ventures Group Ltd,Consumer Cyclical,Internet Retail,,SGD,Return on Invested Capital %,,41.6,-14.85,-54.55,-26.25,13.23,-28.66,-38.12,-20.91,-23.83,-32.13,,
1F1,XSES,Y Ventures Group Ltd,Consumer Cyclical,Internet Retail,,SGD,Days Sales Outstanding,,12.24,13.96,13.76,6.08,3.0,4.06,4.27,4.87,4.57,4.42,,
1F1,XSES,Y Ventures Group Ltd,Consumer Cyclical,Internet Retail,,SGD,Days Inventory,,98.5,192.31,218.54,379.02,384.68,305.53,277.75,375.45,464.2,593.4,,
1F1,XSES,Y Ventures Group Ltd,Consumer Cyclical,Internet Retail,,SGD,Payables Period,,57.52,73.8,117.97,319.09,338.02,266.09,259.55,380.52,488.2,605.63,,
1F1,XSES,Y Ventures Group Ltd,Consumer Cyclical,Internet Retail,,SGD,Cash Conversion Cycle,,53.22,132.47,114.33,66.01,49.66,43.5,22.47,-0.21,-19.44,-7.81,,
1F1,XSES,Y Ventures Group Ltd,Consumer Cyclical,Internet Retail,,SGD,Recieveables Turnover,,29.81,26.14,26.52,60.03,121.66,89.79,85.56,74.97,79.95,82.5,,
1F1,XSES,Y Ventures Group Ltd,Consumer Cyclical,Internet Retail,,SGD,Inventory Turnover,,3.71,1.9,1.67,0.96,0.95,1.19,1.31,0.97,0.79,0.62,,
1F1,XSES,Y Ventures Group Ltd,Consumer Cyclical,Internet Retail,,SGD,Fixed Assets Turnover,,7.82,9.85,13.23,28.63,123.0,137.14,115.89,202.76,223.49,127.68,,
1F1,XSES,Y Ventures Group Ltd,Consumer Cyclical,Internet Retail,,SGD,Asset Turnover,,2.2,1.8,1.56,1.25,1.34,1.52,1.55,1.38,1.12,0.93,,
1F2,XSES,Union Gas Holdings Ltd,Consumer Cyclical,Specialty Retail,,SGD,Return on Asset %,,32.58,14.61,19.66,17.96,22.61,15.38,3.89,8.54,8.47,6.47,,
1F2,XSES,Union Gas Holdings Ltd,Consumer Cyclical,Specialty Retail,,SGD,Return on Equity %,,64.76,23.87,28.03,29.52,38.95,31.0,9.13,19.29,17.11,13.55,,
1F2,XSES,Union Gas Holdings Ltd,Consumer Cyclical,Specialty Retail,,SGD,Return on Invested Capital %,,56.49,22.3,25.87,27.27,36.89,22.66,5.77,12.46,12.3,9.7,,
1F2,XSES,Union Gas Holdings Ltd,Consumer Cyclical,Specialty Retail,,SGD,Days Sales Outstanding,,7.89,10.94,9.86,13.6,17.24,26.84,42.67,61.21,76.1,77.95,,
1F2,XSES,Union Gas Holdings Ltd,Consumer Cyclical,Specialty Retail,,SGD,Days Inventory,,3.65,4.25,3.04,2.6,4.21,7.89,9.38,11.57,12.94,11.88,,
1F2,XSES,Union Gas Holdings Ltd,Consumer Cyclical,Specialty Retail,,SGD,Payables Period,,100.27,71.78,21.19,30.96,43.72,48.09,58.29,75.35,109.67,134.52,,
1F2,XSES,Union Gas Holdings Ltd,Consumer Cyclical,Specialty Retail,,SGD,Cash Conversion Cycle,,-88.73,-56.6,-8.29,-14.76,-22.27,-13.35,-6.24,-2.58,-20.63,-44.7,,
1F2,XSES,Union Gas Holdings Ltd,Consumer Cyclical,Specialty Retail,,SGD,Recieveables Turnover,,46.28,33.38,37.01,26.83,21.18,13.6,8.55,5.96,4.8,4.68,,
1F2,XSES,Union Gas Holdings Ltd,Consumer Cyclical,Specialty Retail,,SGD,Inventory Turnover,,100.12,85.9,120.11,140.46,86.62,46.26,38.89,31.55,28.21,30.73,,
1F2,XSES,Union Gas Holdings Ltd,Consumer Cyclical,Specialty Retail,,SGD,Fixed Assets Turnover,,5.28,4.22,5.37,6.14,5.97,3.28,2.02,1.82,1.86,1.8,,
1F2,XSES,Union Gas Holdings Ltd,Consumer Cyclical,Specialty Retail,,SGD,Asset Turnover,,1.9,1.65,1.73,1.68,1.41,1.27,1.0,0.9,0.85,0.85,,
1F3,XSES,Aspen (Group) Holdings Ltd,Real Estate,Real Estate - Development,,SGD,Return on Asset %,,-0.07,13.21,4.80,1.46,4.99,-4.58,-,-15.07,3.7,7.05,,
1F3,XSES,Aspen (Group) Holdings Ltd,Real Estate,Real Estate - Development,,SGD,Return on Equity %,,-0.85,52.21,12.08,4.24,15.06,-14.3,-,-67.68,18.25,25.32,,
1F3,XSES,Aspen (Group) Holdings Ltd,Real Estate,Real Estate - Development,,SGD,Return on Invested Capital %,,1.3,31.21,9.49,2.91,8.04,-7.12,-,-32.92,13.38,22.48,,
1F3,XSES,Aspen (Group) Holdings Ltd,Real Estate,Real Estate - Development,,SGD,Days Sales Outstanding,,17.22,13.19,28.78,63.74,37.26,93.74,-,78.82,51.88,43.81,,
1F3,XSES,Aspen (Group) Holdings Ltd,Real Estate,Real Estate - Development,,SGD,Days Inventory,,556.92,323.06,304.23,832.51,946.69,1242.23,-,604.52,594.18,639.59,,
1F3,XSES,Aspen (Group) Holdings Ltd,Real Estate,Real Estate - Development,,SGD,Payables Period,,562.98,116.98,60.67,262.37,307.51,710.29,-,244.48,336.31,395.69,,
1F3,XSES,Aspen (Group) Holdings Ltd,Real Estate,Real Estate - Development,,SGD,Cash Conversion Cycle,,11.16,219.27,272.33,633.88,676.44,625.68,-,438.86,309.75,287.71,,
1F3,XSES,Aspen (Group) Holdings Ltd,Real Estate,Real Estate - Development,,SGD,Recieveables Turnover,,21.19,27.66,12.68,5.73,9.80,3.89,-,4.63,7.04,8.33,,
1F3,XSES,Aspen (Group) Holdings Ltd,Real Estate,Real Estate - Development,,SGD,Inventory Turnover,,0.66,1.13,1.20,0.44,0.39,0.29,-,0.6,0.61,0.57,,
1F3,XSES,Aspen (Group) Holdings Ltd,Real Estate,Real Estate - Development,,SGD,Fixed Assets Turnover,,1.43,-,-,-,-,0.42,-,1.18,2.19,2.41,,
1F3,XSES,Aspen (Group) Holdings Ltd,Real Estate,Real Estate - Development,,SGD,Asset Turnover,,0.22,0.70,0.67,0.25,0.19,0.11,-,0.21,0.24,0.26,,
1H2,XSES,Olive Tree Estates Ltd,Real Estate,Real Estate - Diversified,,SGD,Return on Asset %,,-71.45,-11.60,-1.55,-5.51,-7.66,-5.7,-7.45,-3.42,-2.73,-8.97,,
1H2,XSES,Olive Tree Estates Ltd,Real Estate,Real Estate - Diversified,,SGD,Return on Equity %,,-,-,-5.00,-13.27,-20.74,-17.89,-19.36,-7.18,-5.38,-16.29,,
1H2,XSES,Olive Tree Estates Ltd,Real Estate,Real Estate - Diversified,,SGD,Return on Invested Capital %,,-,-,-0.36,-4.23,-7.14,-5.34,-7.16,-3.50,-2.02,-9.26,,
1H2,XSES,Olive Tree Estates Ltd,Real Estate,Real Estate - Diversified,,SGD,Days Sales Outstanding,,-,35.48,10.42,21.36,5.33,13.2,16.59,-,16.76,17.88,,
1H2,XSES,Olive Tree Estates Ltd,Real Estate,Real Estate - Diversified,,SGD,Days Inventory,,-,-,876.05,-,358.17,182.5,-,-,-,-,,
1H2,XSES,Olive Tree Estates Ltd,Real Estate,Real Estate - Diversified,,SGD,Payables Period,,-,99.21,-,-,350.48,724.03,-,-,1374.83,1195.13,,
1H2,XSES,Olive Tree Estates Ltd,Real Estate,Real Estate - Diversified,,SGD,Cash Conversion Cycle,,-,-,-,-,13.02,-528.32,-,-,-,-,,
1H2,XSES,Olive Tree Estates Ltd,Real Estate,Real Estate - Diversified,,SGD,Recieveables Turnover,,-,10.29,35.03,17.09,68.54,27.65,22.00,-,21.78,20.42,,
1H2,XSES,Olive Tree Estates Ltd,Real Estate,Real Estate - Diversified,,SGD,Inventory Turnover,,-,-,0.42,-,1.02,2.0,-,-,-,-,,
1H2,XSES,Olive Tree Estates Ltd,Real Estate,Real Estate - Diversified,,SGD,Fixed Assets Turnover,,-,-,595.50,225.60,1521.6,5308.0,-,15.99,24.52,91.14,,
1H2,XSES,Olive Tree Estates Ltd,Real Estate,Real Estate - Diversified,,SGD,Asset Turnover,,-,0.48,0.11,0.05,0.18,0.13,0.05,0.05,0.06,0.08,,
1H3,XSES,Clearbridge Health Ltd,Healthcare,Diagnostics & Research,,SGD,Return on Asset %,,-4.51,-12.94,-28.05,-13.17,0.63,-22.22,-15.82,-78.44,-15.99,-83.12,,
1H3,XSES,Clearbridge Health Ltd,Healthcare,Diagnostics & Research,,SGD,Return on Equity %,,-5.50,-15.03,-33.97,-21.46,1.11,-35.45,-23.81,-124.83,-37.19,-203.89,,
1H3,XSES,Clearbridge Health Ltd,Healthcare,Diagnostics & Research,,SGD,Return on Invested Capital %,,-5.40,-14.79,-32.53,-14.61,3.58,-25.32,-18.43,-94.89,-18.39,-124.16,,
1H3,XSES,Clearbridge Health Ltd,Healthcare,Diagnostics & Research,,SGD,Days Sales Outstanding,,5.68,45.03,63.09,108.51,97.52,86.14,96.53,38.8,52.49,70.42,,
1H3,XSES,Clearbridge Health Ltd,Healthcare,Diagnostics & Research,,SGD,Days Inventory,,-,-,23.19,27.52,30.25,22.78,27.23,18.67,24.97,25.68,,
1H3,XSES,Clearbridge Health Ltd,Healthcare,Diagnostics & Research,,SGD,Payables Period,,4266.73,191.09,66.82,69.2,69.9,56.35,76.94,36.87,46.91,60.1,,
1H3,XSES,Clearbridge Health Ltd,Healthcare,Diagnostics & Research,,SGD,Cash Conversion Cycle,,-,-,19.46,66.82,57.87,52.57,46.82,20.6,30.55,36.0,,
1H3,XSES,Clearbridge Health Ltd,Healthcare,Diagnostics & Research,,SGD,Recieveables Turnover,,64.28,8.11,5.79,3.36,3.74,4.24,3.78,9.41,6.95,5.18,,
1H3,XSES,Clearbridge Health Ltd,Healthcare,Diagnostics & Research,,SGD,Inventory Turnover,,-,-,15.74,13.27,12.07,16.02,13.4,19.55,14.62,14.21,,
1H3,XSES,Clearbridge Health Ltd,Healthcare,Diagnostics & Research,,SGD,Fixed Assets Turnover,,2.45,0.22,1.33,2.11,3.2,4.44,3.83,4.28,3.71,5.25,,
1H3,XSES,Clearbridge Health Ltd,Healthcare,Diagnostics & Research,,SGD,Asset Turnover,,0.00,0.01,0.09,0.27,0.37,0.38,0.23,0.28,0.44,0.64,,
1H8,XSES,LY Corp Ltd Ordinary Shares,Consumer Cyclical,"Furnishings, Fixtures & Appliances",,SGD,Return on Asset %,,18.37,32.85,3.05,1.13,1.55,-2.12,3.73,-2.61,-2.43,-7.38,,
1H8,XSES,LY Corp Ltd Ordinary Shares,Consumer Cyclical,"Furnishings, Fixtures & Appliances",,SGD,Return on Equity %,,25.46,44.09,3.97,1.38,2.16,-3.26,5.6,-3.69,-3.26,-9.32,,
1H8,XSES,LY Corp Ltd Ordinary Shares,Consumer Cyclical,"Furnishings, Fixtures & Appliances",,SGD,Return on Invested Capital %,,23.02,41.61,3.75,1.24,2.03,-2.18,4.93,-2.76,-2.44,-7.98,,
1H8,XSES,LY Corp Ltd Ordinary Shares,Consumer Cyclical,"Furnishings, Fixtures & Appliances",,SGD,Days Sales Outstanding,,17.82,14.35,58.0,30.24,31.4,26.4,17.95,28.47,29.55,27.69,,
1H8,XSES,LY Corp Ltd Ordinary Shares,Consumer Cyclical,"Furnishings, Fixtures & Appliances",,SGD,Days Inventory,,68.4,38.04,133.25,61.38,115.16,175.37,159.21,131.35,91.16,82.54,,
1H8,XSES,LY Corp Ltd Ordinary Shares,Consumer Cyclical,"Furnishings, Fixtures & Appliances",,SGD,Payables Period,,30.19,21.62,73.84,25.22,32.86,38.64,25.38,23.28,22.55,18.51,,
1H8,XSES,LY Corp Ltd Ordinary Shares,Consumer Cyclical,"Furnishings, Fixtures & Appliances",,SGD,Cash Conversion Cycle,,56.04,30.77,117.42,66.4,113.69,163.13,151.79,136.54,98.16,91.71,,
1H8,XSES,LY Corp Ltd Ordinary Shares,Consumer Cyclical,"Furnishings, Fixtures & Appliances",,SGD,Recieveables Turnover,,20.48,25.43,6.29,12.07,11.63,13.83,20.33,12.82,12.35,13.18,,
1H8,XSES,LY Corp Ltd Ordinary Shares,Consumer Cyclical,"Furnishings, Fixtures & Appliances",,SGD,Inventory Turnover,,5.34,9.6,2.74,5.95,3.17,2.08,2.29,2.78,4.0,4.42,,
1H8,XSES,LY Corp Ltd Ordinary Shares,Consumer Cyclical,"Furnishings, Fixtures & Appliances",,SGD,Fixed Assets Turnover,,2.46,4.21,1.01,1.66,1.41,1.1,1.41,1.26,1.51,1.4,,
1H8,XSES,LY Corp Ltd Ordinary Shares,Consumer Cyclical,"Furnishings, Fixtures & Appliances",,SGD,Asset Turnover,,1.22,2.26,0.54,0.9,0.77,0.56,0.71,0.64,0.78,0.78,,
1J4,XSES,JEP Holdings Ltd,Industrials,Aerospace & Defense,,SGD,Return on Asset %,,0.16,0.72,1.91,5.62,0.19,6.91,6.2,1.39,2.66,2.85,,
1J4,XSES,JEP Holdings Ltd,Industrials,Aerospace & Defense,,SGD,Return on Equity %,,0.36,1.75,4.41,11.62,0.36,12.26,10.58,2.21,3.99,4.09,,
1J4,XSES,JEP Holdings Ltd,Industrials,Aerospace & Defense,,SGD,Return on Invested Capital %,,1.08,1.92,3.43,8.39,1.16,8.61,8.02,1.87,3.37,3.73,,
1J4,XSES,JEP Holdings Ltd,Industrials,Aerospace & Defense,,SGD,Days Sales Outstanding,,78.18,88.77,93.67,79.68,81.8,81.56,72.82,77.59,87.3,79.06,,
1J4,XSES,JEP Holdings Ltd,Industrials,Aerospace & Defense,,SGD,Days Inventory,,78.16,66.65,73.51,76.58,82.77,96.42,106.25,146.09,156.12,167.92,,
1J4,XSES,JEP Holdings Ltd,Industrials,Aerospace & Defense,,SGD,Payables Period,,99.36,76.29,53.08,55.38,44.84,36.19,45.61,50.93,49.08,51.91,,
1J4,XSES,JEP Holdings Ltd,Industrials,Aerospace & Defense,,SGD,Cash Conversion Cycle,,56.98,79.12,114.1,100.88,119.74,141.8,133.46,172.75,194.34,195.07,,
1J4,XSES,JEP Holdings Ltd,Industrials,Aerospace & Defense,,SGD,Recieveables Turnover,,4.67,4.11,3.9,4.58,4.46,4.48,5.01,4.7,4.18,4.62,,
1J4,XSES,JEP Holdings Ltd,Industrials,Aerospace & Defense,,SGD,Inventory Turnover,,4.67,5.48,4.97,4.77,4.41,3.79,3.44,2.5,2.34,2.17,,
1J4,XSES,JEP Holdings Ltd,Industrials,Aerospace & Defense,,SGD,Fixed Assets Turnover,,1.77,1.64,1.63,1.69,1.4,1.53,1.64,1.12,1.11,1.0,,
1J4,XSES,JEP Holdings Ltd,Industrials,Aerospace & Defense,,SGD,Asset Turnover,,0.74,0.75,0.75,0.77,0.65,0.67,0.68,0.48,0.48,0.46,,
1J5,XSES,Hyphens Pharma International Ltd Ordinary Shares,Healthcare,Medical Distribution,,SGD,Return on Asset %,,11.74,10.84,8.04,8.42,7.37,7.38,10.66,7.28,7.95,4.51,,
1J5,XSES,Hyphens Pharma International Ltd Ordinary Shares,Healthcare,Medical Distribution,,SGD,Return on Equity %,,29.98,31.67,18.66,15.69,13.51,13.45,18.36,12.98,15.23,8.29,,
1J5,XSES,Hyphens Pharma International Ltd Ordinary Shares,Healthcare,Medical Distribution,,SGD,Return on Invested Capital %,,25.59,25.21,17.26,14.41,12.24,11.94,16.74,11.79,13.62,7.53,,
1J5,XSES,Hyphens Pharma International Ltd Ordinary Shares,Healthcare,Medical Distribution,,SGD,Days Sales Outstanding,,61.38,68.55,77.2,84.95,82.65,81.67,65.15,74.62,77.32,78.52,,
1J5,XSES,Hyphens Pharma International Ltd Ordinary Shares,Healthcare,Medical Distribution,,SGD,Days Inventory,,42.19,53.56,54.76,53.0,64.65,98.44,84.98,78.56,86.93,110.66,,
1J5,XSES,Hyphens Pharma International Ltd Ordinary Shares,Healthcare,Medical Distribution,,SGD,Payables Period,,120.95,143.97,150.18,146.11,145.02,153.21,122.17,129.33,123.4,136.62,,
1J5,XSES,Hyphens Pharma International Ltd Ordinary Shares,Healthcare,Medical Distribution,,SGD,Cash Conversion Cycle,,-17.38,-21.86,-18.22,-8.16,2.28,26.9,27.96,23.85,40.84,52.55,,
1J5,XSES,Hyphens Pharma International Ltd Ordinary Shares,Healthcare,Medical Distribution,,SGD,Recieveables Turnover,,5.95,5.32,4.73,4.3,4.42,4.47,5.6,4.89,4.72,4.65,,
1J5,XSES,Hyphens Pharma International Ltd Ordinary Shares,Healthcare,Medical Distribution,,SGD,Inventory Turnover,,8.65,6.81,6.67,6.89,5.65,3.71,4.3,4.65,4.2,3.3,,
1J5,XSES,Hyphens Pharma International Ltd Ordinary Shares,Healthcare,Medical Distribution,,SGD,Fixed Assets Turnover,,137.56,153.02,59.08,25.38,23.0,28.04,45.16,43.29,40.04,40.48,,
1J5,XSES,Hyphens Pharma International Ltd Ordinary Shares,Healthcare,Medical Distribution,,SGD,Asset Turnover,,2.26,2.01,1.8,1.54,1.48,1.36,1.52,1.45,1.52,1.37,,
1L2,XSES,Hiap Seng Industries Ltd,Industrials,Engineering & Construction,,SGD,Return on Asset %,,5.18,2.35,-20.21,-41.06,-31.42,-9.89,17.49,-7.80,69.09,19.98,,
1L2,XSES,Hiap Seng Industries Ltd,Industrials,Engineering & Construction,,SGD,Return on Equity %,,9.90,3.95,-35.90,-149.67,-,-,-,-,1687.55,24.21,,
1L2,XSES,Hiap Seng Industries Ltd,Industrials,Engineering & Construction,,SGD,Return on Invested Capital %,,9.04,3.71,-29.02,-75.30,-,-,-,-,213.43,22.72,,
1L2,XSES,Hiap Seng Industries Ltd,Industrials,Engineering & Construction,,SGD,Days Sales Outstanding,,62.32,56.60,92.38,79.68,54.45,164.33,105.13,161.50,87.03,46.03,,
1L2,XSES,Hiap Seng Industries Ltd,Industrials,Engineering & Construction,,SGD,Days Inventory,,-,-,-,-,-,-,-,-,-,-,,
1L2,XSES,Hiap Seng Industries Ltd,Industrials,Engineering & Construction,,SGD,Payables Period,,115.92,90.72,87.20,66.89,80.31,365.09,438.02,542.93,249.26,38.29,,
1L2,XSES,Hiap Seng Industries Ltd,Industrials,Engineering & Construction,,SGD,Cash Conversion Cycle,,-,-,-,-,-,-,-,-,-,-,,
1L2,XSES,Hiap Seng Industries Ltd,Industrials,Engineering & Construction,,SGD,Recieveables Turnover,,5.86,6.45,3.95,4.58,6.70,2.22,3.47,2.26,4.19,7.93,,
1L2,XSES,Hiap Seng Industries Ltd,Industrials,Engineering & Construction,,SGD,Inventory Turnover,,-,-,-,-,-,-,-,-,-,-,,
1L2,XSES,Hiap Seng Industries Ltd,Industrials,Engineering & Construction,,SGD,Fixed Assets Turnover,,7.36,7.40,4.95,5.70,5.99,1.92,4.59,4.21,8.12,4.81,,
1L2,XSES,Hiap Seng Industries Ltd,Industrials,Engineering & Construction,,SGD,Asset Turnover,,1.44,1.51,1.17,1.55,1.97,0.58,0.74,0.57,0.86,0.74,,
1MZ,XSES,Nam Cheong Ltd,Industrials,Aerospace & Defense,,SGD,Return on Asset %,,-1.04,-115.87,94.98,5.91,-42.87,12.99,10.11,19.59,71.7,21.03,,
1MZ,XSES,Nam Cheong Ltd,Industrials,Aerospace & Defense,,SGD,Return on Equity %,,-3.06,-,-,-,-,-,-,-,3043.11,41.42,,
1MZ,XSES,Nam Cheong Ltd,Industrials,Aerospace & Defense,,SGD,Return on Invested Capital %,,-1.24,-,-,-,-,-,-,-,103.17,26.34,,
1MZ,XSES,Nam Cheong Ltd,Industrials,Aerospace & Defense,,SGD,Days Sales Outstanding,,101.55,49.67,50.14,104.22,97.48,121.65,112.35,134.51,117.31,110.7,,
1MZ,XSES,Nam Cheong Ltd,Industrials,Aerospace & Defense,,SGD,Days Inventory,,4761.74,1788.19,388.58,254.76,95.94,34.37,25.87,22.35,66.56,175.48,,
1MZ,XSES,Nam Cheong Ltd,Industrials,Aerospace & Defense,,SGD,Payables Period,,1720.1,1221.04,974.07,513.09,384.74,386.15,257.62,192.23,151.27,101.16,,
1MZ,XSES,Nam Cheong Ltd,Industrials,Aerospace & Defense,,SGD,Cash Conversion Cycle,,3143.18,616.81,-535.35,-154.11,-191.32,-230.13,-119.40,-35.36,32.6,185.02,,
1MZ,XSES,Nam Cheong Ltd,Industrials,Aerospace & Defense,,SGD,Recieveables Turnover,,3.59,7.35,7.28,3.50,3.74,3.00,3.25,2.71,3.11,3.3,,
1MZ,XSES,Nam Cheong Ltd,Industrials,Aerospace & Defense,,SGD,Inventory Turnover,,0.08,0.20,0.94,1.43,3.80,10.62,14.11,16.33,5.48,2.08,,
1MZ,XSES,Nam Cheong Ltd,Industrials,Aerospace & Defense,,SGD,Fixed Assets Turnover,,0.39,0.92,0.75,0.40,0.57,0.65,0.90,0.98,1.09,0.82,,
1MZ,XSES,Nam Cheong Ltd,Industrials,Aerospace & Defense,,SGD,Asset Turnover,,0.04,0.12,0.31,0.26,0.39,0.43,0.56,0.59,0.63,0.45,,
1R6,XSES,Avi-Tech Holdings Ltd,Technology,Semiconductor Equipment & Materials,,SGD,Return on Asset %,,-,-,-,-,-,5.84,5.31,5.52,4.81,1.15,,
1R6,XSES,Avi-Tech Holdings Ltd,Technology,Semiconductor Equipment & Materials,,SGD,Return on Equity %,,-,-,-,-,-,6.79,6.12,6.32,5.45,1.29,,
1R6,XSES,Avi-Tech Holdings Ltd,Technology,Semiconductor Equipment & Materials,,SGD,Return on Invested Capital %,,-,-,-,-,-,6.39,5.87,5.06,3.5,-0.15,,
1R6,XSES,Avi-Tech Holdings Ltd,Technology,Semiconductor Equipment & Materials,,SGD,Days Sales Outstanding,,-,-,-,-,-,98.16,94.29,81.02,80.89,79.21,,
1R6,XSES,Avi-Tech Holdings Ltd,Technology,Semiconductor Equipment & Materials,,SGD,Days Inventory,,-,-,-,-,-,49.44,53.27,60.61,86.91,67.68,,
1R6,XSES,Avi-Tech Holdings Ltd,Technology,Semiconductor Equipment & Materials,,SGD,Payables Period,,-,-,-,-,-,62.35,52.49,42.11,50.01,51.85,,
1R6,XSES,Avi-Tech Holdings Ltd,Technology,Semiconductor Equipment & Materials,,SGD,Cash Conversion Cycle,,-,-,-,-,-,85.25,95.07,99.52,117.79,95.04,,
1R6,XSES,Avi-Tech Holdings Ltd,Technology,Semiconductor Equipment & Materials,,SGD,Recieveables Turnover,,-,-,-,-,-,3.72,3.87,4.51,4.51,4.61,,
1R6,XSES,Avi-Tech Holdings Ltd,Technology,Semiconductor Equipment & Materials,,SGD,Inventory Turnover,,-,-,-,-,-,7.38,6.85,6.02,4.2,5.39,,
1R6,XSES,Avi-Tech Holdings Ltd,Technology,Semiconductor Equipment & Materials,,SGD,Fixed Assets Turnover,,-,-,-,-,-,2.38,2.45,2.72,2.03,1.9,,
1R6,XSES,Avi-Tech Holdings Ltd,Technology,Semiconductor Equipment & Materials,,SGD,Asset Turnover,,-,-,-,-,-,0.49,0.52,0.59,0.43,0.37,,
1V3,XSES,Mooreast Holdings Ltd,Industrials,Aerospace & Defense,,SGD,Return on Asset %,,-,-,-,-,11.13,-4.17,1.82,-2.52,-3.22,5.13,,
1V3,XSES,Mooreast Holdings Ltd,Industrials,Aerospace & Defense,,SGD,Return on Equity %,,-,-,-,-,14.8,-9.69,6.1,-8.29,-11.4,17.48,,
1V3,XSES,Mooreast Holdings Ltd,Industrials,Aerospace & Defense,,SGD,Return on Invested Capital %,,-,-,-,-,13.95,-3.3,3.46,-0.79,-1.53,7.96,,
1V3,XSES,Mooreast Holdings Ltd,Industrials,Aerospace & Defense,,SGD,Days Sales Outstanding,,-,-,-,-,102.59,107.85,58.61,81.33,87.08,48.47,,
1V3,XSES,Mooreast Holdings Ltd,Industrials,Aerospace & Defense,,SGD,Days Inventory,,-,-,-,-,228.48,357.91,159.92,142.33,176.82,112.07,,
1V3,XSES,Mooreast Holdings Ltd,Industrials,Aerospace & Defense,,SGD,Payables Period,,-,-,-,-,93.86,145.58,76.01,70.09,62.18,29.4,,
1V3,XSES,Mooreast Holdings Ltd,Industrials,Aerospace & Defense,,SGD,Cash Conversion Cycle,,-,-,-,-,237.21,320.19,142.52,153.56,201.73,131.14,,
1V3,XSES,Mooreast Holdings Ltd,Industrials,Aerospace & Defense,,SGD,Recieveables Turnover,,-,-,-,-,3.56,3.38,6.23,4.49,4.19,7.53,,
1V3,XSES,Mooreast Holdings Ltd,Industrials,Aerospace & Defense,,SGD,Inventory Turnover,,-,-,-,-,1.6,1.02,2.28,2.56,2.06,3.26,,
1V3,XSES,Mooreast Holdings Ltd,Industrials,Aerospace & Defense,,SGD,Fixed Assets Turnover,,-,-,-,-,2.81,0.63,0.75,0.81,0.75,1.13,,
1V3,XSES,Mooreast Holdings Ltd,Industrials,Aerospace & Defense,,SGD,Asset Turnover,,-,-,-,-,0.58,0.26,0.37,0.39,0.35,0.54,,
1Y1,XSES,9R Ltd,Technology,Computer Hardware,,SGD,Return on Asset %,,-10.02,-9.57,-24.19,-36.41,-50.52,89.54,-12.17,-24.66,-,-,,
1Y1,XSES,9R Ltd,Technology,Computer Hardware,,SGD,Return on Equity %,,-19.27,-18.94,-55.04,-152.74,-,-,-25.78,-38.31,-,-,,
1Y1,XSES,9R Ltd,Technology,Computer Hardware,,SGD,Return on Invested Capital %,,-10.14,-9.83,-28.68,-51.8,-,-,-16.57,-29.35,-,-,,
1Y1,XSES,9R Ltd,Technology,Computer Hardware,,SGD,Days Sales Outstanding,,255.33,275.84,400.69,446.63,459.36,345.45,111.14,20.32,-,-,,
1Y1,XSES,9R Ltd,Technology,Computer Hardware,,SGD,Days Inventory,,161.27,279.13,521.66,494.44,229.82,68.97,162.12,112.61,-,-,,
1Y1,XSES,9R Ltd,Technology,Computer Hardware,,SGD,Payables Period,,97.87,60.07,64.38,104.82,123.05,105.09,209.09,29.21,-,-,,
1Y1,XSES,9R Ltd,Technology,Computer Hardware,,SGD,Cash Conversion Cycle,,318.73,494.9,857.96,836.25,566.14,309.33,64.16,103.71,-,-,,
1Y1,XSES,9R Ltd,Technology,Computer Hardware,,SGD,Recieveables Turnover,,1.43,1.32,0.91,0.82,0.79,1.06,3.28,17.97,-,-,,
1Y1,XSES,9R Ltd,Technology,Computer Hardware,,SGD,Inventory Turnover,,2.26,1.31,0.7,0.74,1.59,5.29,2.25,3.24,-,-,,
1Y1,XSES,9R Ltd,Technology,Computer Hardware,,SGD,Fixed Assets Turnover,,1.75,1.58,1.35,1.12,1.64,101.83,1.3,0.99,-,-,,
1Y1,XSES,9R Ltd,Technology,Computer Hardware,,SGD,Asset Turnover,,0.29,0.28,0.26,0.27,0.33,0.62,0.2,0.31,-,-,,
40N,XSES,Versalink Holdings Ltd,Industrials,Business Equipment & Supplies,,SGD,Return on Asset %,,9.29,-2.47,-3.39,-9.87,-2.18,-6.85,-3.98,28.65,-16.35,-8.07,,
40N,XSES,Versalink Holdings Ltd,Industrials,Business Equipment & Supplies,,SGD,Return on Equity %,,11.14,-2.87,-3.99,-12.03,-2.59,-8.28,-4.96,42.55,-29.02,-13.46,,
40N,XSES,Versalink Holdings Ltd,Industrials,Business Equipment & Supplies,,SGD,Return on Invested Capital %,,10.79,-3.11,-3.88,-11.89,-2.4,-7.79,-4.68,36.78,-23.95,-11.16,,
40N,XSES,Versalink Holdings Ltd,Industrials,Business Equipment & Supplies,,SGD,Days Sales Outstanding,,40.5,46.75,56.87,62.07,32.45,50.11,43.93,28.79,33.04,29.72,,
40N,XSES,Versalink Holdings Ltd,Industrials,Business Equipment & Supplies,,SGD,Days Inventory,,106.98,107.22,99.47,134.75,130.14,154.97,155.41,119.08,79.65,66.26,,
40N,XSES,Versalink Holdings Ltd,Industrials,Business Equipment & Supplies,,SGD,Payables Period,,88.05,84.91,50.05,46.45,35.87,45.56,50.57,34.28,31.49,32.89,,
40N,XSES,Versalink Holdings Ltd,Industrials,Business Equipment & Supplies,,SGD,Cash Conversion Cycle,,59.42,69.06,106.29,150.37,126.72,159.52,148.77,113.58,81.2,63.09,,
40N,XSES,Versalink Holdings Ltd,Industrials,Business Equipment & Supplies,,SGD,Recieveables Turnover,,9.01,7.81,6.42,5.88,11.25,7.28,8.31,12.68,11.05,12.28,,
40N,XSES,Versalink Holdings Ltd,Industrials,Business Equipment & Supplies,,SGD,Inventory Turnover,,3.41,3.4,3.67,2.71,2.8,2.36,2.35,3.07,4.58,5.51,,
40N,XSES,Versalink Holdings Ltd,Industrials,Business Equipment & Supplies,,SGD,Fixed Assets Turnover,,2.17,1.79,2.18,1.65,1.53,1.17,1.31,2.25,4.63,8.78,,
40N,XSES,Versalink Holdings Ltd,Industrials,Business Equipment & Supplies,,SGD,Asset Turnover,,0.75,0.66,0.84,0.72,0.78,0.58,0.64,0.81,0.87,1.23,,
40T,XSES,ISEC Healthcare Ltd,Healthcare,Medical Care Facilities,,SGD,Return on Asset %,,10.4,11.4,11.58,10.04,5.73,7.84,12.65,11.93,11.34,10.09,,
40T,XSES,ISEC Healthcare Ltd,Healthcare,Medical Care Facilities,,SGD,Return on Equity %,,11.43,12.47,12.65,11.44,6.96,9.87,16.85,16.15,15.02,13.93,,
40T,XSES,ISEC Healthcare Ltd,Healthcare,Medical Care Facilities,,SGD,Return on Invested Capital %,,10.93,12.02,12.13,10.42,6.42,8.86,14.82,14.16,13.27,11.71,,
40T,XSES,ISEC Healthcare Ltd,Healthcare,Medical Care Facilities,,SGD,Days Sales Outstanding,,18.54,18.04,19.65,21.32,24.62,23.4,22.03,23.51,23.53,25.24,,
40T,XSES,ISEC Healthcare Ltd,Healthcare,Medical Care Facilities,,SGD,Days Inventory,,25.02,22.43,19.94,18.58,22.88,21.04,16.79,19.25,20.81,20.98,,
40T,XSES,ISEC Healthcare Ltd,Healthcare,Medical Care Facilities,,SGD,Payables Period,,71.91,78.61,40.22,20.25,22.35,22.07,71.6,63.73,17.88,18.46,,
40T,XSES,ISEC Healthcare Ltd,Healthcare,Medical Care Facilities,,SGD,Cash Conversion Cycle,,-28.35,-38.15,-0.64,19.64,25.15,22.36,-32.78,-20.97,26.46,27.76,,
40T,XSES,ISEC Healthcare Ltd,Healthcare,Medical Care Facilities,,SGD,Recieveables Turnover,,19.69,20.24,18.58,17.12,14.83,15.6,16.57,15.53,15.51,14.46,,
40T,XSES,ISEC Healthcare Ltd,Healthcare,Medical Care Facilities,,SGD,Inventory Turnover,,14.59,16.27,18.31,19.65,15.95,17.35,21.74,18.96,17.54,17.4,,
40T,XSES,ISEC Healthcare Ltd,Healthcare,Medical Care Facilities,,SGD,Fixed Assets Turnover,,8.09,9.41,10.6,7.25,3.16,2.64,2.93,2.59,2.2,1.62,,
40T,XSES,ISEC Healthcare Ltd,Healthcare,Medical Care Facilities,,SGD,Asset Turnover,,0.5,0.53,0.56,0.58,0.44,0.46,0.64,0.64,0.66,0.6,,
40V,XSES,Alset International Ltd,Real Estate,Real Estate - Development,,SGD,Return on Asset %,,-9.18,-7.74,-11.03,-22.73,65.59,-34.01,-32.54,-4.22,-18.07,-21.53,,
40V,XSES,Alset International Ltd,Real Estate,Real Estate - Development,,SGD,Return on Equity %,,-30.66,-18.45,-21.02,-43.01,84.18,-40.84,-41.72,-5.22,-20.4,-24.88,,
40V,XSES,Alset International Ltd,Real Estate,Real Estate - Development,,SGD,Return on Invested Capital %,,-12.32,-10.53,-16.01,-39.26,82.44,-40.55,-41.6,-6.53,-22.71,-26.3,,
40V,XSES,Alset International Ltd,Real Estate,Real Estate - Development,,SGD,Days Sales Outstanding,,666.24,10.32,6.76,4.49,17.09,12.96,6.82,100.62,256.23,18589.22,,
40V,XSES,Alset International Ltd,Real Estate,Real Estate - Development,,SGD,Days Inventory,,-,2.51,450.36,561.38,524.76,580.38,6159.1,739.63,187.16,6.29,,
40V,XSES,Alset International Ltd,Real Estate,Real Estate - Development,,SGD,Payables Period,,265.98,25.46,29.42,32.59,24.33,41.93,462.3,38.81,16.17,522.33,,
40V,XSES,Alset International Ltd,Real Estate,Real Estate - Development,,SGD,Cash Conversion Cycle,,-,-12.62,427.7,533.29,517.52,551.41,5703.63,801.43,427.22,18073.18,,
40V,XSES,Alset International Ltd,Real Estate,Real Estate - Development,,SGD,Recieveables Turnover,,0.55,35.35,54.01,81.28,21.35,28.17,53.5,3.63,1.42,0.02,,
40V,XSES,Alset International Ltd,Real Estate,Real Estate - Development,,SGD,Inventory Turnover,,-,145.31,0.81,0.65,0.7,0.63,0.06,0.49,1.95,58.0,,
40V,XSES,Alset International Ltd,Real Estate,Real Estate - Development,,SGD,Fixed Assets Turnover,,6.14,-,188.27,123.7,66.79,26.3,1.37,9.33,9.53,0.14,,
40V,XSES,Alset International Ltd,Real Estate,Real Estate - Development,,SGD,Asset Turnover,,0.02,0.18,0.36,0.56,0.29,0.18,0.02,0.24,0.24,0.0,,
40W,XSES,ZICO Holdings Inc,Industrials,Specialty Business Services,,SGD,Return on Asset %,,2.64,3.21,1.62,-3.71,-3.85,0.48,-0.45,-13.70,-12.76,2.44,,
40W,XSES,ZICO Holdings Inc,Industrials,Specialty Business Services,,SGD,Return on Equity %,,4.61,5.53,2.87,-6.72,-6.82,0.84,-0.77,-22.96,-21.12,3.83,,
40W,XSES,ZICO Holdings Inc,Industrials,Specialty Business Services,,SGD,Return on Invested Capital %,,3.62,4.25,2.09,-3.75,-4.04,0.53,-0.42,-15.69,-14.18,3.16,,
40W,XSES,ZICO Holdings Inc,Industrials,Specialty Business Services,,SGD,Days Sales Outstanding,,186.16,226.64,275.25,282.80,183.47,121.19,136.87,116.15,96.19,120.87,,
40W,XSES,ZICO Holdings Inc,Industrials,Specialty Business Services,,SGD,Days Inventory,,-,-,-,-,-,-,-,-,-,-,,
40W,XSES,ZICO Holdings Inc,Industrials,Specialty Business Services,,SGD,Payables Period,,-,-,-,-,-,-,-,-,-,-,,
40W,XSES,ZICO Holdings Inc,Industrials,Specialty Business Services,,SGD,Cash Conversion Cycle,,-,-,-,-,-,-,-,-,-,-,,
40W,XSES,ZICO Holdings Inc,Industrials,Specialty Business Services,,SGD,Recieveables Turnover,,1.96,1.61,1.33,1.29,1.99,3.01,2.67,3.14,3.79,3.02,,
40W,XSES,ZICO Holdings Inc,Industrials,Specialty Business Services,,SGD,Inventory Turnover,,-,-,-,-,-,-,-,-,-,-,,
40W,XSES,ZICO Holdings Inc,Industrials,Specialty Business Services,,SGD,Fixed Assets Turnover,,9.96,12.02,13.61,6.54,4.56,9.16,8.03,4.90,6.31,7.51,,
40W,XSES,ZICO Holdings Inc,Industrials,Specialty Business Services,,SGD,Asset Turnover,,0.41,0.46,0.45,0.38,0.33,0.38,0.34,0.32,0.39,0.34,,
41B,XSES,Huationg Global Ltd,Industrials,Engineering & Construction,,SGD,Return on Asset %,,2.17,3.86,2.33,1.61,-2.82,2.14,4.6,5.71,5.26,5.45,,
41B,XSES,Huationg Global Ltd,Industrials,Engineering & Construction,,SGD,Return on Equity %,,7.34,12.74,7.75,5.43,-10.73,7.73,13.05,15.82,15.69,15.83,,
41B,XSES,Huationg Global Ltd,Industrials,Engineering & Construction,,SGD,Return on Invested Capital %,,3.86,6.31,4.23,3.61,-2.62,4.2,7.58,9.95,8.45,8.99,,
41B,XSES,Huationg Global Ltd,Industrials,Engineering & Construction,,SGD,Days Sales Outstanding,,93.65,103.03,103.31,116.84,138.12,79.44,71.2,74.78,56.49,29.84,,
41B,XSES,Huationg Global Ltd,Industrials,Engineering & Construction,,SGD,Days Inventory,,4.4,6.9,4.48,3.76,4.15,3.29,4.68,5.4,5.64,4.84,,
41B,XSES,Huationg Global Ltd,Industrials,Engineering & Construction,,SGD,Payables Period,,150.9,104.15,91.0,133.71,143.31,97.53,92.8,102.45,91.07,72.8,,
41B,XSES,Huationg Global Ltd,Industrials,Engineering & Construction,,SGD,Cash Conversion Cycle,,-52.86,5.78,16.78,-13.11,-1.04,-14.8,-16.93,-22.27,-28.94,-38.12,,
41B,XSES,Huationg Global Ltd,Industrials,Engineering & Construction,,SGD,Recieveables Turnover,,3.9,3.54,3.53,3.12,2.64,4.59,5.13,4.88,6.46,12.23,,
41B,XSES,Huationg Global Ltd,Industrials,Engineering & Construction,,SGD,Inventory Turnover,,83.0,52.93,81.52,97.12,87.96,110.92,77.94,67.64,64.74,75.36,,
41B,XSES,Huationg Global Ltd,Industrials,Engineering & Construction,,SGD,Fixed Assets Turnover,,1.09,1.62,1.95,1.29,1.06,1.73,1.94,2.37,2.37,2.72,,
41B,XSES,Huationg Global Ltd,Industrials,Engineering & Construction,,SGD,Asset Turnover,,0.62,0.77,0.79,0.55,0.44,0.68,0.68,0.7,0.73,0.85,,
41F,XSES,GSS Energy Ltd,Technology,Electronic Components,,SGD,Return on Asset %,,28.16,6.58,3.04,2.65,6.2,4.49,-12.66,-8.26,-16.21,-10.25,,
41F,XSES,GSS Energy Ltd,Technology,Electronic Components,,SGD,Return on Equity %,,52.51,10.73,5.13,4.26,10.78,8.51,-25.05,-18.39,-41.43,-27.18,,
41F,XSES,GSS Energy Ltd,Technology,Electronic Components,,SGD,Return on Invested Capital %,,51.71,10.05,4.61,4.01,9.22,6.88,-16.35,-9.42,-21.12,-16.15,,
41F,XSES,GSS Energy Ltd,Technology,Electronic Components,,SGD,Days Sales Outstanding,,78.33,84.1,87.92,87.19,103.51,99.27,52.48,50.99,75.42,40.0,,
41F,XSES,GSS Energy Ltd,Technology,Electronic Components,,SGD,Days Inventory,,36.23,40.01,49.7,53.7,54.06,89.32,102.54,82.94,68.24,33.34,,
41F,XSES,GSS Energy Ltd,Technology,Electronic Components,,SGD,Payables Period,,67.86,67.85,73.6,70.88,72.99,86.53,75.81,79.45,117.08,75.26,,
41F,XSES,GSS Energy Ltd,Technology,Electronic Components,,SGD,Cash Conversion Cycle,,46.7,56.26,64.01,70.01,84.58,102.07,79.21,54.48,26.59,-1.92,,
41F,XSES,GSS Energy Ltd,Technology,Electronic Components,,SGD,Recieveables Turnover,,4.66,4.34,4.15,4.19,3.53,3.68,6.96,7.16,4.84,9.13,,
41F,XSES,GSS Energy Ltd,Technology,Electronic Components,,SGD,Inventory Turnover,,10.07,9.12,7.34,6.8,6.75,4.09,3.56,4.4,5.35,10.95,,
41F,XSES,GSS Energy Ltd,Technology,Electronic Components,,SGD,Fixed Assets Turnover,,9.2,5.71,4.25,5.22,5.49,4.24,3.83,3.22,2.99,5.43,,
41F,XSES,GSS Energy Ltd,Technology,Electronic Components,,SGD,Asset Turnover,,1.58,1.42,1.33,1.27,1.18,1.02,1.1,1.11,1.03,2.09,,
41O,XSES,LHN Ltd,Real Estate,Real Estate Services,,SGD,Return on Asset %,,13.23,1.88,3.97,4.89,9.1,7.68,10.71,7.47,7.56,2.87,,
41O,XSES,LHN Ltd,Real Estate,Real Estate Services,,SGD,Return on Equity %,,24.15,3.3,6.84,8.95,22.25,20.99,27.64,19.01,20.11,7.73,,
41O,XSES,LHN Ltd,Real Estate,Real Estate Services,,SGD,Return on Invested Capital %,,17.95,2.73,5.47,7.01,12.42,9.89,12.93,9.57,9.79,4.36,,
41O,XSES,LHN Ltd,Real Estate,Real Estate Services,,SGD,Days Sales Outstanding,,59.57,48.6,33.94,33.55,57.03,71.94,47.4,37.61,11.4,11.19,,
41O,XSES,LHN Ltd,Real Estate,Real Estate Services,,SGD,Days Inventory,,0.43,0.12,0.18,0.11,0.2,0.55,0.78,148.93,226.15,266.11,,
41O,XSES,LHN Ltd,Real Estate,Real Estate Services,,SGD,Payables Period,,11.58,12.75,17.25,17.58,46.89,65.0,28.27,41.89,25.45,22.66,,
41O,XSES,LHN Ltd,Real Estate,Real Estate Services,,SGD,Cash Conversion Cycle,,48.41,35.96,16.87,16.07,10.34,7.49,19.91,144.65,212.1,254.64,,
41O,XSES,LHN Ltd,Real Estate,Real Estate Services,,SGD,Recieveables Turnover,,6.13,7.51,10.75,10.88,6.4,5.07,7.7,9.71,32.02,32.62,,
41O,XSES,LHN Ltd,Real Estate,Real Estate Services,,SGD,Inventory Turnover,,854.52,3158.68,2035.32,3415.51,1809.49,659.71,466.59,2.45,1.61,1.37,,
41O,XSES,LHN Ltd,Real Estate,Real Estate Services,,SGD,Fixed Assets Turnover,,3.94,4.4,5.13,3.81,2.38,1.51,1.41,1.36,2.18,2.97,,
41O,XSES,LHN Ltd,Real Estate,Real Estate Services,,SGD,Asset Turnover,,0.92,0.86,0.8,0.66,0.51,0.33,0.26,0.18,0.19,0.19,,
41T,XSES,GCCP Resources Ltd,Basic Materials,Building Materials,,SGD,Return on Asset %,-25.2,-8.7,-5.13,-7.41,-9.99,-10.62,-9.97,-8.08,6.53,-14.53,,,
41T,XSES,GCCP Resources Ltd,Basic Materials,Building Materials,,SGD,Return on Equity %,-69.34,-12.17,-8.53,-11.71,-14.46,-16.58,-15.8,-13.11,9.69,-19.34,,,
41T,XSES,GCCP Resources Ltd,Basic Materials,Building Materials,,SGD,Return on Invested Capital %,-41.51,-8.69,-4.53,-7.32,-10.95,-12.48,-12.16,-9.73,9.15,-18.88,,,
41T,XSES,GCCP Resources Ltd,Basic Materials,Building Materials,,SGD,Days Sales Outstanding,93.7,235.98,144.75,38.05,38.03,52.67,63.8,68.08,444.77,41.23,,,
41T,XSES,GCCP Resources Ltd,Basic Materials,Building Materials,,SGD,Days Inventory,118.28,52.66,97.02,89.45,124.15,146.0,88.99,35.81,114.78,150.82,,,
41T,XSES,GCCP Resources Ltd,Basic Materials,Building Materials,,SGD,Payables Period,708.93,310.0,260.29,208.07,408.22,513.5,491.77,425.64,599.68,279.45,,,
41T,XSES,GCCP Resources Ltd,Basic Materials,Building Materials,,SGD,Cash Conversion Cycle,-496.95,-21.36,-18.51,-80.57,-246.04,-314.83,-338.98,-321.75,-40.13,-87.4,,,
41T,XSES,GCCP Resources Ltd,Basic Materials,Building Materials,,SGD,Recieveables Turnover,3.9,1.55,2.52,9.59,9.6,6.93,5.72,5.36,0.82,8.85,,,
41T,XSES,GCCP Resources Ltd,Basic Materials,Building Materials,,SGD,Inventory Turnover,3.09,6.93,3.76,4.08,2.94,2.5,4.1,10.19,3.18,2.42,,,
41T,XSES,GCCP Resources Ltd,Basic Materials,Building Materials,,SGD,Fixed Assets Turnover,0.07,0.16,0.23,0.21,0.11,0.07,0.08,0.12,0.01,0.02,,,
41T,XSES,GCCP Resources Ltd,Basic Materials,Building Materials,,SGD,Asset Turnover,0.04,0.1,0.16,0.17,0.1,0.07,0.07,0.11,0.01,0.02,,,
42C,XSES,iX Biopharma Ltd,Healthcare,Drug Manufacturers - Specialty & Generic,,SGD,Return on Asset %,,-25.05,-16.36,-39.04,-10.01,-48.09,-45.95,-19.41,-35.98,-54.58,-78.28,,
42C,XSES,iX Biopharma Ltd,Healthcare,Drug Manufacturers - Specialty & Generic,,SGD,Return on Equity %,,-31.81,-20.02,-52.83,-14.24,-68.47,-75.27,-29.24,-54.02,-106.91,-431.07,,
42C,XSES,iX Biopharma Ltd,Healthcare,Drug Manufacturers - Specialty & Generic,,SGD,Return on Invested Capital %,,-28.98,-17.60,-45.31,-11.72,-53.87,-53.91,-22.1,-42.19,-70.33,-125.12,,
42C,XSES,iX Biopharma Ltd,Healthcare,Drug Manufacturers - Specialty & Generic,,SGD,Days Sales Outstanding,,67.56,50.02,49.19,238.53,35.94,38.8,9.21,54.14,77.88,54.56,,
42C,XSES,iX Biopharma Ltd,Healthcare,Drug Manufacturers - Specialty & Generic,,SGD,Days Inventory,,-,-,37.38,209.57,201.19,170.4,174.59,94.58,86.81,73.36,,
42C,XSES,iX Biopharma Ltd,Healthcare,Drug Manufacturers - Specialty & Generic,,SGD,Payables Period,,307.26,269.32,252.19,622.02,152.55,119.95,67.26,31.44,61.5,81.64,,
42C,XSES,iX Biopharma Ltd,Healthcare,Drug Manufacturers - Specialty & Generic,,SGD,Cash Conversion Cycle,,-,-,-165.62,-173.92,84.59,89.25,116.53,117.27,103.19,46.27,,
42C,XSES,iX Biopharma Ltd,Healthcare,Drug Manufacturers - Specialty & Generic,,SGD,Recieveables Turnover,,5.40,7.30,7.42,1.53,10.15,9.41,39.64,6.74,4.69,6.69,,
42C,XSES,iX Biopharma Ltd,Healthcare,Drug Manufacturers - Specialty & Generic,,SGD,Inventory Turnover,,-,-,9.77,1.74,1.81,2.14,2.09,3.86,4.2,4.98,,
42C,XSES,iX Biopharma Ltd,Healthcare,Drug Manufacturers - Specialty & Generic,,SGD,Fixed Assets Turnover,,1.19,0.81,0.8,0.09,0.12,0.2,1.73,0.74,0.75,1.08,,
42C,XSES,iX Biopharma Ltd,Healthcare,Drug Manufacturers - Specialty & Generic,,SGD,Asset Turnover,,0.19,0.14,0.17,0.02,0.05,0.1,0.61,0.22,0.3,0.6,,
42E,XSES,Choo Chiang Holdings Ltd,Technology,Electronics & Computer Distribution,,SGD,Return on Asset %,,10.08,9.22,8.62,8.54,4.8,13.04,12.46,13.44,13.84,10.42,,
42E,XSES,Choo Chiang Holdings Ltd,Technology,Electronics & Computer Distribution,,SGD,Return on Equity %,,14.41,12.12,11.12,11.01,6.27,16.96,16.27,17.44,17.73,13.32,,
42E,XSES,Choo Chiang Holdings Ltd,Technology,Electronics & Computer Distribution,,SGD,Return on Invested Capital %,,12.86,11.46,10.55,10.33,5.95,16.03,15.38,15.83,16.01,12.19,,
42E,XSES,Choo Chiang Holdings Ltd,Technology,Electronics & Computer Distribution,,SGD,Days Sales Outstanding,,30.93,29.34,27.17,29.47,35.72,23.08,23.42,24.32,25.66,25.82,,
42E,XSES,Choo Chiang Holdings Ltd,Technology,Electronics & Computer Distribution,,SGD,Days Inventory,,125.8,128.25,121.53,117.89,153.96,117.69,118.73,121.74,124.67,122.33,,
42E,XSES,Choo Chiang Holdings Ltd,Technology,Electronics & Computer Distribution,,SGD,Payables Period,,56.71,60.32,59.08,58.87,76.08,50.59,48.74,51.19,53.51,58.31,,
42E,XSES,Choo Chiang Holdings Ltd,Technology,Electronics & Computer Distribution,,SGD,Cash Conversion Cycle,,100.02,97.27,89.62,88.49,113.61,90.18,93.41,94.87,96.82,89.84,,
42E,XSES,Choo Chiang Holdings Ltd,Technology,Electronics & Computer Distribution,,SGD,Recieveables Turnover,,11.8,12.44,13.43,12.39,10.22,15.82,15.58,15.01,14.22,14.14,,
42E,XSES,Choo Chiang Holdings Ltd,Technology,Electronics & Computer Distribution,,SGD,Inventory Turnover,,2.9,2.85,3.0,3.1,2.37,3.1,3.07,3.0,2.93,2.98,,
42E,XSES,Choo Chiang Holdings Ltd,Technology,Electronics & Computer Distribution,,SGD,Fixed Assets Turnover,,9.53,9.2,9.0,6.84,4.87,7.81,9.0,9.33,8.72,8.95,,
42E,XSES,Choo Chiang Holdings Ltd,Technology,Electronics & Computer Distribution,,SGD,Asset Turnover,,1.2,1.16,1.14,1.08,0.86,1.21,1.21,1.16,1.05,1.02,,
42F,XSES,Totm Technologies Ltd,Technology,Software - Infrastructure,,SGD,Return on Asset %,,-7.89,-23.26,-15.94,4.87,-21.62,-18.84,-14.01,-15.00,-16.73,-67.17,,
42F,XSES,Totm Technologies Ltd,Technology,Software - Infrastructure,,SGD,Return on Equity %,,-13.45,-43.79,-36.96,18.37,-202.57,-40.53,-21.53,-18.07,-18.46,-75.14,,
42F,XSES,Totm Technologies Ltd,Technology,Software - Infrastructure,,SGD,Return on Invested Capital %,,-11.57,-35.24,-28.49,11.36,-39.63,-30.77,-19.64,-17.44,-17.76,-72.30,,
42F,XSES,Totm Technologies Ltd,Technology,Software - Infrastructure,,SGD,Days Sales Outstanding,,170.41,247.33,228.64,153.33,111.09,104.44,43.32,18.77,1.79,8.57,,
42F,XSES,Totm Technologies Ltd,Technology,Software - Infrastructure,,SGD,Days Inventory,,-,-,-,71.15,111.02,184.74,17.18,-,-,-,,
42F,XSES,Totm Technologies Ltd,Technology,Software - Infrastructure,,SGD,Payables Period,,81.71,110.75,67.30,130.43,208.83,425.48,46.76,6.36,253.98,0.78,,
42F,XSES,Totm Technologies Ltd,Technology,Software - Infrastructure,,SGD,Cash Conversion Cycle,,-,-,-,94.05,13.28,-136.29,13.73,-,-,-,,
42F,XSES,Totm Technologies Ltd,Technology,Software - Infrastructure,,SGD,Recieveables Turnover,,2.14,1.48,1.60,2.38,3.29,3.49,8.43,19.44,203.66,42.58,,
42F,XSES,Totm Technologies Ltd,Technology,Software - Infrastructure,,SGD,Inventory Turnover,,-,-,-,5.13,3.29,1.98,21.25,-,-,-,,
42F,XSES,Totm Technologies Ltd,Technology,Software - Infrastructure,,SGD,Fixed Assets Turnover,,24.79,15.89,19.00,18.41,10.16,3.6,4.65,6.86,2.10,3.14,,
42F,XSES,Totm Technologies Ltd,Technology,Software - Infrastructure,,SGD,Asset Turnover,,0.96,0.77,1.09,1.17,0.79,0.14,0.15,0.26,0.09,0.17,,
42L,XSES,Taka Jewellery Holdings Ltd,Consumer Cyclical,Luxury Goods,,SGD,Return on Asset %,,3.23,1.33,2.25,2.15,-,1.39,3.52,4.93,5.08,5.4,,
42L,XSES,Taka Jewellery Holdings Ltd,Consumer Cyclical,Luxury Goods,,SGD,Return on Equity %,,5.94,2.12,3.38,3.38,-,2.34,5.47,7.83,8.28,9.26,,
42L,XSES,Taka Jewellery Holdings Ltd,Consumer Cyclical,Luxury Goods,,SGD,Return on Invested Capital %,,5.78,2.17,3.24,3.18,-,2.13,4.47,6.74,7.19,7.36,,
42L,XSES,Taka Jewellery Holdings Ltd,Consumer Cyclical,Luxury Goods,,SGD,Days Sales Outstanding,,128.94,148.78,156.04,157.49,-,194.71,178.78,125.2,137.49,139.66,,
42L,XSES,Taka Jewellery Holdings Ltd,Consumer Cyclical,Luxury Goods,,SGD,Days Inventory,,398.21,405.62,353.09,337.06,-,396.58,367.75,331.53,375.65,348.2,,
42L,XSES,Taka Jewellery Holdings Ltd,Consumer Cyclical,Luxury Goods,,SGD,Payables Period,,189.01,191.69,161.32,129.8,-,113.57,87.55,65.9,66.98,57.54,,
42L,XSES,Taka Jewellery Holdings Ltd,Consumer Cyclical,Luxury Goods,,SGD,Cash Conversion Cycle,,338.14,362.72,347.81,364.75,-,477.73,458.99,390.82,446.16,430.33,,
42L,XSES,Taka Jewellery Holdings Ltd,Consumer Cyclical,Luxury Goods,,SGD,Recieveables Turnover,,2.83,2.45,2.34,2.32,-,1.87,2.04,2.92,2.65,2.61,,
42L,XSES,Taka Jewellery Holdings Ltd,Consumer Cyclical,Luxury Goods,,SGD,Inventory Turnover,,0.92,0.9,1.03,1.08,-,0.92,0.99,1.1,0.97,1.05,,
42L,XSES,Taka Jewellery Holdings Ltd,Consumer Cyclical,Luxury Goods,,SGD,Fixed Assets Turnover,,22.77,19.43,20.43,14.75,-,5.86,6.89,8.71,8.21,8.52,,
42L,XSES,Taka Jewellery Holdings Ltd,Consumer Cyclical,Luxury Goods,,SGD,Asset Turnover,,0.75,0.69,0.73,0.73,-,0.56,0.62,0.8,0.72,0.77,,
42N,XSES,IPS Securex Holdings Ltd,Industrials,Security & Protection Services,,SGD,Return on Asset %,,11.07,-14.44,-10.32,-10.71,16.38,0.62,1.52,-13.58,0.84,-13.87,,
42N,XSES,IPS Securex Holdings Ltd,Industrials,Security & Protection Services,,SGD,Return on Equity %,,18.37,-22.73,-15.28,-16.94,26.92,1.11,2.99,-25.34,1.48,-23.42,,
42N,XSES,IPS Securex Holdings Ltd,Industrials,Security & Protection Services,,SGD,Return on Invested Capital %,,15.98,-19.76,-13.53,-16.17,26.82,1.86,2.87,-17.18,1.76,-20.46,,
42N,XSES,IPS Securex Holdings Ltd,Industrials,Security & Protection Services,,SGD,Days Sales Outstanding,,213.44,167.09,102.95,85.87,59.51,138.96,65.79,87.81,94.24,127.1,,
42N,XSES,IPS Securex Holdings Ltd,Industrials,Security & Protection Services,,SGD,Days Inventory,,38.71,50.12,57.71,131.48,59.43,269.44,142.82,105.1,80.47,101.84,,
42N,XSES,IPS Securex Holdings Ltd,Industrials,Security & Protection Services,,SGD,Payables Period,,243.76,209.48,160.81,150.62,42.71,102.09,66.22,75.95,72.59,117.8,,
42N,XSES,IPS Securex Holdings Ltd,Industrials,Security & Protection Services,,SGD,Cash Conversion Cycle,,8.38,7.72,-0.16,66.73,76.23,306.32,142.39,116.95,102.12,111.14,,
42N,XSES,IPS Securex Holdings Ltd,Industrials,Security & Protection Services,,SGD,Recieveables Turnover,,1.71,2.18,3.55,4.25,6.13,2.63,5.55,4.16,3.87,2.87,,
42N,XSES,IPS Securex Holdings Ltd,Industrials,Security & Protection Services,,SGD,Inventory Turnover,,9.43,7.28,6.33,2.78,6.14,1.35,2.56,3.47,4.54,3.58,,
42N,XSES,IPS Securex Holdings Ltd,Industrials,Security & Protection Services,,SGD,Fixed Assets Turnover,,2.72,2.65,2.97,3.34,10.81,8.61,39.71,40.21,37.07,34.37,,
42N,XSES,IPS Securex Holdings Ltd,Industrials,Security & Protection Services,,SGD,Asset Turnover,,0.62,0.67,0.87,0.79,1.55,0.56,0.91,0.78,1.11,1.06,,
42R,XSES,Jumbo Group Ltd,Consumer Cyclical,Restaurants,,SGD,Return on Asset %,,18.27,17.08,12.88,13.09,-8.77,-11.88,-0.09,12.23,10.77,6.44,,
42R,XSES,Jumbo Group Ltd,Consumer Cyclical,Restaurants,,SGD,Return on Equity %,,24.39,22.26,16.88,17.4,-13.17,-23.54,-0.2,28.47,24.73,16.21,,
42R,XSES,Jumbo Group Ltd,Consumer Cyclical,Restaurants,,SGD,Return on Invested Capital %,,23.81,21.94,16.82,17.0,-8.48,-13.16,0.95,16.21,15.06,9.87,,
42R,XSES,Jumbo Group Ltd,Consumer Cyclical,Restaurants,,SGD,Days Sales Outstanding,,2.21,3.42,5.03,5.88,7.17,4.82,4.15,4.52,5.43,5.36,,
42R,XSES,Jumbo Group Ltd,Consumer Cyclical,Restaurants,,SGD,Days Inventory,,7.73,8.83,5.27,5.78,9.98,13.03,11.82,8.74,7.72,8.91,,
42R,XSES,Jumbo Group Ltd,Consumer Cyclical,Restaurants,,SGD,Payables Period,,104.11,66.14,15.62,14.81,15.0,9.43,13.08,15.0,17.8,17.11,,
42R,XSES,Jumbo Group Ltd,Consumer Cyclical,Restaurants,,SGD,Cash Conversion Cycle,,-94.17,-53.88,-5.32,-3.16,2.15,8.42,2.89,-1.74,-4.64,-2.85,,
42R,XSES,Jumbo Group Ltd,Consumer Cyclical,Restaurants,,SGD,Recieveables Turnover,,165.17,106.57,72.5,62.09,50.93,75.7,88.01,80.78,67.18,68.15,,
42R,XSES,Jumbo Group Ltd,Consumer Cyclical,Restaurants,,SGD,Inventory Turnover,,47.23,41.31,69.25,63.2,36.57,28.01,30.87,41.77,47.26,40.98,,
42R,XSES,Jumbo Group Ltd,Consumer Cyclical,Restaurants,,SGD,Fixed Assets Turnover,,8.55,7.76,7.62,7.22,2.84,1.74,2.44,3.64,3.86,2.97,,
42R,XSES,Jumbo Group Ltd,Consumer Cyclical,Restaurants,,SGD,Asset Turnover,,1.61,1.71,1.79,1.72,1.05,0.83,1.11,1.5,1.5,1.41,,
42T,XSES,The Trendlines Group Ltd,Financial Services,Asset Management,,SGD,Return on Asset %,,-6.22,3.50,-5.36,-0.40,-3.08,5.52,-12.64,-36.54,-12.29,2.38,,
42T,XSES,The Trendlines Group Ltd,Financial Services,Asset Management,,SGD,Return on Equity %,,-8.11,4.53,-6.87,-0.51,-3.81,6.58,-14.47,-40.50,-13.52,2.61,,
42T,XSES,The Trendlines Group Ltd,Financial Services,Asset Management,,SGD,Return on Invested Capital %,,-7.75,4.26,-6.17,0.49,-3.56,6.24,-13.47,-38.51,-12.69,2.56,,
42T,XSES,The Trendlines Group Ltd,Financial Services,Asset Management,,SGD,Days Sales Outstanding,,14.10,16.25,15.90,42.14,36.98,32.92,26.42,12.26,22.72,62.57,,
42T,XSES,The Trendlines Group Ltd,Financial Services,Asset Management,,SGD,Days Inventory,,-,-,-,-,-,-,-,-,-,-,,
42T,XSES,The Trendlines Group Ltd,Financial Services,Asset Management,,SGD,Payables Period,,19.15,30.53,-,-,86.82,9.89,9.83,7.47,23.73,26.64,,
42T,XSES,The Trendlines Group Ltd,Financial Services,Asset Management,,SGD,Cash Conversion Cycle,,-,-,-,-,-,-,-,-,-,-,,
42T,XSES,The Trendlines Group Ltd,Financial Services,Asset Management,,SGD,Recieveables Turnover,,25.89,22.46,22.96,8.66,9.87,11.09,13.81,29.77,16.07,5.83,,
42T,XSES,The Trendlines Group Ltd,Financial Services,Asset Management,,SGD,Inventory Turnover,,-,-,-,-,-,-,-,-,-,-,,
42T,XSES,The Trendlines Group Ltd,Financial Services,Asset Management,,SGD,Fixed Assets Turnover,,13.66,6.66,7.48,2.83,1.24,0.65,1.04,1.54,0.65,0.18,,
42T,XSES,The Trendlines Group Ltd,Financial Services,Asset Management,,SGD,Asset Turnover,,0.07,0.05,0.07,0.05,0.03,0.02,0.03,0.05,0.02,0.00,,
42W,XSES,Zixin Group Holdings Ltd,Consumer Defensive,Packaged Foods,,SGD,Return on Asset %,,4.72,5.47,2.94,5.15,-1.37,-2.56,0.67,-2.46,2.23,6.45,,
42W,XSES,Zixin Group Holdings Ltd,Consumer Defensive,Packaged Foods,,SGD,Return on Equity %,,6.16,6.31,3.35,5.92,-1.51,-2.85,0.75,-2.8,2.63,7.84,,
42W,XSES,Zixin Group Holdings Ltd,Consumer Defensive,Packaged Foods,,SGD,Return on Invested Capital %,,4.86,5.56,2.84,5.75,-1.23,-2.46,0.8,-2.44,2.56,7.25,,
42W,XSES,Zixin Group Holdings Ltd,Consumer Defensive,Packaged Foods,,SGD,Days Sales Outstanding,,10.63,10.35,36.73,35.81,32.66,47.08,55.65,51.58,42.2,61.76,,
42W,XSES,Zixin Group Holdings Ltd,Consumer Defensive,Packaged Foods,,SGD,Days Inventory,,8.38,5.08,1.94,4.15,5.82,6.31,5.1,5.01,3.89,4.64,,
42W,XSES,Zixin Group Holdings Ltd,Consumer Defensive,Packaged Foods,,SGD,Payables Period,,42.91,33.35,50.17,39.29,15.14,11.88,18.25,20.2,34.92,56.72,,
42W,XSES,Zixin Group Holdings Ltd,Consumer Defensive,Packaged Foods,,SGD,Cash Conversion Cycle,,-23.89,-17.92,-11.5,0.68,23.34,41.51,42.5,36.39,11.16,9.68,,
42W,XSES,Zixin Group Holdings Ltd,Consumer Defensive,Packaged Foods,,SGD,Recieveables Turnover,,34.32,35.25,9.94,10.19,11.18,7.75,6.56,7.08,8.65,5.91,,
42W,XSES,Zixin Group Holdings Ltd,Consumer Defensive,Packaged Foods,,SGD,Inventory Turnover,,43.55,71.91,187.75,87.92,62.76,57.87,71.57,72.87,93.86,78.68,,
42W,XSES,Zixin Group Holdings Ltd,Consumer Defensive,Packaged Foods,,SGD,Fixed Assets Turnover,,5.4,3.94,2.04,2.66,2.12,2.08,2.26,1.62,2.0,2.25,,
42W,XSES,Zixin Group Holdings Ltd,Consumer Defensive,Packaged Foods,,SGD,Asset Turnover,,1.36,1.0,0.52,0.78,0.69,0.58,0.53,0.38,0.53,0.64,,
42Z,XSES,Eindec Corp Ltd,Industrials,Specialty Industrial Machinery,,SGD,Return on Asset %,,-4.15,-8.6,-12.8,-9.6,-2.83,-3.67,6.86,1.12,-0.91,-6.41,,
42Z,XSES,Eindec Corp Ltd,Industrials,Specialty Industrial Machinery,,SGD,Return on Equity %,,-7.38,-14.46,-23.28,-19.57,-8.37,-14.73,24.79,3.05,-2.14,-14.56,,
42Z,XSES,Eindec Corp Ltd,Industrials,Specialty Industrial Machinery,,SGD,Return on Invested Capital %,,-6.2,-13.4,-20.19,-15.01,-3.87,-6.64,17.63,3.9,0.54,-6.54,,
42Z,XSES,Eindec Corp Ltd,Industrials,Specialty Industrial Machinery,,SGD,Days Sales Outstanding,,109.71,182.1,210.61,136.34,114.82,190.05,116.41,121.73,68.61,64.44,,
42Z,XSES,Eindec Corp Ltd,Industrials,Specialty Industrial Machinery,,SGD,Days Inventory,,104.5,127.92,186.16,152.93,71.44,126.28,94.11,120.18,118.07,152.93,,
42Z,XSES,Eindec Corp Ltd,Industrials,Specialty Industrial Machinery,,SGD,Payables Period,,271.73,215.93,280.93,215.38,122.76,228.35,122.41,123.29,74.23,41.31,,
42Z,XSES,Eindec Corp Ltd,Industrials,Specialty Industrial Machinery,,SGD,Cash Conversion Cycle,,-57.52,94.09,115.84,73.88,63.5,87.97,88.1,118.62,112.45,176.06,,
42Z,XSES,Eindec Corp Ltd,Industrials,Specialty Industrial Machinery,,SGD,Recieveables Turnover,,3.33,2.0,1.73,2.68,3.18,1.92,3.14,3.0,5.32,5.66,,
42Z,XSES,Eindec Corp Ltd,Industrials,Specialty Industrial Machinery,,SGD,Inventory Turnover,,3.49,2.85,1.96,2.39,5.11,2.89,3.88,3.04,3.09,2.39,,
42Z,XSES,Eindec Corp Ltd,Industrials,Specialty Industrial Machinery,,SGD,Fixed Assets Turnover,,3.68,3.23,2.4,2.34,3.21,2.61,4.56,2.74,2.32,1.61,,
42Z,XSES,Eindec Corp Ltd,Industrials,Specialty Industrial Machinery,,SGD,Asset Turnover,,0.82,0.66,0.54,0.66,0.95,0.65,1.1,0.83,0.83,0.63,,
43A,XSES,Octopus (APAC) Holdings Ltd,Consumer Cyclical,Restaurants,,SGD,Return on Asset %,-12.83,-9.95,-18.43,-18.88,36.93,1.35,-22.02,-19.65,-90.45,-34.13,,,
43A,XSES,Octopus (APAC) Holdings Ltd,Consumer Cyclical,Restaurants,,SGD,Return on Equity %,-44.63,-47.69,-76.56,-194.36,96.89,2.45,-37.61,-38.56,-274.98,-147.04,,,
43A,XSES,Octopus (APAC) Holdings Ltd,Consumer Cyclical,Restaurants,,SGD,Return on Invested Capital %,-15.14,-9.3,-20.37,-25.27,64.82,2.8,-30.64,-30.09,-163.9,-47.66,,,
43A,XSES,Octopus (APAC) Holdings Ltd,Consumer Cyclical,Restaurants,,SGD,Days Sales Outstanding,45.96,72.8,95.7,79.36,117.91,628.41,761.24,3.36,3.6,5.34,,,
43A,XSES,Octopus (APAC) Holdings Ltd,Consumer Cyclical,Restaurants,,SGD,Days Inventory,1.15,2.36,2.62,1.11,2.84,3.28,3.09,3.86,3.64,2.7,,,
43A,XSES,Octopus (APAC) Holdings Ltd,Consumer Cyclical,Restaurants,,SGD,Payables Period,172.01,77.86,50.2,21.54,30.16,17.53,14.73,18.03,20.82,28.39,,,
43A,XSES,Octopus (APAC) Holdings Ltd,Consumer Cyclical,Restaurants,,SGD,Cash Conversion Cycle,-124.9,-2.7,48.11,58.92,90.6,614.16,749.6,-10.81,-13.58,-20.36,,,
43A,XSES,Octopus (APAC) Holdings Ltd,Consumer Cyclical,Restaurants,,SGD,Recieveables Turnover,7.94,5.01,3.81,4.6,3.1,0.58,0.48,108.5,101.45,68.41,,,
43A,XSES,Octopus (APAC) Holdings Ltd,Consumer Cyclical,Restaurants,,SGD,Inventory Turnover,318.63,154.49,139.47,328.59,128.53,111.34,118.28,94.62,100.3,135.39,,,
43A,XSES,Octopus (APAC) Holdings Ltd,Consumer Cyclical,Restaurants,,SGD,Fixed Assets Turnover,1.2,0.87,0.84,1.28,16.4,6.36,3.26,4.56,5.59,6.49,,,
43A,XSES,Octopus (APAC) Holdings Ltd,Consumer Cyclical,Restaurants,,SGD,Asset Turnover,0.37,0.48,0.47,0.45,1.01,0.28,0.15,0.22,0.58,1.3,,,
43B,XSES,Secura Group Ltd,Industrials,Security & Protection Services,,SGD,Return on Asset %,,2.44,-2.69,2.92,-7.3,5.1,4.32,2.34,1.81,5.53,2.16,,
43B,XSES,Secura Group Ltd,Industrials,Security & Protection Services,,SGD,Return on Equity %,,3.81,-3.9,4.14,-10.32,7.11,5.57,2.94,2.4,7.41,2.8,,
43B,XSES,Secura Group Ltd,Industrials,Security & Protection Services,,SGD,Return on Invested Capital %,,2.74,-2.77,3.64,-8.13,5.86,4.97,2.67,1.84,6.32,2.36,,
43B,XSES,Secura Group Ltd,Industrials,Security & Protection Services,,SGD,Days Sales Outstanding,,56.84,64.64,68.45,71.53,75.73,66.5,56.12,56.96,63.62,66.15,,
43B,XSES,Secura Group Ltd,Industrials,Security & Protection Services,,SGD,Days Inventory,,15.44,19.79,25.04,31.04,19.64,8.08,6.34,5.66,5.74,5.61,,
43B,XSES,Secura Group Ltd,Industrials,Security & Protection Services,,SGD,Payables Period,,48.15,37.55,22.58,20.72,16.76,13.71,16.17,17.47,12.46,10.18,,
43B,XSES,Secura Group Ltd,Industrials,Security & Protection Services,,SGD,Cash Conversion Cycle,,24.12,46.89,70.91,81.84,78.6,60.87,46.29,45.15,56.9,61.57,,
43B,XSES,Secura Group Ltd,Industrials,Security & Protection Services,,SGD,Recieveables Turnover,,6.42,5.65,5.33,5.1,4.82,5.49,6.5,6.41,5.74,5.52,,
43B,XSES,Secura Group Ltd,Industrials,Security & Protection Services,,SGD,Inventory Turnover,,23.64,18.44,14.57,11.76,18.58,45.16,57.61,64.45,63.6,65.07,,
43B,XSES,Secura Group Ltd,Industrials,Security & Protection Services,,SGD,Fixed Assets Turnover,,2.24,1.28,1.35,1.4,1.27,1.48,2.01,2.58,2.68,2.54,,
43B,XSES,Secura Group Ltd,Industrials,Security & Protection Services,,SGD,Asset Turnover,,0.92,0.63,0.64,0.63,0.58,0.66,0.88,1.03,0.98,0.88,,
43E,XSES,VCPlus Ltd,Industrials,Consulting Services,,SGD,Return on Asset %,,-76.1,-46.34,-32.27,-35.19,-68.06,-42.05,-42.43,-40.36,-76.44,-133.48,,
43E,XSES,VCPlus Ltd,Industrials,Consulting Services,,SGD,Return on Equity %,,-192.2,-72.11,-81.55,-188.23,-,-124.06,-56.31,-53.92,-122.34,-307.73,,
43E,XSES,VCPlus Ltd,Industrials,Consulting Services,,SGD,Return on Invested Capital %,,-187.56,-45.87,-28.52,-34.65,-,-58.58,-52.39,-49.07,-117.63,-265.56,,
43E,XSES,VCPlus Ltd,Industrials,Consulting Services,,SGD,Days Sales Outstanding,,81.34,24.7,683.25,368.53,11504.83,1111.3,108.01,111.88,17.28,58.29,,
43E,XSES,VCPlus Ltd,Industrials,Consulting Services,,SGD,Days Inventory,,62.79,6.97,51.76,45.35,782.20,19.66,5.36,-,-,-,,
43E,XSES,VCPlus Ltd,Industrials,Consulting Services,,SGD,Payables Period,,1319.8,83.22,108.96,137.92,4975.22,134.52,5.72,0.25,126.56,251.54,,
43E,XSES,VCPlus Ltd,Industrials,Consulting Services,,SGD,Cash Conversion Cycle,,-1175.67,-51.55,626.05,275.96,7311.81,996.44,107.65,-,-,-,,
43E,XSES,VCPlus Ltd,Industrials,Consulting Services,,SGD,Recieveables Turnover,,4.49,14.78,0.53,0.99,0.03,0.33,3.38,3.26,21.12,6.26,,
43E,XSES,VCPlus Ltd,Industrials,Consulting Services,,SGD,Inventory Turnover,,5.81,52.37,7.05,8.05,0.47,18.57,68.15,-,-,-,,
43E,XSES,VCPlus Ltd,Industrials,Consulting Services,,SGD,Fixed Assets Turnover,,0.08,0.79,0.06,0.15,0.01,0.16,1.2,1.50,8.43,2.22,,
43E,XSES,VCPlus Ltd,Industrials,Consulting Services,,SGD,Asset Turnover,,0.06,0.57,0.04,0.1,0.01,0.03,0.12,0.08,0.26,0.10,,
43F,XSES,AcroMeta Group Ltd,Industrials,Engineering & Construction,,SGD,Return on Asset %,,-2.81,-20.30,-15.16,0.13,-6.17,0.29,3.88,-16.92,7.44,-39.44,,
43F,XSES,AcroMeta Group Ltd,Industrials,Engineering & Construction,,SGD,Return on Equity %,,-6.78,-51.46,-47.96,0.41,-22.78,1.41,23.4,-133.05,38.65,-84.19,,
43F,XSES,AcroMeta Group Ltd,Industrials,Engineering & Construction,,SGD,Return on Invested Capital %,,-7.04,-41.15,-32.87,1.18,-9.69,1.86,9.49,-35.77,17.47,-66.79,,
43F,XSES,AcroMeta Group Ltd,Industrials,Engineering & Construction,,SGD,Days Sales Outstanding,,50.80,50.29,44.36,75.57,105.80,81.91,74.93,72.17,362.53,145.34,,
43F,XSES,AcroMeta Group Ltd,Industrials,Engineering & Construction,,SGD,Days Inventory,,-,-,-,-,-,13.2,5.41,4.28,26.12,-,,
43F,XSES,AcroMeta Group Ltd,Industrials,Engineering & Construction,,SGD,Payables Period,,110.78,85.04,69.62,85.90,104.24,105.6,93.86,123.42,891.63,72.41,,
43F,XSES,AcroMeta Group Ltd,Industrials,Engineering & Construction,,SGD,Cash Conversion Cycle,,-,-,-,-,-,-10.48,-13.52,-46.98,-502.98,-,,
43F,XSES,AcroMeta Group Ltd,Industrials,Engineering & Construction,,SGD,Recieveables Turnover,,7.18,7.26,8.23,4.83,3.45,4.46,4.87,5.06,1.01,2.51,,
43F,XSES,AcroMeta Group Ltd,Industrials,Engineering & Construction,,SGD,Inventory Turnover,,-,-,-,-,-,27.65,67.41,85.31,13.98,-,,
43F,XSES,AcroMeta Group Ltd,Industrials,Engineering & Construction,,SGD,Fixed Assets Turnover,,183.55,37.39,20.82,16.74,5.20,2.7,4.3,6.75,1.94,13.36,,
43F,XSES,AcroMeta Group Ltd,Industrials,Engineering & Construction,,SGD,Asset Turnover,,2.11,1.93,1.87,1.42,0.94,0.96,1.53,1.69,0.23,0.39,,
43Q,XSES,Advancer Global Ltd,Industrials,Staffing & Employment Services,,SGD,Return on Asset %,,14.08,10.22,3.05,0.86,7.78,-7.21,-8.92,-8.67,3.1,3.12,,
43Q,XSES,Advancer Global Ltd,Industrials,Staffing & Employment Services,,SGD,Return on Equity %,,25.93,16.37,4.09,1.08,9.97,-9.22,-11.48,-11.54,4.13,4.06,,
43Q,XSES,Advancer Global Ltd,Industrials,Staffing & Employment Services,,SGD,Return on Invested Capital %,,23.72,15.44,3.99,0.66,9.08,-8.57,-10.88,-11.2,3.5,3.64,,
43Q,XSES,Advancer Global Ltd,Industrials,Staffing & Employment Services,,SGD,Days Sales Outstanding,,52.69,53.54,57.76,59.0,75.76,64.58,55.66,69.38,64.92,44.07,,
43Q,XSES,Advancer Global Ltd,Industrials,Staffing & Employment Services,,SGD,Days Inventory,,0.25,0.25,2.14,5.06,8.36,6.82,5.75,5.75,3.74,2.13,,
43Q,XSES,Advancer Global Ltd,Industrials,Staffing & Employment Services,,SGD,Payables Period,,9.57,9.98,10.79,12.78,15.38,11.04,8.25,9.17,10.97,8.95,,
43Q,XSES,Advancer Global Ltd,Industrials,Staffing & Employment Services,,SGD,Cash Conversion Cycle,,43.37,43.81,49.11,51.28,68.74,60.36,53.16,65.96,57.69,37.24,,
43Q,XSES,Advancer Global Ltd,Industrials,Staffing & Employment Services,,SGD,Recieveables Turnover,,6.93,6.82,6.32,6.19,4.82,5.65,6.56,5.26,5.62,8.28,,
43Q,XSES,Advancer Global Ltd,Industrials,Staffing & Employment Services,,SGD,Inventory Turnover,,1436.69,1450.09,170.94,72.13,43.65,53.56,63.47,63.44,97.61,171.49,,
43Q,XSES,Advancer Global Ltd,Industrials,Staffing & Employment Services,,SGD,Fixed Assets Turnover,,49.07,32.64,26.1,17.75,11.3,14.15,15.24,14.19,17.2,25.53,,
43Q,XSES,Advancer Global Ltd,Industrials,Staffing & Employment Services,,SGD,Asset Turnover,,2.68,2.18,1.54,1.3,0.97,1.07,1.27,1.43,1.48,1.67,,
49B,XSES,AMOS Group Ltd,Energy,Oil & Gas Equipment & Services,,SGD,Return on Asset %,,0.57,-5.52,-27.23,-17.44,-5.41,-11.39,-8.83,-8.03,-19.22,-9.6,,
49B,XSES,AMOS Group Ltd,Energy,Oil & Gas Equipment & Services,,SGD,Return on Equity %,,1.2,-11.43,-50.76,-29.56,-9.44,-20.27,-14.69,-12.63,-32.14,-16.61,,
49B,XSES,AMOS Group Ltd,Energy,Oil & Gas Equipment & Services,,SGD,Return on Invested Capital %,,1.88,-4.55,-28.4,-19.4,-5.51,-13.34,-9.68,-8.55,-23.27,-11.17,,
49B,XSES,AMOS Group Ltd,Energy,Oil & Gas Equipment & Services,,SGD,Days Sales Outstanding,,101.28,96.91,87.32,61.36,91.24,98.31,94.43,89.06,95.95,81.06,,
49B,XSES,AMOS Group Ltd,Energy,Oil & Gas Equipment & Services,,SGD,Days Inventory,,753.4,734.51,412.57,214.05,188.08,192.97,176.47,158.5,183.0,198.31,,
49B,XSES,AMOS Group Ltd,Energy,Oil & Gas Equipment & Services,,SGD,Payables Period,,68.02,50.67,31.94,49.96,90.18,88.41,67.37,63.87,78.49,76.38,,
49B,XSES,AMOS Group Ltd,Energy,Oil & Gas Equipment & Services,,SGD,Cash Conversion Cycle,,786.66,780.76,467.94,225.44,189.14,202.87,203.53,183.7,200.46,202.99,,
49B,XSES,AMOS Group Ltd,Energy,Oil & Gas Equipment & Services,,SGD,Recieveables Turnover,,3.6,3.77,4.18,5.95,4.0,3.71,3.87,4.1,3.8,4.5,,
49B,XSES,AMOS Group Ltd,Energy,Oil & Gas Equipment & Services,,SGD,Inventory Turnover,,0.48,0.5,0.88,1.71,1.94,1.89,2.07,2.3,1.99,1.84,,
49B,XSES,AMOS Group Ltd,Energy,Oil & Gas Equipment & Services,,SGD,Fixed Assets Turnover,,3.15,2.32,2.0,2.4,1.65,1.4,1.34,1.37,1.15,1.04,,
49B,XSES,AMOS Group Ltd,Energy,Oil & Gas Equipment & Services,,SGD,Asset Turnover,,0.42,0.39,0.36,0.66,0.63,0.6,0.63,0.68,0.58,0.56,,
500,XSES,,,,,SGD,Return on Asset %,,10.32,7.97,6.87,4.98,4.04,6.44,7.23,5.4,4.73,7.51,,
500,XSES,,,,,SGD,Return on Equity %,,14.99,11.09,9.07,6.74,5.45,9.32,11.23,8.2,7.09,12.09,,
500,XSES,,,,,SGD,Return on Invested Capital %,,13.12,9.94,8.57,6.39,5.09,8.24,9.78,7.33,6.23,9.62,,
500,XSES,,,,,SGD,Days Sales Outstanding,,101.71,113.99,98.07,101.88,98.04,89.03,95.09,87.5,91.61,90.98,,
500,XSES,,,,,SGD,Days Inventory,,84.95,102.62,90.22,88.64,115.7,105.68,103.0,102.78,111.68,105.71,,
500,XSES,,,,,SGD,Payables Period,,35.93,39.76,35.19,32.6,30.09,31.64,41.04,32.02,25.66,24.79,,
500,XSES,,,,,SGD,Cash Conversion Cycle,,150.73,176.86,153.1,157.92,183.66,163.06,157.05,158.26,177.63,171.9,,
500,XSES,,,,,SGD,Recieveables Turnover,,3.59,3.2,3.72,3.58,3.72,4.1,3.84,4.17,3.98,4.01,,
500,XSES,,,,,SGD,Inventory Turnover,,4.3,3.56,4.05,4.12,3.15,3.45,3.54,3.55,3.27,3.45,,
500,XSES,,,,,SGD,Fixed Assets Turnover,,9.98,8.01,9.35,9.01,6.17,5.77,7.08,8.25,8.21,9.97,,
500,XSES,,,,,SGD,Asset Turnover,,1.43,1.23,1.44,1.42,1.15,1.11,1.24,1.37,1.3,1.39,,
504,XSES,HS Optimus Holdings Ltd,Consumer Cyclical,"Furnishings, Fixtures & Appliances",,SGD,Return on Asset %,,3.39,8.4,-7.21,-1.43,-10.33,2.48,-2.14,-9.63,-2.98,-4.07,,
504,XSES,HS Optimus Holdings Ltd,Consumer Cyclical,"Furnishings, Fixtures & Appliances",,SGD,Return on Equity %,,4.83,11.81,-9.62,-1.83,-13.77,3.33,-2.82,-12.74,-3.87,-5.37,,
504,XSES,HS Optimus Holdings Ltd,Consumer Cyclical,"Furnishings, Fixtures & Appliances",,SGD,Return on Invested Capital %,,4.11,10.01,-8.54,-1.68,-12.64,3.22,-2.61,-11.67,-3.7,-5.0,,
504,XSES,HS Optimus Holdings Ltd,Consumer Cyclical,"Furnishings, Fixtures & Appliances",,SGD,Days Sales Outstanding,,29.58,33.65,41.9,27.04,37.79,72.87,72.33,60.81,48.38,75.42,,
504,XSES,HS Optimus Holdings Ltd,Consumer Cyclical,"Furnishings, Fixtures & Appliances",,SGD,Days Inventory,,71.25,79.96,359.53,729.53,663.36,1013.64,1086.19,1342.48,1203.57,1269.77,,
504,XSES,HS Optimus Holdings Ltd,Consumer Cyclical,"Furnishings, Fixtures & Appliances",,SGD,Payables Period,,6.76,41.16,43.69,27.23,30.68,47.86,38.92,29.5,16.96,25.35,,
504,XSES,HS Optimus Holdings Ltd,Consumer Cyclical,"Furnishings, Fixtures & Appliances",,SGD,Cash Conversion Cycle,,94.07,72.46,357.73,729.34,670.47,1038.65,1119.6,1373.8,1235.0,1319.84,,
504,XSES,HS Optimus Holdings Ltd,Consumer Cyclical,"Furnishings, Fixtures & Appliances",,SGD,Recieveables Turnover,,12.34,10.85,8.71,13.5,9.66,5.01,5.05,6.0,7.54,4.84,,
504,XSES,HS Optimus Holdings Ltd,Consumer Cyclical,"Furnishings, Fixtures & Appliances",,SGD,Inventory Turnover,,5.12,4.56,1.02,0.5,0.55,0.36,0.34,0.27,0.3,0.29,,
504,XSES,HS Optimus Holdings Ltd,Consumer Cyclical,"Furnishings, Fixtures & Appliances",,SGD,Fixed Assets Turnover,,2.73,2.21,1.63,1.63,1.57,1.17,1.19,1.03,1.6,1.6,,
504,XSES,HS Optimus Holdings Ltd,Consumer Cyclical,"Furnishings, Fixtures & Appliances",,SGD,Asset Turnover,,0.49,0.39,0.3,0.31,0.29,0.21,0.18,0.14,0.22,0.22,,
505,XSES,AsiaMedic Ltd,Healthcare,Diagnostics & Research,,SGD,Return on Asset %,,-7.7,-22.85,-33.18,-3.66,-23.88,3.87,9.95,7.29,2.67,4.5,,
505,XSES,AsiaMedic Ltd,Healthcare,Diagnostics & Research,,SGD,Return on Equity %,,-12.74,-37.54,-70.66,-14.36,-72.47,8.51,22.2,15.88,7.33,13.34,,
505,XSES,AsiaMedic Ltd,Healthcare,Diagnostics & Research,,SGD,Return on Invested Capital %,,-9.07,-30.85,-50.12,-1.24,-31.37,6.24,14.44,10.42,4.6,8.14,,
505,XSES,AsiaMedic Ltd,Healthcare,Diagnostics & Research,,SGD,Days Sales Outstanding,,21.0,19.39,26.4,43.61,63.8,45.48,49.43,42.59,38.87,41.69,,
505,XSES,AsiaMedic Ltd,Healthcare,Diagnostics & Research,,SGD,Days Inventory,,48.48,9.07,49.15,55.38,77.26,72.11,62.64,68.06,60.49,39.56,,
505,XSES,AsiaMedic Ltd,Healthcare,Diagnostics & Research,,SGD,Payables Period,,152.82,40.61,255.3,267.23,335.87,297.88,315.37,379.11,324.01,260.26,,
505,XSES,AsiaMedic Ltd,Healthcare,Diagnostics & Research,,SGD,Cash Conversion Cycle,,-83.34,-12.15,-179.75,-168.25,-194.81,-180.29,-203.3,-268.46,-224.66,-179.01,,
505,XSES,AsiaMedic Ltd,Healthcare,Diagnostics & Research,,SGD,Recieveables Turnover,,17.38,18.82,13.83,8.37,5.72,8.03,7.38,8.57,9.39,8.76,,
505,XSES,AsiaMedic Ltd,Healthcare,Diagnostics & Research,,SGD,Inventory Turnover,,7.53,40.25,7.43,6.59,4.72,5.06,5.83,5.36,6.03,9.23,,
505,XSES,AsiaMedic Ltd,Healthcare,Diagnostics & Research,,SGD,Fixed Assets Turnover,,2.51,2.9,4.01,2.97,2.73,5.52,3.09,2.45,1.55,1.44,,
505,XSES,AsiaMedic Ltd,Healthcare,Diagnostics & Research,,SGD,Asset Turnover,,0.97,1.03,1.31,1.18,0.85,0.99,0.86,0.9,0.76,0.78,,
508,XSES,Fuji Offset Plates Manufacturing Ltd,Industrials,Specialty Industrial Machinery,,SGD,Return on Asset %,,-0.76,-4.56,10.64,4.37,3.27,2.81,13.27,3.09,2.75,2.13,,
508,XSES,Fuji Offset Plates Manufacturing Ltd,Industrials,Specialty Industrial Machinery,,SGD,Return on Equity %,,-0.89,-5.51,12.77,5.2,3.97,3.39,15.25,3.44,3.04,2.33,,
508,XSES,Fuji Offset Plates Manufacturing Ltd,Industrials,Specialty Industrial Machinery,,SGD,Return on Invested Capital %,,-1.57,-5.62,12.17,3.27,3.57,3.09,15.01,2.86,1.84,0.89,,
508,XSES,Fuji Offset Plates Manufacturing Ltd,Industrials,Specialty Industrial Machinery,,SGD,Days Sales Outstanding,,98.76,126.22,114.74,109.77,117.62,112.53,127.28,107.15,104.98,113.38,,
508,XSES,Fuji Offset Plates Manufacturing Ltd,Industrials,Specialty Industrial Machinery,,SGD,Days Inventory,,72.3,86.71,83.91,70.52,80.98,103.25,107.13,96.61,99.51,102.31,,
508,XSES,Fuji Offset Plates Manufacturing Ltd,Industrials,Specialty Industrial Machinery,,SGD,Payables Period,,97.04,74.99,17.43,13.32,19.47,17.14,10.57,13.93,14.56,11.71,,
508,XSES,Fuji Offset Plates Manufacturing Ltd,Industrials,Specialty Industrial Machinery,,SGD,Cash Conversion Cycle,,74.03,137.93,181.22,166.97,179.13,198.64,223.85,189.83,189.94,203.98,,
508,XSES,Fuji Offset Plates Manufacturing Ltd,Industrials,Specialty Industrial Machinery,,SGD,Recieveables Turnover,,3.7,2.89,3.18,3.33,3.1,3.24,2.87,3.41,3.48,3.22,,
508,XSES,Fuji Offset Plates Manufacturing Ltd,Industrials,Specialty Industrial Machinery,,SGD,Inventory Turnover,,5.05,4.21,4.35,5.18,4.51,3.54,3.41,3.78,3.67,3.57,,
508,XSES,Fuji Offset Plates Manufacturing Ltd,Industrials,Specialty Industrial Machinery,,SGD,Fixed Assets Turnover,,1.05,1.04,1.2,1.1,0.86,0.87,0.81,0.89,1.06,0.98,,
508,XSES,Fuji Offset Plates Manufacturing Ltd,Industrials,Specialty Industrial Machinery,,SGD,Asset Turnover,,0.2,0.17,0.16,0.15,0.12,0.12,0.1,0.09,0.1,0.08,,
532,XSES,DISA Ltd,Technology,Software - Application,,SGD,Return on Asset %,,-28.0,-45.72,-26.31,-55.80,-109.04,-34.6,-29.92,-54.11,-61.87,-84.25,,
532,XSES,DISA Ltd,Technology,Software - Application,,SGD,Return on Equity %,,-35.35,-58.23,-33.15,-57.59,-90.21,-42.19,-36.9,-71.7,-106.18,-137.72,,
532,XSES,DISA Ltd,Technology,Software - Application,,SGD,Return on Invested Capital %,,-33.89,-38.62,-22.46,-46.93,-87.72,-38.28,-33.99,-65.69,-85.03,-117.91,,
532,XSES,DISA Ltd,Technology,Software - Application,,SGD,Days Sales Outstanding,,2125.46,934.33,1040.78,232.08,35.83,27.04,22.06,33.25,20.2,9.04,,
532,XSES,DISA Ltd,Technology,Software - Application,,SGD,Days Inventory,,67.42,61.12,-,-,91.67,14.37,1.47,1.42,3.05,5.75,,
532,XSES,DISA Ltd,Technology,Software - Application,,SGD,Payables Period,,2823.38,4487.61,11014.41,6616.79,32.58,1.11,0.89,0.81,1.36,1.86,,
532,XSES,DISA Ltd,Technology,Software - Application,,SGD,Cash Conversion Cycle,,-630.5,-3492.15,-,-,94.92,40.31,22.64,33.86,21.89,12.93,,
532,XSES,DISA Ltd,Technology,Software - Application,,SGD,Recieveables Turnover,,0.17,0.39,0.35,1.57,10.19,13.5,16.55,10.98,18.07,40.36,,
532,XSES,DISA Ltd,Technology,Software - Application,,SGD,Inventory Turnover,,5.41,5.97,-,-,3.98,25.4,248.5,257.59,119.65,63.46,,
532,XSES,DISA Ltd,Technology,Software - Application,,SGD,Fixed Assets Turnover,,4.17,2.78,0.33,0.54,6.57,22.27,43.96,20.66,13.69,16.54,,
532,XSES,DISA Ltd,Technology,Software - Application,,SGD,Asset Turnover,,0.02,0.02,0.01,0.02,0.53,2.12,3.63,2.41,2.43,2.01,,
533,XSES,ABR Holdings Ltd,Consumer Cyclical,Restaurants,,SGD,Return on Asset %,,4.66,5.07,2.1,1.39,3.81,1.63,1.55,2.1,2.08,1.88,,
533,XSES,ABR Holdings Ltd,Consumer Cyclical,Restaurants,,SGD,Return on Equity %,,5.45,6.29,2.74,2.07,6.23,2.57,2.53,3.66,3.71,3.36,,
533,XSES,ABR Holdings Ltd,Consumer Cyclical,Restaurants,,SGD,Return on Invested Capital %,,4.81,5.79,2.16,1.95,5.01,2.27,2.13,3.0,3.27,3.16,,
533,XSES,ABR Holdings Ltd,Consumer Cyclical,Restaurants,,SGD,Days Sales Outstanding,,4.55,7.99,19.55,28.23,23.09,8.74,7.36,8.12,7.77,7.16,,
533,XSES,ABR Holdings Ltd,Consumer Cyclical,Restaurants,,SGD,Days Inventory,,15.09,14.13,13.89,14.36,18.48,20.64,18.73,16.73,15.33,14.46,,
533,XSES,ABR Holdings Ltd,Consumer Cyclical,Restaurants,,SGD,Payables Period,,53.77,51.42,31.19,30.91,37.29,37.53,32.29,29.43,33.2,35.78,,
533,XSES,ABR Holdings Ltd,Consumer Cyclical,Restaurants,,SGD,Cash Conversion Cycle,,-34.13,-29.29,2.26,11.67,4.27,-8.16,-6.2,-4.59,-10.11,-14.16,,
533,XSES,ABR Holdings Ltd,Consumer Cyclical,Restaurants,,SGD,Recieveables Turnover,,80.16,45.66,18.67,12.93,15.81,41.77,49.63,44.97,46.97,51.01,,
533,XSES,ABR Holdings Ltd,Consumer Cyclical,Restaurants,,SGD,Inventory Turnover,,24.2,25.83,26.27,25.42,19.75,17.69,19.48,21.82,23.82,25.24,,
533,XSES,ABR Holdings Ltd,Consumer Cyclical,Restaurants,,SGD,Fixed Assets Turnover,,4.95,5.02,5.26,3.1,1.74,1.76,2.48,2.59,2.59,2.62,,
533,XSES,ABR Holdings Ltd,Consumer Cyclical,Restaurants,,SGD,Asset Turnover,,0.89,0.96,0.98,0.85,0.55,0.49,0.65,0.69,0.78,0.8,,
53W,XSES,Attika Group Ltd,Industrials,Engineering & Construction,,SGD,Return on Asset %,,-,-,-,-,-,7.73,11.14,8.96,9.44,8.46,,
53W,XSES,Attika Group Ltd,Industrials,Engineering & Construction,,SGD,Return on Equity %,,-,-,-,-,-,92.87,94.94,69.63,43.14,29.28,,
53W,XSES,Attika Group Ltd,Industrials,Engineering & Construction,,SGD,Return on Invested Capital %,,-,-,-,-,-,14.40,20.09,17.20,16.12,14.73,,
53W,XSES,Attika Group Ltd,Industrials,Engineering & Construction,,SGD,Days Sales Outstanding,,-,-,-,-,-,22.89,34.18,33.73,31.17,76.05,,
53W,XSES,Attika Group Ltd,Industrials,Engineering & Construction,,SGD,Days Inventory,,-,-,-,-,-,-,-,-,-,-,,
53W,XSES,Attika Group Ltd,Industrials,Engineering & Construction,,SGD,Payables Period,,-,-,-,-,-,51.33,69.16,89.31,44.49,77.36,,
53W,XSES,Attika Group Ltd,Industrials,Engineering & Construction,,SGD,Cash Conversion Cycle,,-,-,-,-,-,-,-,-,-,-,,
53W,XSES,Attika Group Ltd,Industrials,Engineering & Construction,,SGD,Recieveables Turnover,,-,-,-,-,-,15.95,10.68,10.82,11.71,4.80,,
53W,XSES,Attika Group Ltd,Industrials,Engineering & Construction,,SGD,Inventory Turnover,,-,-,-,-,-,-,-,-,-,-,,
53W,XSES,Attika Group Ltd,Industrials,Engineering & Construction,,SGD,Fixed Assets Turnover,,-,-,-,-,-,10.95,12.10,3.94,4.80,3.40,,
53W,XSES,Attika Group Ltd,Industrials,Engineering & Construction,,SGD,Asset Turnover,,-,-,-,-,-,1.39,1.34,1.25,1.86,0.95,,
540,XSES,Tung Lok Restaurants(2000) Ltd,Consumer Cyclical,Restaurants,,SGD,Return on Asset %,,1.65,1.22,-4.25,-2.23,-6.92,2.36,-4.47,9.34,3.95,-3.27,,
540,XSES,Tung Lok Restaurants(2000) Ltd,Consumer Cyclical,Restaurants,,SGD,Return on Equity %,,3.73,2.48,-8.46,-4.49,-18.62,7.71,-14.6,30.49,12.88,-12.07,,
540,XSES,Tung Lok Restaurants(2000) Ltd,Consumer Cyclical,Restaurants,,SGD,Return on Invested Capital %,,3.66,2.64,-6.72,-3.24,-8.11,4.33,-4.26,12.97,6.26,-2.84,,
540,XSES,Tung Lok Restaurants(2000) Ltd,Consumer Cyclical,Restaurants,,SGD,Days Sales Outstanding,,6.69,5.75,7.69,10.4,9.01,10.19,12.18,8.3,11.86,14.91,,
540,XSES,Tung Lok Restaurants(2000) Ltd,Consumer Cyclical,Restaurants,,SGD,Days Inventory,,35.18,31.5,27.92,29.46,28.87,35.27,39.84,28.37,30.25,34.92,,
540,XSES,Tung Lok Restaurants(2000) Ltd,Consumer Cyclical,Restaurants,,SGD,Payables Period,,53.32,48.23,49.17,46.39,41.89,53.18,58.03,41.92,42.65,46.4,,
540,XSES,Tung Lok Restaurants(2000) Ltd,Consumer Cyclical,Restaurants,,SGD,Cash Conversion Cycle,,-11.45,-10.97,-13.55,-6.53,-4.02,-7.72,-6.0,-5.25,-0.54,3.43,,
540,XSES,Tung Lok Restaurants(2000) Ltd,Consumer Cyclical,Restaurants,,SGD,Recieveables Turnover,,54.59,63.46,47.45,35.09,40.51,35.82,29.96,43.96,30.78,24.49,,
540,XSES,Tung Lok Restaurants(2000) Ltd,Consumer Cyclical,Restaurants,,SGD,Inventory Turnover,,10.38,11.59,13.07,12.39,12.64,10.35,9.16,12.87,12.07,10.45,,
540,XSES,Tung Lok Restaurants(2000) Ltd,Consumer Cyclical,Restaurants,,SGD,Fixed Assets Turnover,,6.62,7.71,10.0,10.96,4.9,2.72,2.53,3.83,3.44,2.78,,
540,XSES,Tung Lok Restaurants(2000) Ltd,Consumer Cyclical,Restaurants,,SGD,Asset Turnover,,2.33,2.45,2.6,2.6,2.1,1.41,1.27,1.92,1.74,1.51,,
541,XSES,Abundance International Ltd,Basic Materials,Chemicals,,SGD,Return on Asset %,,-1.59,-1.25,-1.2,-4.08,-3.56,5.99,1.87,-0.42,0.38,-12.52,,
541,XSES,Abundance International Ltd,Basic Materials,Chemicals,,SGD,Return on Equity %,,-3.41,-3.16,-3.3,-12.58,-13.91,17.25,3.79,-0.81,0.75,-27.52,,
541,XSES,Abundance International Ltd,Basic Materials,Chemicals,,SGD,Return on Invested Capital %,,-3.12,0.56,0.38,-4.53,-4.34,13.11,3.86,-0.01,1.57,-24.38,,
541,XSES,Abundance International Ltd,Basic Materials,Chemicals,,SGD,Days Sales Outstanding,,12.29,12.28,17.66,14.04,20.33,11.79,8.04,4.89,6.35,16.99,,
541,XSES,Abundance International Ltd,Basic Materials,Chemicals,,SGD,Days Inventory,,31.05,6.35,9.85,15.86,15.39,7.81,7.91,7.13,6.74,5.75,,
541,XSES,Abundance International Ltd,Basic Materials,Chemicals,,SGD,Payables Period,,19.64,14.55,21.25,23.37,30.13,14.91,12.25,11.08,11.24,19.34,,
541,XSES,Abundance International Ltd,Basic Materials,Chemicals,,SGD,Cash Conversion Cycle,,23.7,4.08,6.27,6.54,5.59,4.69,3.7,0.94,1.86,3.4,,
541,XSES,Abundance International Ltd,Basic Materials,Chemicals,,SGD,Recieveables Turnover,,29.71,29.73,20.66,26.0,17.96,30.96,45.39,74.64,57.46,21.49,,
541,XSES,Abundance International Ltd,Basic Materials,Chemicals,,SGD,Inventory Turnover,,11.75,57.52,37.05,23.01,23.71,46.72,46.15,51.19,54.15,63.49,,
541,XSES,Abundance International Ltd,Basic Materials,Chemicals,,SGD,Fixed Assets Turnover,,5232.43,75.23,29.94,24.05,26.17,47.93,37.16,38.77,46.23,30.99,,
541,XSES,Abundance International Ltd,Basic Materials,Chemicals,,SGD,Asset Turnover,,3.27,9.63,6.7,5.92,5.58,8.86,7.46,8.78,10.12,6.74,,
543,XSES,Noel Gifts International Ltd,Consumer Cyclical,Specialty Retail,,SGD,Return on Asset %,,4.03,3.77,8.33,-1.33,3.43,3.96,7.93,0.65,31.68,0.44,,
543,XSES,Noel Gifts International Ltd,Consumer Cyclical,Specialty Retail,,SGD,Return on Equity %,,4.56,4.19,9.21,-1.47,3.83,4.51,8.89,0.71,35.97,0.69,,
543,XSES,Noel Gifts International Ltd,Consumer Cyclical,Specialty Retail,,SGD,Return on Invested Capital %,,4.31,3.85,8.92,-1.88,3.51,4.2,8.4,0.06,33.79,-0.9,,
543,XSES,Noel Gifts International Ltd,Consumer Cyclical,Specialty Retail,,SGD,Days Sales Outstanding,,13.64,18.67,15.12,18.47,19.64,19.17,16.71,19.35,19.61,28.3,,
543,XSES,Noel Gifts International Ltd,Consumer Cyclical,Specialty Retail,,SGD,Days Inventory,,78.44,82.76,60.45,66.63,70.23,67.52,51.87,64.09,74.92,1002.49,,
543,XSES,Noel Gifts International Ltd,Consumer Cyclical,Specialty Retail,,SGD,Payables Period,,17.81,17.81,14.29,19.19,18.09,15.62,14.13,15.77,13.31,7.96,,
543,XSES,Noel Gifts International Ltd,Consumer Cyclical,Specialty Retail,,SGD,Cash Conversion Cycle,,74.27,83.62,61.27,65.91,71.78,71.07,54.45,67.67,81.23,1022.83,,
543,XSES,Noel Gifts International Ltd,Consumer Cyclical,Specialty Retail,,SGD,Recieveables Turnover,,26.76,19.55,24.14,19.76,18.58,19.04,21.84,18.86,18.61,12.9,,
543,XSES,Noel Gifts International Ltd,Consumer Cyclical,Specialty Retail,,SGD,Inventory Turnover,,4.65,4.41,6.04,5.48,5.2,5.41,7.04,5.7,4.87,0.36,,
543,XSES,Noel Gifts International Ltd,Consumer Cyclical,Specialty Retail,,SGD,Fixed Assets Turnover,,18.13,13.54,16.79,15.74,9.43,8.05,14.06,17.09,10.63,9.77,,
543,XSES,Noel Gifts International Ltd,Consumer Cyclical,Specialty Retail,,SGD,Asset Turnover,,0.93,0.66,0.73,0.59,0.54,0.51,0.57,0.53,0.39,0.29,,
544,XSES,CSE Global Ltd,Technology,Information Technology Services,,SGD,Return on Asset %,,5.94,-14.5,7.27,7.23,7.02,3.75,1.07,4.13,4.28,5.39,,
544,XSES,CSE Global Ltd,Technology,Information Technology Services,,SGD,Return on Equity %,,8.6,-21.23,11.65,13.84,15.22,7.82,2.36,10.52,11.16,14.11,,
544,XSES,CSE Global Ltd,Technology,Information Technology Services,,SGD,Return on Invested Capital %,,7.4,-18.81,9.94,10.17,9.96,5.57,2.91,8.67,8.45,9.37,,
544,XSES,CSE Global Ltd,Technology,Information Technology Services,,SGD,Days Sales Outstanding,,104.9,81.67,69.75,69.07,68.5,59.65,56.45,53.43,48.22,45.82,,
544,XSES,CSE Global Ltd,Technology,Information Technology Services,,SGD,Days Inventory,,22.32,19.97,20.9,21.22,24.43,30.35,36.05,42.67,38.11,39.1,,
544,XSES,CSE Global Ltd,Technology,Information Technology Services,,SGD,Payables Period,,30.32,31.64,32.13,33.55,38.47,36.39,41.11,44.77,39.37,45.61,,
544,XSES,CSE Global Ltd,Technology,Information Technology Services,,SGD,Cash Conversion Cycle,,96.9,70.0,58.52,56.74,54.46,53.62,51.39,51.33,46.97,39.31,,
544,XSES,CSE Global Ltd,Technology,Information Technology Services,,SGD,Recieveables Turnover,,3.48,4.47,5.23,5.28,5.33,6.12,6.47,6.83,7.57,7.97,,
544,XSES,CSE Global Ltd,Technology,Information Technology Services,,SGD,Inventory Turnover,,16.35,18.27,17.46,17.2,14.94,12.02,10.12,8.55,9.58,9.33,,
544,XSES,CSE Global Ltd,Technology,Information Technology Services,,SGD,Fixed Assets Turnover,,12.73,13.29,13.41,9.01,6.41,5.56,6.68,8.06,9.89,10.16,,
544,XSES,CSE Global Ltd,Technology,Information Technology Services,,SGD,Asset Turnover,,0.89,1.16,1.36,1.36,1.26,1.17,1.25,1.33,1.4,1.39,,
546,XSES,Medtecs International Corp Ltd,Healthcare,Medical Instruments & Supplies,,SGD,Return on Asset %,,0.95,0.82,0.82,1.01,72.71,7.52,-14.38,-12.08,-14.72,-3.36,,
546,XSES,Medtecs International Corp Ltd,Healthcare,Medical Instruments & Supplies,,SGD,Return on Equity %,,1.7,1.44,1.47,1.85,102.48,9.16,-17.07,-15.1,-19.05,-4.59,,
546,XSES,Medtecs International Corp Ltd,Healthcare,Medical Instruments & Supplies,,SGD,Return on Invested Capital %,,2.1,2.31,2.2,2.59,78.36,8.4,-15.44,-13.29,-16.15,-3.89,,
546,XSES,Medtecs International Corp Ltd,Healthcare,Medical Instruments & Supplies,,SGD,Days Sales Outstanding,,88.05,85.94,80.24,74.27,28.56,116.04,235.92,174.88,103.12,69.14,,
546,XSES,Medtecs International Corp Ltd,Healthcare,Medical Instruments & Supplies,,SGD,Days Inventory,,267.06,241.69,214.4,223.87,73.03,184.67,263.59,288.33,241.47,147.93,,
546,XSES,Medtecs International Corp Ltd,Healthcare,Medical Instruments & Supplies,,SGD,Payables Period,,92.91,45.31,20.31,11.99,5.55,18.9,19.56,15.09,17.14,25.46,,
546,XSES,Medtecs International Corp Ltd,Healthcare,Medical Instruments & Supplies,,SGD,Cash Conversion Cycle,,262.2,282.32,274.33,286.15,96.05,281.81,479.95,448.12,327.44,191.62,,
546,XSES,Medtecs International Corp Ltd,Healthcare,Medical Instruments & Supplies,,SGD,Recieveables Turnover,,4.15,4.25,4.55,4.91,12.78,3.15,1.55,2.09,3.54,5.28,,
546,XSES,Medtecs International Corp Ltd,Healthcare,Medical Instruments & Supplies,,SGD,Inventory Turnover,,1.37,1.51,1.7,1.63,5.0,1.98,1.38,1.27,1.51,2.47,,
546,XSES,Medtecs International Corp Ltd,Healthcare,Medical Instruments & Supplies,,SGD,Fixed Assets Turnover,,2.32,2.59,2.66,2.35,12.89,3.77,1.07,0.93,1.36,1.73,,
546,XSES,Medtecs International Corp Ltd,Healthcare,Medical Instruments & Supplies,,SGD,Asset Turnover,,0.54,0.57,0.61,0.6,2.21,0.63,0.28,0.3,0.36,0.56,,
554,XSES,King Wan Corp Ltd,Industrials,Engineering & Construction,,SGD,Return on Asset %,,-11.38,0.72,-3.83,1.9,0.36,-1.29,0.5,-3.8,9.98,2.89,,
554,XSES,King Wan Corp Ltd,Industrials,Engineering & Construction,,SGD,Return on Equity %,,-20.5,1.32,-6.71,3.41,0.67,-2.59,0.94,-7.3,18.75,4.93,,
554,XSES,King Wan Corp Ltd,Industrials,Engineering & Construction,,SGD,Return on Invested Capital %,,-16.16,1.22,-5.02,2.93,1.08,-1.99,0.7,-5.75,16.04,5.22,,
554,XSES,King Wan Corp Ltd,Industrials,Engineering & Construction,,SGD,Days Sales Outstanding,,40.01,39.09,72.16,60.59,33.1,62.34,42.92,38.74,41.67,40.35,,
554,XSES,King Wan Corp Ltd,Industrials,Engineering & Construction,,SGD,Days Inventory,,5.14,4.27,4.65,4.92,5.53,9.17,6.82,4.85,3.79,3.41,,
554,XSES,King Wan Corp Ltd,Industrials,Engineering & Construction,,SGD,Payables Period,,133.18,116.14,115.63,131.21,168.65,269.33,175.41,160.16,158.25,154.26,,
554,XSES,King Wan Corp Ltd,Industrials,Engineering & Construction,,SGD,Cash Conversion Cycle,,-88.03,-72.78,-38.82,-65.69,-130.03,-197.82,-125.67,-116.57,-112.8,-110.5,,
554,XSES,King Wan Corp Ltd,Industrials,Engineering & Construction,,SGD,Recieveables Turnover,,9.12,9.34,5.06,6.02,11.03,5.86,8.5,9.42,8.76,9.05,,
554,XSES,King Wan Corp Ltd,Industrials,Engineering & Construction,,SGD,Inventory Turnover,,70.97,85.5,78.51,74.14,66.06,39.82,53.54,75.27,96.43,107.01,,
554,XSES,King Wan Corp Ltd,Industrials,Engineering & Construction,,SGD,Fixed Assets Turnover,,20.91,22.18,16.41,17.18,15.86,9.92,17.82,22.21,27.02,29.21,,
554,XSES,King Wan Corp Ltd,Industrials,Engineering & Construction,,SGD,Asset Turnover,,0.64,0.66,0.58,0.64,0.62,0.4,0.63,0.73,0.77,0.73,,
558,XSES,,,,,SGD,Return on Asset %,,10.81,22.17,16.13,11.94,12.22,14.23,21.2,12.28,8.15,8.02,,
558,XSES,,,,,SGD,Return on Equity %,,11.77,25.72,19.42,14.22,14.75,20.03,31.7,17.13,10.44,9.82,,
558,XSES,,,,,SGD,Return on Invested Capital %,,11.69,24.21,17.7,13.26,13.69,17.8,28.0,15.45,9.56,9.5,,
558,XSES,,,,,SGD,Days Sales Outstanding,,49.27,41.57,44.11,41.39,42.9,49.05,50.22,64.76,85.4,64.34,,
558,XSES,,,,,SGD,Days Inventory,,263.69,201.83,430.34,359.18,250.96,200.89,193.39,270.05,338.66,415.68,,
558,XSES,,,,,SGD,Payables Period,,57.01,45.12,41.5,37.45,42.4,50.65,55.8,63.6,59.94,61.18,,
558,XSES,,,,,SGD,Cash Conversion Cycle,,255.95,198.28,432.95,363.12,251.46,199.29,187.82,271.21,364.13,418.83,,
558,XSES,,,,,SGD,Recieveables Turnover,,7.41,8.78,8.27,8.82,8.51,7.44,7.27,5.64,4.27,5.67,,
558,XSES,,,,,SGD,Inventory Turnover,,1.38,1.81,0.85,1.02,1.45,1.82,1.89,1.35,1.08,0.88,,
558,XSES,,,,,SGD,Fixed Assets Turnover,,3.13,4.61,2.77,2.4,2.8,2.88,2.72,1.94,1.43,1.32,,
558,XSES,,,,,SGD,Asset Turnover,,0.5,0.69,0.48,0.47,0.55,0.73,0.8,0.61,0.48,0.48,,
566,XSES,SHS Holdings Ltd,Industrials,Metal Fabrication,,SGD,Return on Asset %,23.07,4.76,-7.26,-4.56,-9.61,-7.75,-1.24,2.95,1.42,1.77,,,
566,XSES,SHS Holdings Ltd,Industrials,Metal Fabrication,,SGD,Return on Equity %,31.23,5.4,-8.66,-5.7,-12.71,-12.61,-1.97,3.75,1.87,2.32,,,
566,XSES,SHS Holdings Ltd,Industrials,Metal Fabrication,,SGD,Return on Invested Capital %,26.38,5.25,-7.98,-4.9,-10.65,-10.21,-1.04,3.64,2.14,1.93,,,
566,XSES,SHS Holdings Ltd,Industrials,Metal Fabrication,,SGD,Days Sales Outstanding,189.28,82.92,106.64,80.63,188.74,140.38,77.62,67.03,92.18,96.54,,,
566,XSES,SHS Holdings Ltd,Industrials,Metal Fabrication,,SGD,Days Inventory,136.83,63.1,165.78,144.72,188.11,99.15,59.41,43.54,52.19,59.56,,,
566,XSES,SHS Holdings Ltd,Industrials,Metal Fabrication,,SGD,Payables Period,111.99,70.16,90.59,57.76,80.16,53.84,46.13,32.78,31.92,39.61,,,
566,XSES,SHS Holdings Ltd,Industrials,Metal Fabrication,,SGD,Cash Conversion Cycle,214.12,75.86,181.82,167.59,296.68,185.7,90.9,77.79,112.45,116.48,,,
566,XSES,SHS Holdings Ltd,Industrials,Metal Fabrication,,SGD,Recieveables Turnover,1.93,4.4,3.42,4.53,1.93,2.6,4.7,5.45,3.96,3.78,,,
566,XSES,SHS Holdings Ltd,Industrials,Metal Fabrication,,SGD,Inventory Turnover,2.67,5.78,2.2,2.52,1.94,3.68,6.14,8.38,6.99,6.13,,,
566,XSES,SHS Holdings Ltd,Industrials,Metal Fabrication,,SGD,Fixed Assets Turnover,1.88,1.61,0.64,0.56,0.36,0.67,1.11,1.92,1.91,2.02,,,
566,XSES,SHS Holdings Ltd,Industrials,Metal Fabrication,,SGD,Asset Turnover,0.25,0.23,0.15,0.19,0.11,0.14,0.25,0.51,0.47,0.46,,,
569,XSES,Vicplas International Ltd,Healthcare,Medical Devices,,SGD,Return on Asset %,,7.49,4.49,4.13,5.45,5.74,10.26,7.31,3.4,-1.09,-1.75,,
569,XSES,Vicplas International Ltd,Healthcare,Medical Devices,,SGD,Return on Equity %,,9.42,5.51,5.09,7.15,8.15,15.6,11.79,5.4,-1.78,-3.23,,
569,XSES,Vicplas International Ltd,Healthcare,Medical Devices,,SGD,Return on Invested Capital %,,9.14,5.42,5.07,6.92,7.44,13.01,9.65,5.05,-0.48,-0.83,,
569,XSES,Vicplas International Ltd,Healthcare,Medical Devices,,SGD,Days Sales Outstanding,,79.61,97.07,97.61,96.63,91.61,78.13,86.05,82.57,89.6,87.69,,
569,XSES,Vicplas International Ltd,Healthcare,Medical Devices,,SGD,Days Inventory,,83.04,84.88,105.87,108.17,109.65,107.58,117.3,124.45,136.64,121.59,,
569,XSES,Vicplas International Ltd,Healthcare,Medical Devices,,SGD,Payables Period,,38.0,36.49,42.94,43.36,41.85,47.05,55.49,58.81,81.5,77.33,,
569,XSES,Vicplas International Ltd,Healthcare,Medical Devices,,SGD,Cash Conversion Cycle,,124.65,145.46,160.54,161.44,159.41,138.66,147.87,148.21,144.74,131.95,,
569,XSES,Vicplas International Ltd,Healthcare,Medical Devices,,SGD,Recieveables Turnover,,4.59,3.76,3.74,3.78,3.98,4.67,4.24,4.42,4.07,4.16,,
569,XSES,Vicplas International Ltd,Healthcare,Medical Devices,,SGD,Inventory Turnover,,4.4,4.3,3.45,3.37,3.33,3.39,3.11,2.93,2.67,3.0,,
569,XSES,Vicplas International Ltd,Healthcare,Medical Devices,,SGD,Fixed Assets Turnover,,4.08,3.55,3.65,3.64,2.9,2.92,2.9,2.7,1.92,1.91,,
569,XSES,Vicplas International Ltd,Healthcare,Medical Devices,,SGD,Asset Turnover,,1.06,0.89,0.96,1.03,1.02,1.12,1.08,1.04,0.82,0.86,,
570,XSES,Abundante Ltd,Industrials,Rental & Leasing Services,,SGD,Return on Asset %,,16.0,5.76,-16.22,-26.45,-10.83,-10.31,15.51,4.32,5.96,1.21,,
570,XSES,Abundante Ltd,Industrials,Rental & Leasing Services,,SGD,Return on Equity %,,23.74,7.97,-21.92,-35.85,-13.41,-12.31,17.69,4.75,6.41,1.28,,
570,XSES,Abundante Ltd,Industrials,Rental & Leasing Services,,SGD,Return on Invested Capital %,,22.04,7.69,-21.44,-35.4,-13.57,-12.49,17.65,3.94,4.55,-0.06,,
570,XSES,Abundante Ltd,Industrials,Rental & Leasing Services,,SGD,Days Sales Outstanding,,88.92,114.05,115.81,167.91,119.81,170.85,92.08,96.88,93.04,114.48,,
570,XSES,Abundante Ltd,Industrials,Rental & Leasing Services,,SGD,Days Inventory,,16.37,20.3,21.42,30.97,30.04,44.45,41.21,30.24,27.79,25.74,,
570,XSES,Abundante Ltd,Industrials,Rental & Leasing Services,,SGD,Payables Period,,70.8,105.13,79.63,95.65,56.07,45.25,33.87,29.24,28.12,24.23,,
570,XSES,Abundante Ltd,Industrials,Rental & Leasing Services,,SGD,Cash Conversion Cycle,,34.5,29.22,57.6,103.23,93.78,170.04,99.42,97.88,92.7,116.0,,
570,XSES,Abundante Ltd,Industrials,Rental & Leasing Services,,SGD,Recieveables Turnover,,4.1,3.2,3.15,2.17,3.05,2.14,3.96,3.77,3.92,3.19,,
570,XSES,Abundante Ltd,Industrials,Rental & Leasing Services,,SGD,Inventory Turnover,,22.29,17.98,17.04,11.79,12.15,8.21,8.86,12.07,13.13,14.18,,
570,XSES,Abundante Ltd,Industrials,Rental & Leasing Services,,SGD,Fixed Assets Turnover,,1.49,1.05,1.02,0.93,2.05,2.17,3.31,2.82,2.83,1.84,,
570,XSES,Abundante Ltd,Industrials,Rental & Leasing Services,,SGD,Asset Turnover,,0.94,0.66,0.6,0.43,0.6,0.39,0.52,0.41,0.42,0.37,,
575,XSES,Asti Holdings Ltd,Technology,Semiconductor Equipment & Materials,,SGD,Return on Asset %,,0.82,-3.55,22.14,7.06,2.07,-7.73,6.31,-5.72,-28.72,1.72,,
575,XSES,Asti Holdings Ltd,Technology,Semiconductor Equipment & Materials,,SGD,Return on Equity %,,1.66,-7.24,38.1,10.11,2.82,-10.09,8.16,-7.12,-35.5,2.1,,
575,XSES,Asti Holdings Ltd,Technology,Semiconductor Equipment & Materials,,SGD,Return on Invested Capital %,,2.2,-4.04,30.1,9.54,2.76,-9.3,7.3,-5.25,-27.64,1.58,,
575,XSES,Asti Holdings Ltd,Technology,Semiconductor Equipment & Materials,,SGD,Days Sales Outstanding,,78.07,96.84,129.55,72.26,73.47,72.92,65.17,75.18,78.73,77.89,,
575,XSES,Asti Holdings Ltd,Technology,Semiconductor Equipment & Materials,,SGD,Days Inventory,,97.22,112.08,101.08,22.76,26.36,29.73,26.72,30.83,34.83,26.44,,
575,XSES,Asti Holdings Ltd,Technology,Semiconductor Equipment & Materials,,SGD,Payables Period,,99.28,71.41,87.38,65.79,86.37,73.52,25.98,22.71,18.65,15.6,,
575,XSES,Asti Holdings Ltd,Technology,Semiconductor Equipment & Materials,,SGD,Cash Conversion Cycle,,76.02,137.5,143.26,29.23,13.46,29.14,65.92,83.3,94.91,88.74,,
575,XSES,Asti Holdings Ltd,Technology,Semiconductor Equipment & Materials,,SGD,Recieveables Turnover,,4.68,3.77,2.82,5.05,4.97,5.01,5.6,4.85,4.64,4.69,,
575,XSES,Asti Holdings Ltd,Technology,Semiconductor Equipment & Materials,,SGD,Inventory Turnover,,3.75,3.26,3.61,16.04,13.85,12.28,13.66,11.84,10.48,13.8,,
575,XSES,Asti Holdings Ltd,Technology,Semiconductor Equipment & Materials,,SGD,Fixed Assets Turnover,,6.84,5.98,2.65,2.63,2.57,2.42,2.37,1.69,1.49,2.34,,
575,XSES,Asti Holdings Ltd,Technology,Semiconductor Equipment & Materials,,SGD,Asset Turnover,,1.12,1.0,0.58,0.65,0.56,0.58,0.78,0.69,0.56,0.76,,
579,XSES,Oceanus Group Ltd,Consumer Defensive,Food Distribution,,SGD,Return on Asset %,,-30.76,94.81,21.89,-9.4,13.13,6.58,-8.47,-1.07,1.36,-4.32,,
579,XSES,Oceanus Group Ltd,Consumer Defensive,Food Distribution,,SGD,Return on Equity %,,-,-,39.11,-16.36,30.77,26.83,-33.74,-3.6,4.43,-15.04,,
579,XSES,Oceanus Group Ltd,Consumer Defensive,Food Distribution,,SGD,Return on Invested Capital %,,-,-,37.93,-16.78,21.26,17.37,-11.31,1.77,4.77,-1.6,,
579,XSES,Oceanus Group Ltd,Consumer Defensive,Food Distribution,,SGD,Days Sales Outstanding,,1.55,0.10,19.0,28.46,34.22,73.97,92.42,94.76,131.46,143.84,,
579,XSES,Oceanus Group Ltd,Consumer Defensive,Food Distribution,,SGD,Days Inventory,,9.08,2.46,34.19,29.96,33.66,73.05,62.46,31.89,27.33,43.98,,
579,XSES,Oceanus Group Ltd,Consumer Defensive,Food Distribution,,SGD,Payables Period,,671.38,192.47,333.05,397.8,57.87,52.16,25.54,8.48,11.32,11.53,,
579,XSES,Oceanus Group Ltd,Consumer Defensive,Food Distribution,,SGD,Cash Conversion Cycle,,-660.75,-189.91,-279.86,-339.38,10.01,94.87,129.34,118.18,147.47,176.29,,
579,XSES,Oceanus Group Ltd,Consumer Defensive,Food Distribution,,SGD,Recieveables Turnover,,234.82,3707.40,19.21,12.82,10.67,4.93,3.95,3.85,2.78,2.54,,
579,XSES,Oceanus Group Ltd,Consumer Defensive,Food Distribution,,SGD,Inventory Turnover,,40.22,148.54,10.68,12.18,10.84,5.0,5.84,11.44,13.36,8.3,,
579,XSES,Oceanus Group Ltd,Consumer Defensive,Food Distribution,,SGD,Fixed Assets Turnover,,0.06,0.17,0.21,0.46,9.33,107.85,43.19,45.39,57.18,92.88,,
579,XSES,Oceanus Group Ltd,Consumer Defensive,Food Distribution,,SGD,Asset Turnover,,0.05,0.10,0.09,0.22,1.66,1.31,1.51,1.96,1.62,1.57,,
580,XSES,Santak Holdings Ltd,Technology,Electronic Components,,SGD,Return on Asset %,,-22.51,1.66,-6.49,-6.67,-3.62,-7.3,-5.64,-12.61,-20.55,-22.49,,
580,XSES,Santak Holdings Ltd,Technology,Electronic Components,,SGD,Return on Equity %,,-65.59,3.62,-7.91,-7.73,-4.24,-8.63,-6.71,-15.19,-24.54,-27.86,,
580,XSES,Santak Holdings Ltd,Technology,Electronic Components,,SGD,Return on Invested Capital %,,-29.8,3.91,-7.75,-7.64,-3.99,-8.18,-6.55,-15.44,-25.03,-27.14,,
580,XSES,Santak Holdings Ltd,Technology,Electronic Components,,SGD,Days Sales Outstanding,,198.81,76.17,98.03,79.61,65.29,68.64,77.35,102.46,77.28,67.02,,
580,XSES,Santak Holdings Ltd,Technology,Electronic Components,,SGD,Days Inventory,,111.88,26.77,54.29,60.01,57.2,47.48,49.09,69.54,49.48,22.35,,
580,XSES,Santak Holdings Ltd,Technology,Electronic Components,,SGD,Payables Period,,116.01,26.18,60.33,44.25,40.3,39.57,48.68,61.14,38.87,38.45,,
580,XSES,Santak Holdings Ltd,Technology,Electronic Components,,SGD,Cash Conversion Cycle,,194.68,76.77,92.0,95.36,82.19,76.55,77.76,110.86,87.9,50.92,,
580,XSES,Santak Holdings Ltd,Technology,Electronic Components,,SGD,Recieveables Turnover,,1.84,4.79,3.72,4.59,5.59,5.32,4.72,3.56,4.72,5.45,,
580,XSES,Santak Holdings Ltd,Technology,Electronic Components,,SGD,Inventory Turnover,,3.26,13.63,6.72,6.08,6.38,7.69,7.44,5.25,7.38,16.33,,
580,XSES,Santak Holdings Ltd,Technology,Electronic Components,,SGD,Fixed Assets Turnover,,2.21,2.2,2.11,5.97,2.86,2.42,2.55,2.0,2.03,1.85,,
580,XSES,Santak Holdings Ltd,Technology,Electronic Components,,SGD,Asset Turnover,,0.49,0.56,0.52,0.59,0.58,0.58,0.65,0.53,0.62,0.69,,
581,XSES,Sunrise Shares Holdings Ltd,Real Estate,Real Estate Services,,SGD,Return on Asset %,,-4.19,-0.39,-36.16,-16.99,2.68,1.09,-35.25,-42.24,-35.51,-,,
581,XSES,Sunrise Shares Holdings Ltd,Real Estate,Real Estate Services,,SGD,Return on Equity %,,-5.52,-0.52,-57.73,-27.42,3.09,1.22,-39.48,-48.05,-48.18,-,,
581,XSES,Sunrise Shares Holdings Ltd,Real Estate,Real Estate Services,,SGD,Return on Invested Capital %,,-5.68,-0.96,-54.96,-27.44,-1.55,-6.19,-39.85,-48.55,-45.86,-,,
581,XSES,Sunrise Shares Holdings Ltd,Real Estate,Real Estate Services,,SGD,Days Sales Outstanding,,106.16,101.36,202.58,75.08,182.25,321.57,-,15.96,3.09,-,,
581,XSES,Sunrise Shares Holdings Ltd,Real Estate,Real Estate Services,,SGD,Days Inventory,,91.39,86.86,-,-,-,-,-,-,13.02,-,,
581,XSES,Sunrise Shares Holdings Ltd,Real Estate,Real Estate Services,,SGD,Payables Period,,64.11,54.51,-,-,-,-,-,-,76.32,-,,
581,XSES,Sunrise Shares Holdings Ltd,Real Estate,Real Estate Services,,SGD,Cash Conversion Cycle,,133.43,133.71,-,-,-,-,-,-,-60.22,-,,
581,XSES,Sunrise Shares Holdings Ltd,Real Estate,Real Estate Services,,SGD,Recieveables Turnover,,3.44,3.6,1.80,4.86,2.00,1.14,-,22.87,118.31,-,,
581,XSES,Sunrise Shares Holdings Ltd,Real Estate,Real Estate Services,,SGD,Inventory Turnover,,3.99,4.2,-,-,-,-,-,-,28.03,-,,
581,XSES,Sunrise Shares Holdings Ltd,Real Estate,Real Estate Services,,SGD,Fixed Assets Turnover,,79.0,69.2,38.40,-,41.85,27.38,54.86,2.72,5.82,-,,
581,XSES,Sunrise Shares Holdings Ltd,Real Estate,Real Estate Services,,SGD,Asset Turnover,,1.36,1.4,0.46,0.20,0.21,0.09,0.08,0.10,0.77,-,,
583,XSES,Progen Holdings Ltd,Industrials,Building Products & Equipment,,SGD,Return on Asset %,,-3.8,-12.18,-6.75,-6.03,-7.94,-7.77,4.82,-3.26,-2.22,-2.19,,
583,XSES,Progen Holdings Ltd,Industrials,Building Products & Equipment,,SGD,Return on Equity %,,-4.32,-14.1,-7.7,-6.92,-9.77,-9.83,6.19,-4.13,-2.77,-2.74,,
583,XSES,Progen Holdings Ltd,Industrials,Building Products & Equipment,,SGD,Return on Invested Capital %,,-4.63,-13.19,-7.78,-7.07,-9.3,-8.93,5.05,-4.57,-3.4,-3.03,,
583,XSES,Progen Holdings Ltd,Industrials,Building Products & Equipment,,SGD,Days Sales Outstanding,,44.77,96.52,71.04,46.71,184.38,79.5,61.58,82.97,67.29,77.66,,
583,XSES,Progen Holdings Ltd,Industrials,Building Products & Equipment,,SGD,Days Inventory,,13.07,29.04,61.71,10.54,52.98,39.14,22.34,26.31,17.33,22.68,,
583,XSES,Progen Holdings Ltd,Industrials,Building Products & Equipment,,SGD,Payables Period,,63.71,122.69,107.98,54.5,270.57,135.35,89.49,93.96,58.62,73.49,,
583,XSES,Progen Holdings Ltd,Industrials,Building Products & Equipment,,SGD,Cash Conversion Cycle,,-5.86,2.87,24.76,2.76,-33.21,-16.7,-5.57,15.31,26.0,26.85,,
583,XSES,Progen Holdings Ltd,Industrials,Building Products & Equipment,,SGD,Recieveables Turnover,,8.15,3.78,5.14,7.81,1.98,4.59,5.93,4.4,5.42,4.7,,
583,XSES,Progen Holdings Ltd,Industrials,Building Products & Equipment,,SGD,Inventory Turnover,,27.92,12.57,5.92,34.62,6.89,9.32,16.34,13.87,21.06,16.1,,
583,XSES,Progen Holdings Ltd,Industrials,Building Products & Equipment,,SGD,Fixed Assets Turnover,,52.73,8.28,3.77,6.61,1.35,1.85,2.47,0.39,0.29,0.26,,
583,XSES,Progen Holdings Ltd,Industrials,Building Products & Equipment,,SGD,Asset Turnover,,0.24,0.08,0.06,0.25,0.08,0.11,0.15,0.13,0.18,0.16,,
584,XSES,AJJ Medtech Holdings Ltd,Healthcare,Medical Devices,,SGD,Return on Asset %,,-28.46,-3.05,-6.00,-8.02,-21.43,-19.02,-80.04,-77.77,-105.23,-78.70,,
584,XSES,AJJ Medtech Holdings Ltd,Healthcare,Medical Devices,,SGD,Return on Equity %,,-60.89,-6.00,-7.65,-15.91,-43.59,-26.95,-127.8,-,-,-,,
584,XSES,AJJ Medtech Holdings Ltd,Healthcare,Medical Devices,,SGD,Return on Invested Capital %,,-56.29,-4.92,-6.28,-5.78,-23.43,-21.74,-87.98,-,-,-,,
584,XSES,AJJ Medtech Holdings Ltd,Healthcare,Medical Devices,,SGD,Days Sales Outstanding,,22.12,0.78,-,-,18.97,101.26,50.13,65.20,83.43,71.18,,
584,XSES,AJJ Medtech Holdings Ltd,Healthcare,Medical Devices,,SGD,Days Inventory,,-,-,-,-,-,1243.28,527.7,298.65,231.38,202.59,,
584,XSES,AJJ Medtech Holdings Ltd,Healthcare,Medical Devices,,SGD,Payables Period,,-,-,-,-,-,486.67,21.03,85.67,120.37,94.91,,
584,XSES,AJJ Medtech Holdings Ltd,Healthcare,Medical Devices,,SGD,Cash Conversion Cycle,,-,-,-,-,-,857.88,556.8,278.19,194.45,178.85,,
584,XSES,AJJ Medtech Holdings Ltd,Healthcare,Medical Devices,,SGD,Recieveables Turnover,,16.50,465.00,-,-,19.24,3.6,7.28,5.60,4.37,5.13,,
584,XSES,AJJ Medtech Holdings Ltd,Healthcare,Medical Devices,,SGD,Inventory Turnover,,-,-,-,-,-,0.29,0.69,1.22,1.58,1.80,,
584,XSES,AJJ Medtech Holdings Ltd,Healthcare,Medical Devices,,SGD,Fixed Assets Turnover,,0.14,0.14,0.09,0.02,0.08,0.19,0.41,1.23,1.77,2.37,,
584,XSES,AJJ Medtech Holdings Ltd,Healthcare,Medical Devices,,SGD,Asset Turnover,,0.05,0.07,0.09,0.02,0.05,0.04,0.15,0.50,0.63,0.86,,
585,XSES,Asian Micro Holdings Ltd,Energy,Oil & Gas Midstream,,SGD,Return on Asset %,,-0.97,-14.08,-15.37,-6.42,0.56,-15.43,-4.33,-23.29,-21.91,-8.41,,
585,XSES,Asian Micro Holdings Ltd,Energy,Oil & Gas Midstream,,SGD,Return on Equity %,,-1.27,-21.84,-35.87,-14.27,1.24,-30.92,-7.72,-44.38,-50.81,-29.35,,
585,XSES,Asian Micro Holdings Ltd,Energy,Oil & Gas Midstream,,SGD,Return on Invested Capital %,,-1.09,-20.95,-27.24,-10.58,1.17,-26.8,-6.97,-40.79,-45.31,-23.66,,
585,XSES,Asian Micro Holdings Ltd,Energy,Oil & Gas Midstream,,SGD,Days Sales Outstanding,,66.62,62.51,53.53,59.58,61.05,70.61,63.91,75.89,54.29,44.15,,
585,XSES,Asian Micro Holdings Ltd,Energy,Oil & Gas Midstream,,SGD,Days Inventory,,35.22,9.2,97.75,191.09,227.58,226.1,179.48,246.59,170.49,189.34,,
585,XSES,Asian Micro Holdings Ltd,Energy,Oil & Gas Midstream,,SGD,Payables Period,,104.73,100.45,80.8,78.09,75.23,83.05,80.45,84.69,73.3,112.14,,
585,XSES,Asian Micro Holdings Ltd,Energy,Oil & Gas Midstream,,SGD,Cash Conversion Cycle,,-2.89,-28.74,70.47,172.58,213.4,213.66,162.94,237.79,151.48,121.35,,
585,XSES,Asian Micro Holdings Ltd,Energy,Oil & Gas Midstream,,SGD,Recieveables Turnover,,5.48,5.84,6.82,6.13,5.98,5.17,5.71,4.81,6.72,8.27,,
585,XSES,Asian Micro Holdings Ltd,Energy,Oil & Gas Midstream,,SGD,Inventory Turnover,,10.36,39.66,3.73,1.91,1.6,1.61,2.03,1.48,2.14,1.93,,
585,XSES,Asian Micro Holdings Ltd,Energy,Oil & Gas Midstream,,SGD,Fixed Assets Turnover,,10.12,13.86,25.69,36.0,26.48,17.96,27.67,33.56,88.86,210.44,,
585,XSES,Asian Micro Holdings Ltd,Energy,Oil & Gas Midstream,,SGD,Asset Turnover,,1.24,1.08,1.16,1.18,1.07,0.98,1.19,0.91,1.42,1.54,,
594,XSES,CapAllianz Holdings Ltd Ordinary Shares,Energy,Oil & Gas E&P,,SGD,Return on Asset %,,-14.68,11.47,-1.24,-1.35,-2.3,-5.15,19.52,-2.17,-0.74,-6.86,,
594,XSES,CapAllianz Holdings Ltd Ordinary Shares,Energy,Oil & Gas E&P,,SGD,Return on Equity %,,-54.08,33.62,-2.49,-2.73,-5.12,-14.09,52.42,-4.55,-1.58,-15.34,,
594,XSES,CapAllianz Holdings Ltd Ordinary Shares,Energy,Oil & Gas E&P,,SGD,Return on Invested Capital %,,-30.89,24.24,-0.55,-0.83,-2.66,-8.54,40.24,-3.44,-0.99,-13.17,,
594,XSES,CapAllianz Holdings Ltd Ordinary Shares,Energy,Oil & Gas E&P,,SGD,Days Sales Outstanding,,54.45,29.42,34.29,42.76,57.09,35.17,31.11,29.78,78.01,83.69,,
594,XSES,CapAllianz Holdings Ltd Ordinary Shares,Energy,Oil & Gas E&P,,SGD,Days Inventory,,182.1,192.41,254.58,246.73,320.68,437.32,394.53,266.44,266.56,191.82,,
594,XSES,CapAllianz Holdings Ltd Ordinary Shares,Energy,Oil & Gas E&P,,SGD,Payables Period,,1063.8,950.95,421.57,25.27,270.14,357.23,8.17,5.41,6.18,4.84,,
594,XSES,CapAllianz Holdings Ltd Ordinary Shares,Energy,Oil & Gas E&P,,SGD,Cash Conversion Cycle,,-827.24,-729.12,-132.7,264.22,107.63,115.26,417.47,290.82,338.39,270.67,,
594,XSES,CapAllianz Holdings Ltd Ordinary Shares,Energy,Oil & Gas E&P,,SGD,Recieveables Turnover,,6.7,12.41,10.64,8.54,6.39,10.38,11.73,12.26,4.68,4.36,,
594,XSES,CapAllianz Holdings Ltd Ordinary Shares,Energy,Oil & Gas E&P,,SGD,Inventory Turnover,,2.0,1.9,1.43,1.48,1.14,0.83,0.93,1.37,1.37,1.9,,
594,XSES,CapAllianz Holdings Ltd Ordinary Shares,Energy,Oil & Gas E&P,,SGD,Fixed Assets Turnover,,0.12,0.11,0.08,0.07,0.03,0.03,0.04,0.05,0.06,0.05,,
594,XSES,CapAllianz Holdings Ltd Ordinary Shares,Energy,Oil & Gas E&P,,SGD,Asset Turnover,,0.08,0.08,0.05,0.05,0.02,0.02,0.04,0.04,0.05,0.05,,
595,XSES,GKE Corp Ltd,Industrials,Integrated Freight & Logistics,,SGD,Return on Asset %,,3.54,-1.39,-5.64,-1.07,2.56,5.64,2.21,1.89,2.23,4.79,,
595,XSES,GKE Corp Ltd,Industrials,Integrated Freight & Logistics,,SGD,Return on Equity %,,7.01,-2.7,-12.31,-2.54,6.45,13.96,5.24,4.26,4.61,9.1,,
595,XSES,GKE Corp Ltd,Industrials,Integrated Freight & Logistics,,SGD,Return on Invested Capital %,,5.15,-0.91,-7.03,0.11,4.81,7.78,3.88,3.5,3.63,6.65,,
595,XSES,GKE Corp Ltd,Industrials,Integrated Freight & Logistics,,SGD,Days Sales Outstanding,,62.4,62.62,70.28,84.31,95.68,110.32,136.03,119.15,113.09,96.59,,
595,XSES,GKE Corp Ltd,Industrials,Integrated Freight & Logistics,,SGD,Days Inventory,,3.78,2.18,2.25,2.16,1.57,2.08,4.07,7.07,8.93,12.58,,
595,XSES,GKE Corp Ltd,Industrials,Integrated Freight & Logistics,,SGD,Payables Period,,60.97,97.37,74.48,26.75,18.7,32.52,54.59,45.53,42.37,35.31,,
595,XSES,GKE Corp Ltd,Industrials,Integrated Freight & Logistics,,SGD,Cash Conversion Cycle,,5.21,-32.57,-1.95,59.72,78.55,79.88,85.51,80.69,79.65,73.86,,
595,XSES,GKE Corp Ltd,Industrials,Integrated Freight & Logistics,,SGD,Recieveables Turnover,,5.85,5.83,5.19,4.33,3.81,3.31,2.68,3.06,3.23,3.78,,
595,XSES,GKE Corp Ltd,Industrials,Integrated Freight & Logistics,,SGD,Inventory Turnover,,96.64,167.45,162.49,168.88,232.44,175.83,89.64,51.61,40.89,29.02,,
595,XSES,GKE Corp Ltd,Industrials,Integrated Freight & Logistics,,SGD,Fixed Assets Turnover,,0.36,0.56,0.58,0.7,0.87,0.93,0.81,0.84,0.94,1.17,,
595,XSES,GKE Corp Ltd,Industrials,Integrated Freight & Logistics,,SGD,Asset Turnover,,0.23,0.34,0.4,0.49,0.59,0.58,0.49,0.53,0.57,0.69,,
596,XSES,Pavillon Holdings Ltd,Consumer Cyclical,Restaurants,,SGD,Return on Asset %,,1.94,-3.15,-20.48,0.72,-9.84,-50.58,-1.51,-7.27,3.61,-10.85,,
596,XSES,Pavillon Holdings Ltd,Consumer Cyclical,Restaurants,,SGD,Return on Equity %,,2.18,-4.05,-30.3,1.07,-14.15,-80.45,-2.03,-9.01,6.39,-23.51,,
596,XSES,Pavillon Holdings Ltd,Consumer Cyclical,Restaurants,,SGD,Return on Invested Capital %,,1.6,-3.63,-28.76,0.48,-12.45,-65.74,-3.21,-11.19,4.87,-10.3,,
596,XSES,Pavillon Holdings Ltd,Consumer Cyclical,Restaurants,,SGD,Days Sales Outstanding,,253.13,227.78,3.03,1.93,0.75,2.11,2.69,3.03,9.56,13.03,,
596,XSES,Pavillon Holdings Ltd,Consumer Cyclical,Restaurants,,SGD,Days Inventory,,80.02,42.3,37.86,31.82,30.22,21.04,32.12,66.84,104.35,165.41,,
596,XSES,Pavillon Holdings Ltd,Consumer Cyclical,Restaurants,,SGD,Payables Period,,51.03,31.58,19.7,12.64,14.65,18.69,22.47,15.07,14.18,20.65,,
596,XSES,Pavillon Holdings Ltd,Consumer Cyclical,Restaurants,,SGD,Cash Conversion Cycle,,282.11,238.5,21.19,21.11,16.32,4.46,12.33,54.8,99.74,157.79,,
596,XSES,Pavillon Holdings Ltd,Consumer Cyclical,Restaurants,,SGD,Recieveables Turnover,,1.44,1.6,120.32,189.61,484.91,173.37,135.91,120.52,38.16,28.02,,
596,XSES,Pavillon Holdings Ltd,Consumer Cyclical,Restaurants,,SGD,Inventory Turnover,,4.56,8.63,9.64,11.47,12.08,17.35,11.36,5.46,3.5,2.21,,
596,XSES,Pavillon Holdings Ltd,Consumer Cyclical,Restaurants,,SGD,Fixed Assets Turnover,,7.77,10.17,6.36,4.33,2.4,2.75,6.54,6.82,6.88,5.75,,
596,XSES,Pavillon Holdings Ltd,Consumer Cyclical,Restaurants,,SGD,Asset Turnover,,0.34,0.31,0.26,0.28,0.2,0.29,0.36,0.28,0.2,0.15,,
5AB,XSES,Trek 2000 International Ltd,Technology,Communication Equipment,,SGD,Return on Asset %,,7.16,7.23,-6.66,-2.72,-2.65,-2.66,-34.83,8.16,0.99,12.3,,
5AB,XSES,Trek 2000 International Ltd,Technology,Communication Equipment,,SGD,Return on Equity %,,15.57,11.52,-7.96,-3.19,-3.16,-3.12,-41.62,9.86,1.17,15.02,,
5AB,XSES,Trek 2000 International Ltd,Technology,Communication Equipment,,SGD,Return on Invested Capital %,,13.63,9.3,-9.98,-5.11,-4.72,-3.74,-42.07,7.28,-1.25,12.57,,
5AB,XSES,Trek 2000 International Ltd,Technology,Communication Equipment,,SGD,Days Sales Outstanding,,18.92,18.76,17.82,5.61,26.35,34.95,79.66,38.07,15.84,23.15,,
5AB,XSES,Trek 2000 International Ltd,Technology,Communication Equipment,,SGD,Days Inventory,,40.66,21.75,28.05,55.35,39.96,14.34,35.56,64.84,74.49,69.91,,
5AB,XSES,Trek 2000 International Ltd,Technology,Communication Equipment,,SGD,Payables Period,,62.54,39.49,12.4,33.88,39.17,21.0,37.55,42.81,40.49,49.06,,
5AB,XSES,Trek 2000 International Ltd,Technology,Communication Equipment,,SGD,Cash Conversion Cycle,,-2.96,1.01,33.47,27.08,27.14,28.29,77.67,60.1,49.84,44.0,,
5AB,XSES,Trek 2000 International Ltd,Technology,Communication Equipment,,SGD,Recieveables Turnover,,19.29,19.46,20.48,65.04,13.85,10.44,4.58,9.59,23.04,15.76,,
5AB,XSES,Trek 2000 International Ltd,Technology,Communication Equipment,,SGD,Inventory Turnover,,8.98,16.78,13.01,6.6,9.13,25.45,10.26,5.63,4.9,5.22,,
5AB,XSES,Trek 2000 International Ltd,Technology,Communication Equipment,,SGD,Fixed Assets Turnover,,14.24,19.0,21.11,17.9,16.42,24.06,11.32,10.88,12.29,13.44,,
5AB,XSES,Trek 2000 International Ltd,Technology,Communication Equipment,,SGD,Asset Turnover,,1.95,1.56,0.54,0.5,0.53,0.82,0.44,0.51,0.59,0.52,,
5AE,XSES,Pollux Properties Ltd,Real Estate,Real Estate Services,,SGD,Return on Asset %,,1.24,2.1,20.48,1.26,0.59,1.07,1.73,0.52,0.11,0.51,,
5AE,XSES,Pollux Properties Ltd,Real Estate,Real Estate Services,,SGD,Return on Equity %,,3.33,4.95,42.48,2.52,1.16,2.02,3.20,0.95,0.19,0.87,,
5AE,XSES,Pollux Properties Ltd,Real Estate,Real Estate Services,,SGD,Return on Invested Capital %,,1.85,2.71,21.78,2.28,1.56,1.51,2.81,2.15,1.61,1.45,,
5AE,XSES,Pollux Properties Ltd,Real Estate,Real Estate Services,,SGD,Days Sales Outstanding,,47.51,121.75,239.11,90.30,2.20,24.84,18.84,12.27,3.75,3.34,,
5AE,XSES,Pollux Properties Ltd,Real Estate,Real Estate Services,,SGD,Days Inventory,,405.67,469.09,-,-,-,-,-,-,-,-,,
5AE,XSES,Pollux Properties Ltd,Real Estate,Real Estate Services,,SGD,Payables Period,,29.59,48.23,122.29,556.98,408.48,547.08,621.15,20002.64,4219.04,4916.21,,
5AE,XSES,Pollux Properties Ltd,Real Estate,Real Estate Services,,SGD,Cash Conversion Cycle,,423.58,542.6,-,-,-,-,-,-,-,-,,
5AE,XSES,Pollux Properties Ltd,Real Estate,Real Estate Services,,SGD,Recieveables Turnover,,7.68,3.0,1.53,4.04,165.90,14.70,19.38,29.75,97.36,109.23,,
5AE,XSES,Pollux Properties Ltd,Real Estate,Real Estate Services,,SGD,Inventory Turnover,,0.9,0.78,-,-,-,-,-,-,-,-,,
5AE,XSES,Pollux Properties Ltd,Real Estate,Real Estate Services,,SGD,Fixed Assets Turnover,,20.87,16.39,7.18,8.87,62.72,131.37,1.61,0.80,0.77,0.76,,
5AE,XSES,Pollux Properties Ltd,Real Estate,Real Estate Services,,SGD,Asset Turnover,,0.36,0.24,0.06,0.04,0.04,0.02,0.04,0.04,0.04,0.04,,
5AI,XSES,H2G Green Ltd,Consumer Cyclical,"Furnishings, Fixtures & Appliances",,SGD,Return on Asset %,,-23.08,-0.86,-3.51,-7.97,-4.17,-15.45,-12.32,-11.94,-17.61,-10.82,,
5AI,XSES,H2G Green Ltd,Consumer Cyclical,"Furnishings, Fixtures & Appliances",,SGD,Return on Equity %,,-39.92,-2.12,-7.19,-9.63,-5.6,-23.6,-22.55,-25.1,-38.38,-24.05,,
5AI,XSES,H2G Green Ltd,Consumer Cyclical,"Furnishings, Fixtures & Appliances",,SGD,Return on Invested Capital %,,-31.05,-0.7,-5.95,-10.14,-5.24,-17.61,-15.05,-15.17,-24.95,-15.09,,
5AI,XSES,H2G Green Ltd,Consumer Cyclical,"Furnishings, Fixtures & Appliances",,SGD,Days Sales Outstanding,,82.8,97.33,488.84,94.76,35.2,41.14,33.05,27.8,38.71,31.42,,
5AI,XSES,H2G Green Ltd,Consumer Cyclical,"Furnishings, Fixtures & Appliances",,SGD,Days Inventory,,74.9,66.11,369.88,122.79,174.24,315.36,273.81,190.0,260.79,140.55,,
5AI,XSES,H2G Green Ltd,Consumer Cyclical,"Furnishings, Fixtures & Appliances",,SGD,Payables Period,,85.52,118.82,684.75,51.33,63.5,87.79,39.47,38.36,71.04,42.82,,
5AI,XSES,H2G Green Ltd,Consumer Cyclical,"Furnishings, Fixtures & Appliances",,SGD,Cash Conversion Cycle,,72.18,44.62,173.96,166.23,145.94,268.71,267.38,179.44,228.46,129.14,,
5AI,XSES,H2G Green Ltd,Consumer Cyclical,"Furnishings, Fixtures & Appliances",,SGD,Recieveables Turnover,,4.41,3.75,0.75,3.85,10.37,8.87,11.05,13.13,9.43,11.62,,
5AI,XSES,H2G Green Ltd,Consumer Cyclical,"Furnishings, Fixtures & Appliances",,SGD,Inventory Turnover,,4.87,5.52,0.99,2.97,2.09,1.16,1.33,1.92,1.4,2.6,,
5AI,XSES,H2G Green Ltd,Consumer Cyclical,"Furnishings, Fixtures & Appliances",,SGD,Fixed Assets Turnover,,8.36,12.48,3.66,17.85,3.57,0.99,0.92,1.12,0.68,0.9,,
5AI,XSES,H2G Green Ltd,Consumer Cyclical,"Furnishings, Fixtures & Appliances",,SGD,Asset Turnover,,1.31,1.57,0.29,0.58,0.42,0.23,0.32,0.49,0.31,0.44,,
5AU,XSES,AP Oil International Ltd,Energy,Oil & Gas Refining & Marketing,,SGD,Return on Asset %,,5.47,3.8,3.03,3.34,2.83,3.59,1.52,0.76,2.94,2.27,,
5AU,XSES,AP Oil International Ltd,Energy,Oil & Gas Refining & Marketing,,SGD,Return on Equity %,,6.52,4.45,3.56,4.22,3.83,4.75,1.88,0.91,3.55,2.71,,
5AU,XSES,AP Oil International Ltd,Energy,Oil & Gas Refining & Marketing,,SGD,Return on Invested Capital %,,6.4,4.2,2.77,2.89,2.82,4.07,1.56,0.04,2.23,1.75,,
5AU,XSES,AP Oil International Ltd,Energy,Oil & Gas Refining & Marketing,,SGD,Days Sales Outstanding,,58.19,39.99,47.9,51.69,41.43,36.15,34.95,44.89,39.32,40.15,,
5AU,XSES,AP Oil International Ltd,Energy,Oil & Gas Refining & Marketing,,SGD,Days Inventory,,39.49,27.83,25.2,43.06,60.86,67.2,61.65,79.87,64.82,60.61,,
5AU,XSES,AP Oil International Ltd,Energy,Oil & Gas Refining & Marketing,,SGD,Payables Period,,51.67,36.42,39.58,53.12,50.95,39.68,29.6,41.98,33.88,33.26,,
5AU,XSES,AP Oil International Ltd,Energy,Oil & Gas Refining & Marketing,,SGD,Cash Conversion Cycle,,46.01,31.4,33.53,41.64,51.34,63.67,67.0,82.77,70.26,67.5,,
5AU,XSES,AP Oil International Ltd,Energy,Oil & Gas Refining & Marketing,,SGD,Recieveables Turnover,,6.27,9.13,7.62,7.06,8.81,10.1,10.44,8.13,9.28,9.09,,
5AU,XSES,AP Oil International Ltd,Energy,Oil & Gas Refining & Marketing,,SGD,Inventory Turnover,,9.24,13.12,14.48,8.48,6.0,5.43,5.92,4.57,5.63,6.02,,
5AU,XSES,AP Oil International Ltd,Energy,Oil & Gas Refining & Marketing,,SGD,Fixed Assets Turnover,,16.21,17.81,12.75,5.15,3.24,3.05,3.52,2.58,2.85,3.13,,
5AU,XSES,AP Oil International Ltd,Energy,Oil & Gas Refining & Marketing,,SGD,Asset Turnover,,1.24,1.44,1.23,0.89,0.75,0.73,0.85,0.67,0.78,0.82,,
5BI,XSES,Polaris Ltd,Consumer Cyclical,Specialty Retail,,SGD,Return on Asset %,,3.8,3.63,0.48,0.47,-1.54,-1.38,-10.37,-9.22,-20.6,-16.85,,
5BI,XSES,Polaris Ltd,Consumer Cyclical,Specialty Retail,,SGD,Return on Equity %,,8.21,7.33,0.61,0.55,-2.32,-2.86,-30.07,-22.69,-29.24,-21.38,,
5BI,XSES,Polaris Ltd,Consumer Cyclical,Specialty Retail,,SGD,Return on Invested Capital %,,5.89,6.05,0.65,0.71,-2.15,-0.34,-22.62,-16.43,-20.11,-15.06,,
5BI,XSES,Polaris Ltd,Consumer Cyclical,Specialty Retail,,SGD,Days Sales Outstanding,,20.98,20.69,56.27,29.66,72.4,24.1,4.72,22.21,24.6,19.73,,
5BI,XSES,Polaris Ltd,Consumer Cyclical,Specialty Retail,,SGD,Days Inventory,,11.36,7.86,21.7,5.68,22.55,24.8,13.38,25.54,18.98,10.61,,
5BI,XSES,Polaris Ltd,Consumer Cyclical,Specialty Retail,,SGD,Payables Period,,28.47,29.25,47.9,6.03,15.31,8.94,3.82,5.08,3.27,3.19,,
5BI,XSES,Polaris Ltd,Consumer Cyclical,Specialty Retail,,SGD,Cash Conversion Cycle,,3.88,-0.7,30.07,29.32,79.64,39.96,14.29,42.67,40.31,27.15,,
5BI,XSES,Polaris Ltd,Consumer Cyclical,Specialty Retail,,SGD,Recieveables Turnover,,17.39,17.64,6.49,12.3,5.04,15.14,77.25,16.43,14.84,18.5,,
5BI,XSES,Polaris Ltd,Consumer Cyclical,Specialty Retail,,SGD,Inventory Turnover,,32.12,46.41,16.82,64.24,16.18,14.72,27.28,14.29,19.23,34.4,,
5BI,XSES,Polaris Ltd,Consumer Cyclical,Specialty Retail,,SGD,Fixed Assets Turnover,,15.48,14.84,4.83,11.76,6.81,12.37,18.53,6.08,6.63,11.54,,
5BI,XSES,Polaris Ltd,Consumer Cyclical,Specialty Retail,,SGD,Asset Turnover,,3.22,2.93,0.49,1.24,1.54,1.87,2.04,1.02,2.57,4.05,,
5CF,XSES,OKP Holdings Ltd,Industrials,Engineering & Construction,,SGD,Return on Asset %,,9.5,7.69,3.68,-0.21,1.75,0.76,-0.5,19.22,11.86,13.43,,
5CF,XSES,OKP Holdings Ltd,Industrials,Engineering & Construction,,SGD,Return on Equity %,,13.09,10.73,5.25,-0.31,2.71,1.24,-0.85,31.82,19.35,21.6,,
5CF,XSES,OKP Holdings Ltd,Industrials,Engineering & Construction,,SGD,Return on Invested Capital %,,12.29,9.99,4.35,-0.13,2.38,1.45,0.05,23.95,15.32,18.05,,
5CF,XSES,OKP Holdings Ltd,Industrials,Engineering & Construction,,SGD,Days Sales Outstanding,,52.46,17.03,6.25,8.22,13.41,13.56,26.26,19.47,19.69,24.34,,
5CF,XSES,OKP Holdings Ltd,Industrials,Engineering & Construction,,SGD,Days Inventory,,6.15,5.67,-,-,-,7.4,5.6,3.48,3.29,3.24,,
5CF,XSES,OKP Holdings Ltd,Industrials,Engineering & Construction,,SGD,Payables Period,,149.5,126.7,90.79,60.79,61.63,52.72,54.73,56.87,70.76,65.1,,
5CF,XSES,OKP Holdings Ltd,Industrials,Engineering & Construction,,SGD,Cash Conversion Cycle,,-90.9,-104.0,-,-,-,-31.76,-22.87,-33.92,-47.78,-37.52,,
5CF,XSES,OKP Holdings Ltd,Industrials,Engineering & Construction,,SGD,Recieveables Turnover,,6.96,21.43,58.37,44.42,27.22,26.91,13.9,18.74,18.54,14.99,,
5CF,XSES,OKP Holdings Ltd,Industrials,Engineering & Construction,,SGD,Inventory Turnover,,59.37,64.33,-,-,-,49.33,65.16,104.93,110.97,112.74,,
5CF,XSES,OKP Holdings Ltd,Industrials,Engineering & Construction,,SGD,Fixed Assets Turnover,,5.91,5.94,4.45,3.69,2.56,2.8,3.31,4.16,4.48,5.57,,
5CF,XSES,OKP Holdings Ltd,Industrials,Engineering & Construction,,SGD,Asset Turnover,,0.74,0.71,0.51,0.44,0.37,0.45,0.58,0.69,0.64,0.68,,
5CR,XSES,Asiatic Group (Holdings) Ltd,Utilities,Utilities - Independent Power Producers,,SGD,Return on Asset %,,0.23,0.08,0.9,-21.52,-16.74,-5.01,-13.1,-9.62,2.05,3.61,,
5CR,XSES,Asiatic Group (Holdings) Ltd,Utilities,Utilities - Independent Power Producers,,SGD,Return on Equity %,,0.47,0.15,1.62,-41.04,-39.27,-13.9,-40.46,-36.77,7.33,10.6,,
5CR,XSES,Asiatic Group (Holdings) Ltd,Utilities,Utilities - Independent Power Producers,,SGD,Return on Invested Capital %,,1.1,0.63,1.8,-26.48,-22.5,-6.41,-17.33,-13.46,5.5,7.77,,
5CR,XSES,Asiatic Group (Holdings) Ltd,Utilities,Utilities - Independent Power Producers,,SGD,Days Sales Outstanding,,63.44,59.25,57.76,70.7,65.35,64.45,65.24,59.01,52.66,53.84,,
5CR,XSES,Asiatic Group (Holdings) Ltd,Utilities,Utilities - Independent Power Producers,,SGD,Days Inventory,,62.95,62.57,52.83,50.0,43.6,51.34,55.33,52.92,45.32,53.66,,
5CR,XSES,Asiatic Group (Holdings) Ltd,Utilities,Utilities - Independent Power Producers,,SGD,Payables Period,,118.02,107.3,90.93,83.26,91.92,108.48,86.5,82.47,73.7,65.25,,
5CR,XSES,Asiatic Group (Holdings) Ltd,Utilities,Utilities - Independent Power Producers,,SGD,Cash Conversion Cycle,,8.37,14.53,19.66,37.44,17.03,7.31,34.07,29.46,24.28,42.25,,
5CR,XSES,Asiatic Group (Holdings) Ltd,Utilities,Utilities - Independent Power Producers,,SGD,Recieveables Turnover,,5.75,6.16,6.32,5.16,5.59,5.66,5.59,6.19,6.93,6.78,,
5CR,XSES,Asiatic Group (Holdings) Ltd,Utilities,Utilities - Independent Power Producers,,SGD,Inventory Turnover,,5.8,5.83,6.91,7.3,8.37,7.11,6.6,6.9,8.05,6.8,,
5CR,XSES,Asiatic Group (Holdings) Ltd,Utilities,Utilities - Independent Power Producers,,SGD,Fixed Assets Turnover,,0.53,0.59,0.61,0.63,0.8,0.74,0.79,1.04,1.15,1.16,,
5CR,XSES,Asiatic Group (Holdings) Ltd,Utilities,Utilities - Independent Power Producers,,SGD,Asset Turnover,,0.33,0.35,0.37,0.41,0.58,0.57,0.59,0.75,0.83,0.79,,
5DD,XSES,Micro-Mechanics (Holdings) Ltd,Technology,Semiconductor Equipment & Materials,,SGD,Return on Asset %,,20.65,23.63,24.69,18.09,20.78,25.18,27.13,14.82,13.97,21.06,,
5DD,XSES,Micro-Mechanics (Holdings) Ltd,Technology,Semiconductor Equipment & Materials,,SGD,Return on Equity %,,24.47,28.11,29.8,21.82,25.18,31.15,34.07,18.66,17.38,26.02,,
5DD,XSES,Micro-Mechanics (Holdings) Ltd,Technology,Semiconductor Equipment & Materials,,SGD,Return on Invested Capital %,,24.24,27.92,28.69,20.83,24.12,29.92,32.82,17.78,16.66,24.82,,
5DD,XSES,Micro-Mechanics (Holdings) Ltd,Technology,Semiconductor Equipment & Materials,,SGD,Days Sales Outstanding,,73.04,70.93,66.73,67.39,65.65,65.03,66.21,75.19,72.06,69.65,,
5DD,XSES,Micro-Mechanics (Holdings) Ltd,Technology,Semiconductor Equipment & Materials,,SGD,Days Inventory,,55.98,52.05,53.73,59.35,60.51,57.38,51.76,51.03,48.91,38.95,,
5DD,XSES,Micro-Mechanics (Holdings) Ltd,Technology,Semiconductor Equipment & Materials,,SGD,Payables Period,,55.75,103.08,96.99,88.2,82.9,81.23,79.45,75.25,40.62,9.52,,
5DD,XSES,Micro-Mechanics (Holdings) Ltd,Technology,Semiconductor Equipment & Materials,,SGD,Cash Conversion Cycle,,73.26,19.91,23.47,38.54,43.27,41.18,38.52,50.96,80.35,99.07,,
5DD,XSES,Micro-Mechanics (Holdings) Ltd,Technology,Semiconductor Equipment & Materials,,SGD,Recieveables Turnover,,5.0,5.15,5.47,5.42,5.56,5.61,5.51,4.85,5.07,5.24,,
5DD,XSES,Micro-Mechanics (Holdings) Ltd,Technology,Semiconductor Equipment & Materials,,SGD,Inventory Turnover,,6.52,7.01,6.79,6.15,6.03,6.36,7.05,7.15,7.46,9.37,,
5DD,XSES,Micro-Mechanics (Holdings) Ltd,Technology,Semiconductor Equipment & Materials,,SGD,Fixed Assets Turnover,,1.96,2.21,2.11,1.77,2.02,2.33,2.65,2.32,2.25,2.92,,
5DD,XSES,Micro-Mechanics (Holdings) Ltd,Technology,Semiconductor Equipment & Materials,,SGD,Asset Turnover,,0.89,0.92,0.94,0.84,0.91,1.03,1.13,1.02,1.01,1.11,,
5DM,XSES,Ying Li International Real Estate Ltd,Real Estate,Real Estate Services,,SGD,Return on Asset %,,0.74,3.05,2.35,-5.83,-2.51,-3.61,-5.26,0.28,-3.03,0.11,,
5DM,XSES,Ying Li International Real Estate Ltd,Real Estate,Real Estate Services,,SGD,Return on Equity %,,1.75,6.84,4.74,-12.58,-6.7,-10.78,-16.47,0.84,-9.56,0.37,,
5DM,XSES,Ying Li International Real Estate Ltd,Real Estate,Real Estate Services,,SGD,Return on Invested Capital %,,1.19,4.58,4.71,-5.57,-1.3,-2.93,-5.28,3.1,-1.39,2.95,,
5DM,XSES,Ying Li International Real Estate Ltd,Real Estate,Real Estate Services,,SGD,Days Sales Outstanding,,21.75,18.33,16.92,36.74,46.88,55.61,97.85,368.5,349.66,20.79,,
5DM,XSES,Ying Li International Real Estate Ltd,Real Estate,Real Estate Services,,SGD,Days Inventory,,2421.56,1666.05,1379.92,3573.21,4303.18,5398.89,7692.18,5111.58,5315.57,4605.29,,
5DM,XSES,Ying Li International Real Estate Ltd,Real Estate,Real Estate Services,,SGD,Payables Period,,350.08,237.32,230.92,508.96,508.83,621.18,968.33,412.6,243.13,200.1,,
5DM,XSES,Ying Li International Real Estate Ltd,Real Estate,Real Estate Services,,SGD,Cash Conversion Cycle,,2093.23,1447.06,1165.92,3100.99,3841.24,4833.32,6821.7,5067.48,5422.1,4425.97,,
5DM,XSES,Ying Li International Real Estate Ltd,Real Estate,Real Estate Services,,SGD,Recieveables Turnover,,16.78,19.91,21.58,9.93,7.79,6.56,3.73,0.99,1.04,17.56,,
5DM,XSES,Ying Li International Real Estate Ltd,Real Estate,Real Estate Services,,SGD,Inventory Turnover,,0.15,0.22,0.26,0.1,0.08,0.07,0.05,0.07,0.07,0.08,,
5DM,XSES,Ying Li International Real Estate Ltd,Real Estate,Real Estate Services,,SGD,Fixed Assets Turnover,,18.73,21.33,18.02,8.84,6.22,5.23,3.24,4.24,4.38,4.81,,
5DM,XSES,Ying Li International Real Estate Ltd,Real Estate,Real Estate Services,,SGD,Asset Turnover,,0.09,0.1,0.08,0.04,0.03,0.03,0.03,0.03,0.03,0.04,,
5DO,XSES,Sakae Holdings Ltd,Consumer Cyclical,Restaurants,,SGD,Return on Asset %,,-11.51,-,-,-12.9,-0.55,1.92,0.89,1.1,-2.95,-3.74,,
5DO,XSES,Sakae Holdings Ltd,Consumer Cyclical,Restaurants,,SGD,Return on Equity %,,-32.25,-,-,-37.5,-1.56,4.56,1.82,2.12,-5.45,-7.01,,
5DO,XSES,Sakae Holdings Ltd,Consumer Cyclical,Restaurants,,SGD,Return on Invested Capital %,,-13.66,-,-,-13.98,1.06,3.19,1.95,2.68,-2.07,-2.87,,
5DO,XSES,Sakae Holdings Ltd,Consumer Cyclical,Restaurants,,SGD,Days Sales Outstanding,,11.43,-,-,26.08,20.97,16.3,14.62,15.77,23.07,35.48,,
5DO,XSES,Sakae Holdings Ltd,Consumer Cyclical,Restaurants,,SGD,Days Inventory,,28.28,-,-,30.38,22.79,25.13,24.75,26.81,30.54,28.49,,
5DO,XSES,Sakae Holdings Ltd,Consumer Cyclical,Restaurants,,SGD,Payables Period,,77.58,-,-,70.11,85.32,108.82,92.92,87.52,94.84,88.06,,
5DO,XSES,Sakae Holdings Ltd,Consumer Cyclical,Restaurants,,SGD,Cash Conversion Cycle,,-37.88,-,-,-13.65,-41.56,-67.39,-53.56,-44.94,-41.23,-24.1,,
5DO,XSES,Sakae Holdings Ltd,Consumer Cyclical,Restaurants,,SGD,Recieveables Turnover,,31.94,-,-,14.0,17.41,22.39,24.97,23.15,15.82,10.29,,
5DO,XSES,Sakae Holdings Ltd,Consumer Cyclical,Restaurants,,SGD,Inventory Turnover,,12.91,-,-,12.01,16.01,14.52,14.75,13.61,11.95,12.81,,
5DO,XSES,Sakae Holdings Ltd,Consumer Cyclical,Restaurants,,SGD,Fixed Assets Turnover,,1.14,-,-,0.62,0.39,0.22,0.17,0.17,0.14,0.12,,
5DO,XSES,Sakae Holdings Ltd,Consumer Cyclical,Restaurants,,SGD,Asset Turnover,,0.79,-,-,0.42,0.29,0.18,0.14,0.15,0.13,0.11,,
5DP,XSES,Heeton Holdings Ltd,Consumer Cyclical,Lodging,,SGD,Return on Asset %,,1.64,9.12,2.1,1.37,-0.61,1.8,0.21,-0.33,-0.14,-0.93,,
5DP,XSES,Heeton Holdings Ltd,Consumer Cyclical,Lodging,,SGD,Return on Equity %,,3.65,18.74,4.23,3.09,-1.49,4.26,0.49,-0.75,-0.32,-2.17,,
5DP,XSES,Heeton Holdings Ltd,Consumer Cyclical,Lodging,,SGD,Return on Invested Capital %,,2.7,11.41,3.54,2.92,0.61,3.56,1.38,2.06,2.62,1.35,,
5DP,XSES,Heeton Holdings Ltd,Consumer Cyclical,Lodging,,SGD,Days Sales Outstanding,,5.52,29.07,30.59,8.43,15.65,8.2,7.15,4.97,8.55,12.43,,
5DP,XSES,Heeton Holdings Ltd,Consumer Cyclical,Lodging,,SGD,Days Inventory,,1743.22,1259.95,1200.01,1502.51,14449.86,2527.83,-,-,-,-,,
5DP,XSES,Heeton Holdings Ltd,Consumer Cyclical,Lodging,,SGD,Payables Period,,84.52,62.54,58.11,107.64,1171.81,291.6,-,-,-,-,,
5DP,XSES,Heeton Holdings Ltd,Consumer Cyclical,Lodging,,SGD,Cash Conversion Cycle,,1664.22,1226.49,1172.49,1403.3,13293.7,2244.43,-,-,-,-,,
5DP,XSES,Heeton Holdings Ltd,Consumer Cyclical,Lodging,,SGD,Recieveables Turnover,,66.11,12.55,11.93,43.29,23.32,44.53,51.06,73.48,42.69,29.35,,
5DP,XSES,Heeton Holdings Ltd,Consumer Cyclical,Lodging,,SGD,Inventory Turnover,,0.21,0.29,0.3,0.24,0.03,0.14,-,-,-,-,,
5DP,XSES,Heeton Holdings Ltd,Consumer Cyclical,Lodging,,SGD,Fixed Assets Turnover,,0.6,0.44,0.31,0.21,0.07,0.13,0.16,0.18,0.19,0.19,,
5DP,XSES,Heeton Holdings Ltd,Consumer Cyclical,Lodging,,SGD,Asset Turnover,,0.09,0.07,0.07,0.07,0.02,0.05,0.06,0.07,0.08,0.08,,
5DS,XSES,Megachem Ltd,Basic Materials,Specialty Chemicals,,SGD,Return on Asset %,,2.7,5.54,5.05,4.58,5.78,7.68,5.15,-5.44,7.72,3.49,,
5DS,XSES,Megachem Ltd,Basic Materials,Specialty Chemicals,,SGD,Return on Equity %,,4.85,9.8,8.89,7.94,10.04,14.15,10.15,-10.88,14.57,6.4,,
5DS,XSES,Megachem Ltd,Basic Materials,Specialty Chemicals,,SGD,Return on Invested Capital %,,3.96,7.74,7.31,6.56,7.7,10.24,7.4,-4.79,11.33,5.34,,
5DS,XSES,Megachem Ltd,Basic Materials,Specialty Chemicals,,SGD,Days Sales Outstanding,,90.45,86.28,78.53,72.51,78.34,71.09,73.15,74.19,64.94,68.12,,
5DS,XSES,Megachem Ltd,Basic Materials,Specialty Chemicals,,SGD,Days Inventory,,101.35,99.17,103.19,109.81,115.42,105.94,143.23,150.53,122.09,119.77,,
5DS,XSES,Megachem Ltd,Basic Materials,Specialty Chemicals,,SGD,Payables Period,,49.25,49.28,32.12,28.8,31.95,26.42,25.33,25.27,25.03,24.24,,
5DS,XSES,Megachem Ltd,Basic Materials,Specialty Chemicals,,SGD,Cash Conversion Cycle,,142.56,136.17,149.6,153.51,161.81,150.6,191.04,199.44,162.0,163.66,,
5DS,XSES,Megachem Ltd,Basic Materials,Specialty Chemicals,,SGD,Recieveables Turnover,,4.04,4.23,4.65,5.03,4.66,5.13,4.99,4.92,5.62,5.36,,
5DS,XSES,Megachem Ltd,Basic Materials,Specialty Chemicals,,SGD,Inventory Turnover,,3.6,3.68,3.54,3.32,3.16,3.45,2.55,2.42,2.99,3.05,,
5DS,XSES,Megachem Ltd,Basic Materials,Specialty Chemicals,,SGD,Fixed Assets Turnover,,8.36,9.7,10.93,9.56,7.4,8.33,7.99,7.04,7.13,4.8,,
5DS,XSES,Megachem Ltd,Basic Materials,Specialty Chemicals,,SGD,Asset Turnover,,1.32,1.41,1.46,1.36,1.19,1.37,1.26,1.13,1.26,1.13,,
5DX,XSES,Meta Health Ltd,Healthcare,Medical Care Facilities,,SGD,Return on Asset %,,-5.69,-17.82,-11.94,0.47,-4.52,17.39,-26.28,-54.91,-30.07,-73.62,,
5DX,XSES,Meta Health Ltd,Healthcare,Medical Care Facilities,,SGD,Return on Equity %,,-11.8,-39.18,-30.28,1.26,-12.19,39.83,-63.26,-386.69,-,-,,
5DX,XSES,Meta Health Ltd,Healthcare,Medical Care Facilities,,SGD,Return on Invested Capital %,,-7.33,-27.02,-18.09,2.87,-6.17,28.13,-36.61,-96.56,-,-,,
5DX,XSES,Meta Health Ltd,Healthcare,Medical Care Facilities,,SGD,Days Sales Outstanding,,126.66,111.56,106.96,85.41,111.71,91.08,101.22,302.82,341.02,3.52,,
5DX,XSES,Meta Health Ltd,Healthcare,Medical Care Facilities,,SGD,Days Inventory,,73.77,54.63,65.42,62.29,76.71,62.55,72.8,160.89,47.13,-,,
5DX,XSES,Meta Health Ltd,Healthcare,Medical Care Facilities,,SGD,Payables Period,,186.24,173.44,172.0,155.04,184.6,136.19,137.97,299.75,1528.37,287.77,,
5DX,XSES,Meta Health Ltd,Healthcare,Medical Care Facilities,,SGD,Cash Conversion Cycle,,14.19,-7.24,0.38,-7.35,3.83,17.43,36.05,163.95,-1140.22,-,,
5DX,XSES,Meta Health Ltd,Healthcare,Medical Care Facilities,,SGD,Recieveables Turnover,,2.88,3.27,3.41,4.27,3.27,4.01,3.61,1.21,1.07,103.64,,
5DX,XSES,Meta Health Ltd,Healthcare,Medical Care Facilities,,SGD,Inventory Turnover,,4.95,6.68,5.58,5.86,4.76,5.84,5.01,2.27,7.75,-,,
5DX,XSES,Meta Health Ltd,Healthcare,Medical Care Facilities,,SGD,Fixed Assets Turnover,,3.57,3.22,2.27,2.03,1.83,4.18,4.08,1.38,1.75,8.78,,
5DX,XSES,Meta Health Ltd,Healthcare,Medical Care Facilities,,SGD,Asset Turnover,,1.0,1.14,1.02,1.06,0.74,0.98,1.01,0.31,0.05,0.80,,
5EB,XSES,CFM Holdings Ltd,Industrials,Metal Fabrication,,SGD,Return on Asset %,,-12.44,-7.68,-3.26,1.24,-3.09,1.76,7.56,37.51,5.85,-1.07,,
5EB,XSES,CFM Holdings Ltd,Industrials,Metal Fabrication,,SGD,Return on Equity %,,-27.65,-18.62,-7.55,2.63,-6.57,3.92,16.29,61.61,8.17,-1.47,,
5EB,XSES,CFM Holdings Ltd,Industrials,Metal Fabrication,,SGD,Return on Invested Capital %,,-15.91,-9.54,-3.1,2.82,-2.36,3.12,12.48,54.29,6.67,-1.9,,
5EB,XSES,CFM Holdings Ltd,Industrials,Metal Fabrication,,SGD,Days Sales Outstanding,,112.71,96.93,84.85,91.58,82.99,73.17,74.68,75.47,75.94,76.96,,
5EB,XSES,CFM Holdings Ltd,Industrials,Metal Fabrication,,SGD,Days Inventory,,56.83,57.12,47.13,60.71,78.55,72.28,71.46,67.41,66.43,71.4,,
5EB,XSES,CFM Holdings Ltd,Industrials,Metal Fabrication,,SGD,Payables Period,,59.01,62.04,52.28,52.71,42.54,38.28,40.93,39.65,42.44,43.66,,
5EB,XSES,CFM Holdings Ltd,Industrials,Metal Fabrication,,SGD,Cash Conversion Cycle,,110.53,92.0,79.71,99.58,119.0,107.17,105.2,103.23,99.94,104.71,,
5EB,XSES,CFM Holdings Ltd,Industrials,Metal Fabrication,,SGD,Recieveables Turnover,,3.24,3.77,4.3,3.99,4.4,4.99,4.89,4.84,4.81,4.74,,
5EB,XSES,CFM Holdings Ltd,Industrials,Metal Fabrication,,SGD,Inventory Turnover,,6.42,6.39,7.74,6.01,4.65,5.05,5.11,5.41,5.49,5.11,,
5EB,XSES,CFM Holdings Ltd,Industrials,Metal Fabrication,,SGD,Fixed Assets Turnover,,1.8,1.63,1.87,1.81,1.48,1.67,3.46,6.01,4.49,3.94,,
5EB,XSES,CFM Holdings Ltd,Industrials,Metal Fabrication,,SGD,Asset Turnover,,0.8,0.77,0.91,0.87,0.77,0.87,1.08,1.06,0.96,0.81,,
5EF,XSES,Adventus Holdings Ltd,Industrials,Conglomerates,,SGD,Return on Asset %,,9.03,-16.71,-2.00,-1.83,-1.43,-0.85,-1.79,-5.55,-7.13,-8.33,,
5EF,XSES,Adventus Holdings Ltd,Industrials,Conglomerates,,SGD,Return on Equity %,,19.14,-18.57,-3.31,-5.60,-6.30,-4.60,-9.57,-25.64,-33.29,-47.45,,
5EF,XSES,Adventus Holdings Ltd,Industrials,Conglomerates,,SGD,Return on Invested Capital %,,18.21,-18.22,-5.14,-5.75,-3.10,-1.87,-2.25,-1.92,-3.57,-5.62,,
5EF,XSES,Adventus Holdings Ltd,Industrials,Conglomerates,,SGD,Days Sales Outstanding,,42.52,-,-,-,-,-,-,5.15,6.06,6.52,,
5EF,XSES,Adventus Holdings Ltd,Industrials,Conglomerates,,SGD,Days Inventory,,75.22,-,-,-,-,-,-,4.77,3.83,2.37,,
5EF,XSES,Adventus Holdings Ltd,Industrials,Conglomerates,,SGD,Payables Period,,32.24,-,-,-,-,-,-,126.73,15.58,19.26,,
5EF,XSES,Adventus Holdings Ltd,Industrials,Conglomerates,,SGD,Cash Conversion Cycle,,85.49,-,-,-,-,-,-,-116.8,-5.69,-10.37,,
5EF,XSES,Adventus Holdings Ltd,Industrials,Conglomerates,,SGD,Recieveables Turnover,,8.58,-,-,-,-,-,-,70.82,60.21,55.99,,
5EF,XSES,Adventus Holdings Ltd,Industrials,Conglomerates,,SGD,Inventory Turnover,,4.85,-,-,-,-,-,-,76.5,95.35,153.92,,
5EF,XSES,Adventus Holdings Ltd,Industrials,Conglomerates,,SGD,Fixed Assets Turnover,,1.38,-,-,-,-,-,-,0.06,0.14,0.19,,
5EF,XSES,Adventus Holdings Ltd,Industrials,Conglomerates,,SGD,Asset Turnover,,0.08,-,-,-,-,-,-,0.05,0.11,0.17,,
5EG,XSES,Zhongxin Fruit and Juice Ltd,Consumer Defensive,Beverages - Non-Alcoholic,,SGD,Return on Asset %,,0.98,2.64,3.79,2.82,1.88,-1.92,24.4,2.8,0.96,10.82,,
5EG,XSES,Zhongxin Fruit and Juice Ltd,Consumer Defensive,Beverages - Non-Alcoholic,,SGD,Return on Equity %,,1.92,4.84,7.14,5.21,4.00,-4.64,45.11,4.53,1.66,19.54,,
5EG,XSES,Zhongxin Fruit and Juice Ltd,Consumer Defensive,Beverages - Non-Alcoholic,,SGD,Return on Invested Capital %,,4.58,7.02,10.03,7.23,4.43,-1.38,41.61,3.38,1.74,13.54,,
5EG,XSES,Zhongxin Fruit and Juice Ltd,Consumer Defensive,Beverages - Non-Alcoholic,,SGD,Days Sales Outstanding,,62.42,55.41,3.84,-,-,0.02,121.45,296.89,167.4,126.61,,
5EG,XSES,Zhongxin Fruit and Juice Ltd,Consumer Defensive,Beverages - Non-Alcoholic,,SGD,Days Inventory,,160.34,62.8,35.68,50.03,35.58,118.39,134.22,135.51,228.33,130.42,,
5EG,XSES,Zhongxin Fruit and Juice Ltd,Consumer Defensive,Beverages - Non-Alcoholic,,SGD,Payables Period,,168.34,168.42,27.24,15.78,4.38,6.53,5.56,8.03,5.32,1.33,,
5EG,XSES,Zhongxin Fruit and Juice Ltd,Consumer Defensive,Beverages - Non-Alcoholic,,SGD,Cash Conversion Cycle,,54.42,-50.21,12.28,-,-,111.87,250.11,424.37,390.41,255.7,,
5EG,XSES,Zhongxin Fruit and Juice Ltd,Consumer Defensive,Beverages - Non-Alcoholic,,SGD,Recieveables Turnover,,5.85,6.59,94.99,-,-,21805.83,3.01,1.23,2.18,2.88,,
5EG,XSES,Zhongxin Fruit and Juice Ltd,Consumer Defensive,Beverages - Non-Alcoholic,,SGD,Inventory Turnover,,2.28,5.81,10.23,7.30,10.26,3.08,2.72,2.69,1.6,2.8,,
5EG,XSES,Zhongxin Fruit and Juice Ltd,Consumer Defensive,Beverages - Non-Alcoholic,,SGD,Fixed Assets Turnover,,1.31,1.36,1.86,1.58,2.85,2.23,2.64,2.29,2.88,5.32,,
5EG,XSES,Zhongxin Fruit and Juice Ltd,Consumer Defensive,Beverages - Non-Alcoholic,,SGD,Asset Turnover,,0.66,0.68,0.86,0.68,0.98,0.65,0.73,0.54,0.57,0.87,,
5EV,XSES,Hosen Group Ltd,Consumer Defensive,Food Distribution,,SGD,Return on Asset %,,2.25,1.58,1.81,-1.73,5.27,4.35,2.09,1.77,3.56,5.33,,
5EV,XSES,Hosen Group Ltd,Consumer Defensive,Food Distribution,,SGD,Return on Equity %,,3.88,2.64,3.06,-3.23,9.76,7.51,3.63,2.92,5.71,8.64,,
5EV,XSES,Hosen Group Ltd,Consumer Defensive,Food Distribution,,SGD,Return on Invested Capital %,,3.41,2.47,2.85,-1.18,7.16,5.83,3.27,2.88,4.97,7.29,,
5EV,XSES,Hosen Group Ltd,Consumer Defensive,Food Distribution,,SGD,Days Sales Outstanding,,60.29,64.02,65.12,66.63,51.6,54.56,59.04,69.46,62.7,58.79,,
5EV,XSES,Hosen Group Ltd,Consumer Defensive,Food Distribution,,SGD,Days Inventory,,99.38,108.07,106.52,110.33,105.1,108.52,106.4,116.88,108.52,123.02,,
5EV,XSES,Hosen Group Ltd,Consumer Defensive,Food Distribution,,SGD,Payables Period,,31.73,36.83,32.86,34.77,28.33,32.28,29.28,26.04,27.74,29.7,,
5EV,XSES,Hosen Group Ltd,Consumer Defensive,Food Distribution,,SGD,Cash Conversion Cycle,,127.95,135.26,138.78,142.18,128.37,130.8,136.16,160.29,143.48,152.11,,
5EV,XSES,Hosen Group Ltd,Consumer Defensive,Food Distribution,,SGD,Recieveables Turnover,,6.05,5.7,5.61,5.48,7.07,6.69,6.18,5.25,5.82,6.21,,
5EV,XSES,Hosen Group Ltd,Consumer Defensive,Food Distribution,,SGD,Inventory Turnover,,3.67,3.38,3.43,3.31,3.47,3.36,3.43,3.12,3.36,2.97,,
5EV,XSES,Hosen Group Ltd,Consumer Defensive,Food Distribution,,SGD,Fixed Assets Turnover,,5.53,5.14,5.23,4.04,3.54,3.48,3.96,3.79,4.11,3.51,,
5EV,XSES,Hosen Group Ltd,Consumer Defensive,Food Distribution,,SGD,Asset Turnover,,1.53,1.42,1.38,1.24,1.29,1.23,1.27,1.21,1.31,1.16,,
5EW,XSES,Sevens Atelier Ltd,Industrials,Engineering & Construction,,SGD,Return on Asset %,,0.88,-0.04,-4.58,1.43,-0.87,-1.62,-17.39,-25.48,2.36,-54.28,,
5EW,XSES,Sevens Atelier Ltd,Industrials,Engineering & Construction,,SGD,Return on Equity %,,1.73,-0.07,-7.55,2.6,-1.6,-3.14,-32.11,-46.06,4.46,-123.55,,
5EW,XSES,Sevens Atelier Ltd,Industrials,Engineering & Construction,,SGD,Return on Invested Capital %,,2.21,0.47,-5.72,2.83,-0.37,-1.8,-25.19,-42.36,4.49,-115.30,,
5EW,XSES,Sevens Atelier Ltd,Industrials,Engineering & Construction,,SGD,Days Sales Outstanding,,144.54,165.2,115.96,109.67,85.16,107.79,236.43,37.47,50.56,38.42,,
5EW,XSES,Sevens Atelier Ltd,Industrials,Engineering & Construction,,SGD,Days Inventory,,62.05,85.05,52.43,51.08,33.6,24.17,31.2,0.15,-,-,,
5EW,XSES,Sevens Atelier Ltd,Industrials,Engineering & Construction,,SGD,Payables Period,,159.76,179.16,57.45,71.51,72.15,82.45,204.68,82.08,174.21,222.99,,
5EW,XSES,Sevens Atelier Ltd,Industrials,Engineering & Construction,,SGD,Cash Conversion Cycle,,46.82,71.09,110.94,89.24,46.62,49.5,62.95,-44.46,-,-,,
5EW,XSES,Sevens Atelier Ltd,Industrials,Engineering & Construction,,SGD,Recieveables Turnover,,2.53,2.21,3.15,3.33,4.29,3.39,1.54,9.74,7.22,9.50,,
5EW,XSES,Sevens Atelier Ltd,Industrials,Engineering & Construction,,SGD,Inventory Turnover,,5.88,4.29,6.96,7.15,10.86,15.1,11.7,2424.4,-,-,,
5EW,XSES,Sevens Atelier Ltd,Industrials,Engineering & Construction,,SGD,Fixed Assets Turnover,,6.13,3.42,2.79,2.39,2.17,2.0,1.11,9.87,8.34,10.13,,
5EW,XSES,Sevens Atelier Ltd,Industrials,Engineering & Construction,,SGD,Asset Turnover,,1.08,0.81,0.95,0.82,0.8,0.76,0.29,0.9,0.69,0.81,,
5F4,XSES,Figtree Holdings Ltd,Real Estate,Real Estate - Development,,SGD,Return on Asset %,,11.40,6.16,-0.69,-0.07,-1.78,-8.18,-13.12,-4.86,-9.03,-11.19,,
5F4,XSES,Figtree Holdings Ltd,Real Estate,Real Estate - Development,,SGD,Return on Equity %,,23.31,10.97,-1.15,-0.1,-2.27,-11.02,-21.69,-9.73,-18.0,-22.89,,
5F4,XSES,Figtree Holdings Ltd,Real Estate,Real Estate - Development,,SGD,Return on Invested Capital %,,21.31,8.89,-1.87,-0.4,-2.39,-10.16,-17.12,-7.02,-12.36,-14.21,,
5F4,XSES,Figtree Holdings Ltd,Real Estate,Real Estate - Development,,SGD,Days Sales Outstanding,,39.10,140.05,961.25,78.59,115.16,52.59,26.37,85.03,26.55,98.54,,
5F4,XSES,Figtree Holdings Ltd,Real Estate,Real Estate - Development,,SGD,Days Inventory,,-,1908.21,5321.79,732.36,99.18,101.16,44.86,205.44,172.31,475.31,,
5F4,XSES,Figtree Holdings Ltd,Real Estate,Real Estate - Development,,SGD,Payables Period,,78.60,311.09,455.87,63.71,78.62,68.05,91.17,397.64,216.6,618.18,,
5F4,XSES,Figtree Holdings Ltd,Real Estate,Real Estate - Development,,SGD,Cash Conversion Cycle,,-,1737.17,5827.17,747.24,135.72,85.7,-19.95,-107.17,-17.74,-44.33,,
5F4,XSES,Figtree Holdings Ltd,Real Estate,Real Estate - Development,,SGD,Recieveables Turnover,,9.33,2.61,0.38,4.64,3.17,6.94,13.84,4.29,13.75,3.7,,
5F4,XSES,Figtree Holdings Ltd,Real Estate,Real Estate - Development,,SGD,Inventory Turnover,,-,0.19,0.07,0.5,3.68,3.61,8.14,1.78,2.12,0.77,,
5F4,XSES,Figtree Holdings Ltd,Real Estate,Real Estate - Development,,SGD,Fixed Assets Turnover,,17.00,-,-,94.66,117.61,10.79,15.68,3.8,5.26,1.48,,
5F4,XSES,Figtree Holdings Ltd,Real Estate,Real Estate - Development,,SGD,Asset Turnover,,0.64,0.19,0.03,0.15,0.14,0.24,0.66,0.15,0.24,0.08,,
5F7,XSES,Wilton Resources Corp Ltd,Basic Materials,Gold,,SGD,Return on Asset %,-9.00,-12.95,-13.52,-18.7,-50.74,-22.13,2.48,-23.50,-5.64,-34.54,,,
5F7,XSES,Wilton Resources Corp Ltd,Basic Materials,Gold,,SGD,Return on Equity %,-9.44,-13.48,-14.03,-24.67,-132.87,-75.04,7.24,-69.64,-15.69,-133.72,,,
5F7,XSES,Wilton Resources Corp Ltd,Basic Materials,Gold,,SGD,Return on Invested Capital %,-9.66,-13.57,-14.05,-13.05,-47.00,-19.17,3.26,-13.52,12.83,-34.48,,,
5F7,XSES,Wilton Resources Corp Ltd,Basic Materials,Gold,,SGD,Days Sales Outstanding,-,-,-,8.31,-,-,-,-,48.21,143.44,,,
5F7,XSES,Wilton Resources Corp Ltd,Basic Materials,Gold,,SGD,Days Inventory,-,-,-,356.99,768.53,311.66,373.62,427.64,901.83,3734.4,,,
5F7,XSES,Wilton Resources Corp Ltd,Basic Materials,Gold,,SGD,Payables Period,-,-,-,470.43,1329.27,319.32,358.36,80.91,218.45,1717.48,,,
5F7,XSES,Wilton Resources Corp Ltd,Basic Materials,Gold,,SGD,Cash Conversion Cycle,-,-,-,-105.13,-,-,-,-,731.6,2160.37,,,
5F7,XSES,Wilton Resources Corp Ltd,Basic Materials,Gold,,SGD,Recieveables Turnover,-,-,-,43.92,-,-,-,-,7.57,2.54,,,
5F7,XSES,Wilton Resources Corp Ltd,Basic Materials,Gold,,SGD,Inventory Turnover,-,-,-,1.02,0.47,1.17,0.98,0.85,0.4,0.1,,,
5F7,XSES,Wilton Resources Corp Ltd,Basic Materials,Gold,,SGD,Fixed Assets Turnover,-,-,-,0.02,0.01,0.02,0.01,0.01,0.01,0.0,,,
5F7,XSES,Wilton Resources Corp Ltd,Basic Materials,Gold,,SGD,Asset Turnover,-,-,-,0.01,0.01,0.02,0.01,0.01,0.01,0.0,,,
5FW,XSES,Acesian Partners Ltd,Industrials,Specialty Industrial Machinery,,SGD,Return on Asset %,,-7.86,-10.29,4.84,-35.17,0.16,11.64,33.81,25.64,1.82,-10.11,,
5FW,XSES,Acesian Partners Ltd,Industrials,Specialty Industrial Machinery,,SGD,Return on Equity %,,-17.12,-21.46,9.6,-74.24,0.37,27.25,67.76,39.26,2.24,-11.87,,
5FW,XSES,Acesian Partners Ltd,Industrials,Specialty Industrial Machinery,,SGD,Return on Invested Capital %,,-15.54,-21.35,9.52,-67.89,0.86,24.01,63.17,35.05,-0.07,-11.86,,
5FW,XSES,Acesian Partners Ltd,Industrials,Specialty Industrial Machinery,,SGD,Days Sales Outstanding,,51.92,137.65,92.46,117.3,88.33,51.25,21.25,64.39,80.62,50.55,,
5FW,XSES,Acesian Partners Ltd,Industrials,Specialty Industrial Machinery,,SGD,Days Inventory,,18.36,75.37,66.06,155.06,206.1,140.83,62.71,197.53,270.93,223.43,,
5FW,XSES,Acesian Partners Ltd,Industrials,Specialty Industrial Machinery,,SGD,Payables Period,,136.43,396.07,152.76,289.29,293.78,233.16,97.84,168.17,45.44,41.7,,
5FW,XSES,Acesian Partners Ltd,Industrials,Specialty Industrial Machinery,,SGD,Cash Conversion Cycle,,-66.15,-183.06,5.76,-16.93,0.65,-41.08,-13.88,93.75,306.12,232.29,,
5FW,XSES,Acesian Partners Ltd,Industrials,Specialty Industrial Machinery,,SGD,Recieveables Turnover,,7.03,2.65,3.95,3.11,4.13,7.12,17.17,5.67,4.53,7.22,,
5FW,XSES,Acesian Partners Ltd,Industrials,Specialty Industrial Machinery,,SGD,Inventory Turnover,,19.88,4.84,5.53,2.35,1.77,2.59,5.82,1.85,1.35,1.63,,
5FW,XSES,Acesian Partners Ltd,Industrials,Specialty Industrial Machinery,,SGD,Fixed Assets Turnover,,39.5,11.01,13.55,5.3,3.6,5.79,17.42,7.93,3.45,2.0,,
5FW,XSES,Acesian Partners Ltd,Industrials,Specialty Industrial Machinery,,SGD,Asset Turnover,,1.59,0.51,0.89,0.6,0.67,0.92,1.63,0.54,0.28,0.25,,
5FX,XSES,New Wave Holdings Ltd,Basic Materials,Aluminum,,SGD,Return on Asset %,,-4.72,-4.68,5.56,-5.53,-8.17,-2.97,4.92,-1.93,-17.12,-9.87,,
5FX,XSES,New Wave Holdings Ltd,Basic Materials,Aluminum,,SGD,Return on Equity %,,-6.58,-6.09,7.28,-7.49,-11.6,-4.63,8.53,-3.42,-30.67,-19.83,,
5FX,XSES,New Wave Holdings Ltd,Basic Materials,Aluminum,,SGD,Return on Invested Capital %,,-4.76,-4.83,6.61,-5.54,-8.72,-2.63,6.45,-1.03,-19.35,-11.19,,
5FX,XSES,New Wave Holdings Ltd,Basic Materials,Aluminum,,SGD,Days Sales Outstanding,,87.33,84.37,84.62,75.4,89.79,87.35,72.55,79.19,81.61,77.99,,
5FX,XSES,New Wave Holdings Ltd,Basic Materials,Aluminum,,SGD,Days Inventory,,245.12,213.11,216.86,260.95,303.63,243.75,197.74,263.4,305.92,210.85,,
5FX,XSES,New Wave Holdings Ltd,Basic Materials,Aluminum,,SGD,Payables Period,,46.95,54.39,54.27,38.74,46.3,51.72,41.24,48.57,59.72,61.61,,
5FX,XSES,New Wave Holdings Ltd,Basic Materials,Aluminum,,SGD,Cash Conversion Cycle,,285.5,243.09,247.21,297.61,347.12,279.37,229.05,294.01,327.81,227.24,,
5FX,XSES,New Wave Holdings Ltd,Basic Materials,Aluminum,,SGD,Recieveables Turnover,,4.18,4.33,4.31,4.84,4.06,4.18,5.03,4.61,4.47,4.68,,
5FX,XSES,New Wave Holdings Ltd,Basic Materials,Aluminum,,SGD,Inventory Turnover,,1.49,1.71,1.68,1.4,1.2,1.5,1.85,1.39,1.19,1.73,,
5FX,XSES,New Wave Holdings Ltd,Basic Materials,Aluminum,,SGD,Fixed Assets Turnover,,7.45,6.72,6.26,6.57,4.95,5.73,10.19,9.13,6.09,6.95,,
5FX,XSES,New Wave Holdings Ltd,Basic Materials,Aluminum,,SGD,Asset Turnover,,0.74,0.72,0.65,0.64,0.54,0.62,0.9,0.76,0.6,0.79,,
5G1,XSES,EuroSports Global Ltd,Consumer Cyclical,Auto & Truck Dealerships,,SGD,Return on Asset %,,-5.52,-9.73,-5.64,1.05,4.17,-8.57,-2.97,-9.08,-18.78,-12.64,,
5G1,XSES,EuroSports Global Ltd,Consumer Cyclical,Auto & Truck Dealerships,,SGD,Return on Equity %,,-19.8,-48.37,-37.06,7.92,24.91,-29.92,-8.32,-24.97,-71.57,-172.43,,
5G1,XSES,EuroSports Global Ltd,Consumer Cyclical,Auto & Truck Dealerships,,SGD,Return on Invested Capital %,,-8.16,-14.8,-8.79,5.91,12.63,-11.1,-4.05,-15.64,-32.99,-20.41,,
5G1,XSES,EuroSports Global Ltd,Consumer Cyclical,Auto & Truck Dealerships,,SGD,Days Sales Outstanding,,12.34,17.2,16.8,13.58,9.95,2.11,4.75,6.91,15.33,4.2,,
5G1,XSES,EuroSports Global Ltd,Consumer Cyclical,Auto & Truck Dealerships,,SGD,Days Inventory,,282.39,344.07,222.83,110.54,111.21,140.07,98.35,80.84,208.11,105.77,,
5G1,XSES,EuroSports Global Ltd,Consumer Cyclical,Auto & Truck Dealerships,,SGD,Payables Period,,54.41,77.24,45.85,45.06,51.0,44.75,30.72,32.11,87.9,44.71,,
5G1,XSES,EuroSports Global Ltd,Consumer Cyclical,Auto & Truck Dealerships,,SGD,Cash Conversion Cycle,,240.32,284.03,193.78,79.07,70.16,97.43,72.38,55.63,135.55,65.27,,
5G1,XSES,EuroSports Global Ltd,Consumer Cyclical,Auto & Truck Dealerships,,SGD,Recieveables Turnover,,29.58,21.22,21.73,26.88,36.69,173.27,76.89,52.83,23.81,86.84,,
5G1,XSES,EuroSports Global Ltd,Consumer Cyclical,Auto & Truck Dealerships,,SGD,Inventory Turnover,,1.29,1.06,1.64,3.3,3.28,2.61,3.71,4.52,1.75,3.45,,
5G1,XSES,EuroSports Global Ltd,Consumer Cyclical,Auto & Truck Dealerships,,SGD,Fixed Assets Turnover,,2.68,2.01,3.14,9.95,9.02,5.67,9.51,12.0,5.14,11.59,,
5G1,XSES,EuroSports Global Ltd,Consumer Cyclical,Auto & Truck Dealerships,,SGD,Asset Turnover,,0.78,0.64,0.9,1.54,1.55,1.14,1.23,1.4,0.61,1.18,,
5G2,XSES,Kim Heng Ltd,Energy,Oil & Gas Equipment & Services,,SGD,Return on Asset %,,-13.2,-11.71,-10.99,-6.53,-4.42,-4.64,5.17,0.98,0.15,-5.02,,
5G2,XSES,Kim Heng Ltd,Energy,Oil & Gas Equipment & Services,,SGD,Return on Equity %,,-19.68,-17.57,-18.75,-12.68,-9.04,-11.2,13.81,2.77,0.51,-19.12,,
5G2,XSES,Kim Heng Ltd,Energy,Oil & Gas Equipment & Services,,SGD,Return on Invested Capital %,,-15.08,-12.81,-11.66,-6.11,-3.71,-4.07,8.54,3.68,3.02,-4.54,,
5G2,XSES,Kim Heng Ltd,Energy,Oil & Gas Equipment & Services,,SGD,Days Sales Outstanding,,105.24,97.02,76.02,46.4,70.56,51.45,63.04,52.76,58.05,61.16,,
5G2,XSES,Kim Heng Ltd,Energy,Oil & Gas Equipment & Services,,SGD,Days Inventory,,11.2,6.83,2.02,1.76,4.27,9.83,17.15,84.16,98.69,83.44,,
5G2,XSES,Kim Heng Ltd,Energy,Oil & Gas Equipment & Services,,SGD,Payables Period,,106.29,120.4,82.17,50.1,73.45,64.96,66.82,59.27,51.34,53.5,,
5G2,XSES,Kim Heng Ltd,Energy,Oil & Gas Equipment & Services,,SGD,Cash Conversion Cycle,,10.15,-16.55,-4.14,-1.94,1.37,-3.67,13.36,77.65,105.4,91.1,,
5G2,XSES,Kim Heng Ltd,Energy,Oil & Gas Equipment & Services,,SGD,Recieveables Turnover,,3.47,3.76,4.8,7.87,5.17,7.09,5.79,6.92,6.29,5.97,,
5G2,XSES,Kim Heng Ltd,Energy,Oil & Gas Equipment & Services,,SGD,Inventory Turnover,,32.59,53.4,181.1,207.23,85.48,37.11,21.29,4.34,3.7,4.37,,
5G2,XSES,Kim Heng Ltd,Energy,Oil & Gas Equipment & Services,,SGD,Fixed Assets Turnover,,0.33,0.26,0.38,0.67,0.45,0.62,0.77,1.02,1.21,1.12,,
5G2,XSES,Kim Heng Ltd,Energy,Oil & Gas Equipment & Services,,SGD,Asset Turnover,,0.23,0.21,0.31,0.49,0.32,0.5,0.56,0.63,0.7,0.69,,
5G9,XSES,Tritech Group Ltd,Industrials,Engineering & Construction,,SGD,Return on Asset %,,-9.73,-9.26,-7.25,-23.09,-15.73,-11.47,-2.35,-28.63,-7.36,0.14,,
5G9,XSES,Tritech Group Ltd,Industrials,Engineering & Construction,,SGD,Return on Equity %,,-19.92,-22.47,-18.26,-67.24,-54.76,-32.37,-8.55,-151.45,-75.95,1.85,,
5G9,XSES,Tritech Group Ltd,Industrials,Engineering & Construction,,SGD,Return on Invested Capital %,,-10.88,-10.79,-7.25,-32.12,-22.33,-15.07,-3.2,-62.62,-13.81,6.21,,
5G9,XSES,Tritech Group Ltd,Industrials,Engineering & Construction,,SGD,Days Sales Outstanding,,143.44,46.62,169.11,438.58,780.41,51.75,35.14,36.01,28.08,21.43,,
5G9,XSES,Tritech Group Ltd,Industrials,Engineering & Construction,,SGD,Days Inventory,,38.14,40.01,17.74,12.74,2.61,0.52,0.73,1.23,1.29,0.91,,
5G9,XSES,Tritech Group Ltd,Industrials,Engineering & Construction,,SGD,Payables Period,,109.03,295.07,182.59,149.77,112.78,61.4,40.14,33.22,39.26,47.5,,
5G9,XSES,Tritech Group Ltd,Industrials,Engineering & Construction,,SGD,Cash Conversion Cycle,,72.55,-208.43,4.26,301.54,670.23,-9.14,-4.28,4.02,-9.88,-25.17,,
5G9,XSES,Tritech Group Ltd,Industrials,Engineering & Construction,,SGD,Recieveables Turnover,,2.54,7.83,2.16,0.83,0.47,7.05,10.39,10.14,13.0,17.04,,
5G9,XSES,Tritech Group Ltd,Industrials,Engineering & Construction,,SGD,Inventory Turnover,,9.57,9.12,20.57,28.66,140.06,705.05,502.2,297.0,282.53,400.87,,
5G9,XSES,Tritech Group Ltd,Industrials,Engineering & Construction,,SGD,Fixed Assets Turnover,,1.23,1.01,1.21,0.92,0.53,4.96,7.82,5.73,4.1,4.36,,
5G9,XSES,Tritech Group Ltd,Industrials,Engineering & Construction,,SGD,Asset Turnover,,0.46,0.37,0.44,0.34,0.14,0.57,0.64,0.66,0.87,1.0,,
5GD,XSES,Sunpower Group Ltd,Utilities,Utilities - Independent Power Producers,,SGD,Return on Asset %,,5.35,3.75,5.51,1.94,-0.7,11.17,1.94,2.3,1.5,3.86,,
5GD,XSES,Sunpower Group Ltd,Utilities,Utilities - Independent Power Producers,,SGD,Return on Equity %,,13.6,12.25,22.48,8.31,-3.26,51.04,8.37,9.68,6.1,14.37,,
5GD,XSES,Sunpower Group Ltd,Utilities,Utilities - Independent Power Producers,,SGD,Return on Invested Capital %,,10.42,9.05,13.13,6.4,2.36,18.71,5.75,6.35,4.75,6.81,,
5GD,XSES,Sunpower Group Ltd,Utilities,Utilities - Independent Power Producers,,SGD,Days Sales Outstanding,,227.44,179.01,101.68,90.29,95.03,70.79,34.12,77.82,88.1,99.07,,
5GD,XSES,Sunpower Group Ltd,Utilities,Utilities - Independent Power Producers,,SGD,Days Inventory,,66.62,64.74,59.86,70.21,64.41,47.36,18.53,22.24,21.31,23.65,,
5GD,XSES,Sunpower Group Ltd,Utilities,Utilities - Independent Power Producers,,SGD,Payables Period,,206.17,195.76,162.8,152.33,116.62,106.25,81.64,83.1,61.52,77.09,,
5GD,XSES,Sunpower Group Ltd,Utilities,Utilities - Independent Power Producers,,SGD,Cash Conversion Cycle,,87.89,47.98,-1.26,8.16,42.82,11.9,-28.99,16.96,47.88,45.63,,
5GD,XSES,Sunpower Group Ltd,Utilities,Utilities - Independent Power Producers,,SGD,Recieveables Turnover,,1.6,2.04,3.59,4.04,3.84,5.16,10.7,4.69,4.14,3.68,,
5GD,XSES,Sunpower Group Ltd,Utilities,Utilities - Independent Power Producers,,SGD,Inventory Turnover,,5.48,5.64,6.1,5.2,5.67,7.71,19.7,16.41,17.13,15.43,,
5GD,XSES,Sunpower Group Ltd,Utilities,Utilities - Independent Power Producers,,SGD,Fixed Assets Turnover,,5.84,5.43,4.86,3.8,3.99,3.49,5.34,5.87,6.87,6.81,,
5GD,XSES,Sunpower Group Ltd,Utilities,Utilities - Independent Power Producers,,SGD,Asset Turnover,,0.61,0.51,0.56,0.51,0.51,0.39,0.48,0.44,0.44,0.41,,
5GI,XSES,Interra Resources Ltd,Energy,Oil & Gas E&P,,SGD,Return on Asset %,,-13.72,2.43,1.79,-1.19,-2.86,5.92,19.04,4.68,7.89,-52.65,,
5GI,XSES,Interra Resources Ltd,Energy,Oil & Gas E&P,,SGD,Return on Equity %,,-31.69,5.92,3.43,-1.78,-4.27,8.78,27.2,6.08,9.43,-61.8,,
5GI,XSES,Interra Resources Ltd,Energy,Oil & Gas E&P,,SGD,Return on Invested Capital %,,-28.06,4.55,2.36,-2.31,-4.54,8.05,25.99,3.84,6.67,-63.09,,
5GI,XSES,Interra Resources Ltd,Energy,Oil & Gas E&P,,SGD,Days Sales Outstanding,,126.47,150.08,76.39,50.16,76.99,96.98,64.26,66.08,59.49,68.5,,
5GI,XSES,Interra Resources Ltd,Energy,Oil & Gas E&P,,SGD,Days Inventory,,221.88,364.92,196.04,136.38,146.72,164.66,110.86,109.54,120.85,130.22,,
5GI,XSES,Interra Resources Ltd,Energy,Oil & Gas E&P,,SGD,Payables Period,,486.06,408.41,80.47,61.2,57.84,93.03,67.44,48.68,37.98,28.12,,
5GI,XSES,Interra Resources Ltd,Energy,Oil & Gas E&P,,SGD,Cash Conversion Cycle,,-137.71,106.59,191.96,125.34,165.87,168.62,107.68,126.95,142.36,170.6,,
5GI,XSES,Interra Resources Ltd,Energy,Oil & Gas E&P,,SGD,Recieveables Turnover,,2.89,2.43,4.78,7.28,4.74,3.76,5.68,5.52,6.14,5.33,,
5GI,XSES,Interra Resources Ltd,Energy,Oil & Gas E&P,,SGD,Inventory Turnover,,1.65,1.0,1.86,2.68,2.49,2.22,3.29,3.33,3.02,2.8,,
5GI,XSES,Interra Resources Ltd,Energy,Oil & Gas E&P,,SGD,Fixed Assets Turnover,,1.39,0.91,0.93,0.74,0.45,0.49,0.98,0.82,0.83,1.16,,
5GI,XSES,Interra Resources Ltd,Energy,Oil & Gas E&P,,SGD,Asset Turnover,,0.26,0.21,0.31,0.39,0.26,0.28,0.49,0.36,0.32,0.29,,
5GZ,XSES,HGH Holdings Ltd,Industrials,Electrical Equipment & Parts,,SGD,Return on Asset %,,-3.85,41.34,-5.93,-7.14,-5.71,-3.3,-2.23,-0.47,-0.3,6.52,,
5GZ,XSES,HGH Holdings Ltd,Industrials,Electrical Equipment & Parts,,SGD,Return on Equity %,,-7.91,78.81,-9.81,-10.26,-8.08,-4.62,-3.18,-0.66,-0.43,10.73,,
5GZ,XSES,HGH Holdings Ltd,Industrials,Electrical Equipment & Parts,,SGD,Return on Invested Capital %,,-3.43,59.0,-8.69,-9.13,-6.93,-3.87,-2.55,-0.55,-0.11,9.08,,
5GZ,XSES,HGH Holdings Ltd,Industrials,Electrical Equipment & Parts,,SGD,Days Sales Outstanding,,112.49,146.55,137.2,121.3,85.07,43.62,59.85,64.68,65.78,53.31,,
5GZ,XSES,HGH Holdings Ltd,Industrials,Electrical Equipment & Parts,,SGD,Days Inventory,,80.86,84.66,2.47,2.74,9.52,6.28,4.8,4.95,6.13,2.57,,
5GZ,XSES,HGH Holdings Ltd,Industrials,Electrical Equipment & Parts,,SGD,Payables Period,,95.32,197.79,114.96,101.85,139.47,100.73,111.49,86.18,81.17,71.68,,
5GZ,XSES,HGH Holdings Ltd,Industrials,Electrical Equipment & Parts,,SGD,Cash Conversion Cycle,,98.04,33.41,24.72,22.19,-44.88,-50.83,-46.84,-16.55,-9.26,-15.8,,
5GZ,XSES,HGH Holdings Ltd,Industrials,Electrical Equipment & Parts,,SGD,Recieveables Turnover,,3.24,2.49,2.66,3.01,4.29,8.37,6.1,5.64,5.55,6.85,,
5GZ,XSES,HGH Holdings Ltd,Industrials,Electrical Equipment & Parts,,SGD,Inventory Turnover,,4.51,4.31,147.61,133.38,38.34,58.13,76.1,73.74,59.56,142.2,,
5GZ,XSES,HGH Holdings Ltd,Industrials,Electrical Equipment & Parts,,SGD,Fixed Assets Turnover,,1.24,0.29,0.32,0.39,0.37,10.69,7.51,5.32,2.79,4.06,,
5GZ,XSES,HGH Holdings Ltd,Industrials,Electrical Equipment & Parts,,SGD,Asset Turnover,,0.54,0.16,0.21,0.29,0.16,0.29,0.32,0.31,0.32,0.68,,
5HG,XSES,,,,,SGD,Return on Asset %,,-11.85,-5.82,-10.66,-27.36,-19.09,-21.75,-37.05,-60.97,-47.70,-52.82,,
5HG,XSES,,,,,SGD,Return on Equity %,,-13.83,-5.79,-10.69,-28.78,-20.58,-25.53,-52.07,-149.65,-,-,,
5HG,XSES,,,,,SGD,Return on Invested Capital %,,-13.31,-6.6,-11.7,-30.46,-22.74,-24.54,-47.66,-125.36,-,-,,
5HG,XSES,,,,,SGD,Days Sales Outstanding,,478.55,87.39,1106.9,189.08,92.15,128.01,93.99,43.77,40.09,38.63,,
5HG,XSES,,,,,SGD,Days Inventory,,-,9.09,18.67,84.73,132.61,214.52,279.12,187.67,150.52,104.01,,
5HG,XSES,,,,,SGD,Payables Period,,-,476.81,201.17,358.48,277.03,294.56,394.52,394.55,365.00,237.38,,
5HG,XSES,,,,,SGD,Cash Conversion Cycle,,-,-380.34,924.4,-84.67,-52.27,47.97,-21.41,-163.11,-174.38,-94.73,,
5HG,XSES,,,,,SGD,Recieveables Turnover,,0.76,4.18,0.33,1.93,3.96,2.85,3.88,8.34,9.10,9.45,,
5HG,XSES,,,,,SGD,Inventory Turnover,,-,40.16,19.55,4.31,2.75,1.7,1.31,1.94,2.42,3.51,,
5HG,XSES,,,,,SGD,Fixed Assets Turnover,,0.09,0.21,0.01,0.05,0.15,0.06,0.05,0.1,0.20,0.34,,
5HG,XSES,,,,,SGD,Asset Turnover,,0.01,0.02,0.0,0.01,0.01,0.01,0.02,0.06,0.11,0.13,,
5HH,XSES,Prospera Global Ltd,Consumer Cyclical,Lodging,,SGD,Return on Asset %,,-1.31,-24.45,-14.68,-27.02,-33.18,-44.44,-47.88,-45.21,-127.82,-11.48,,
5HH,XSES,Prospera Global Ltd,Consumer Cyclical,Lodging,,SGD,Return on Equity %,,-2.21,-41.54,-26.39,-44.55,-38.57,-53.48,-58.49,-59.26,-191.48,-12.62,,
5HH,XSES,Prospera Global Ltd,Consumer Cyclical,Lodging,,SGD,Return on Invested Capital %,,-3.48,-39.87,-26.18,-42.90,-36.43,-49.93,-54.00,-53.13,-164.71,-12.39,,
5HH,XSES,Prospera Global Ltd,Consumer Cyclical,Lodging,,SGD,Days Sales Outstanding,,89.72,1622.48,26.02,15.54,30.11,13.30,15.58,24.84,31.21,4.37,,
5HH,XSES,Prospera Global Ltd,Consumer Cyclical,Lodging,,SGD,Days Inventory,,47.81,708.39,-,-,-,-,-,-,-,-,,
5HH,XSES,Prospera Global Ltd,Consumer Cyclical,Lodging,,SGD,Payables Period,,453.43,6484.04,249.56,8.04,13.41,10.47,10.18,12.74,20.14,36.73,,
5HH,XSES,Prospera Global Ltd,Consumer Cyclical,Lodging,,SGD,Cash Conversion Cycle,,-315.9,-4153.16,-,-,-,-,-,-,-,-,,
5HH,XSES,Prospera Global Ltd,Consumer Cyclical,Lodging,,SGD,Recieveables Turnover,,4.07,0.23,14.03,23.48,12.12,27.45,23.42,14.70,11.70,83.51,,
5HH,XSES,Prospera Global Ltd,Consumer Cyclical,Lodging,,SGD,Inventory Turnover,,7.63,0.52,-,-,-,-,-,-,-,-,,
5HH,XSES,Prospera Global Ltd,Consumer Cyclical,Lodging,,SGD,Fixed Assets Turnover,,7.38,0.4,19.13,3.01,1.30,1.51,2.42,2.32,2.03,31.26,,
5HH,XSES,Prospera Global Ltd,Consumer Cyclical,Lodging,,SGD,Asset Turnover,,0.44,0.02,0.02,0.04,0.06,0.09,0.17,0.20,0.26,0.58,,
5HV,XSES,Koh Brothers Eco Engineering Ltd,Industrials,Engineering & Construction,,SGD,Return on Asset %,,4.93,3.32,2.39,2.0,-3.98,0.73,0.76,-5.26,-6.22,2.35,,
5HV,XSES,Koh Brothers Eco Engineering Ltd,Industrials,Engineering & Construction,,SGD,Return on Equity %,,22.61,13.87,7.35,5.8,-11.31,1.65,1.51,-11.06,-14.12,5.82,,
5HV,XSES,Koh Brothers Eco Engineering Ltd,Industrials,Engineering & Construction,,SGD,Return on Invested Capital %,,15.92,10.89,5.94,4.57,-5.25,1.54,1.51,-6.81,-8.78,4.27,,
5HV,XSES,Koh Brothers Eco Engineering Ltd,Industrials,Engineering & Construction,,SGD,Days Sales Outstanding,,121.6,110.08,55.82,48.54,50.2,42.82,36.89,42.55,77.31,58.47,,
5HV,XSES,Koh Brothers Eco Engineering Ltd,Industrials,Engineering & Construction,,SGD,Days Inventory,,1.24,0.55,0.18,0.22,6.54,12.31,9.31,9.92,11.93,8.32,,
5HV,XSES,Koh Brothers Eco Engineering Ltd,Industrials,Engineering & Construction,,SGD,Payables Period,,146.9,128.64,80.13,107.37,159.39,117.88,91.28,109.88,122.81,106.02,,
5HV,XSES,Koh Brothers Eco Engineering Ltd,Industrials,Engineering & Construction,,SGD,Cash Conversion Cycle,,-24.06,-18.02,-24.13,-58.61,-102.65,-62.76,-45.08,-57.4,-33.57,-39.23,,
5HV,XSES,Koh Brothers Eco Engineering Ltd,Industrials,Engineering & Construction,,SGD,Recieveables Turnover,,3.0,3.32,6.54,7.52,7.27,8.53,9.89,8.58,4.72,6.24,,
5HV,XSES,Koh Brothers Eco Engineering Ltd,Industrials,Engineering & Construction,,SGD,Inventory Turnover,,293.25,667.54,2053.61,1652.29,55.81,29.66,39.19,36.78,30.6,43.87,,
5HV,XSES,Koh Brothers Eco Engineering Ltd,Industrials,Engineering & Construction,,SGD,Fixed Assets Turnover,,12.82,9.96,9.12,5.18,2.85,3.56,4.99,4.68,4.46,7.7,,
5HV,XSES,Koh Brothers Eco Engineering Ltd,Industrials,Engineering & Construction,,SGD,Asset Turnover,,1.62,1.41,1.4,1.03,0.62,0.64,0.74,0.61,0.54,0.85,,
5I1,XSES,KOP Ltd,Real Estate,Real Estate - Development,,SGD,Return on Asset %,,0.17,0.66,-4.77,-2.55,-0.64,-3.53,-3.86,-12.95,-1.87,-1.17,,
5I1,XSES,KOP Ltd,Real Estate,Real Estate - Development,,SGD,Return on Equity %,,0.37,1.25,-7.93,-4.92,-1.4,-8.12,-9.41,-33.05,-4.09,-1.76,,
5I1,XSES,KOP Ltd,Real Estate,Real Estate - Development,,SGD,Return on Invested Capital %,,-1.38,0.33,-4.14,-1.19,0.83,-2.21,-2.31,-10.59,-0.09,-1.14,,
5I1,XSES,KOP Ltd,Real Estate,Real Estate - Development,,SGD,Days Sales Outstanding,,18.36,32.06,18.87,27.17,18.65,19.91,25.07,9.79,16.0,21.54,,
5I1,XSES,KOP Ltd,Real Estate,Real Estate - Development,,SGD,Days Inventory,,12.9,22.6,520.25,3286.23,5768.61,7154.51,3988.17,1184.99,408.66,159.02,,
5I1,XSES,KOP Ltd,Real Estate,Real Estate - Development,,SGD,Payables Period,,1137.9,1522.38,576.27,170.27,171.51,186.68,87.82,32.01,19.74,21.66,,
5I1,XSES,KOP Ltd,Real Estate,Real Estate - Development,,SGD,Cash Conversion Cycle,,-1106.64,-1467.72,-37.16,3143.13,5615.76,6987.74,3925.42,1162.77,404.92,158.9,,
5I1,XSES,KOP Ltd,Real Estate,Real Estate - Development,,SGD,Recieveables Turnover,,19.88,11.39,19.34,13.44,19.57,18.34,14.56,37.28,22.81,16.95,,
5I1,XSES,KOP Ltd,Real Estate,Real Estate - Development,,SGD,Inventory Turnover,,28.3,16.15,0.7,0.11,0.06,0.05,0.09,0.31,0.89,2.3,,
5I1,XSES,KOP Ltd,Real Estate,Real Estate - Development,,SGD,Fixed Assets Turnover,,0.49,0.27,0.53,0.44,0.49,0.2,0.38,0.87,1.2,1.1,,
5I1,XSES,KOP Ltd,Real Estate,Real Estate - Development,,SGD,Asset Turnover,,0.12,0.09,0.16,0.08,0.07,0.03,0.06,0.2,0.51,0.69,,
5IC,XSES,SING Holdings Ltd,Real Estate,Real Estate Services,,SGD,Return on Asset %,,5.13,0.60,1.97,8.72,3.17,1.36,1.33,1.06,1.19,10.85,,
5IC,XSES,SING Holdings Ltd,Real Estate,Real Estate Services,,SGD,Return on Equity %,,10.67,1.29,4.36,16.44,5.46,3.14,3.45,2.52,3.08,36.57,,
5IC,XSES,SING Holdings Ltd,Real Estate,Real Estate Services,,SGD,Return on Invested Capital %,,6.27,0.88,3.1,9.74,3.96,1.83,1.57,0.81,1.23,12.54,,
5IC,XSES,SING Holdings Ltd,Real Estate,Real Estate Services,,SGD,Days Sales Outstanding,,52.78,265.84,97.15,13.81,10.69,5.74,131.8,1452.51,233.97,3.38,,
5IC,XSES,SING Holdings Ltd,Real Estate,Real Estate Services,,SGD,Days Inventory,,-,-,2483.85,438.36,436.03,1161.64,4427.27,-,53987.54,571.7,,
5IC,XSES,SING Holdings Ltd,Real Estate,Real Estate Services,,SGD,Payables Period,,22.27,176.21,72.96,15.98,33.82,55.97,153.17,-,866.51,4.32,,
5IC,XSES,SING Holdings Ltd,Real Estate,Real Estate Services,,SGD,Cash Conversion Cycle,,-,-,2508.03,436.19,412.9,1111.42,4405.9,-,53355.0,570.77,,
5IC,XSES,SING Holdings Ltd,Real Estate,Real Estate Services,,SGD,Recieveables Turnover,,6.91,1.37,3.76,26.43,34.15,63.55,2.77,0.25,1.56,107.84,,
5IC,XSES,SING Holdings Ltd,Real Estate,Real Estate Services,,SGD,Inventory Turnover,,-,-,0.15,0.83,0.84,0.31,0.08,-,0.01,0.64,,
5IC,XSES,SING Holdings Ltd,Real Estate,Real Estate Services,,SGD,Fixed Assets Turnover,,465.05,98.21,311.74,2875.97,742.93,396.51,45.05,2.74,12.11,1215.85,,
5IC,XSES,SING Holdings Ltd,Real Estate,Real Estate Services,,SGD,Asset Turnover,,0.55,0.08,0.13,0.61,0.33,0.17,0.08,0.01,0.02,0.67,,
5IF,XSES,Natural Cool Holdings Ltd,Industrials,Building Products & Equipment,,SGD,Return on Asset %,,-12.03,-6.43,0.32,-2.03,1.18,-5.46,1.39,0.66,1.72,1.89,,
5IF,XSES,Natural Cool Holdings Ltd,Industrials,Building Products & Equipment,,SGD,Return on Equity %,,-29.67,-22.79,1.28,-9.92,6.48,-32.87,9.41,3.89,9.15,9.57,,
5IF,XSES,Natural Cool Holdings Ltd,Industrials,Building Products & Equipment,,SGD,Return on Invested Capital %,,-20.38,-12.45,2.33,-1.29,2.77,-6.38,3.32,2.93,5.34,5.18,,
5IF,XSES,Natural Cool Holdings Ltd,Industrials,Building Products & Equipment,,SGD,Days Sales Outstanding,,29.61,35.34,37.49,52.67,64.15,45.67,50.61,54.9,58.45,54.23,,
5IF,XSES,Natural Cool Holdings Ltd,Industrials,Building Products & Equipment,,SGD,Days Inventory,,42.12,42.81,37.19,33.94,33.67,23.8,27.58,31.05,30.02,24.58,,
5IF,XSES,Natural Cool Holdings Ltd,Industrials,Building Products & Equipment,,SGD,Payables Period,,70.22,79.71,28.6,34.58,37.43,30.18,37.93,40.36,40.47,40.51,,
5IF,XSES,Natural Cool Holdings Ltd,Industrials,Building Products & Equipment,,SGD,Cash Conversion Cycle,,1.51,-1.56,46.08,52.03,60.39,39.29,40.26,45.59,48.0,38.3,,
5IF,XSES,Natural Cool Holdings Ltd,Industrials,Building Products & Equipment,,SGD,Recieveables Turnover,,12.33,10.33,9.73,6.93,5.69,7.99,7.21,6.65,6.24,6.73,,
5IF,XSES,Natural Cool Holdings Ltd,Industrials,Building Products & Equipment,,SGD,Inventory Turnover,,8.67,8.53,9.81,10.75,10.84,15.33,13.24,11.76,12.16,14.85,,
5IF,XSES,Natural Cool Holdings Ltd,Industrials,Building Products & Equipment,,SGD,Fixed Assets Turnover,,5.92,4.22,4.09,2.92,1.91,2.57,3.22,3.85,3.96,4.31,,
5IF,XSES,Natural Cool Holdings Ltd,Industrials,Building Products & Equipment,,SGD,Asset Turnover,,1.39,1.42,1.64,1.47,1.11,1.43,1.5,1.58,1.59,1.73,,
5IG,XSES,Gallant Venture Ltd,Utilities,Utilities - Diversified,,SGD,Return on Asset %,,1.49,-2.94,-1.51,-4.1,-19.75,-3.97,-0.98,-1.07,-3.26,0.61,,
5IG,XSES,Gallant Venture Ltd,Utilities,Utilities - Diversified,,SGD,Return on Equity %,,4.44,-9.12,-5.12,-16.54,-66.79,-6.84,-1.74,-1.99,-6.58,1.64,,
5IG,XSES,Gallant Venture Ltd,Utilities,Utilities - Diversified,,SGD,Return on Invested Capital %,,3.68,-1.27,0.52,-2.06,-23.58,-3.51,0.58,1.24,-1.35,3.38,,
5IG,XSES,Gallant Venture Ltd,Utilities,Utilities - Diversified,,SGD,Days Sales Outstanding,,60.83,50.92,50.14,45.1,347.25,97.04,97.41,91.72,101.89,102.42,,
5IG,XSES,Gallant Venture Ltd,Utilities,Utilities - Diversified,,SGD,Days Inventory,,227.97,218.71,224.17,211.3,2365.83,1970.01,1981.97,1926.22,1918.09,1673.46,,
5IG,XSES,Gallant Venture Ltd,Utilities,Utilities - Diversified,,SGD,Payables Period,,38.4,42.43,65.54,56.59,279.08,19.87,20.42,21.38,27.23,49.58,,
5IG,XSES,Gallant Venture Ltd,Utilities,Utilities - Diversified,,SGD,Cash Conversion Cycle,,250.4,227.2,208.77,199.81,2433.99,2047.18,2058.95,1996.56,1992.74,1726.3,,
5IG,XSES,Gallant Venture Ltd,Utilities,Utilities - Diversified,,SGD,Recieveables Turnover,,6.0,7.17,7.28,8.09,1.05,3.76,3.75,3.98,3.58,3.56,,
5IG,XSES,Gallant Venture Ltd,Utilities,Utilities - Diversified,,SGD,Inventory Turnover,,1.6,1.67,1.63,1.73,0.15,0.19,0.18,0.19,0.19,0.22,,
5IG,XSES,Gallant Venture Ltd,Utilities,Utilities - Diversified,,SGD,Fixed Assets Turnover,,2.89,3.1,2.72,2.0,0.21,1.03,1.19,1.18,1.18,0.88,,
5IG,XSES,Gallant Venture Ltd,Utilities,Utilities - Diversified,,SGD,Asset Turnover,,0.35,0.38,0.38,0.36,0.04,0.1,0.12,0.13,0.13,0.12,,
5JK,XSES,Hiap Hoe Ltd,Consumer Cyclical,Lodging,,SGD,Return on Asset %,,3.47,5.80,-0.65,1.39,-2.28,1.32,-1.38,0.35,0.41,1.85,,
5JK,XSES,Hiap Hoe Ltd,Consumer Cyclical,Lodging,,SGD,Return on Equity %,,6.55,10.71,-1.28,2.89,-4.87,2.85,-2.99,0.77,0.92,4.16,,
5JK,XSES,Hiap Hoe Ltd,Consumer Cyclical,Lodging,,SGD,Return on Invested Capital %,,4.61,6.91,-0.15,2.48,-1.81,1.83,-0.43,2.38,2.21,2.95,,
5JK,XSES,Hiap Hoe Ltd,Consumer Cyclical,Lodging,,SGD,Days Sales Outstanding,,15.55,3.46,5.65,10.68,20.35,19.58,14.18,11.5,8.53,6.66,,
5JK,XSES,Hiap Hoe Ltd,Consumer Cyclical,Lodging,,SGD,Days Inventory,,-,-,28.0,25.35,37.36,30.52,35.94,39.75,29.56,21.44,,
5JK,XSES,Hiap Hoe Ltd,Consumer Cyclical,Lodging,,SGD,Payables Period,,-,-,130.8,35.62,39.98,24.89,27.12,28.6,25.24,20.56,,
5JK,XSES,Hiap Hoe Ltd,Consumer Cyclical,Lodging,,SGD,Cash Conversion Cycle,,-,-,-97.14,0.4,17.73,25.22,23.0,22.66,12.86,7.54,,
5JK,XSES,Hiap Hoe Ltd,Consumer Cyclical,Lodging,,SGD,Recieveables Turnover,,23.47,105.47,64.59,34.18,17.94,18.64,25.74,31.73,42.77,54.77,,
5JK,XSES,Hiap Hoe Ltd,Consumer Cyclical,Lodging,,SGD,Inventory Turnover,,-,-,13.03,14.4,9.77,11.96,10.16,9.18,12.35,17.02,,
5JK,XSES,Hiap Hoe Ltd,Consumer Cyclical,Lodging,,SGD,Fixed Assets Turnover,,0.11,0.33,0.24,0.17,0.11,0.14,0.19,0.19,0.23,0.24,,
5JK,XSES,Hiap Hoe Ltd,Consumer Cyclical,Lodging,,SGD,Asset Turnover,,0.06,0.18,0.12,0.08,0.05,0.06,0.07,0.07,0.08,0.08,,
5JS,XSES,Indofood Agri Resources Ltd,Consumer Defensive,Packaged Foods,,SGD,Return on Asset %,,1.31,1.21,-0.59,-1.1,0.05,2.01,2.03,1.63,2.93,3.08,,
5JS,XSES,Indofood Agri Resources Ltd,Consumer Defensive,Packaged Foods,,SGD,Return on Equity %,,3.86,3.74,-1.86,-3.56,0.18,6.6,6.3,4.65,8.04,8.5,,
5JS,XSES,Indofood Agri Resources Ltd,Consumer Defensive,Packaged Foods,,SGD,Return on Invested Capital %,,4.19,3.97,1.2,0.94,2.49,5.43,5.27,3.97,6.1,6.11,,
5JS,XSES,Indofood Agri Resources Ltd,Consumer Defensive,Packaged Foods,,SGD,Days Sales Outstanding,,22.88,24.05,30.59,33.31,30.32,24.68,27.31,22.24,21.62,21.59,,
5JS,XSES,Indofood Agri Resources Ltd,Consumer Defensive,Packaged Foods,,SGD,Days Inventory,,77.22,79.13,87.49,92.88,101.4,87.31,104.31,104.34,136.2,112.51,,
5JS,XSES,Indofood Agri Resources Ltd,Consumer Defensive,Packaged Foods,,SGD,Payables Period,,23.3,17.61,23.13,27.85,26.49,19.26,25.31,27.42,27.81,25.75,,
5JS,XSES,Indofood Agri Resources Ltd,Consumer Defensive,Packaged Foods,,SGD,Cash Conversion Cycle,,76.81,85.58,94.95,98.35,105.23,92.73,106.31,99.17,130.01,108.35,,
5JS,XSES,Indofood Agri Resources Ltd,Consumer Defensive,Packaged Foods,,SGD,Recieveables Turnover,,15.95,15.18,11.93,10.96,12.04,14.79,13.37,16.41,16.88,16.91,,
5JS,XSES,Indofood Agri Resources Ltd,Consumer Defensive,Packaged Foods,,SGD,Inventory Turnover,,4.73,4.61,4.17,3.93,3.6,4.18,3.5,3.5,2.68,3.24,,
5JS,XSES,Indofood Agri Resources Ltd,Consumer Defensive,Packaged Foods,,SGD,Fixed Assets Turnover,,1.0,0.82,0.73,0.7,0.74,1.04,0.97,0.9,0.94,1.29,,
5JS,XSES,Indofood Agri Resources Ltd,Consumer Defensive,Packaged Foods,,SGD,Asset Turnover,,0.38,0.43,0.38,0.36,0.39,0.52,0.47,0.42,0.42,0.51,,
5KI,XSES,Soup Holdings Ltd,Consumer Cyclical,Restaurants,,SGD,Return on Asset %,,6.48,12.8,13.47,3.3,3.18,3.23,5.88,5.55,-9.87,-5.06,,
5KI,XSES,Soup Holdings Ltd,Consumer Cyclical,Restaurants,,SGD,Return on Equity %,,10.29,20.09,20.5,7.26,8.63,7.5,13.45,14.18,-28.56,-16.39,,
5KI,XSES,Soup Holdings Ltd,Consumer Cyclical,Restaurants,,SGD,Return on Invested Capital %,,9.97,19.78,20.14,6.53,5.29,5.04,8.38,8.1,-10.79,-4.65,,
5KI,XSES,Soup Holdings Ltd,Consumer Cyclical,Restaurants,,SGD,Days Sales Outstanding,,3.55,5.3,6.83,8.08,10.54,10.56,8.31,7.03,5.46,3.42,,
5KI,XSES,Soup Holdings Ltd,Consumer Cyclical,Restaurants,,SGD,Days Inventory,,8.12,3.94,4.35,5.59,7.83,7.55,6.2,4.76,4.17,4.13,,
5KI,XSES,Soup Holdings Ltd,Consumer Cyclical,Restaurants,,SGD,Payables Period,,21.57,7.72,12.76,13.8,15.98,15.77,14.6,12.99,12.74,12.62,,
5KI,XSES,Soup Holdings Ltd,Consumer Cyclical,Restaurants,,SGD,Cash Conversion Cycle,,-9.9,1.53,-1.58,-0.13,2.39,2.35,-0.09,-1.2,-3.11,-5.08,,
5KI,XSES,Soup Holdings Ltd,Consumer Cyclical,Restaurants,,SGD,Recieveables Turnover,,102.81,68.85,53.44,45.19,34.63,34.55,43.94,51.94,66.88,106.78,,
5KI,XSES,Soup Holdings Ltd,Consumer Cyclical,Restaurants,,SGD,Inventory Turnover,,44.94,92.58,83.86,65.24,46.59,48.32,58.82,76.72,87.6,88.43,,
5KI,XSES,Soup Holdings Ltd,Consumer Cyclical,Restaurants,,SGD,Fixed Assets Turnover,,11.88,11.3,12.9,4.4,2.24,3.07,4.1,3.17,2.64,2.86,,
5KI,XSES,Soup Holdings Ltd,Consumer Cyclical,Restaurants,,SGD,Asset Turnover,,2.5,2.67,2.7,1.87,1.14,1.24,1.51,1.39,1.32,1.55,,
5LE,XSES,Sitra Holdings (International) Ltd,Consumer Cyclical,"Furnishings, Fixtures & Appliances",,SGD,Return on Asset %,,9.61,-14.85,-17.89,-4.82,-31.03,-1.3,-17.8,-16.47,-9.67,-10.7,,
5LE,XSES,Sitra Holdings (International) Ltd,Consumer Cyclical,"Furnishings, Fixtures & Appliances",,SGD,Return on Equity %,,12.06,-18.4,-25.06,-7.43,-54.31,-2.4,-27.88,-24.56,-15.03,-17.78,,
5LE,XSES,Sitra Holdings (International) Ltd,Consumer Cyclical,"Furnishings, Fixtures & Appliances",,SGD,Return on Invested Capital %,,11.99,-17.77,-22.47,-6.05,-47.59,-1.81,-26.48,-22.38,-12.78,-15.46,,
5LE,XSES,Sitra Holdings (International) Ltd,Consumer Cyclical,"Furnishings, Fixtures & Appliances",,SGD,Days Sales Outstanding,,19.12,20.87,16.15,17.21,26.86,23.78,22.15,14.68,16.92,12.51,,
5LE,XSES,Sitra Holdings (International) Ltd,Consumer Cyclical,"Furnishings, Fixtures & Appliances",,SGD,Days Inventory,,56.64,53.25,77.17,61.77,46.5,37.64,50.39,63.88,54.75,30.9,,
5LE,XSES,Sitra Holdings (International) Ltd,Consumer Cyclical,"Furnishings, Fixtures & Appliances",,SGD,Payables Period,,43.79,21.1,26.33,27.74,29.0,22.82,24.12,20.35,22.53,18.99,,
5LE,XSES,Sitra Holdings (International) Ltd,Consumer Cyclical,"Furnishings, Fixtures & Appliances",,SGD,Cash Conversion Cycle,,31.97,53.03,66.99,51.24,44.36,38.6,48.42,58.21,49.15,24.42,,
5LE,XSES,Sitra Holdings (International) Ltd,Consumer Cyclical,"Furnishings, Fixtures & Appliances",,SGD,Recieveables Turnover,,19.09,17.49,22.61,21.21,13.59,15.35,16.48,24.86,21.57,29.17,,
5LE,XSES,Sitra Holdings (International) Ltd,Consumer Cyclical,"Furnishings, Fixtures & Appliances",,SGD,Inventory Turnover,,6.44,6.85,4.73,5.91,7.85,9.7,7.24,5.71,6.67,11.81,,
5LE,XSES,Sitra Holdings (International) Ltd,Consumer Cyclical,"Furnishings, Fixtures & Appliances",,SGD,Fixed Assets Turnover,,4.27,4.27,4.09,2.34,1.57,2.42,2.1,1.54,1.7,2.64,,
5LE,XSES,Sitra Holdings (International) Ltd,Consumer Cyclical,"Furnishings, Fixtures & Appliances",,SGD,Asset Turnover,,0.99,0.97,0.83,0.82,0.81,1.4,1.28,1.05,1.03,1.32,,
5LY,XSES,Marco Polo Marine Ltd,Industrials,Marine Shipping,,SGD,Return on Asset %,,-3.8,-108.03,132.56,-3.1,-7.76,11.69,13.03,10.82,8.62,18.76,,
5LY,XSES,Marco Polo Marine Ltd,Industrials,Marine Shipping,,SGD,Return on Equity %,,-10.08,-10116.14,-,-3.48,-8.84,13.77,16.82,14.72,12.3,27.61,,
5LY,XSES,Marco Polo Marine Ltd,Industrials,Marine Shipping,,SGD,Return on Invested Capital %,,-2.84,-120.28,-,-3.69,-9.23,12.96,15.89,13.36,10.38,22.65,,
5LY,XSES,Marco Polo Marine Ltd,Industrials,Marine Shipping,,SGD,Days Sales Outstanding,,97.69,96.74,58.59,99.09,120.31,79.06,62.29,57.71,64.07,75.75,,
5LY,XSES,Marco Polo Marine Ltd,Industrials,Marine Shipping,,SGD,Days Inventory,,182.68,132.14,141.52,20.46,15.36,11.52,8.97,22.42,29.28,12.23,,
5LY,XSES,Marco Polo Marine Ltd,Industrials,Marine Shipping,,SGD,Payables Period,,139.42,101.28,126.91,82.83,69.43,57.11,59.82,60.59,73.92,75.18,,
5LY,XSES,Marco Polo Marine Ltd,Industrials,Marine Shipping,,SGD,Cash Conversion Cycle,,140.95,127.59,73.21,36.72,66.24,33.47,11.43,19.54,19.43,12.79,,
5LY,XSES,Marco Polo Marine Ltd,Industrials,Marine Shipping,,SGD,Recieveables Turnover,,3.74,3.77,6.23,3.68,3.03,4.62,5.86,6.33,5.7,4.82,,
5LY,XSES,Marco Polo Marine Ltd,Industrials,Marine Shipping,,SGD,Inventory Turnover,,2.0,2.76,2.58,17.84,23.76,31.69,40.71,16.28,12.47,29.86,,
5LY,XSES,Marco Polo Marine Ltd,Industrials,Marine Shipping,,SGD,Fixed Assets Turnover,,0.2,0.24,0.32,0.37,0.41,0.67,1.1,1.31,0.97,0.63,,
5LY,XSES,Marco Polo Marine Ltd,Industrials,Marine Shipping,,SGD,Asset Turnover,,0.11,0.13,0.21,0.24,0.26,0.36,0.53,0.61,0.49,0.39,,
5MD,XSES,Soon Lian Holdings Ltd,Basic Materials,Aluminum,,SGD,Return on Asset %,,-3.9,2.51,-0.41,1.56,0.83,11.18,10.12,-5.89,8.37,6.09,,
5MD,XSES,Soon Lian Holdings Ltd,Basic Materials,Aluminum,,SGD,Return on Equity %,,-8.42,5.47,-0.86,2.79,1.38,18.63,19.03,-11.23,14.23,10.46,,
5MD,XSES,Soon Lian Holdings Ltd,Basic Materials,Aluminum,,SGD,Return on Invested Capital %,,-5.71,4.98,1.0,4.07,1.96,14.71,16.39,-6.75,12.74,9.82,,
5MD,XSES,Soon Lian Holdings Ltd,Basic Materials,Aluminum,,SGD,Days Sales Outstanding,,111.06,93.29,107.07,116.16,115.65,88.5,74.77,95.99,84.22,79.25,,
5MD,XSES,Soon Lian Holdings Ltd,Basic Materials,Aluminum,,SGD,Days Inventory,,310.44,246.9,335.5,374.73,283.73,222.13,284.87,278.52,192.94,197.64,,
5MD,XSES,Soon Lian Holdings Ltd,Basic Materials,Aluminum,,SGD,Payables Period,,190.46,188.39,234.72,206.16,116.32,86.91,140.13,132.62,91.83,109.87,,
5MD,XSES,Soon Lian Holdings Ltd,Basic Materials,Aluminum,,SGD,Cash Conversion Cycle,,231.05,151.8,207.84,284.73,283.06,223.72,219.51,241.89,185.33,167.02,,
5MD,XSES,Soon Lian Holdings Ltd,Basic Materials,Aluminum,,SGD,Recieveables Turnover,,3.29,3.91,3.41,3.14,3.16,4.12,4.88,3.8,4.33,4.61,,
5MD,XSES,Soon Lian Holdings Ltd,Basic Materials,Aluminum,,SGD,Inventory Turnover,,1.18,1.48,1.09,0.97,1.29,1.64,1.28,1.31,1.89,1.85,,
5MD,XSES,Soon Lian Holdings Ltd,Basic Materials,Aluminum,,SGD,Fixed Assets Turnover,,1.39,2.87,6.27,3.78,4.07,6.93,8.76,6.66,8.1,7.9,,
5MD,XSES,Soon Lian Holdings Ltd,Basic Materials,Aluminum,,SGD,Asset Turnover,,0.55,0.62,0.56,0.59,0.67,0.96,0.95,0.75,1.02,0.99,,
5ML,XSES,Old Chang Kee Ltd,Consumer Cyclical,Restaurants,,SGD,Return on Asset %,,9.34,3.32,7.83,8.41,1.43,12.16,7.55,7.99,11.28,12.06,,
5ML,XSES,Old Chang Kee Ltd,Consumer Cyclical,Restaurants,,SGD,Return on Equity %,,14.65,5.63,14.47,15.26,3.1,29.07,16.06,15.78,21.69,21.52,,
5ML,XSES,Old Chang Kee Ltd,Consumer Cyclical,Restaurants,,SGD,Return on Invested Capital %,,12.01,4.48,10.9,11.67,3.35,15.99,9.9,9.85,13.65,14.45,,
5ML,XSES,Old Chang Kee Ltd,Consumer Cyclical,Restaurants,,SGD,Days Sales Outstanding,,0.71,0.95,1.13,1.51,1.86,1.5,0.96,1.2,2.23,2.18,,
5ML,XSES,Old Chang Kee Ltd,Consumer Cyclical,Restaurants,,SGD,Days Inventory,,8.3,9.03,10.41,12.95,13.59,16.43,14.65,12.62,14.65,15.43,,
5ML,XSES,Old Chang Kee Ltd,Consumer Cyclical,Restaurants,,SGD,Payables Period,,51.75,62.72,52.33,43.6,38.44,44.57,42.17,42.05,45.28,46.61,,
5ML,XSES,Old Chang Kee Ltd,Consumer Cyclical,Restaurants,,SGD,Cash Conversion Cycle,,-42.74,-52.73,-40.78,-29.13,-23.0,-26.64,-26.56,-28.24,-28.4,-29.0,,
5ML,XSES,Old Chang Kee Ltd,Consumer Cyclical,Restaurants,,SGD,Recieveables Turnover,,512.9,383.11,322.59,241.04,196.74,243.36,381.71,304.87,164.02,167.13,,
5ML,XSES,Old Chang Kee Ltd,Consumer Cyclical,Restaurants,,SGD,Inventory Turnover,,43.97,40.42,35.05,28.18,26.87,22.21,24.92,28.93,24.91,23.65,,
5ML,XSES,Old Chang Kee Ltd,Consumer Cyclical,Restaurants,,SGD,Fixed Assets Turnover,,2.67,2.77,2.84,2.94,2.41,1.76,1.96,2.41,2.71,2.8,,
5ML,XSES,Old Chang Kee Ltd,Consumer Cyclical,Restaurants,,SGD,Asset Turnover,,1.39,1.49,1.66,1.74,1.48,1.05,1.03,1.17,1.18,1.08,,
5MZ,XSES,Kingsmen Creatives Ltd,Industrials,Consulting Services,,SGD,Return on Asset %,,4.65,3.85,3.02,0.18,-4.04,0.39,1.79,1.08,4.86,4.88,,
5MZ,XSES,Kingsmen Creatives Ltd,Industrials,Consulting Services,,SGD,Return on Equity %,,10.43,8.19,6.73,0.44,-10.1,0.94,4.23,2.61,11.44,11.03,,
5MZ,XSES,Kingsmen Creatives Ltd,Industrials,Consulting Services,,SGD,Return on Invested Capital %,,9.58,7.5,5.75,0.82,-6.83,1.04,3.53,2.31,9.49,9.39,,
5MZ,XSES,Kingsmen Creatives Ltd,Industrials,Consulting Services,,SGD,Days Sales Outstanding,,105.49,107.51,91.66,92.96,101.47,88.56,79.37,83.97,75.24,82.39,,
5MZ,XSES,Kingsmen Creatives Ltd,Industrials,Consulting Services,,SGD,Days Inventory,,3.22,2.53,3.76,4.2,3.62,3.01,2.13,1.51,0.65,0.1,,
5MZ,XSES,Kingsmen Creatives Ltd,Industrials,Consulting Services,,SGD,Payables Period,,100.63,105.81,101.8,109.19,126.73,117.66,99.9,89.88,81.12,127.49,,
5MZ,XSES,Kingsmen Creatives Ltd,Industrials,Consulting Services,,SGD,Cash Conversion Cycle,,8.08,4.23,-6.38,-12.02,-21.65,-26.09,-18.4,-4.4,-5.23,-45.0,,
5MZ,XSES,Kingsmen Creatives Ltd,Industrials,Consulting Services,,SGD,Recieveables Turnover,,3.46,3.39,3.98,3.93,3.6,4.12,4.6,4.35,4.85,4.43,,
5MZ,XSES,Kingsmen Creatives Ltd,Industrials,Consulting Services,,SGD,Inventory Turnover,,113.41,144.24,96.97,86.8,100.91,121.1,171.73,241.48,558.03,3571.21,,
5MZ,XSES,Kingsmen Creatives Ltd,Industrials,Consulting Services,,SGD,Fixed Assets Turnover,,13.58,10.57,8.79,6.59,5.06,5.87,8.07,9.53,10.74,10.28,,
5MZ,XSES,Kingsmen Creatives Ltd,Industrials,Consulting Services,,SGD,Asset Turnover,,1.29,1.22,1.34,1.26,1.04,1.06,1.27,1.36,1.44,1.33,,
5NF,XSES,Mencast Holdings Ltd,Energy,Oil & Gas Equipment & Services,,SGD,Return on Asset %,,-7.71,-27.24,-3.16,-2.83,2.73,2.94,-0.2,0.76,1.36,-2.05,,
5NF,XSES,Mencast Holdings Ltd,Energy,Oil & Gas Equipment & Services,,SGD,Return on Equity %,,-22.14,-110.64,-28.19,-34.0,32.21,24.59,-1.4,4.88,7.55,-10.9,,
5NF,XSES,Mencast Holdings Ltd,Energy,Oil & Gas Equipment & Services,,SGD,Return on Invested Capital %,,-7.21,-28.67,-1.78,0.59,8.62,7.05,3.14,7.42,7.94,0.43,,
5NF,XSES,Mencast Holdings Ltd,Energy,Oil & Gas Equipment & Services,,SGD,Days Sales Outstanding,,155.49,117.25,72.47,81.08,96.37,104.22,122.07,89.59,75.78,80.96,,
5NF,XSES,Mencast Holdings Ltd,Energy,Oil & Gas Equipment & Services,,SGD,Days Inventory,,65.0,60.84,45.38,40.26,55.53,54.12,62.69,51.75,44.07,43.82,,
5NF,XSES,Mencast Holdings Ltd,Energy,Oil & Gas Equipment & Services,,SGD,Payables Period,,109.0,64.81,44.18,47.97,60.41,25.98,25.14,18.34,18.21,18.35,,
5NF,XSES,Mencast Holdings Ltd,Energy,Oil & Gas Equipment & Services,,SGD,Cash Conversion Cycle,,111.49,113.28,73.68,73.37,91.49,132.36,159.61,123.0,101.64,106.43,,
5NF,XSES,Mencast Holdings Ltd,Energy,Oil & Gas Equipment & Services,,SGD,Recieveables Turnover,,2.35,3.11,5.04,4.5,3.79,3.5,2.99,4.07,4.82,4.51,,
5NF,XSES,Mencast Holdings Ltd,Energy,Oil & Gas Equipment & Services,,SGD,Inventory Turnover,,5.62,6.0,8.04,9.07,6.57,6.74,5.82,7.05,8.28,8.33,,
5NF,XSES,Mencast Holdings Ltd,Energy,Oil & Gas Equipment & Services,,SGD,Fixed Assets Turnover,,0.28,0.24,0.46,0.51,0.42,0.52,0.46,0.59,0.73,0.7,,
5NF,XSES,Mencast Holdings Ltd,Energy,Oil & Gas Equipment & Services,,SGD,Asset Turnover,,0.17,0.17,0.29,0.24,0.2,0.23,0.2,0.25,0.3,0.28,,
5NV,XSES,Chasen Holdings Ltd,Industrials,Integrated Freight & Logistics,,SGD,Return on Asset %,,-1.23,2.07,4.14,4.0,-11.34,1.12,1.72,0.76,-3.3,16.84,,
5NV,XSES,Chasen Holdings Ltd,Industrials,Integrated Freight & Logistics,,SGD,Return on Equity %,,-2.32,4.14,8.18,7.64,-24.88,3.02,4.94,2.33,-11.04,48.74,,
5NV,XSES,Chasen Holdings Ltd,Industrials,Integrated Freight & Logistics,,SGD,Return on Invested Capital %,,-0.41,3.85,6.63,5.96,-12.19,2.67,3.41,3.13,-1.74,22.8,,
5NV,XSES,Chasen Holdings Ltd,Industrials,Integrated Freight & Logistics,,SGD,Days Sales Outstanding,,155.3,136.63,119.01,114.05,136.53,110.2,101.95,115.54,169.75,101.02,,
5NV,XSES,Chasen Holdings Ltd,Industrials,Integrated Freight & Logistics,,SGD,Days Inventory,,19.7,19.8,17.81,17.78,21.69,20.87,19.31,21.9,34.78,23.33,,
5NV,XSES,Chasen Holdings Ltd,Industrials,Integrated Freight & Logistics,,SGD,Payables Period,,56.75,68.41,60.2,51.25,51.15,56.45,52.85,50.44,54.06,19.33,,
5NV,XSES,Chasen Holdings Ltd,Industrials,Integrated Freight & Logistics,,SGD,Cash Conversion Cycle,,118.25,88.02,76.62,80.57,107.07,74.61,68.4,87.01,150.47,105.02,,
5NV,XSES,Chasen Holdings Ltd,Industrials,Integrated Freight & Logistics,,SGD,Recieveables Turnover,,2.35,2.67,3.07,3.2,2.67,3.31,3.58,3.16,2.15,3.61,,
5NV,XSES,Chasen Holdings Ltd,Industrials,Integrated Freight & Logistics,,SGD,Inventory Turnover,,18.52,18.44,20.49,20.53,16.83,17.49,18.9,16.67,10.49,15.64,,
5NV,XSES,Chasen Holdings Ltd,Industrials,Integrated Freight & Logistics,,SGD,Fixed Assets Turnover,,3.09,3.09,3.43,3.35,2.25,2.18,2.17,1.95,1.24,1.25,,
5NV,XSES,Chasen Holdings Ltd,Industrials,Integrated Freight & Logistics,,SGD,Asset Turnover,,0.78,0.85,0.97,0.98,0.74,0.85,0.91,0.82,0.46,0.57,,
5OC,XSES,Koyo International Ltd,Industrials,Engineering & Construction,,SGD,Return on Asset %,,3.35,2.98,4.54,1.44,1.5,-3.0,-10.96,3.68,0.12,5.04,,
5OC,XSES,Koyo International Ltd,Industrials,Engineering & Construction,,SGD,Return on Equity %,,4.08,3.77,6.09,1.98,2.12,-4.33,-19.13,8.78,0.32,15.49,,
5OC,XSES,Koyo International Ltd,Industrials,Engineering & Construction,,SGD,Return on Invested Capital %,,3.50,3.07,5.11,0.63,1.3,-4.11,-17.38,7.53,1.9,11.77,,
5OC,XSES,Koyo International Ltd,Industrials,Engineering & Construction,,SGD,Days Sales Outstanding,,57.25,103.84,72.23,37.37,44.53,45.13,25.93,25.6,34.08,33.79,,
5OC,XSES,Koyo International Ltd,Industrials,Engineering & Construction,,SGD,Days Inventory,,-,-,0.08,0.21,0.2,0.3,0.44,0.31,0.25,0.07,,
5OC,XSES,Koyo International Ltd,Industrials,Engineering & Construction,,SGD,Payables Period,,135.56,117.56,66.31,99.74,125.42,64.01,63.69,77.16,110.36,62.73,,
5OC,XSES,Koyo International Ltd,Industrials,Engineering & Construction,,SGD,Cash Conversion Cycle,,-,-,6.0,-62.15,-80.69,-18.58,-37.32,-51.26,-76.03,-28.88,,
5OC,XSES,Koyo International Ltd,Industrials,Engineering & Construction,,SGD,Recieveables Turnover,,6.38,3.52,5.05,9.77,8.2,8.09,14.08,14.26,10.71,10.8,,
5OC,XSES,Koyo International Ltd,Industrials,Engineering & Construction,,SGD,Inventory Turnover,,-,-,4564.0,1726.47,1854.92,1236.28,826.34,1195.35,1437.96,5364.77,,
5OC,XSES,Koyo International Ltd,Industrials,Engineering & Construction,,SGD,Fixed Assets Turnover,,160.90,70.02,44.57,25.04,6.99,5.21,6.26,9.73,6.83,15.67,,
5OC,XSES,Koyo International Ltd,Industrials,Engineering & Construction,,SGD,Asset Turnover,,0.69,0.68,0.93,0.74,0.6,0.93,1.19,1.46,1.01,1.82,,
5OI,XSES,Japan Foods Holding Ltd,Consumer Cyclical,Restaurants,,SGD,Return on Asset %,,9.8,11.69,13.74,7.67,1.67,4.96,4.43,4.9,-0.54,-9.4,,
5OI,XSES,Japan Foods Holding Ltd,Consumer Cyclical,Restaurants,,SGD,Return on Equity %,,12.29,14.9,17.59,9.83,3.12,11.2,9.78,12.62,-1.58,-30.72,,
5OI,XSES,Japan Foods Holding Ltd,Consumer Cyclical,Restaurants,,SGD,Return on Invested Capital %,,12.04,14.67,17.33,9.54,2.34,6.84,5.91,6.58,1.07,-9.55,,
5OI,XSES,Japan Foods Holding Ltd,Consumer Cyclical,Restaurants,,SGD,Days Sales Outstanding,,3.63,3.8,4.6,5.36,4.37,5.18,6.09,4.75,4.95,5.49,,
5OI,XSES,Japan Foods Holding Ltd,Consumer Cyclical,Restaurants,,SGD,Days Inventory,,23.53,22.88,22.49,23.13,25.06,33.79,26.94,20.88,21.13,20.52,,
5OI,XSES,Japan Foods Holding Ltd,Consumer Cyclical,Restaurants,,SGD,Payables Period,,52.83,44.24,45.55,47.98,49.42,78.5,65.87,43.79,49.7,47.47,,
5OI,XSES,Japan Foods Holding Ltd,Consumer Cyclical,Restaurants,,SGD,Cash Conversion Cycle,,-25.68,-17.56,-18.46,-19.48,-19.99,-39.53,-32.84,-18.16,-23.62,-21.47,,
5OI,XSES,Japan Foods Holding Ltd,Consumer Cyclical,Restaurants,,SGD,Recieveables Turnover,,100.65,95.99,79.3,68.08,83.53,70.49,59.92,76.77,73.75,66.5,,
5OI,XSES,Japan Foods Holding Ltd,Consumer Cyclical,Restaurants,,SGD,Inventory Turnover,,15.51,15.95,16.23,15.78,14.57,10.8,13.55,17.48,17.27,17.79,,
5OI,XSES,Japan Foods Holding Ltd,Consumer Cyclical,Restaurants,,SGD,Fixed Assets Turnover,,5.02,6.04,7.09,7.33,2.53,1.33,1.47,1.57,1.48,1.59,,
5OI,XSES,Japan Foods Holding Ltd,Consumer Cyclical,Restaurants,,SGD,Asset Turnover,,1.63,1.64,1.61,1.56,1.12,0.7,0.75,0.93,0.94,1.0,,
5OQ,XSES,Teho International Inc Ltd,Energy,Oil & Gas Equipment & Services,,SGD,Return on Asset %,,-17.11,-8.72,-2.55,-0.62,1.92,5.24,4.81,4.82,1.6,2.6,,
5OQ,XSES,Teho International Inc Ltd,Energy,Oil & Gas Equipment & Services,,SGD,Return on Equity %,,-46.32,-27.61,-8.81,-2.28,8.29,19.58,14.68,13.08,3.85,6.02,,
5OQ,XSES,Teho International Inc Ltd,Energy,Oil & Gas Equipment & Services,,SGD,Return on Invested Capital %,,-21.74,-11.29,-2.1,0.99,4.37,7.25,6.79,7.35,3.94,4.66,,
5OQ,XSES,Teho International Inc Ltd,Energy,Oil & Gas Equipment & Services,,SGD,Days Sales Outstanding,,85.59,73.01,71.51,85.19,59.27,50.99,58.46,53.84,60.07,49.82,,
5OQ,XSES,Teho International Inc Ltd,Energy,Oil & Gas Equipment & Services,,SGD,Days Inventory,,210.42,178.83,165.12,266.42,309.27,272.08,301.41,206.78,222.78,208.42,,
5OQ,XSES,Teho International Inc Ltd,Energy,Oil & Gas Equipment & Services,,SGD,Payables Period,,54.43,65.68,48.31,44.44,32.85,30.88,38.1,28.48,32.67,31.19,,
5OQ,XSES,Teho International Inc Ltd,Energy,Oil & Gas Equipment & Services,,SGD,Cash Conversion Cycle,,241.58,186.16,188.32,307.17,335.68,292.19,321.77,232.14,250.18,227.06,,
5OQ,XSES,Teho International Inc Ltd,Energy,Oil & Gas Equipment & Services,,SGD,Recieveables Turnover,,4.26,5.0,5.1,4.28,6.16,7.16,6.24,6.78,6.08,7.33,,
5OQ,XSES,Teho International Inc Ltd,Energy,Oil & Gas Equipment & Services,,SGD,Inventory Turnover,,1.73,2.04,2.21,1.37,1.18,1.34,1.21,1.77,1.64,1.75,,
5OQ,XSES,Teho International Inc Ltd,Energy,Oil & Gas Equipment & Services,,SGD,Fixed Assets Turnover,,1.82,2.34,2.78,3.92,5.9,4.67,4.12,4.89,4.21,4.12,,
5OQ,XSES,Teho International Inc Ltd,Energy,Oil & Gas Equipment & Services,,SGD,Asset Turnover,,0.41,0.51,0.65,0.74,0.96,1.0,0.97,1.2,1.07,1.15,,
5OR,XSES,Heatec Jietong Holdings Ltd,Energy,Oil & Gas Equipment & Services,,SGD,Return on Asset %,,2.21,-13.79,-10.74,-7.87,-0.12,-9.35,-3.12,-2.31,-4.07,-3.71,,
5OR,XSES,Heatec Jietong Holdings Ltd,Energy,Oil & Gas Equipment & Services,,SGD,Return on Equity %,,3.38,-21.0,-19.03,-16.22,-0.25,-21.45,-7.08,-4.87,-8.15,-6.73,,
5OR,XSES,Heatec Jietong Holdings Ltd,Energy,Oil & Gas Equipment & Services,,SGD,Return on Invested Capital %,,3.08,-16.15,-12.69,-8.8,1.58,-10.03,-1.82,-0.27,-2.52,-2.47,,
5OR,XSES,Heatec Jietong Holdings Ltd,Energy,Oil & Gas Equipment & Services,,SGD,Days Sales Outstanding,,211.69,230.01,137.79,145.15,119.7,98.15,91.99,78.03,110.36,101.26,,
5OR,XSES,Heatec Jietong Holdings Ltd,Energy,Oil & Gas Equipment & Services,,SGD,Days Inventory,,12.87,14.39,14.19,15.19,9.99,9.23,8.99,7.76,10.03,9.74,,
5OR,XSES,Heatec Jietong Holdings Ltd,Energy,Oil & Gas Equipment & Services,,SGD,Payables Period,,23.93,29.41,45.51,56.81,33.13,23.42,24.28,30.96,49.86,35.9,,
5OR,XSES,Heatec Jietong Holdings Ltd,Energy,Oil & Gas Equipment & Services,,SGD,Cash Conversion Cycle,,200.62,214.99,106.47,103.52,96.55,83.96,76.71,54.83,70.53,75.1,,
5OR,XSES,Heatec Jietong Holdings Ltd,Energy,Oil & Gas Equipment & Services,,SGD,Recieveables Turnover,,1.72,1.59,2.65,2.51,3.05,3.72,3.97,4.68,3.31,3.6,,
5OR,XSES,Heatec Jietong Holdings Ltd,Energy,Oil & Gas Equipment & Services,,SGD,Inventory Turnover,,28.37,25.37,25.72,24.03,36.55,39.55,40.6,47.01,36.39,37.48,,
5OR,XSES,Heatec Jietong Holdings Ltd,Energy,Oil & Gas Equipment & Services,,SGD,Fixed Assets Turnover,,2.44,1.78,2.46,2.11,1.86,2.21,2.37,3.07,2.7,3.01,,
5OR,XSES,Heatec Jietong Holdings Ltd,Energy,Oil & Gas Equipment & Services,,SGD,Asset Turnover,,0.82,0.63,0.86,0.76,0.69,0.78,0.86,1.05,0.88,1.04,,
5OX,XSES,Mary Chia Holdings Ltd,Consumer Cyclical,Personal Services,,SGD,Return on Asset %,,-5.57,-9.45,-9.21,-7.31,-161.50,23.75,-9.60,-10.61,-115.40,10.13,,
5OX,XSES,Mary Chia Holdings Ltd,Consumer Cyclical,Personal Services,,SGD,Return on Equity %,,-30.88,-81.77,-348.73,-,-,-,-,-,-,-,,
5OX,XSES,Mary Chia Holdings Ltd,Consumer Cyclical,Personal Services,,SGD,Return on Invested Capital %,,-7.91,-15.13,-14.64,-,-,-,-,-,-,-,,
5OX,XSES,Mary Chia Holdings Ltd,Consumer Cyclical,Personal Services,,SGD,Days Sales Outstanding,,8.43,15.21,8.4,4.52,4.44,17.95,26.57,22.15,15.30,7.22,,
5OX,XSES,Mary Chia Holdings Ltd,Consumer Cyclical,Personal Services,,SGD,Days Inventory,,466.56,29.28,24.98,24.33,26.00,36.82,25.79,17.97,4.98,20.65,,
5OX,XSES,Mary Chia Holdings Ltd,Consumer Cyclical,Personal Services,,SGD,Payables Period,,4674.9,264.63,184.92,165.49,85.48,68.73,77.55,60.30,47.12,22.91,,
5OX,XSES,Mary Chia Holdings Ltd,Consumer Cyclical,Personal Services,,SGD,Cash Conversion Cycle,,-4199.91,-220.13,-151.55,-136.64,-55.03,-13.96,-25.19,-20.19,-26.83,4.95,,
5OX,XSES,Mary Chia Holdings Ltd,Consumer Cyclical,Personal Services,,SGD,Recieveables Turnover,,43.3,23.99,43.46,80.77,82.16,20.33,13.74,16.48,23.86,50.58,,
5OX,XSES,Mary Chia Holdings Ltd,Consumer Cyclical,Personal Services,,SGD,Inventory Turnover,,0.78,12.46,14.61,15.00,14.04,9.91,14.15,20.31,73.28,17.68,,
5OX,XSES,Mary Chia Holdings Ltd,Consumer Cyclical,Personal Services,,SGD,Fixed Assets Turnover,,2.7,1.71,3.87,9.34,10.53,3.82,2.84,2.67,3.10,19.41,,
5OX,XSES,Mary Chia Holdings Ltd,Consumer Cyclical,Personal Services,,SGD,Asset Turnover,,0.2,0.12,0.14,0.25,1.55,1.14,1.02,0.94,1.30,6.83,,
5PC,XSES,Goodland Group Ltd,Real Estate,Real Estate - Development,,SGD,Return on Asset %,,-0.91,4.40,1.51,0.06,-0.98,0.29,2.94,0.4,-0.57,0.42,,
5PC,XSES,Goodland Group Ltd,Real Estate,Real Estate - Development,,SGD,Return on Equity %,,-2.04,8.98,2.65,0.11,-1.81,0.53,5.41,0.76,-1.07,0.8,,
5PC,XSES,Goodland Group Ltd,Real Estate,Real Estate - Development,,SGD,Return on Invested Capital %,,-0.59,5.85,2.27,0.47,-0.81,0.85,4.35,1.6,0.14,1.17,,
5PC,XSES,Goodland Group Ltd,Real Estate,Real Estate - Development,,SGD,Days Sales Outstanding,,196.63,214.09,274.99,155.33,27.28,12.47,8.3,57.23,115.09,12.59,,
5PC,XSES,Goodland Group Ltd,Real Estate,Real Estate - Development,,SGD,Days Inventory,,-,-,2547.68,12150.12,3499.67,3682.62,2690.84,4976.19,7680.81,17351.22,,
5PC,XSES,Goodland Group Ltd,Real Estate,Real Estate - Development,,SGD,Payables Period,,40.80,48.33,47.2,59.32,17.27,18.25,15.12,39.73,55.2,73.59,,
5PC,XSES,Goodland Group Ltd,Real Estate,Real Estate - Development,,SGD,Cash Conversion Cycle,,-,-,2775.47,12246.13,3509.68,3676.84,2684.01,4993.7,7740.7,17290.23,,
5PC,XSES,Goodland Group Ltd,Real Estate,Real Estate - Development,,SGD,Recieveables Turnover,,1.86,1.70,1.33,2.35,13.38,29.28,44.0,6.38,3.17,28.98,,
5PC,XSES,Goodland Group Ltd,Real Estate,Real Estate - Development,,SGD,Inventory Turnover,,-,-,0.14,0.03,0.1,0.1,0.14,0.07,0.05,0.02,,
5PC,XSES,Goodland Group Ltd,Real Estate,Real Estate - Development,,SGD,Fixed Assets Turnover,,8.02,15.53,10.68,2.99,11.15,10.67,15.39,9.07,4.69,2.81,,
5PC,XSES,Goodland Group Ltd,Real Estate,Real Estate - Development,,SGD,Asset Turnover,,0.12,0.17,0.09,0.02,0.07,0.07,0.1,0.06,0.03,0.02,,
5PD,XSES,Hengyang Petrochemical Logistics Ltd,Energy,Oil & Gas Midstream,,SGD,Return on Asset %,-0.57,-3.76,9.12,-2.66,-3.85,0.92,-4.16,3.35,-4.05,0.08,,,
5PD,XSES,Hengyang Petrochemical Logistics Ltd,Energy,Oil & Gas Midstream,,SGD,Return on Equity %,-2.54,-18.25,28.31,-4.03,-5.85,1.12,-4.17,3.36,-4.07,0.08,,,
5PD,XSES,Hengyang Petrochemical Logistics Ltd,Energy,Oil & Gas Midstream,,SGD,Return on Invested Capital %,-0.58,-5.08,14.44,-4.22,-6.29,0.92,-4.29,3.32,-4.08,0.08,,,
5PD,XSES,Hengyang Petrochemical Logistics Ltd,Energy,Oil & Gas Midstream,,SGD,Days Sales Outstanding,51.95,65.43,-,-,-,-,-,-,-,-,,,
5PD,XSES,Hengyang Petrochemical Logistics Ltd,Energy,Oil & Gas Midstream,,SGD,Days Inventory,-,-,-,-,-,-,-,-,-,-,,,
5PD,XSES,Hengyang Petrochemical Logistics Ltd,Energy,Oil & Gas Midstream,,SGD,Payables Period,336.78,467.57,-,-,-,-,-,-,-,-,,,
5PD,XSES,Hengyang Petrochemical Logistics Ltd,Energy,Oil & Gas Midstream,,SGD,Cash Conversion Cycle,-,-,-,-,-,-,-,-,-,-,,,
5PD,XSES,Hengyang Petrochemical Logistics Ltd,Energy,Oil & Gas Midstream,,SGD,Recieveables Turnover,7.03,5.58,-,-,-,-,-,-,-,-,,,
5PD,XSES,Hengyang Petrochemical Logistics Ltd,Energy,Oil & Gas Midstream,,SGD,Inventory Turnover,-,-,-,-,-,-,-,-,-,-,,,
5PD,XSES,Hengyang Petrochemical Logistics Ltd,Energy,Oil & Gas Midstream,,SGD,Fixed Assets Turnover,0.15,0.09,-,-,-,-,-,-,-,-,,,
5PD,XSES,Hengyang Petrochemical Logistics Ltd,Energy,Oil & Gas Midstream,,SGD,Asset Turnover,0.12,0.08,-,-,-,-,-,-,-,-,,,
5PF,XSES,Jason Marine Group Ltd,Technology,Scientific & Technical Instruments,,SGD,Return on Asset %,,-14.25,0.95,0.09,0.4,6.4,0.96,0.7,0.4,0.27,2.21,,
5PF,XSES,Jason Marine Group Ltd,Technology,Scientific & Technical Instruments,,SGD,Return on Equity %,,-23.29,1.64,0.13,0.52,8.55,1.27,1.01,0.61,0.42,3.53,,
5PF,XSES,Jason Marine Group Ltd,Technology,Scientific & Technical Instruments,,SGD,Return on Invested Capital %,,-23.75,1.21,-0.17,0.03,7.96,1.14,1.03,0.32,-0.26,2.96,,
5PF,XSES,Jason Marine Group Ltd,Technology,Scientific & Technical Instruments,,SGD,Days Sales Outstanding,,137.57,121.53,102.34,97.99,63.11,60.18,49.47,65.03,72.18,76.02,,
5PF,XSES,Jason Marine Group Ltd,Technology,Scientific & Technical Instruments,,SGD,Days Inventory,,73.62,80.74,63.22,74.68,70.82,57.56,50.54,70.95,95.65,83.16,,
5PF,XSES,Jason Marine Group Ltd,Technology,Scientific & Technical Instruments,,SGD,Payables Period,,113.06,134.42,93.03,67.74,44.57,35.03,46.78,55.17,55.42,58.41,,
5PF,XSES,Jason Marine Group Ltd,Technology,Scientific & Technical Instruments,,SGD,Cash Conversion Cycle,,98.14,67.84,72.53,104.93,89.35,82.71,53.22,80.8,112.41,100.77,,
5PF,XSES,Jason Marine Group Ltd,Technology,Scientific & Technical Instruments,,SGD,Recieveables Turnover,,2.65,3.0,3.57,3.72,5.78,6.07,7.38,5.61,5.06,4.8,,
5PF,XSES,Jason Marine Group Ltd,Technology,Scientific & Technical Instruments,,SGD,Inventory Turnover,,4.96,4.52,5.77,4.89,5.15,6.34,7.22,5.14,3.82,4.39,,
5PF,XSES,Jason Marine Group Ltd,Technology,Scientific & Technical Instruments,,SGD,Fixed Assets Turnover,,44.41,28.05,24.33,30.38,31.79,24.48,21.65,21.92,23.94,27.76,,
5PF,XSES,Jason Marine Group Ltd,Technology,Scientific & Technical Instruments,,SGD,Asset Turnover,,0.88,0.87,0.65,0.61,0.88,0.93,0.9,0.87,1.02,1.38,,
5PO,XSES,Hiap Tong Corp Ltd,Industrials,Rental & Leasing Services,,SGD,Return on Asset %,,1.52,3.2,0.8,1.53,-5.15,-0.21,0.95,7.38,2.06,1.60,,
5PO,XSES,Hiap Tong Corp Ltd,Industrials,Rental & Leasing Services,,SGD,Return on Equity %,,2.96,5.93,1.41,2.64,-9.86,-0.43,2.04,15.99,4.32,3.14,,
5PO,XSES,Hiap Tong Corp Ltd,Industrials,Rental & Leasing Services,,SGD,Return on Invested Capital %,,2.22,4.23,1.67,2.66,-4.72,0.97,2.39,10.80,3.61,2.96,,
5PO,XSES,Hiap Tong Corp Ltd,Industrials,Rental & Leasing Services,,SGD,Days Sales Outstanding,,117.12,117.36,102.5,91.70,96.63,105.88,98.06,82.86,104.73,118.56,,
5PO,XSES,Hiap Tong Corp Ltd,Industrials,Rental & Leasing Services,,SGD,Days Inventory,,15.46,9.87,3.56,-,-,-,-,-,-,-,,
5PO,XSES,Hiap Tong Corp Ltd,Industrials,Rental & Leasing Services,,SGD,Payables Period,,89.44,102.4,70.05,20.24,48.06,51.52,80.23,99.25,69.53,54.53,,
5PO,XSES,Hiap Tong Corp Ltd,Industrials,Rental & Leasing Services,,SGD,Cash Conversion Cycle,,43.14,24.83,36.01,-,-,-,-,-,-,-,,
5PO,XSES,Hiap Tong Corp Ltd,Industrials,Rental & Leasing Services,,SGD,Recieveables Turnover,,3.12,3.11,3.56,3.98,3.78,3.45,3.72,4.40,3.49,3.08,,
5PO,XSES,Hiap Tong Corp Ltd,Industrials,Rental & Leasing Services,,SGD,Inventory Turnover,,23.61,36.97,102.53,-,-,-,-,-,-,-,,
5PO,XSES,Hiap Tong Corp Ltd,Industrials,Rental & Leasing Services,,SGD,Fixed Assets Turnover,,0.31,0.33,0.36,0.46,0.47,0.44,0.55,0.71,0.62,0.64,,
5PO,XSES,Hiap Tong Corp Ltd,Industrials,Rental & Leasing Services,,SGD,Asset Turnover,,0.27,0.28,0.3,0.37,0.37,0.34,0.40,0.53,0.46,0.48,,
5QY,XSES,Net Pacific Holdings Ltd,Financial Services,Mortgage Finance,,SGD,Return on Asset %,,4.64,4.22,-29.93,-8.90,-5.88,0.50,-3.31,-5.39,-11.92,-,,
5QY,XSES,Net Pacific Holdings Ltd,Financial Services,Mortgage Finance,,SGD,Return on Equity %,,4.84,4.42,-31.34,-9.23,-6.06,0.53,-3.54,-5.82,-17.43,-,,
5QY,XSES,Net Pacific Holdings Ltd,Financial Services,Mortgage Finance,,SGD,Return on Invested Capital %,,4.84,-0.51,-31.53,-9.37,-6.06,0.53,-3.54,-5.76,-14.03,-,,
5QY,XSES,Net Pacific Holdings Ltd,Financial Services,Mortgage Finance,,SGD,Days Sales Outstanding,,234.44,-,216.07,212.98,-,-,-,-,85.13,-,,
5QY,XSES,Net Pacific Holdings Ltd,Financial Services,Mortgage Finance,,SGD,Days Inventory,,-,-,-,-,-,-,-,-,127.07,-,,
5QY,XSES,Net Pacific Holdings Ltd,Financial Services,Mortgage Finance,,SGD,Payables Period,,-,-,-,460.09,-,-,-,-,75.41,-,,
5QY,XSES,Net Pacific Holdings Ltd,Financial Services,Mortgage Finance,,SGD,Cash Conversion Cycle,,-,-,-,-,-,-,-,-,136.79,-,,
5QY,XSES,Net Pacific Holdings Ltd,Financial Services,Mortgage Finance,,SGD,Recieveables Turnover,,1.56,-,1.69,1.71,-,-,-,-,4.29,-,,
5QY,XSES,Net Pacific Holdings Ltd,Financial Services,Mortgage Finance,,SGD,Inventory Turnover,,-,-,-,-,-,-,-,-,2.87,-,,
5QY,XSES,Net Pacific Holdings Ltd,Financial Services,Mortgage Finance,,SGD,Fixed Assets Turnover,,802.19,925.48,225.70,25.53,15.18,28.43,116.21,2.52,3.09,-,,
5QY,XSES,Net Pacific Holdings Ltd,Financial Services,Mortgage Finance,,SGD,Asset Turnover,,0.13,0.07,0.02,0.03,0.03,0.03,0.03,0.03,0.37,-,,
5RA,XSES,Asia-Pacific Strategic Investments Ltd,Consumer Cyclical,Lodging,,SGD,Return on Asset %,-3.98,-173.62,-16.91,-10.06,-9.61,-9.29,-5.95,-25.62,-15.28,-2.65,,,
5RA,XSES,Asia-Pacific Strategic Investments Ltd,Consumer Cyclical,Lodging,,SGD,Return on Equity %,-5.60,-230.26,-21.07,-13.21,-12.62,-12.44,-9.03,-43.15,-28.86,-5.07,,,
5RA,XSES,Asia-Pacific Strategic Investments Ltd,Consumer Cyclical,Lodging,,SGD,Return on Invested Capital %,-5.13,-230.73,-21.78,-11.20,-12.45,-10.86,-6.56,-31.05,-21.30,-5.65,,,
5RA,XSES,Asia-Pacific Strategic Investments Ltd,Consumer Cyclical,Lodging,,SGD,Days Sales Outstanding,8369.20,98.03,83.75,96.49,113.22,308.06,23.92,7.41,-,-,,,
5RA,XSES,Asia-Pacific Strategic Investments Ltd,Consumer Cyclical,Lodging,,SGD,Days Inventory,-,-,-,-,-,166.99,202.78,149.18,-,-,,,
5RA,XSES,Asia-Pacific Strategic Investments Ltd,Consumer Cyclical,Lodging,,SGD,Payables Period,-,227.39,176.65,110.95,120.07,508.72,287.73,445.27,-,-,,,
5RA,XSES,Asia-Pacific Strategic Investments Ltd,Consumer Cyclical,Lodging,,SGD,Cash Conversion Cycle,-,-,-,-,-,-33.67,-61.03,-288.68,-,-,,,
5RA,XSES,Asia-Pacific Strategic Investments Ltd,Consumer Cyclical,Lodging,,SGD,Recieveables Turnover,0.04,3.72,4.36,3.78,3.22,1.18,15.26,49.27,-,-,,,
5RA,XSES,Asia-Pacific Strategic Investments Ltd,Consumer Cyclical,Lodging,,SGD,Inventory Turnover,-,-,-,-,-,2.19,1.8,2.45,-,-,,,
5RA,XSES,Asia-Pacific Strategic Investments Ltd,Consumer Cyclical,Lodging,,SGD,Fixed Assets Turnover,2.34,34.09,30.20,2.85,0.47,0.02,0.04,0.05,-,-,,,
5RA,XSES,Asia-Pacific Strategic Investments Ltd,Consumer Cyclical,Lodging,,SGD,Asset Turnover,0.00,0.19,0.42,0.33,0.12,0.01,0.02,0.02,-,-,,,
5RC,XSES,ES Group (Holdings) Ltd,Industrials,Aerospace & Defense,,SGD,Return on Asset %,,-9.51,-5.39,2.04,10.13,2.21,-14.68,-5.36,-12.3,7.52,-9.02,,
5RC,XSES,ES Group (Holdings) Ltd,Industrials,Aerospace & Defense,,SGD,Return on Equity %,,-15.41,-9.33,3.63,15.89,3.08,-20.9,-7.98,-18.66,11.64,-14.5,,
5RC,XSES,ES Group (Holdings) Ltd,Industrials,Aerospace & Defense,,SGD,Return on Invested Capital %,,-12.73,-6.41,3.51,13.02,2.8,-16.53,-5.97,-14.12,10.01,-9.17,,
5RC,XSES,ES Group (Holdings) Ltd,Industrials,Aerospace & Defense,,SGD,Days Sales Outstanding,,216.14,218.14,213.25,145.03,135.33,106.75,71.58,73.78,45.53,58.11,,
5RC,XSES,ES Group (Holdings) Ltd,Industrials,Aerospace & Defense,,SGD,Days Inventory,,155.16,107.02,22.71,10.67,12.19,8.95,6.56,6.09,5.01,5.13,,
5RC,XSES,ES Group (Holdings) Ltd,Industrials,Aerospace & Defense,,SGD,Payables Period,,40.9,30.16,34.41,35.91,26.56,24.13,17.81,18.97,23.22,25.26,,
5RC,XSES,ES Group (Holdings) Ltd,Industrials,Aerospace & Defense,,SGD,Cash Conversion Cycle,,330.39,295.0,201.55,119.79,120.95,91.57,60.34,60.9,27.33,37.98,,
5RC,XSES,ES Group (Holdings) Ltd,Industrials,Aerospace & Defense,,SGD,Recieveables Turnover,,1.69,1.67,1.71,2.52,2.7,3.42,5.1,4.95,8.02,6.28,,
5RC,XSES,ES Group (Holdings) Ltd,Industrials,Aerospace & Defense,,SGD,Inventory Turnover,,2.35,3.41,16.07,34.22,29.94,40.77,55.66,59.98,72.8,71.1,,
5RC,XSES,ES Group (Holdings) Ltd,Industrials,Aerospace & Defense,,SGD,Fixed Assets Turnover,,1.58,1.33,1.46,1.67,1.28,1.32,1.78,1.45,1.84,1.41,,
5RC,XSES,ES Group (Holdings) Ltd,Industrials,Aerospace & Defense,,SGD,Asset Turnover,,0.45,0.49,0.59,0.61,0.39,0.51,0.89,0.82,1.12,0.85,,
5RE,XSES,Asia Vets Holdings Ltd,Healthcare,Medical Care Facilities,,SGD,Return on Asset %,,11.58,-4.79,-11.86,3.62,0.06,-1.31,-3.87,-3.92,-11.12,-47.79,,
5RE,XSES,Asia Vets Holdings Ltd,Healthcare,Medical Care Facilities,,SGD,Return on Equity %,,15.84,-4.86,-12.8,4.06,0.06,-1.43,-4.04,-4.09,-11.72,-51.19,,
5RE,XSES,Asia Vets Holdings Ltd,Healthcare,Medical Care Facilities,,SGD,Return on Invested Capital %,,13.19,-5.40,-13.45,3.11,-0.37,-1.52,-4.43,-5.73,-13.24,-50.94,,
5RE,XSES,Asia Vets Holdings Ltd,Healthcare,Medical Care Facilities,,SGD,Days Sales Outstanding,,-,-,38.92,1.07,1.1,1.13,0.48,0.38,0.64,0.6,,
5RE,XSES,Asia Vets Holdings Ltd,Healthcare,Medical Care Facilities,,SGD,Days Inventory,,-,-,22.04,15.4,15.15,21.2,24.66,23.56,18.47,18.01,,
5RE,XSES,Asia Vets Holdings Ltd,Healthcare,Medical Care Facilities,,SGD,Payables Period,,-,-,22.03,14.43,12.05,13.14,13.1,13.67,10.66,7.99,,
5RE,XSES,Asia Vets Holdings Ltd,Healthcare,Medical Care Facilities,,SGD,Cash Conversion Cycle,,-,-,38.93,2.03,4.2,9.18,12.04,10.28,8.46,10.62,,
5RE,XSES,Asia Vets Holdings Ltd,Healthcare,Medical Care Facilities,,SGD,Recieveables Turnover,,-,-,9.38,342.23,331.71,323.56,754.43,949.11,570.53,608.23,,
5RE,XSES,Asia Vets Holdings Ltd,Healthcare,Medical Care Facilities,,SGD,Inventory Turnover,,-,-,16.56,23.7,24.1,17.22,14.8,15.49,19.76,20.27,,
5RE,XSES,Asia Vets Holdings Ltd,Healthcare,Medical Care Facilities,,SGD,Fixed Assets Turnover,,-,-,6.69,7.16,7.56,5.66,4.93,6.77,3.88,2.68,,
5RE,XSES,Asia Vets Holdings Ltd,Healthcare,Medical Care Facilities,,SGD,Asset Turnover,,-,-,0.07,0.18,0.2,0.14,0.12,0.12,0.14,0.17,,
5SO,XSES,Duty Free International Ltd,Consumer Cyclical,Specialty Retail,,SGD,Return on Asset %,,10.92,10.89,5.67,6.19,1.43,-6.45,-0.75,3.36,2.92,10.87,,
5SO,XSES,Duty Free International Ltd,Consumer Cyclical,Specialty Retail,,SGD,Return on Equity %,,15.6,15.47,7.45,8.19,1.99,-9.17,-1.04,4.63,4.08,14.89,,
5SO,XSES,Duty Free International Ltd,Consumer Cyclical,Specialty Retail,,SGD,Return on Invested Capital %,,13.56,13.88,6.41,6.45,1.23,-7.3,-0.51,3.76,3.07,11.74,,
5SO,XSES,Duty Free International Ltd,Consumer Cyclical,Specialty Retail,,SGD,Days Sales Outstanding,,5.83,4.91,3.53,7.31,10.71,17.58,5.8,3.62,3.9,2.07,,
5SO,XSES,Duty Free International Ltd,Consumer Cyclical,Specialty Retail,,SGD,Days Inventory,,210.58,210.73,141.12,147.01,119.7,196.89,291.42,274.67,297.02,247.28,,
5SO,XSES,Duty Free International Ltd,Consumer Cyclical,Specialty Retail,,SGD,Payables Period,,98.53,122.43,88.79,69.7,50.19,67.65,58.81,36.66,53.71,44.47,,
5SO,XSES,Duty Free International Ltd,Consumer Cyclical,Specialty Retail,,SGD,Cash Conversion Cycle,,117.88,93.21,55.86,84.62,80.21,146.83,238.41,241.63,247.22,204.88,,
5SO,XSES,Duty Free International Ltd,Consumer Cyclical,Specialty Retail,,SGD,Recieveables Turnover,,62.61,74.28,103.41,49.95,34.09,20.76,62.95,100.69,93.57,176.05,,
5SO,XSES,Duty Free International Ltd,Consumer Cyclical,Specialty Retail,,SGD,Inventory Turnover,,1.73,1.73,2.59,2.48,3.05,1.85,1.25,1.33,1.23,1.48,,
5SO,XSES,Duty Free International Ltd,Consumer Cyclical,Specialty Retail,,SGD,Fixed Assets Turnover,,8.45,8.62,8.48,7.81,5.13,1.37,0.66,1.08,1.12,1.1,,
5SO,XSES,Duty Free International Ltd,Consumer Cyclical,Specialty Retail,,SGD,Asset Turnover,,1.06,0.95,0.84,0.74,0.81,0.34,0.2,0.33,0.33,0.31,,
5SR,XSES,Zhongmin Baihui Retail Group Ltd,Consumer Cyclical,Department Stores,,SGD,Return on Asset %,,17.7,9.42,6.92,6.76,5.41,-2.4,-,1.69,1.95,3.49,,
5SR,XSES,Zhongmin Baihui Retail Group Ltd,Consumer Cyclical,Department Stores,,SGD,Return on Equity %,,71.09,32.75,22.43,27.68,27.91,-13.96,-,12.16,12.81,20.54,,
5SR,XSES,Zhongmin Baihui Retail Group Ltd,Consumer Cyclical,Department Stores,,SGD,Return on Invested Capital %,,69.07,31.12,21.23,12.04,12.05,-2.9,-,4.83,5.45,7.38,,
5SR,XSES,Zhongmin Baihui Retail Group Ltd,Consumer Cyclical,Department Stores,,SGD,Days Sales Outstanding,,1.16,0.32,0.56,1.07,6.11,10.3,-,2.0,1.59,1.79,,
5SR,XSES,Zhongmin Baihui Retail Group Ltd,Consumer Cyclical,Department Stores,,SGD,Days Inventory,,68.13,58.58,54.44,52.84,53.45,70.45,-,80.45,86.44,102.44,,
5SR,XSES,Zhongmin Baihui Retail Group Ltd,Consumer Cyclical,Department Stores,,SGD,Payables Period,,178.35,163.93,162.67,161.92,152.92,189.01,-,167.62,112.07,99.68,,
5SR,XSES,Zhongmin Baihui Retail Group Ltd,Consumer Cyclical,Department Stores,,SGD,Cash Conversion Cycle,,-109.06,-105.02,-107.66,-108.02,-93.36,-108.26,-,-85.17,-24.04,4.55,,
5SR,XSES,Zhongmin Baihui Retail Group Ltd,Consumer Cyclical,Department Stores,,SGD,Recieveables Turnover,,315.15,1125.73,654.8,341.58,59.76,35.44,-,182.2,230.06,203.93,,
5SR,XSES,Zhongmin Baihui Retail Group Ltd,Consumer Cyclical,Department Stores,,SGD,Inventory Turnover,,5.36,6.23,6.7,6.91,6.83,5.18,-,4.54,4.22,3.56,,
5SR,XSES,Zhongmin Baihui Retail Group Ltd,Consumer Cyclical,Department Stores,,SGD,Fixed Assets Turnover,,18.12,9.43,6.33,3.75,3.21,2.72,-,2.18,2.31,2.31,,
5SR,XSES,Zhongmin Baihui Retail Group Ltd,Consumer Cyclical,Department Stores,,SGD,Asset Turnover,,1.58,1.71,1.65,1.36,1.21,0.96,-,0.79,0.8,0.78,,
5SY,XSES,OneApex Ltd,Real Estate,Real Estate Services,,SGD,Return on Asset %,,52.91,5.12,-4.39,-7.25,-8.27,-2.02,0.03,-0.92,17.14,-7.57,,
5SY,XSES,OneApex Ltd,Real Estate,Real Estate Services,,SGD,Return on Equity %,,73.53,6.43,-5.8,-10.23,-20.02,-8.93,0.18,-6.32,60.30,-10.61,,
5SY,XSES,OneApex Ltd,Real Estate,Real Estate Services,,SGD,Return on Invested Capital %,,66.2,5.79,-5.95,-11.36,-9.32,-1.06,0.65,-1.92,36.42,-11.55,,
5SY,XSES,OneApex Ltd,Real Estate,Real Estate Services,,SGD,Days Sales Outstanding,,55.93,52.39,347.29,72.68,173.62,95.61,97.61,55.11,1.09,940.78,,
5SY,XSES,OneApex Ltd,Real Estate,Real Estate Services,,SGD,Days Inventory,,132.19,76.15,181.9,5.85,2.68,-,8407.52,10332.53,166.93,1073.89,,
5SY,XSES,OneApex Ltd,Real Estate,Real Estate Services,,SGD,Payables Period,,160.17,111.63,296.33,45.35,29.09,183.95,242.23,54.04,-,-,,
5SY,XSES,OneApex Ltd,Real Estate,Real Estate Services,,SGD,Cash Conversion Cycle,,27.95,16.92,232.86,33.19,147.21,-,8262.91,10333.6,-,-,,
5SY,XSES,OneApex Ltd,Real Estate,Real Estate Services,,SGD,Recieveables Turnover,,6.53,6.97,1.05,5.02,2.1,3.82,3.74,6.62,335.16,0.39,,
5SY,XSES,OneApex Ltd,Real Estate,Real Estate Services,,SGD,Inventory Turnover,,2.76,4.79,2.01,62.41,136.27,-,0.04,0.04,2.19,0.34,,
5SY,XSES,OneApex Ltd,Real Estate,Real Estate Services,,SGD,Fixed Assets Turnover,,2.81,8.64,1.77,32.2,6.16,7.93,7.87,6.78,540.35,0.33,,
5SY,XSES,OneApex Ltd,Real Estate,Real Estate Services,,SGD,Asset Turnover,,0.6,0.51,0.07,0.24,0.04,0.03,0.02,0.02,1.71,0.00,,
5TJ,XSES,Far East Group Ltd,Industrials,Specialty Industrial Machinery,,SGD,Return on Asset %,,-2.63,0.68,32.07,-1.36,-6.36,-0.03,1.68,-3.1,2.56,1.88,,
5TJ,XSES,Far East Group Ltd,Industrials,Specialty Industrial Machinery,,SGD,Return on Equity %,,-4.94,1.65,67.72,-2.74,-15.19,-0.07,4.58,-8.72,7.34,4.91,,
5TJ,XSES,Far East Group Ltd,Industrials,Specialty Industrial Machinery,,SGD,Return on Invested Capital %,,-2.6,1.6,39.79,-0.25,-6.58,0.95,3.53,-2.11,5.46,3.85,,
5TJ,XSES,Far East Group Ltd,Industrials,Specialty Industrial Machinery,,SGD,Days Sales Outstanding,,68.59,78.69,76.21,58.83,86.24,64.15,61.03,77.52,62.34,68.35,,
5TJ,XSES,Far East Group Ltd,Industrials,Specialty Industrial Machinery,,SGD,Days Inventory,,132.46,136.43,149.11,96.32,113.86,93.53,84.58,96.05,73.02,85.78,,
5TJ,XSES,Far East Group Ltd,Industrials,Specialty Industrial Machinery,,SGD,Payables Period,,23.35,58.94,59.13,39.32,58.77,43.61,50.66,64.21,45.58,48.32,,
5TJ,XSES,Far East Group Ltd,Industrials,Specialty Industrial Machinery,,SGD,Cash Conversion Cycle,,177.7,156.18,166.19,115.83,141.33,114.07,94.96,109.36,89.79,105.81,,
5TJ,XSES,Far East Group Ltd,Industrials,Specialty Industrial Machinery,,SGD,Recieveables Turnover,,5.32,4.64,4.79,6.2,4.23,5.69,5.98,4.71,5.85,5.34,,
5TJ,XSES,Far East Group Ltd,Industrials,Specialty Industrial Machinery,,SGD,Inventory Turnover,,2.76,2.68,2.45,3.79,3.21,3.9,4.32,3.8,5.0,4.25,,
5TJ,XSES,Far East Group Ltd,Industrials,Specialty Industrial Machinery,,SGD,Fixed Assets Turnover,,2.45,1.41,1.18,1.79,1.19,1.91,2.53,1.98,2.52,2.36,,
5TJ,XSES,Far East Group Ltd,Industrials,Specialty Industrial Machinery,,SGD,Asset Turnover,,0.87,0.66,0.51,0.67,0.48,0.72,0.84,0.67,0.85,0.75,,
5TP,XSES,CNMC Goldmine Holdings Ltd,Basic Materials,Gold,,SGD,Return on Asset %,,19.05,5.18,2.92,7.2,-6.0,3.05,0.21,7.22,14.87,43.19,,
5TP,XSES,CNMC Goldmine Holdings Ltd,Basic Materials,Gold,,SGD,Return on Equity %,,24.85,6.94,4.1,10.28,-8.4,4.28,0.30,10.24,22.06,65.16,,
5TP,XSES,CNMC Goldmine Holdings Ltd,Basic Materials,Gold,,SGD,Return on Invested Capital %,,22.21,5.36,3.3,9.23,-8.56,4.09,0.21,9.85,20.96,62.63,,
5TP,XSES,CNMC Goldmine Holdings Ltd,Basic Materials,Gold,,SGD,Days Sales Outstanding,,1.15,4.52,7.78,7.31,19.54,13.85,6.22,4.24,3.8,5.8,,
5TP,XSES,CNMC Goldmine Holdings Ltd,Basic Materials,Gold,,SGD,Days Inventory,,86.07,129.28,111.71,139.84,209.89,167.21,-,268.33,426.46,252.77,,
5TP,XSES,CNMC Goldmine Holdings Ltd,Basic Materials,Gold,,SGD,Payables Period,,63.76,121.0,75.65,61.85,93.89,62.42,-,44.84,135.86,75.99,,
5TP,XSES,CNMC Goldmine Holdings Ltd,Basic Materials,Gold,,SGD,Cash Conversion Cycle,,23.45,12.79,43.84,85.29,135.54,118.64,-,227.72,294.39,182.58,,
5TP,XSES,CNMC Goldmine Holdings Ltd,Basic Materials,Gold,,SGD,Recieveables Turnover,,317.84,80.78,46.9,49.94,18.68,26.36,58.70,86.16,96.13,62.91,,
5TP,XSES,CNMC Goldmine Holdings Ltd,Basic Materials,Gold,,SGD,Inventory Turnover,,4.24,2.82,3.27,2.61,1.74,2.18,-,1.36,0.86,1.44,,
5TP,XSES,CNMC Goldmine Holdings Ltd,Basic Materials,Gold,,SGD,Fixed Assets Turnover,,1.88,0.85,1.34,1.13,0.69,1.05,0.80,1.54,1.86,3.59,,
5TP,XSES,CNMC Goldmine Holdings Ltd,Basic Materials,Gold,,SGD,Asset Turnover,,0.73,0.36,0.69,0.63,0.4,0.58,0.46,0.92,0.98,1.32,,
5TT,XSES,Keong Hong Holdings Ltd,Industrials,Engineering & Construction,,SGD,Return on Asset %,,10.18,16.14,4.71,3.5,-4.27,-5.01,-15.66,-21.02,-2.04,5.46,,
5TT,XSES,Keong Hong Holdings Ltd,Industrials,Engineering & Construction,,SGD,Return on Equity %,,27.98,38.79,10.67,7.39,-8.79,-10.11,-34.04,-56.42,-6.82,18.34,,
5TT,XSES,Keong Hong Holdings Ltd,Industrials,Engineering & Construction,,SGD,Return on Invested Capital %,,18.59,25.77,7.28,4.87,-5.15,-5.12,-20.86,-35.42,-8.45,6.41,,
5TT,XSES,Keong Hong Holdings Ltd,Industrials,Engineering & Construction,,SGD,Days Sales Outstanding,,162.16,171.26,118.76,149.59,141.12,109.57,62.83,51.47,44.14,33.22,,
5TT,XSES,Keong Hong Holdings Ltd,Industrials,Engineering & Construction,,SGD,Days Inventory,,-,4.27,5.58,4.6,9.32,5.46,1.54,0.62,-,-,,
5TT,XSES,Keong Hong Holdings Ltd,Industrials,Engineering & Construction,,SGD,Payables Period,,255.88,260.11,215.29,22.96,30.96,24.53,17.13,11.81,19.16,35.57,,
5TT,XSES,Keong Hong Holdings Ltd,Industrials,Engineering & Construction,,SGD,Cash Conversion Cycle,,-,-84.58,-90.95,131.23,119.49,90.5,47.24,40.28,-,-,,
5TT,XSES,Keong Hong Holdings Ltd,Industrials,Engineering & Construction,,SGD,Recieveables Turnover,,2.25,2.13,3.07,2.44,2.59,3.33,5.81,7.09,8.27,10.99,,
5TT,XSES,Keong Hong Holdings Ltd,Industrials,Engineering & Construction,,SGD,Inventory Turnover,,-,85.45,65.41,79.3,39.17,66.86,237.37,584.09,-,-,,
5TT,XSES,Keong Hong Holdings Ltd,Industrials,Engineering & Construction,,SGD,Fixed Assets Turnover,,7.51,7.81,7.76,6.94,2.75,2.56,6.03,8.47,9.78,12.65,,
5TT,XSES,Keong Hong Holdings Ltd,Industrials,Engineering & Construction,,SGD,Asset Turnover,,0.73,0.59,0.35,0.35,0.2,0.22,0.51,0.75,0.90,0.98,,
5UA,XSES,Luminor Financial Holdings Ltd,Financial Services,Credit Services,,SGD,Return on Asset %,,-1.47,1.88,3.78,0.72,-2.04,-3.74,6.22,0.16,-4.48,-2.93,,
5UA,XSES,Luminor Financial Holdings Ltd,Financial Services,Credit Services,,SGD,Return on Equity %,,-2.62,3.14,5.52,0.97,-2.79,-5.6,11.82,0.44,-18.06,-16.94,,
5UA,XSES,Luminor Financial Holdings Ltd,Financial Services,Credit Services,,SGD,Return on Invested Capital %,,-2.05,2.50,4.31,-0.32,-3.87,-5.55,9.72,2.85,-8.86,-7.78,,
5UA,XSES,Luminor Financial Holdings Ltd,Financial Services,Credit Services,,SGD,Days Sales Outstanding,,-,8.96,21.15,18.97,1.91,25.29,60.82,81.14,67.99,180.03,,
5UA,XSES,Luminor Financial Holdings Ltd,Financial Services,Credit Services,,SGD,Days Inventory,,3948.26,732.99,609.56,1641.11,541.60,5366.87,4901.03,10724.5,204.88,150.29,,
5UA,XSES,Luminor Financial Holdings Ltd,Financial Services,Credit Services,,SGD,Payables Period,,0.09,0.04,5.36,20.58,0.01,0.16,0.21,10.16,0.39,0.16,,
5UA,XSES,Luminor Financial Holdings Ltd,Financial Services,Credit Services,,SGD,Cash Conversion Cycle,,-,741.91,625.35,1639.50,543.50,5392.0,4961.63,10795.48,272.47,330.16,,
5UA,XSES,Luminor Financial Holdings Ltd,Financial Services,Credit Services,,SGD,Recieveables Turnover,,-,40.72,17.25,19.24,191.01,14.43,6.0,4.5,5.37,2.03,,
5UA,XSES,Luminor Financial Holdings Ltd,Financial Services,Credit Services,,SGD,Inventory Turnover,,0.09,0.50,0.60,0.22,0.67,0.07,0.07,0.03,1.78,2.43,,
5UA,XSES,Luminor Financial Holdings Ltd,Financial Services,Credit Services,,SGD,Fixed Assets Turnover,,-,-,-,-,-,13.7,7.66,6.71,11.15,12.8,,
5UA,XSES,Luminor Financial Holdings Ltd,Financial Services,Credit Services,,SGD,Asset Turnover,,0.09,0.38,0.28,0.14,0.21,0.17,0.17,0.17,0.18,0.17,,
5UF,XSES,Aspial Lifestyle Ltd,Consumer Cyclical,Luxury Goods,,SGD,Return on Asset %,,3.99,3.52,2.29,3.02,5.64,2.63,2.27,2.2,3.18,5.69,,
5UF,XSES,Aspial Lifestyle Ltd,Consumer Cyclical,Luxury Goods,,SGD,Return on Equity %,,13.96,11.82,7.73,10.67,20.21,9.6,10.36,11.81,16.9,29.82,,
5UF,XSES,Aspial Lifestyle Ltd,Consumer Cyclical,Luxury Goods,,SGD,Return on Invested Capital %,,6.57,4.61,3.93,5.36,7.67,4.26,4.26,5.36,6.01,8.17,,
5UF,XSES,Aspial Lifestyle Ltd,Consumer Cyclical,Luxury Goods,,SGD,Days Sales Outstanding,,514.05,501.12,514.34,513.86,420.36,500.99,394.67,295.48,278.93,250.28,,
5UF,XSES,Aspial Lifestyle Ltd,Consumer Cyclical,Luxury Goods,,SGD,Days Inventory,,114.9,132.43,158.78,178.21,151.85,210.03,229.21,203.1,190.54,160.34,,
5UF,XSES,Aspial Lifestyle Ltd,Consumer Cyclical,Luxury Goods,,SGD,Payables Period,,83.66,1.37,1.06,1.31,1.44,1.87,9.58,10.52,8.31,7.74,,
5UF,XSES,Aspial Lifestyle Ltd,Consumer Cyclical,Luxury Goods,,SGD,Cash Conversion Cycle,,545.29,632.18,672.05,690.76,570.77,709.15,614.3,488.06,461.16,402.88,,
5UF,XSES,Aspial Lifestyle Ltd,Consumer Cyclical,Luxury Goods,,SGD,Recieveables Turnover,,0.71,0.73,0.71,0.71,0.87,0.73,0.92,1.24,1.31,1.46,,
5UF,XSES,Aspial Lifestyle Ltd,Consumer Cyclical,Luxury Goods,,SGD,Inventory Turnover,,3.18,2.76,2.3,2.05,2.4,1.74,1.59,1.8,1.92,2.28,,
5UF,XSES,Aspial Lifestyle Ltd,Consumer Cyclical,Luxury Goods,,SGD,Fixed Assets Turnover,,43.74,18.51,10.35,3.98,2.83,2.11,1.96,2.24,2.67,3.52,,
5UF,XSES,Aspial Lifestyle Ltd,Consumer Cyclical,Luxury Goods,,SGD,Asset Turnover,,0.57,0.5,0.45,0.44,0.51,0.41,0.45,0.54,0.54,0.58,,
5UL,XSES,Atlantic Navigation Holdings (Singapore) Ltd,Industrials,Marine Shipping,,SGD,Return on Asset %,,-7.37,-7.35,-8.88,1.21,-2.95,-8.11,7.32,11.23,45.18,11.67,,
5UL,XSES,Atlantic Navigation Holdings (Singapore) Ltd,Industrials,Marine Shipping,,SGD,Return on Equity %,,-12.62,-16.38,-21.16,2.82,-6.53,-17.66,14.86,19.94,80.99,23.35,,
5UL,XSES,Atlantic Navigation Holdings (Singapore) Ltd,Industrials,Marine Shipping,,SGD,Return on Invested Capital %,,-7.36,-5.62,-6.29,5.64,-0.4,-6.47,11.18,16.38,59.45,19.48,,
5UL,XSES,Atlantic Navigation Holdings (Singapore) Ltd,Industrials,Marine Shipping,,SGD,Days Sales Outstanding,,147.15,126.29,70.38,54.38,77.47,102.66,78.93,66.3,523.51,143.37,,
5UL,XSES,Atlantic Navigation Holdings (Singapore) Ltd,Industrials,Marine Shipping,,SGD,Days Inventory,,2.96,2.96,1.68,2.46,3.26,4.76,5.25,2.2,18.91,7.59,,
5UL,XSES,Atlantic Navigation Holdings (Singapore) Ltd,Industrials,Marine Shipping,,SGD,Payables Period,,161.05,151.82,100.6,86.26,88.12,78.42,64.29,46.04,490.25,92.72,,
5UL,XSES,Atlantic Navigation Holdings (Singapore) Ltd,Industrials,Marine Shipping,,SGD,Cash Conversion Cycle,,-10.94,-22.58,-28.54,-29.41,-7.39,29.0,19.88,22.45,52.17,58.24,,
5UL,XSES,Atlantic Navigation Holdings (Singapore) Ltd,Industrials,Marine Shipping,,SGD,Recieveables Turnover,,2.48,2.89,5.19,6.71,4.71,3.56,4.62,5.51,0.7,2.55,,
5UL,XSES,Atlantic Navigation Holdings (Singapore) Ltd,Industrials,Marine Shipping,,SGD,Inventory Turnover,,123.23,123.4,217.81,148.31,111.97,76.61,69.58,165.96,19.3,48.12,,
5UL,XSES,Atlantic Navigation Holdings (Singapore) Ltd,Industrials,Marine Shipping,,SGD,Fixed Assets Turnover,,0.22,0.21,0.35,0.44,0.4,0.3,0.48,0.67,0.14,7.96,,
5UL,XSES,Atlantic Navigation Holdings (Singapore) Ltd,Industrials,Marine Shipping,,SGD,Asset Turnover,,0.19,0.19,0.31,0.38,0.35,0.27,0.42,0.56,0.08,0.38,,
5UX,XSES,Oxley Holdings Ltd,Real Estate,Real Estate - Development,,SGD,Return on Asset %,,4.78,4.67,5.38,2.29,-4.95,0.28,0.08,-2.62,-3.28,-0.23,,
5UX,XSES,Oxley Holdings Ltd,Real Estate,Real Estate - Development,,SGD,Return on Equity %,,32.82,23.84,22.98,9.52,-22.03,1.28,0.32,-9.68,-11.2,-0.74,,
5UX,XSES,Oxley Holdings Ltd,Real Estate,Real Estate - Development,,SGD,Return on Invested Capital %,,7.63,7.16,7.77,4.11,-4.59,3.12,3.06,0.23,-0.98,2.38,,
5UX,XSES,Oxley Holdings Ltd,Real Estate,Real Estate - Development,,SGD,Days Sales Outstanding,,197.79,86.24,100.1,120.81,93.34,88.98,77.63,116.62,193.76,70.37,,
5UX,XSES,Oxley Holdings Ltd,Real Estate,Real Estate - Development,,SGD,Days Inventory,,1138.88,853.22,756.26,1602.16,957.12,759.68,730.58,698.05,1274.91,1251.06,,
5UX,XSES,Oxley Holdings Ltd,Real Estate,Real Estate - Development,,SGD,Payables Period,,99.88,121.43,139.31,268.2,161.41,131.57,129.21,170.97,382.19,399.07,,
5UX,XSES,Oxley Holdings Ltd,Real Estate,Real Estate - Development,,SGD,Cash Conversion Cycle,,1236.79,818.03,717.05,1454.77,889.05,717.08,679.0,643.7,1086.48,922.36,,
5UX,XSES,Oxley Holdings Ltd,Real Estate,Real Estate - Development,,SGD,Recieveables Turnover,,1.85,4.23,3.65,3.02,3.91,4.1,4.7,3.13,1.88,5.19,,
5UX,XSES,Oxley Holdings Ltd,Real Estate,Real Estate - Development,,SGD,Inventory Turnover,,0.32,0.43,0.48,0.23,0.38,0.48,0.5,0.52,0.29,0.29,,
5UX,XSES,Oxley Holdings Ltd,Real Estate,Real Estate - Development,,SGD,Fixed Assets Turnover,,2.84,1.68,1.26,0.69,1.25,1.44,0.98,0.67,0.3,0.29,,
5UX,XSES,Oxley Holdings Ltd,Real Estate,Real Estate - Development,,SGD,Asset Turnover,,0.23,0.29,0.22,0.11,0.22,0.29,0.23,0.18,0.1,0.12,,
5VC,XSES,Kori Holdings Ltd,Industrials,Engineering & Construction,,SGD,Return on Asset %,,3.38,1.04,0.39,0.17,0.68,1.70,1.84,0.70,0.95,0.96,,
5VC,XSES,Kori Holdings Ltd,Industrials,Engineering & Construction,,SGD,Return on Equity %,,5.5,1.54,0.51,0.21,0.86,2.25,2.53,0.96,1.30,1.31,,
5VC,XSES,Kori Holdings Ltd,Industrials,Engineering & Construction,,SGD,Return on Invested Capital %,,5.14,1.9,0.82,0.50,0.90,2.29,2.62,1.22,1.47,1.49,,
5VC,XSES,Kori Holdings Ltd,Industrials,Engineering & Construction,,SGD,Days Sales Outstanding,,38.81,35.79,57.85,107.11,73.80,46.47,57.87,76.36,94.55,93.17,,
5VC,XSES,Kori Holdings Ltd,Industrials,Engineering & Construction,,SGD,Days Inventory,,38.73,45.76,-,-,-,-,-,-,-,-,,
5VC,XSES,Kori Holdings Ltd,Industrials,Engineering & Construction,,SGD,Payables Period,,139.95,133.14,65.85,76.60,69.33,105.11,135.48,81.03,68.29,77.08,,
5VC,XSES,Kori Holdings Ltd,Industrials,Engineering & Construction,,SGD,Cash Conversion Cycle,,-62.41,-51.59,-,-,-,-,-,-,-,-,,
5VC,XSES,Kori Holdings Ltd,Industrials,Engineering & Construction,,SGD,Recieveables Turnover,,9.4,10.2,6.31,3.41,4.95,7.85,6.31,4.78,3.86,3.92,,
5VC,XSES,Kori Holdings Ltd,Industrials,Engineering & Construction,,SGD,Inventory Turnover,,9.43,7.98,-,-,-,-,-,-,-,-,,
5VC,XSES,Kori Holdings Ltd,Industrials,Engineering & Construction,,SGD,Fixed Assets Turnover,,27.94,14.42,1.47,0.52,0.46,0.55,0.57,0.55,0.54,0.67,,
5VC,XSES,Kori Holdings Ltd,Industrials,Engineering & Construction,,SGD,Asset Turnover,,0.81,0.51,0.41,0.27,0.23,0.26,0.26,0.24,0.23,0.29,,
5VP,XSES,GDS Global Ltd,Industrials,Building Products & Equipment,,SGD,Return on Asset %,,10.78,2.23,-4.04,-9.71,-5.88,-6.84,-8.54,-11.02,-13.76,-0.67,,
5VP,XSES,GDS Global Ltd,Industrials,Building Products & Equipment,,SGD,Return on Equity %,,14.21,2.94,-5.05,-12.15,-9.63,-14.41,-18.97,-26.08,-32.71,-1.73,,
5VP,XSES,GDS Global Ltd,Industrials,Building Products & Equipment,,SGD,Return on Invested Capital %,,13.77,2.89,-5.03,-12.15,-5.05,-7.41,-9.73,-13.1,-16.98,0.0,,
5VP,XSES,GDS Global Ltd,Industrials,Building Products & Equipment,,SGD,Days Sales Outstanding,,116.67,107.34,106.44,83.88,53.31,54.23,52.48,57.26,55.04,50.0,,
5VP,XSES,GDS Global Ltd,Industrials,Building Products & Equipment,,SGD,Days Inventory,,73.6,76.0,79.77,95.09,92.21,83.14,72.81,74.81,75.42,55.94,,
5VP,XSES,GDS Global Ltd,Industrials,Building Products & Equipment,,SGD,Payables Period,,49.0,61.61,52.0,20.53,11.11,8.29,10.54,13.52,33.45,37.4,,
5VP,XSES,GDS Global Ltd,Industrials,Building Products & Equipment,,SGD,Cash Conversion Cycle,,141.26,121.73,134.21,158.44,134.41,129.08,114.75,118.56,97.0,68.54,,
5VP,XSES,GDS Global Ltd,Industrials,Building Products & Equipment,,SGD,Recieveables Turnover,,3.13,3.4,3.43,4.35,6.85,6.73,6.96,6.37,6.63,7.3,,
5VP,XSES,GDS Global Ltd,Industrials,Building Products & Equipment,,SGD,Inventory Turnover,,4.96,4.8,4.58,3.84,3.96,4.39,5.01,4.88,4.84,6.53,,
5VP,XSES,GDS Global Ltd,Industrials,Building Products & Equipment,,SGD,Fixed Assets Turnover,,8.9,6.5,4.4,3.98,1.76,1.08,1.32,1.4,1.9,4.25,,
5VP,XSES,GDS Global Ltd,Industrials,Building Products & Equipment,,SGD,Asset Turnover,,0.95,0.87,0.72,0.65,0.57,0.47,0.55,0.57,0.73,1.18,,
5VS,XSES,Hafary Holdings Ltd,Industrials,Building Products & Equipment,,SGD,Return on Asset %,,3.7,3.82,4.59,4.24,2.27,4.53,8.52,8.93,5.6,5.85,,
5VS,XSES,Hafary Holdings Ltd,Industrials,Building Products & Equipment,,SGD,Return on Equity %,,15.57,15.59,17.57,15.17,7.5,15.78,34.96,37.08,22.27,21.69,,
5VS,XSES,Hafary Holdings Ltd,Industrials,Building Products & Equipment,,SGD,Return on Invested Capital %,,19.76,21.01,22.67,6.59,3.91,6.17,10.78,12.5,9.01,9.02,,
5VS,XSES,Hafary Holdings Ltd,Industrials,Building Products & Equipment,,SGD,Days Sales Outstanding,,114.85,92.14,95.87,102.88,108.86,74.81,82.2,75.47,72.29,69.57,,
5VS,XSES,Hafary Holdings Ltd,Industrials,Building Products & Equipment,,SGD,Days Inventory,,273.64,272.72,287.96,342.07,434.76,262.92,209.25,219.82,240.22,259.66,,
5VS,XSES,Hafary Holdings Ltd,Industrials,Building Products & Equipment,,SGD,Payables Period,,124.79,91.95,108.4,95.92,85.3,64.58,69.37,98.31,108.5,108.47,,
5VS,XSES,Hafary Holdings Ltd,Industrials,Building Products & Equipment,,SGD,Cash Conversion Cycle,,263.69,272.91,275.43,349.03,458.31,273.16,222.07,196.98,204.01,220.76,,
5VS,XSES,Hafary Holdings Ltd,Industrials,Building Products & Equipment,,SGD,Recieveables Turnover,,3.18,3.96,3.81,3.55,3.35,4.88,4.44,4.84,5.05,5.25,,
5VS,XSES,Hafary Holdings Ltd,Industrials,Building Products & Equipment,,SGD,Inventory Turnover,,1.33,1.34,1.27,1.07,0.84,1.39,1.74,1.66,1.52,1.41,,
5VS,XSES,Hafary Holdings Ltd,Industrials,Building Products & Equipment,,SGD,Fixed Assets Turnover,,1.03,1.03,1.25,1.1,0.74,0.94,0.84,0.93,1.06,1.17,,
5VS,XSES,Hafary Holdings Ltd,Industrials,Building Products & Equipment,,SGD,Asset Turnover,,0.5,0.51,0.51,0.46,0.36,0.51,0.49,0.52,0.54,0.56,,
5WA,XSES,OUE Healthcare Ltd,Healthcare,Medical Care Facilities,,SGD,Return on Asset %,,-13.39,-18.2,-1.61,0.49,-14.89,18.39,0.44,0.56,-0.42,-1.24,,
5WA,XSES,OUE Healthcare Ltd,Healthcare,Medical Care Facilities,,SGD,Return on Equity %,,-45.12,-106.47,-6.58,1.35,-50.11,47.82,1.41,2.72,-2.08,-6.36,,
5WA,XSES,OUE Healthcare Ltd,Healthcare,Medical Care Facilities,,SGD,Return on Invested Capital %,,-10.63,-19.05,-0.27,1.9,-16.4,22.6,2.06,2.93,1.03,-0.16,,
5WA,XSES,OUE Healthcare Ltd,Healthcare,Medical Care Facilities,,SGD,Days Sales Outstanding,,27.16,184.97,401.54,25.32,17.47,121.18,50.16,49.47,52.73,58.77,,
5WA,XSES,OUE Healthcare Ltd,Healthcare,Medical Care Facilities,,SGD,Days Inventory,,11.74,13.98,46.6,20.79,20.62,18.46,10.74,7.91,8.77,9.37,,
5WA,XSES,OUE Healthcare Ltd,Healthcare,Medical Care Facilities,,SGD,Payables Period,,341.72,234.72,245.73,166.53,134.82,96.09,129.33,113.34,110.11,92.58,,
5WA,XSES,OUE Healthcare Ltd,Healthcare,Medical Care Facilities,,SGD,Cash Conversion Cycle,,-302.82,-35.78,202.41,-120.42,-96.73,43.55,-68.42,-55.96,-48.61,-24.44,,
5WA,XSES,OUE Healthcare Ltd,Healthcare,Medical Care Facilities,,SGD,Recieveables Turnover,,13.44,1.97,0.91,14.42,20.89,3.01,7.28,7.38,6.92,6.21,,
5WA,XSES,OUE Healthcare Ltd,Healthcare,Medical Care Facilities,,SGD,Inventory Turnover,,31.08,26.11,7.83,17.55,17.7,19.77,33.99,46.14,41.62,38.94,,
5WA,XSES,OUE Healthcare Ltd,Healthcare,Medical Care Facilities,,SGD,Fixed Assets Turnover,,6.69,6.16,0.91,0.54,0.82,1.97,15.3,18.75,17.7,17.93,,
5WA,XSES,OUE Healthcare Ltd,Healthcare,Medical Care Facilities,,SGD,Asset Turnover,,0.09,0.09,0.03,0.03,0.03,0.03,0.12,0.11,0.11,0.11,,
5WF,XSES,ISOTeam Ltd,Industrials,Engineering & Construction,,SGD,Return on Asset %,,10.85,6.56,1.78,5.8,-16.12,-12.41,-9.6,1.45,6.22,4.48,,
5WF,XSES,ISOTeam Ltd,Industrials,Engineering & Construction,,SGD,Return on Equity %,,18.49,11.59,3.23,11.59,-36.64,-34.6,-33.58,5.57,18.96,11.29,,
5WF,XSES,ISOTeam Ltd,Industrials,Engineering & Construction,,SGD,Return on Invested Capital %,,16.29,9.47,2.69,8.38,-18.78,-14.91,-10.86,3.99,10.63,7.61,,
5WF,XSES,ISOTeam Ltd,Industrials,Engineering & Construction,,SGD,Days Sales Outstanding,,53.29,127.34,136.92,60.58,83.75,73.33,71.01,59.28,55.27,63.17,,
5WF,XSES,ISOTeam Ltd,Industrials,Engineering & Construction,,SGD,Days Inventory,,0.88,1.34,2.0,3.75,6.89,4.05,1.85,0.82,0.32,-,,
5WF,XSES,ISOTeam Ltd,Industrials,Engineering & Construction,,SGD,Payables Period,,115.38,124.08,92.8,49.59,63.49,64.83,73.39,64.78,64.39,71.78,,
5WF,XSES,ISOTeam Ltd,Industrials,Engineering & Construction,,SGD,Cash Conversion Cycle,,-61.21,4.6,46.13,14.74,27.15,12.55,-0.53,-4.68,-8.8,-,,
5WF,XSES,ISOTeam Ltd,Industrials,Engineering & Construction,,SGD,Recieveables Turnover,,6.85,2.87,2.67,6.02,4.36,4.98,5.14,6.16,6.6,5.78,,
5WF,XSES,ISOTeam Ltd,Industrials,Engineering & Construction,,SGD,Inventory Turnover,,414.16,271.78,182.07,97.31,53.01,90.11,197.75,443.47,1133.98,-,,
5WF,XSES,ISOTeam Ltd,Industrials,Engineering & Construction,,SGD,Fixed Assets Turnover,,7.2,3.59,2.62,4.24,3.06,3.38,3.68,4.72,6.27,6.32,,
5WF,XSES,ISOTeam Ltd,Industrials,Engineering & Construction,,SGD,Asset Turnover,,1.11,0.84,0.79,1.17,0.76,0.84,0.96,1.14,1.24,1.04,,
5WH,XSES,Rex International Holding Ltd,Energy,Oil & Gas E&P,,SGD,Return on Asset %,,-14.85,-5.65,0.65,9.96,-7.55,18.18,-0.17,-9.97,-6.92,-19.85,,
5WH,XSES,Rex International Holding Ltd,Energy,Oil & Gas E&P,,SGD,Return on Equity %,,-22.96,-7.05,0.96,14.94,-10.60,42.79,-0.55,-45.32,-48.89,-,,
5WH,XSES,Rex International Holding Ltd,Energy,Oil & Gas E&P,,SGD,Return on Invested Capital %,,-18.57,-6.46,1.28,13.14,-9.25,35.77,4.15,-19.6,-12.08,-,,
5WH,XSES,Rex International Holding Ltd,Energy,Oil & Gas E&P,,SGD,Days Sales Outstanding,,2205.12,107.14,34.53,201.43,58.59,126.47,196.21,132.65,86.22,65.76,,
5WH,XSES,Rex International Holding Ltd,Energy,Oil & Gas E&P,,SGD,Days Inventory,,23.99,322.62,348.12,185.56,-,53.36,34.98,54.32,63.55,44.48,,
5WH,XSES,Rex International Holding Ltd,Energy,Oil & Gas E&P,,SGD,Payables Period,,57.84,33.19,2.59,140.94,34.42,57.08,60.81,34.77,6.34,15.44,,
5WH,XSES,Rex International Holding Ltd,Energy,Oil & Gas E&P,,SGD,Cash Conversion Cycle,,2171.28,396.57,380.06,246.04,-,122.75,170.38,152.21,143.44,94.80,,
5WH,XSES,Rex International Holding Ltd,Energy,Oil & Gas E&P,,SGD,Recieveables Turnover,,0.17,3.41,10.57,1.81,6.23,2.89,1.86,2.75,4.23,5.55,,
5WH,XSES,Rex International Holding Ltd,Energy,Oil & Gas E&P,,SGD,Inventory Turnover,,15.21,1.13,1.05,1.97,-,6.84,10.44,6.72,5.74,8.21,,
5WH,XSES,Rex International Holding Ltd,Energy,Oil & Gas E&P,,SGD,Fixed Assets Turnover,,0.01,0.01,0.0,0.0,0.47,1.1,0.78,0.84,1.33,0.90,,
5WH,XSES,Rex International Holding Ltd,Energy,Oil & Gas E&P,,SGD,Asset Turnover,,0.0,0.0,0.0,0.0,0.25,0.43,0.28,0.32,0.5,0.48,,
5WJ,XSES,Moneymax Financial Services Ltd,Consumer Cyclical,Specialty Retail,,SGD,Return on Asset %,,3.01,2.87,1.90,2.93,5.89,4.39,3.84,3.29,4.57,6.64,,
5WJ,XSES,Moneymax Financial Services Ltd,Consumer Cyclical,Specialty Retail,,SGD,Return on Equity %,,10.05,10.23,7.04,11.26,23.11,18.78,18.03,16.32,23.13,32.82,,
5WJ,XSES,Moneymax Financial Services Ltd,Consumer Cyclical,Specialty Retail,,SGD,Return on Invested Capital %,,4.83,4.99,4.22,5.67,8.77,6.83,6.60,6.74,8.29,9.99,,
5WJ,XSES,Moneymax Financial Services Ltd,Consumer Cyclical,Specialty Retail,,SGD,Days Sales Outstanding,,264.22,434.13,493.40,424.08,405.71,440.15,418.91,485.27,483.36,483.47,,
5WJ,XSES,Moneymax Financial Services Ltd,Consumer Cyclical,Specialty Retail,,SGD,Days Inventory,,-,-,-,-,-,-,-,156.66,114.72,118.89,,
5WJ,XSES,Moneymax Financial Services Ltd,Consumer Cyclical,Specialty Retail,,SGD,Payables Period,,-,-,-,-,-,-,-,11.62,7.26,30.74,,
5WJ,XSES,Moneymax Financial Services Ltd,Consumer Cyclical,Specialty Retail,,SGD,Cash Conversion Cycle,,-,-,-,-,-,-,-,630.3,590.82,571.62,,
5WJ,XSES,Moneymax Financial Services Ltd,Consumer Cyclical,Specialty Retail,,SGD,Recieveables Turnover,,1.38,0.84,0.74,0.86,0.90,0.83,0.87,0.75,0.76,0.76,,
5WJ,XSES,Moneymax Financial Services Ltd,Consumer Cyclical,Specialty Retail,,SGD,Inventory Turnover,,-,-,-,-,-,-,-,2.33,3.18,3.07,,
5WJ,XSES,Moneymax Financial Services Ltd,Consumer Cyclical,Specialty Retail,,SGD,Fixed Assets Turnover,,45.56,38.98,30.85,19.14,8.16,5.53,6.95,8.14,10.51,14.53,,
5WJ,XSES,Moneymax Financial Services Ltd,Consumer Cyclical,Specialty Retail,,SGD,Asset Turnover,,0.60,0.66,0.56,0.63,0.57,0.44,0.44,0.42,0.47,0.5,,
5WV,XSES,AsiaPhos Ltd,Basic Materials,Other Industrial Metals & Mining,,SGD,Return on Asset %,,-1.25,0.15,-11.63,-3.93,-2.54,-100.67,-8.03,10.68,9.16,-47.45,,
5WV,XSES,AsiaPhos Ltd,Basic Materials,Other Industrial Metals & Mining,,SGD,Return on Equity %,,-2.07,0.25,-17.64,-6.02,-3.97,-182.31,-74.2,128.78,41.09,-66.61,,
5WV,XSES,AsiaPhos Ltd,Basic Materials,Other Industrial Metals & Mining,,SGD,Return on Invested Capital %,,-1.14,0.62,-15.85,-5.07,-3.21,-148.25,-14.46,38.56,30.47,-61.75,,
5WV,XSES,AsiaPhos Ltd,Basic Materials,Other Industrial Metals & Mining,,SGD,Days Sales Outstanding,,30.51,8.89,7.85,24.89,13.59,3.44,5.52,13.2,75.07,85.22,,
5WV,XSES,AsiaPhos Ltd,Basic Materials,Other Industrial Metals & Mining,,SGD,Days Inventory,,66.93,98.29,111.13,117.97,75.46,62.95,35.83,36.55,4.14,4.11,,
5WV,XSES,AsiaPhos Ltd,Basic Materials,Other Industrial Metals & Mining,,SGD,Payables Period,,48.01,32.62,37.85,353.45,358.97,143.52,28.69,38.95,6.56,3.44,,
5WV,XSES,AsiaPhos Ltd,Basic Materials,Other Industrial Metals & Mining,,SGD,Cash Conversion Cycle,,49.44,74.56,81.13,-210.59,-269.92,-77.13,12.66,10.8,72.65,85.9,,
5WV,XSES,AsiaPhos Ltd,Basic Materials,Other Industrial Metals & Mining,,SGD,Recieveables Turnover,,11.96,41.07,46.5,14.66,26.86,106.08,66.16,27.66,4.86,4.28,,
5WV,XSES,AsiaPhos Ltd,Basic Materials,Other Industrial Metals & Mining,,SGD,Inventory Turnover,,5.45,3.71,3.28,3.09,4.84,5.8,10.19,9.99,88.18,88.78,,
5WV,XSES,AsiaPhos Ltd,Basic Materials,Other Industrial Metals & Mining,,SGD,Fixed Assets Turnover,,0.31,0.68,1.05,0.06,0.05,0.09,0.25,0.37,19.59,28.12,,
5WV,XSES,AsiaPhos Ltd,Basic Materials,Other Industrial Metals & Mining,,SGD,Asset Turnover,,0.25,0.32,0.17,0.01,0.01,0.02,0.12,0.09,0.33,1.49,,
8A1,XSES,Heptamax International Ltd,Financial Services,Asset Management,,SGD,Return on Asset %,,218.25,2.79,2.83,-78.07,-17.93,-0.47,-59.85,-14.28,-69.34,-162.66,,
8A1,XSES,Heptamax International Ltd,Financial Services,Asset Management,,SGD,Return on Equity %,,-,3.51,3.06,-84.26,-21.38,-0.61,-75.11,-16.67,-94.31,-481.12,,
8A1,XSES,Heptamax International Ltd,Financial Services,Asset Management,,SGD,Return on Invested Capital %,,-,3.20,0.66,-82.54,-21.06,-0.74,-75.34,-17.06,-95.11,-178.86,,
8A1,XSES,Heptamax International Ltd,Financial Services,Asset Management,,SGD,Days Sales Outstanding,,91.72,259.92,124.38,69.14,123.39,295.10,908.46,143.11,310.12,326.36,,
8A1,XSES,Heptamax International Ltd,Financial Services,Asset Management,,SGD,Days Inventory,,26.66,-,-,-,-,-,-,-,-,-,,
8A1,XSES,Heptamax International Ltd,Financial Services,Asset Management,,SGD,Payables Period,,266.21,-,15.69,52.41,50.98,60.79,49.40,67.83,93.70,42.01,,
8A1,XSES,Heptamax International Ltd,Financial Services,Asset Management,,SGD,Cash Conversion Cycle,,-147.82,-,-,-,-,-,-,-,-,-,,
8A1,XSES,Heptamax International Ltd,Financial Services,Asset Management,,SGD,Recieveables Turnover,,3.98,1.40,2.93,5.28,2.96,1.24,0.40,2.55,1.18,1.12,,
8A1,XSES,Heptamax International Ltd,Financial Services,Asset Management,,SGD,Inventory Turnover,,13.69,-,-,-,-,-,-,-,-,-,,
8A1,XSES,Heptamax International Ltd,Financial Services,Asset Management,,SGD,Fixed Assets Turnover,,4.59,110.38,325.77,301.69,4542.37,-,316.00,222.40,143.00,68.22,,
8A1,XSES,Heptamax International Ltd,Financial Services,Asset Management,,SGD,Asset Turnover,,0.69,0.35,0.20,0.10,0.56,0.44,0.12,0.37,0.38,0.42,,
8A8,XSES,China Medical System Holdings Ltd,Healthcare,Drug Manufacturers - Specialty & Generic,,SGD,Return on Asset %,,17.0,16.8,17.91,18.09,21.2,21.17,19.42,13.53,9.05,7.99,,
8A8,XSES,China Medical System Holdings Ltd,Healthcare,Drug Manufacturers - Specialty & Generic,,SGD,Return on Equity %,,23.92,24.84,23.67,22.0,24.68,25.37,23.84,15.95,10.18,8.83,,
8A8,XSES,China Medical System Holdings Ltd,Healthcare,Drug Manufacturers - Specialty & Generic,,SGD,Return on Invested Capital %,,20.57,18.03,19.71,19.71,22.91,22.76,20.8,13.95,9.12,8.2,,
8A8,XSES,China Medical System Holdings Ltd,Healthcare,Drug Manufacturers - Specialty & Generic,,SGD,Days Sales Outstanding,,67.21,70.36,76.4,68.59,53.86,53.49,56.6,58.96,57.89,62.46,,
8A8,XSES,China Medical System Holdings Ltd,Healthcare,Drug Manufacturers - Specialty & Generic,,SGD,Days Inventory,,82.05,94.58,107.71,100.58,79.4,74.55,81.98,106.85,125.34,122.58,,
8A8,XSES,China Medical System Holdings Ltd,Healthcare,Drug Manufacturers - Specialty & Generic,,SGD,Payables Period,,21.4,26.11,28.42,17.94,18.02,24.51,27.96,30.64,25.33,19.42,,
8A8,XSES,China Medical System Holdings Ltd,Healthcare,Drug Manufacturers - Specialty & Generic,,SGD,Cash Conversion Cycle,,127.86,138.84,155.69,151.22,115.25,103.53,110.62,135.17,157.9,165.62,,
8A8,XSES,China Medical System Holdings Ltd,Healthcare,Drug Manufacturers - Specialty & Generic,,SGD,Recieveables Turnover,,5.43,5.19,4.78,5.32,6.78,6.82,6.45,6.19,6.31,5.84,,
8A8,XSES,China Medical System Holdings Ltd,Healthcare,Drug Manufacturers - Specialty & Generic,,SGD,Inventory Turnover,,4.45,3.86,3.39,3.63,4.6,4.9,4.45,3.42,2.91,2.98,,
8A8,XSES,China Medical System Holdings Ltd,Healthcare,Drug Manufacturers - Specialty & Generic,,SGD,Fixed Assets Turnover,,9.62,9.1,8.73,8.11,9.96,15.49,17.59,16.54,16.2,18.37,,
8A8,XSES,China Medical System Holdings Ltd,Healthcare,Drug Manufacturers - Specialty & Generic,,SGD,Asset Turnover,,0.61,0.54,0.53,0.56,0.58,0.58,0.55,0.45,0.42,0.44,,
8AZ,XSES,Aztech Global Ltd Ordinary Shares,Technology,Electronic Components,,SGD,Return on Asset %,,-,5.38,9.92,26.31,24.18,18.18,12.68,17.57,13.2,8.93,,
8AZ,XSES,Aztech Global Ltd Ordinary Shares,Technology,Electronic Components,,SGD,Return on Equity %,,-,29.92,43.0,119.72,173.28,44.46,23.29,31.8,20.62,12.74,,
8AZ,XSES,Aztech Global Ltd Ordinary Shares,Technology,Electronic Components,,SGD,Return on Invested Capital %,,-,28.97,41.87,106.34,103.31,38.45,22.52,28.76,17.4,10.68,,
8AZ,XSES,Aztech Global Ltd Ordinary Shares,Technology,Electronic Components,,SGD,Days Sales Outstanding,,-,96.55,90.89,72.22,110.68,122.62,93.47,81.1,82.96,72.54,,
8AZ,XSES,Aztech Global Ltd Ordinary Shares,Technology,Electronic Components,,SGD,Days Inventory,,-,60.86,64.64,37.06,38.37,45.2,43.77,42.44,40.41,34.32,,
8AZ,XSES,Aztech Global Ltd Ordinary Shares,Technology,Electronic Components,,SGD,Payables Period,,-,183.11,176.66,117.87,124.32,108.8,96.11,95.84,93.36,83.66,,
8AZ,XSES,Aztech Global Ltd Ordinary Shares,Technology,Electronic Components,,SGD,Cash Conversion Cycle,,-,-25.7,-21.12,-8.6,24.72,59.02,41.13,27.7,30.01,23.2,,
8AZ,XSES,Aztech Global Ltd Ordinary Shares,Technology,Electronic Components,,SGD,Recieveables Turnover,,-,3.78,4.02,5.05,3.3,2.98,3.91,4.5,4.4,5.03,,
8AZ,XSES,Aztech Global Ltd Ordinary Shares,Technology,Electronic Components,,SGD,Inventory Turnover,,-,6.0,5.65,9.85,9.51,8.07,8.34,8.6,9.03,10.63,,
8AZ,XSES,Aztech Global Ltd Ordinary Shares,Technology,Electronic Components,,SGD,Fixed Assets Turnover,,-,18.23,18.45,21.95,18.97,22.51,31.35,25.4,14.76,12.92,,
8AZ,XSES,Aztech Global Ltd Ordinary Shares,Technology,Electronic Components,,SGD,Asset Turnover,,-,1.83,1.72,2.39,2.1,1.53,1.55,1.57,1.16,0.96,,
8C8U,XSES,Centurion Accommodation REIT,Real Estate,REIT - Hotel & Motel,,SGD,Return on Asset %,,-,-,-,-,-,-,-,-,3.84,-,,
8C8U,XSES,Centurion Accommodation REIT,Real Estate,REIT - Hotel & Motel,,SGD,Return on Equity %,,-,-,-,-,-,-,-,-,5.11,-,,
8C8U,XSES,Centurion Accommodation REIT,Real Estate,REIT - Hotel & Motel,,SGD,Return on Invested Capital %,,-,-,-,-,-,-,-,-,4.84,-,,
8C8U,XSES,Centurion Accommodation REIT,Real Estate,REIT - Hotel & Motel,,SGD,Days Sales Outstanding,,-,-,-,-,-,-,-,-,1.54,-,,
8C8U,XSES,Centurion Accommodation REIT,Real Estate,REIT - Hotel & Motel,,SGD,Days Inventory,,-,-,-,-,-,-,-,-,-,-,,
8C8U,XSES,Centurion Accommodation REIT,Real Estate,REIT - Hotel & Motel,,SGD,Payables Period,,-,-,-,-,-,-,-,-,194.19,-,,
8C8U,XSES,Centurion Accommodation REIT,Real Estate,REIT - Hotel & Motel,,SGD,Cash Conversion Cycle,,-,-,-,-,-,-,-,-,-,-,,
8C8U,XSES,Centurion Accommodation REIT,Real Estate,REIT - Hotel & Motel,,SGD,Recieveables Turnover,,-,-,-,-,-,-,-,-,236.72,-,,
8C8U,XSES,Centurion Accommodation REIT,Real Estate,REIT - Hotel & Motel,,SGD,Inventory Turnover,,-,-,-,-,-,-,-,-,-,-,,
8C8U,XSES,Centurion Accommodation REIT,Real Estate,REIT - Hotel & Motel,,SGD,Fixed Assets Turnover,,-,-,-,-,-,-,-,-,-,-,,
8C8U,XSES,Centurion Accommodation REIT,Real Estate,REIT - Hotel & Motel,,SGD,Asset Turnover,,-,-,-,-,-,-,-,-,0.08,-,,
8K7,XSES,UG Healthcare Corp Ltd,Healthcare,Medical Instruments & Supplies,,SGD,Return on Asset %,,10.11,4.0,5.73,2.72,12.64,62.29,13.23,-8.0,-2.65,-1.77,,
8K7,XSES,UG Healthcare Corp Ltd,Healthcare,Medical Instruments & Supplies,,SGD,Return on Equity %,,14.52,6.49,10.96,5.95,28.35,97.81,17.54,-10.12,-3.52,-2.51,,
8K7,XSES,UG Healthcare Corp Ltd,Healthcare,Medical Instruments & Supplies,,SGD,Return on Invested Capital %,,12.1,5.4,7.93,5.0,17.72,80.7,16.34,-9.55,-3.23,-1.41,,
8K7,XSES,UG Healthcare Corp Ltd,Healthcare,Medical Instruments & Supplies,,SGD,Days Sales Outstanding,,70.1,86.22,99.5,81.2,59.47,42.31,64.47,100.48,86.27,80.78,,
8K7,XSES,UG Healthcare Corp Ltd,Healthcare,Medical Instruments & Supplies,,SGD,Days Inventory,,94.23,96.17,105.73,132.91,116.21,136.17,165.3,213.06,236.67,209.89,,
8K7,XSES,UG Healthcare Corp Ltd,Healthcare,Medical Instruments & Supplies,,SGD,Payables Period,,50.42,46.89,49.81,38.91,27.42,29.09,33.14,39.81,46.09,53.6,,
8K7,XSES,UG Healthcare Corp Ltd,Healthcare,Medical Instruments & Supplies,,SGD,Cash Conversion Cycle,,113.92,135.5,155.41,175.2,148.26,149.4,196.63,273.73,276.85,237.07,,
8K7,XSES,UG Healthcare Corp Ltd,Healthcare,Medical Instruments & Supplies,,SGD,Recieveables Turnover,,5.21,4.23,3.67,4.5,6.14,8.63,5.66,3.63,4.23,4.52,,
8K7,XSES,UG Healthcare Corp Ltd,Healthcare,Medical Instruments & Supplies,,SGD,Inventory Turnover,,3.87,3.8,3.45,2.75,3.14,2.68,2.21,1.71,1.54,1.74,,
8K7,XSES,UG Healthcare Corp Ltd,Healthcare,Medical Instruments & Supplies,,SGD,Fixed Assets Turnover,,3.73,3.6,3.67,3.31,4.54,8.4,4.04,1.61,1.96,2.42,,
8K7,XSES,UG Healthcare Corp Ltd,Healthcare,Medical Instruments & Supplies,,SGD,Asset Turnover,,1.09,1.07,1.03,1.0,1.36,1.78,0.84,0.39,0.5,0.62,,
8YY,XSES,Embracing Future Holdings Ltd Ordinary Shares,Healthcare,Diagnostics & Research,,SGD,Return on Asset %,,-150.71,-161.51,-64.46,-40.39,-32.78,-39.66,-107.06,-73.50,-128.37,-81.31,,
8YY,XSES,Embracing Future Holdings Ltd Ordinary Shares,Healthcare,Diagnostics & Research,,SGD,Return on Equity %,,-,-,-,-47.33,-58.0,-112.86,-2909.32,-,-,-243.14,,
8YY,XSES,Embracing Future Holdings Ltd Ordinary Shares,Healthcare,Diagnostics & Research,,SGD,Return on Invested Capital %,,-,-,-,-47.15,-41.66,-57.43,-233.08,-,-,-104.62,,
8YY,XSES,Embracing Future Holdings Ltd Ordinary Shares,Healthcare,Diagnostics & Research,,SGD,Days Sales Outstanding,,82.89,86.73,107.11,86.11,8.72,25.91,47.06,81.60,82.40,32.59,,
8YY,XSES,Embracing Future Holdings Ltd Ordinary Shares,Healthcare,Diagnostics & Research,,SGD,Days Inventory,,268.23,350.07,826.29,649.74,83.89,310.78,211.3,11.68,3.36,-,,
8YY,XSES,Embracing Future Holdings Ltd Ordinary Shares,Healthcare,Diagnostics & Research,,SGD,Payables Period,,141.34,261.14,527.90,321.43,22.24,22.72,24.44,34.41,63.89,30.00,,
8YY,XSES,Embracing Future Holdings Ltd Ordinary Shares,Healthcare,Diagnostics & Research,,SGD,Cash Conversion Cycle,,209.78,175.66,405.49,414.42,70.37,313.97,233.92,58.87,21.88,-,,
8YY,XSES,Embracing Future Holdings Ltd Ordinary Shares,Healthcare,Diagnostics & Research,,SGD,Recieveables Turnover,,4.40,4.21,3.41,4.24,41.85,14.09,7.76,4.47,4.43,11.20,,
8YY,XSES,Embracing Future Holdings Ltd Ordinary Shares,Healthcare,Diagnostics & Research,,SGD,Inventory Turnover,,1.36,1.04,0.44,0.56,4.35,1.17,1.73,31.26,108.55,-,,
8YY,XSES,Embracing Future Holdings Ltd Ordinary Shares,Healthcare,Diagnostics & Research,,SGD,Fixed Assets Turnover,,2.57,3.51,2.97,1.7,6.49,1.78,3.66,6.26,4.95,122.30,,
8YY,XSES,Embracing Future Holdings Ltd Ordinary Shares,Healthcare,Diagnostics & Research,,SGD,Asset Turnover,,0.43,0.47,0.13,0.12,0.63,0.15,0.28,0.39,0.29,1.08,,
8YZ,XSES,,,,,SGD,Return on Asset %,,-,-,-,-,-,-,8.45,4.02,10.18,7.45,,
8YZ,XSES,,,,,SGD,Return on Equity %,,-,-,-,-,-,-,8.82,4.32,11.17,8.28,,
8YZ,XSES,,,,,SGD,Return on Invested Capital %,,-,-,-,-,-,-,8.59,4.28,11.09,7.10,,
8YZ,XSES,,,,,SGD,Days Sales Outstanding,,-,-,-,-,-,-,104.57,105.93,107.57,167.43,,
8YZ,XSES,,,,,SGD,Days Inventory,,-,-,-,-,-,-,-,-,-,-,,
8YZ,XSES,,,,,SGD,Payables Period,,-,-,-,-,-,-,401.50,425.98,931.54,4180.78,,
8YZ,XSES,,,,,SGD,Cash Conversion Cycle,,-,-,-,-,-,-,-,-,-,-,,
8YZ,XSES,,,,,SGD,Recieveables Turnover,,-,-,-,-,-,-,3.49,3.45,3.39,2.18,,
8YZ,XSES,,,,,SGD,Inventory Turnover,,-,-,-,-,-,-,-,-,-,-,,
8YZ,XSES,,,,,SGD,Fixed Assets Turnover,,-,-,-,-,-,-,-,0.73,0.98,0.77,,
8YZ,XSES,,,,,SGD,Asset Turnover,,-,-,-,-,-,-,0.02,0.05,0.08,0.07,,
9A4U,XSES,ESR-REIT,Real Estate,REIT - Industrial,,SGD,Return on Asset %,,0.51,-0.03,-10.09,-0.03,0.09,2.90,-6.46,-1.59,-2.66,0.09,,
9A4U,XSES,ESR-REIT,Real Estate,REIT - Industrial,,SGD,Return on Equity %,,0.83,-0.06,-18.70,-0.05,0.17,5.65,-12.91,-3.11,-5.50,0.22,,
9A4U,XSES,ESR-REIT,Real Estate,REIT - Industrial,,SGD,Return on Invested Capital %,,1.92,1.22,-9.69,1.91,1.83,4.70,-5.26,0.52,-1.20,1.81,,
9A4U,XSES,ESR-REIT,Real Estate,REIT - Industrial,,SGD,Days Sales Outstanding,,4.38,9.18,9.22,4.54,5.50,5.02,3.32,4.19,4.84,4.64,,
9A4U,XSES,ESR-REIT,Real Estate,REIT - Industrial,,SGD,Days Inventory,,309.83,217.60,97.78,13.00,-,128.90,130.37,76.44,13.71,-,,
9A4U,XSES,ESR-REIT,Real Estate,REIT - Industrial,,SGD,Payables Period,,161.37,151.03,188.58,154.66,129.54,142.62,126.69,124.17,154.50,154.32,,
9A4U,XSES,ESR-REIT,Real Estate,REIT - Industrial,,SGD,Cash Conversion Cycle,,152.84,75.75,-81.58,-137.11,-,-8.71,7.00,-43.53,-135.95,-,,
9A4U,XSES,ESR-REIT,Real Estate,REIT - Industrial,,SGD,Recieveables Turnover,,83.24,39.77,39.60,80.32,66.39,72.76,109.99,87.08,75.36,78.74,,
9A4U,XSES,ESR-REIT,Real Estate,REIT - Industrial,,SGD,Inventory Turnover,,1.18,1.68,3.73,28.08,-,2.83,2.80,4.77,26.63,-,,
9A4U,XSES,ESR-REIT,Real Estate,REIT - Industrial,,SGD,Fixed Assets Turnover,,-,-,-,-,-,-,-,-,-,-,,
9A4U,XSES,ESR-REIT,Real Estate,REIT - Industrial,,SGD,Asset Turnover,,0.08,0.07,0.07,0.08,0.07,0.07,0.08,0.07,0.07,0.08,,
9CI,XSES,CapitaLand Investment Ltd,Real Estate,Real Estate Services,,SGD,Return on Asset %,,-,-,-,3.72,-1.45,3.56,2.37,0.52,1.63,0.59,,
9CI,XSES,CapitaLand Investment Ltd,Real Estate,Real Estate Services,,SGD,Return on Equity %,,-,-,-,11.1,-4.42,9.4,5.39,1.21,3.43,1.11,,
9CI,XSES,CapitaLand Investment Ltd,Real Estate,Real Estate Services,,SGD,Return on Invested Capital %,,-,-,-,5.87,-0.98,5.53,3.96,1.74,3.64,1.5,,
9CI,XSES,CapitaLand Investment Ltd,Real Estate,Real Estate Services,,SGD,Days Sales Outstanding,,-,-,-,24.21,32.95,35.9,31.28,29.3,24.25,26.78,,
9CI,XSES,CapitaLand Investment Ltd,Real Estate,Real Estate Services,,SGD,Days Inventory,,-,-,-,60.42,70.47,70.78,58.8,52.69,42.03,34.98,,
9CI,XSES,CapitaLand Investment Ltd,Real Estate,Real Estate Services,,SGD,Payables Period,,-,-,-,57.65,69.16,103.15,100.34,73.89,48.27,52.88,,
9CI,XSES,CapitaLand Investment Ltd,Real Estate,Real Estate Services,,SGD,Cash Conversion Cycle,,-,-,-,26.98,34.26,3.53,-10.26,8.11,18.01,8.89,,
9CI,XSES,CapitaLand Investment Ltd,Real Estate,Real Estate Services,,SGD,Recieveables Turnover,,-,-,-,15.08,11.08,10.17,11.67,12.46,15.05,13.63,,
9CI,XSES,CapitaLand Investment Ltd,Real Estate,Real Estate Services,,SGD,Inventory Turnover,,-,-,-,6.04,5.18,5.16,6.21,6.93,8.68,10.43,,
9CI,XSES,CapitaLand Investment Ltd,Real Estate,Real Estate Services,,SGD,Fixed Assets Turnover,,-,-,-,2.72,1.97,2.12,2.51,2.19,2.91,3.66,,
9CI,XSES,CapitaLand Investment Ltd,Real Estate,Real Estate Services,,SGD,Asset Turnover,,-,-,-,0.06,0.05,0.06,0.08,0.08,0.1,0.09,,
9G2,XSES,Singapore Institute Of Advanced Medicine Holdings Ltd,Healthcare,Medical Care Facilities,,SGD,Return on Asset %,,-,-,-,-,-,-5.43,-7.17,-8.19,-25.11,-20.54,,
9G2,XSES,Singapore Institute Of Advanced Medicine Holdings Ltd,Healthcare,Medical Care Facilities,,SGD,Return on Equity %,,-,-,-,-,-,-15.8,-21.95,-20.22,-45.95,-39.38,,
9G2,XSES,Singapore Institute Of Advanced Medicine Holdings Ltd,Healthcare,Medical Care Facilities,,SGD,Return on Invested Capital %,,-,-,-,-,-,-5.4,-7.68,-9.57,-18.99,-19.78,,
9G2,XSES,Singapore Institute Of Advanced Medicine Holdings Ltd,Healthcare,Medical Care Facilities,,SGD,Days Sales Outstanding,,-,-,-,-,-,26.05,33.18,34.22,26.3,27.52,,
9G2,XSES,Singapore Institute Of Advanced Medicine Holdings Ltd,Healthcare,Medical Care Facilities,,SGD,Days Inventory,,-,-,-,-,-,34.95,31.16,29.49,29.57,30.71,,
9G2,XSES,Singapore Institute Of Advanced Medicine Holdings Ltd,Healthcare,Medical Care Facilities,,SGD,Payables Period,,-,-,-,-,-,419.62,283.47,192.8,189.98,167.94,,
9G2,XSES,Singapore Institute Of Advanced Medicine Holdings Ltd,Healthcare,Medical Care Facilities,,SGD,Cash Conversion Cycle,,-,-,-,-,-,-358.63,-219.13,-129.08,-134.12,-109.72,,
9G2,XSES,Singapore Institute Of Advanced Medicine Holdings Ltd,Healthcare,Medical Care Facilities,,SGD,Recieveables Turnover,,-,-,-,-,-,14.01,11.0,10.67,13.88,13.26,,
9G2,XSES,Singapore Institute Of Advanced Medicine Holdings Ltd,Healthcare,Medical Care Facilities,,SGD,Inventory Turnover,,-,-,-,-,-,10.44,11.71,12.38,12.35,11.89,,
9G2,XSES,Singapore Institute Of Advanced Medicine Holdings Ltd,Healthcare,Medical Care Facilities,,SGD,Fixed Assets Turnover,,-,-,-,-,-,0.09,0.1,0.12,0.12,0.13,,
9G2,XSES,Singapore Institute Of Advanced Medicine Holdings Ltd,Healthcare,Medical Care Facilities,,SGD,Asset Turnover,,-,-,-,-,-,0.08,0.08,0.1,0.11,0.12,,
9I7,XSES,Bromat Holdings Ltd Ordinary Shares,Consumer Cyclical,Restaurants,,SGD,Return on Asset %,91.81,61.52,40.07,-8.47,-18.77,-42.5,-51.96,-74.56,-75.13,-36.09,,,
9I7,XSES,Bromat Holdings Ltd Ordinary Shares,Consumer Cyclical,Restaurants,,SGD,Return on Equity %,188.21,98.41,59.43,-11.85,-24.88,-82.94,-411.15,-,-,-,,,
9I7,XSES,Bromat Holdings Ltd Ordinary Shares,Consumer Cyclical,Restaurants,,SGD,Return on Invested Capital %,188.21,98.41,57.41,-11.13,-23.97,-56.16,-72.55,-,-,-,,,
9I7,XSES,Bromat Holdings Ltd Ordinary Shares,Consumer Cyclical,Restaurants,,SGD,Days Sales Outstanding,1.07,1.1,10.07,16.23,12.27,10.83,24.72,34.10,7.83,47.10,,,
9I7,XSES,Bromat Holdings Ltd Ordinary Shares,Consumer Cyclical,Restaurants,,SGD,Days Inventory,7.47,9.75,9.63,4.28,7.09,13.74,18.07,17.65,10.96,3.22,,,
9I7,XSES,Bromat Holdings Ltd Ordinary Shares,Consumer Cyclical,Restaurants,,SGD,Payables Period,162.04,145.9,111.63,30.24,22.29,26.36,24.97,29.60,47.19,19.74,,,
9I7,XSES,Bromat Holdings Ltd Ordinary Shares,Consumer Cyclical,Restaurants,,SGD,Cash Conversion Cycle,-153.5,-135.06,-91.93,-9.73,-2.93,-1.78,17.83,22.14,-28.40,30.58,,,
9I7,XSES,Bromat Holdings Ltd Ordinary Shares,Consumer Cyclical,Restaurants,,SGD,Recieveables Turnover,340.8,332.82,36.25,22.48,29.75,33.69,14.76,10.70,46.59,7.75,,,
9I7,XSES,Bromat Holdings Ltd Ordinary Shares,Consumer Cyclical,Restaurants,,SGD,Inventory Turnover,48.87,37.44,37.91,85.26,51.47,26.57,20.19,20.68,33.30,113.48,,,
9I7,XSES,Bromat Holdings Ltd Ordinary Shares,Consumer Cyclical,Restaurants,,SGD,Fixed Assets Turnover,186.22,135.03,49.64,28.94,14.39,2.63,1.35,2.44,10.04,60.46,,,
9I7,XSES,Bromat Holdings Ltd Ordinary Shares,Consumer Cyclical,Restaurants,,SGD,Asset Turnover,2.56,2.0,1.27,0.97,0.99,0.59,0.45,0.86,1.21,1.10,,,
9MT,XSES,MetaOptics Ltd,Technology,Computer Hardware,,SGD,Return on Asset %,,-,-,-,-,-,-,-21.20,-22.34,-40.63,-56.44,,
9MT,XSES,MetaOptics Ltd,Technology,Computer Hardware,,SGD,Return on Equity %,,-,-,-,-,-,-,-48.12,-50.40,-85.05,-84.14,,
9MT,XSES,MetaOptics Ltd,Technology,Computer Hardware,,SGD,Return on Invested Capital %,,-,-,-,-,-,-,-48.12,-50.40,-78.24,-81.18,,
9MT,XSES,MetaOptics Ltd,Technology,Computer Hardware,,SGD,Days Sales Outstanding,,-,-,-,-,-,-,-,-,73.35,1.91,,
9MT,XSES,MetaOptics Ltd,Technology,Computer Hardware,,SGD,Days Inventory,,-,-,-,-,-,-,-,-,190.38,30.82,,
9MT,XSES,MetaOptics Ltd,Technology,Computer Hardware,,SGD,Payables Period,,-,-,-,-,-,-,17156.41,-,20.19,1.93,,
9MT,XSES,MetaOptics Ltd,Technology,Computer Hardware,,SGD,Cash Conversion Cycle,,-,-,-,-,-,-,-,-,243.53,30.79,,
9MT,XSES,MetaOptics Ltd,Technology,Computer Hardware,,SGD,Recieveables Turnover,,-,-,-,-,-,-,-,-,4.98,191.28,,
9MT,XSES,MetaOptics Ltd,Technology,Computer Hardware,,SGD,Inventory Turnover,,-,-,-,-,-,-,-,-,1.92,11.84,,
9MT,XSES,MetaOptics Ltd,Technology,Computer Hardware,,SGD,Fixed Assets Turnover,,-,-,-,-,-,-,0.29,-,0.15,1.6,,
9MT,XSES,MetaOptics Ltd,Technology,Computer Hardware,,SGD,Asset Turnover,,-,-,-,-,-,-,0.01,-,0.01,0.08,,
9QX,XSES,Beverly Wilshire Ltd,Healthcare,Medical Care Facilities,,SGD,Return on Asset %,,-106.7,-148.06,-60.11,-33.31,-29.32,-23.77,-26.95,-30.59,-96.86,1.05,,
9QX,XSES,Beverly Wilshire Ltd,Healthcare,Medical Care Facilities,,SGD,Return on Equity %,,-184.91,-,-,-473.62,-84.47,-162.13,-,-,-,-,,
9QX,XSES,Beverly Wilshire Ltd,Healthcare,Medical Care Facilities,,SGD,Return on Invested Capital %,,-127.8,-,-,-64.56,-44.35,-41.29,-,-,-,-,,
9QX,XSES,Beverly Wilshire Ltd,Healthcare,Medical Care Facilities,,SGD,Days Sales Outstanding,,35.12,34.78,47.66,50.98,27.75,5.86,4.41,2.77,2.60,0.64,,
9QX,XSES,Beverly Wilshire Ltd,Healthcare,Medical Care Facilities,,SGD,Days Inventory,,45.63,16.14,9.94,49.41,57.77,32.44,33.83,46.31,53.81,34.35,,
9QX,XSES,Beverly Wilshire Ltd,Healthcare,Medical Care Facilities,,SGD,Payables Period,,473.29,60.68,60.98,45.01,45.55,19.88,20.70,33.23,51.80,31.16,,
9QX,XSES,Beverly Wilshire Ltd,Healthcare,Medical Care Facilities,,SGD,Cash Conversion Cycle,,-392.55,-9.76,-3.38,55.39,39.97,18.41,17.54,15.85,4.61,3.83,,
9QX,XSES,Beverly Wilshire Ltd,Healthcare,Medical Care Facilities,,SGD,Recieveables Turnover,,10.39,10.49,7.66,7.16,13.15,62.32,82.76,131.82,140.21,569.82,,
9QX,XSES,Beverly Wilshire Ltd,Healthcare,Medical Care Facilities,,SGD,Inventory Turnover,,8.0,22.61,36.73,7.39,6.32,11.25,10.79,7.88,6.78,10.63,,
9QX,XSES,Beverly Wilshire Ltd,Healthcare,Medical Care Facilities,,SGD,Fixed Assets Turnover,,9.8,12.38,30.99,0.93,0.86,1.64,2.21,2.04,2.98,15.68,,
9QX,XSES,Beverly Wilshire Ltd,Healthcare,Medical Care Facilities,,SGD,Asset Turnover,,0.18,0.27,0.49,0.34,0.38,0.85,1.34,1.11,1.16,2.15,,
9VW,XSES,Spackman Entertainment Group Ltd,Communication Services,Entertainment,,SGD,Return on Asset %,-2.49,-6.11,8.7,-3.75,-4.59,-38.07,3.69,-17.56,-28.34,-0.08,,,
9VW,XSES,Spackman Entertainment Group Ltd,Communication Services,Entertainment,,SGD,Return on Equity %,-7.13,-17.55,14.34,-5.22,-6.08,-55.26,5.3,-22.78,-36.48,-0.1,,,
9VW,XSES,Spackman Entertainment Group Ltd,Communication Services,Entertainment,,SGD,Return on Invested Capital %,-4.83,-10.4,11.48,-4.24,-5.12,-45.04,4.58,-20.53,-31.95,-0.25,,,
9VW,XSES,Spackman Entertainment Group Ltd,Communication Services,Entertainment,,SGD,Days Sales Outstanding,228.36,226.7,44.98,33.34,6.77,43.8,27.75,24.64,66.1,148.65,,,
9VW,XSES,Spackman Entertainment Group Ltd,Communication Services,Entertainment,,SGD,Days Inventory,149.14,64.36,13.39,29.37,35.27,48.74,13.11,90.92,971.56,4688.35,,,
9VW,XSES,Spackman Entertainment Group Ltd,Communication Services,Entertainment,,SGD,Payables Period,205.91,75.6,105.28,64.15,25.27,33.58,8.87,31.93,86.17,60.38,,,
9VW,XSES,Spackman Entertainment Group Ltd,Communication Services,Entertainment,,SGD,Cash Conversion Cycle,171.59,215.47,-46.92,-1.45,16.77,58.96,31.99,83.62,951.49,4776.63,,,
9VW,XSES,Spackman Entertainment Group Ltd,Communication Services,Entertainment,,SGD,Recieveables Turnover,1.6,1.61,8.12,10.95,53.89,8.33,13.15,14.81,5.52,2.46,,,
9VW,XSES,Spackman Entertainment Group Ltd,Communication Services,Entertainment,,SGD,Inventory Turnover,2.45,5.67,27.26,12.43,10.35,7.49,27.84,4.01,0.38,0.08,,,
9VW,XSES,Spackman Entertainment Group Ltd,Communication Services,Entertainment,,SGD,Fixed Assets Turnover,8.38,4.72,3.59,3.02,2.6,1.32,4.17,3.54,1.23,0.52,,,
9VW,XSES,Spackman Entertainment Group Ltd,Communication Services,Entertainment,,SGD,Asset Turnover,0.4,0.38,0.54,0.38,0.29,0.16,0.32,0.09,0.03,0.01,,,
A04,XSES,ASL Marine Holdings Ltd,Industrials,Aerospace & Defense,,SGD,Return on Asset %,,0.16,-5.92,-6.38,-15.73,-3.31,-5.43,-5.41,0.62,0.71,2.8,,
A04,XSES,ASL Marine Holdings Ltd,Industrials,Aerospace & Defense,,SGD,Return on Equity %,,0.47,-18.02,-20.57,-61.19,-16.33,-30.37,-38.71,4.98,4.68,14.21,,
A04,XSES,ASL Marine Holdings Ltd,Industrials,Aerospace & Defense,,SGD,Return on Invested Capital %,,1.87,-6.11,-6.05,-18.45,-0.38,-2.84,-3.19,7.46,7.62,9.81,,
A04,XSES,ASL Marine Holdings Ltd,Industrials,Aerospace & Defense,,SGD,Days Sales Outstanding,,150.31,130.52,132.55,124.72,111.53,87.85,61.12,41.49,43.85,53.8,,
A04,XSES,ASL Marine Holdings Ltd,Industrials,Aerospace & Defense,,SGD,Days Inventory,,328.01,363.54,303.92,165.64,147.33,159.45,133.49,70.81,38.22,39.68,,
A04,XSES,ASL Marine Holdings Ltd,Industrials,Aerospace & Defense,,SGD,Payables Period,,186.6,192.33,212.65,145.7,173.07,173.48,141.2,127.04,141.24,142.93,,
A04,XSES,ASL Marine Holdings Ltd,Industrials,Aerospace & Defense,,SGD,Cash Conversion Cycle,,291.72,301.73,223.82,144.66,85.79,73.82,53.41,-14.74,-59.17,-49.44,,
A04,XSES,ASL Marine Holdings Ltd,Industrials,Aerospace & Defense,,SGD,Recieveables Turnover,,2.43,2.8,2.75,2.93,3.27,4.15,5.97,8.8,8.32,6.78,,
A04,XSES,ASL Marine Holdings Ltd,Industrials,Aerospace & Defense,,SGD,Inventory Turnover,,1.11,1.0,1.2,2.2,2.48,2.29,2.73,5.15,9.55,9.2,,
A04,XSES,ASL Marine Holdings Ltd,Industrials,Aerospace & Defense,,SGD,Fixed Assets Turnover,,0.61,0.56,0.47,0.59,0.52,0.45,0.6,0.86,0.98,1.3,,
A04,XSES,ASL Marine Holdings Ltd,Industrials,Aerospace & Defense,,SGD,Asset Turnover,,0.29,0.28,0.26,0.35,0.34,0.3,0.4,0.59,0.63,0.67,,
A17U,XSES,CapitaLand Ascendas REIT Units,Real Estate,REIT - Industrial,,SGD,Return on Asset %,5.12,3.82,4.27,4.81,4.62,3.05,5.77,4.22,0.88,4.13,,,
A17U,XSES,CapitaLand Ascendas REIT Units,Real Estate,REIT - Industrial,,SGD,Return on Equity %,8.06,6.37,7.05,7.70,7.48,5.11,9.74,7.32,1.56,7.36,,,
A17U,XSES,CapitaLand Ascendas REIT Units,Real Estate,REIT - Industrial,,SGD,Return on Invested Capital %,6.57,5.18,5.36,5.98,5.82,4.21,6.92,5.38,2.14,5.6,,,
A17U,XSES,CapitaLand Ascendas REIT Units,Real Estate,REIT - Industrial,,SGD,Days Sales Outstanding,2.07,2.39,2.07,1.57,2.21,4.31,7.58,7.67,7.16,7.99,,,
A17U,XSES,CapitaLand Ascendas REIT Units,Real Estate,REIT - Industrial,,SGD,Days Inventory,-,-,-,-,-,-,-,-,49.9,24.08,,,
A17U,XSES,CapitaLand Ascendas REIT Units,Real Estate,REIT - Industrial,,SGD,Payables Period,189.74,289.48,166.54,32.98,21.08,27.97,31.63,30.25,28.79,31.88,,,
A17U,XSES,CapitaLand Ascendas REIT Units,Real Estate,REIT - Industrial,,SGD,Cash Conversion Cycle,-,-,-,-,-,-,-,-,28.27,0.19,,,
A17U,XSES,CapitaLand Ascendas REIT Units,Real Estate,REIT - Industrial,,SGD,Recieveables Turnover,176.01,152.82,176.14,232.37,165.25,84.68,48.16,47.60,51.01,45.67,,,
A17U,XSES,CapitaLand Ascendas REIT Units,Real Estate,REIT - Industrial,,SGD,Inventory Turnover,-,-,-,-,-,-,-,-,7.31,15.16,,,
A17U,XSES,CapitaLand Ascendas REIT Units,Real Estate,REIT - Industrial,,SGD,Fixed Assets Turnover,1986.69,4640.17,24429.18,-,-,1.68,2.02,2.16,2.29,2.39,,,
A17U,XSES,CapitaLand Ascendas REIT Units,Real Estate,REIT - Industrial,,SGD,Asset Turnover,0.09,0.08,0.08,0.08,0.08,0.07,0.07,0.08,0.08,0.08,,,
A30,XSES,Aspial Corp Ltd,Consumer Cyclical,Luxury Goods,,SGD,Return on Asset %,,0.06,0.12,1.54,0.75,1.07,-0.02,-0.91,-1.47,0.32,1.11,,
A30,XSES,Aspial Corp Ltd,Consumer Cyclical,Luxury Goods,,SGD,Return on Equity %,,0.34,0.71,8.82,4.1,5.44,-0.1,-4.42,-6.45,1.32,5.25,,
A30,XSES,Aspial Corp Ltd,Consumer Cyclical,Luxury Goods,,SGD,Return on Invested Capital %,,1.17,0.83,2.33,2.0,2.99,2.03,1.43,1.83,3.0,3.57,,
A30,XSES,Aspial Corp Ltd,Consumer Cyclical,Luxury Goods,,SGD,Days Sales Outstanding,,155.25,223.91,124.96,207.78,211.47,277.48,254.33,235.17,243.4,237.84,,
A30,XSES,Aspial Corp Ltd,Consumer Cyclical,Luxury Goods,,SGD,Days Inventory,,104.19,150.6,268.53,796.6,754.63,948.32,716.86,494.51,405.49,299.12,,
A30,XSES,Aspial Corp Ltd,Consumer Cyclical,Luxury Goods,,SGD,Payables Period,,40.55,35.81,3.42,7.04,12.47,19.39,15.06,11.22,9.42,8.53,,
A30,XSES,Aspial Corp Ltd,Consumer Cyclical,Luxury Goods,,SGD,Cash Conversion Cycle,,218.9,338.7,390.08,997.33,953.63,1206.42,956.13,718.46,639.47,528.43,,
A30,XSES,Aspial Corp Ltd,Consumer Cyclical,Luxury Goods,,SGD,Recieveables Turnover,,2.35,1.63,2.92,1.76,1.73,1.32,1.44,1.55,1.5,1.53,,
A30,XSES,Aspial Corp Ltd,Consumer Cyclical,Luxury Goods,,SGD,Inventory Turnover,,3.5,2.42,1.36,0.46,0.48,0.38,0.51,0.74,0.9,1.22,,
A30,XSES,Aspial Corp Ltd,Consumer Cyclical,Luxury Goods,,SGD,Fixed Assets Turnover,,18.95,8.23,10.78,3.12,2.01,1.54,1.77,2.06,2.25,2.75,,
A30,XSES,Aspial Corp Ltd,Consumer Cyclical,Luxury Goods,,SGD,Asset Turnover,,0.36,0.26,0.49,0.33,0.32,0.26,0.31,0.37,0.4,0.45,,
A31,XSES,Addvalue Technologies Ltd,Technology,Communication Equipment,,SGD,Return on Asset %,,-20.71,-16.46,-74.83,-29.21,10.98,-31.09,-45.4,-19.16,1.45,8.38,,
A31,XSES,Addvalue Technologies Ltd,Technology,Communication Equipment,,SGD,Return on Equity %,,-44.37,-31.62,-120.99,-64.52,27.86,-78.4,-154.76,-72.45,4.64,27.56,,
A31,XSES,Addvalue Technologies Ltd,Technology,Communication Equipment,,SGD,Return on Invested Capital %,,-26.86,-22.28,-102.41,-39.16,24.52,-33.78,-59.97,-27.79,7.91,19.17,,
A31,XSES,Addvalue Technologies Ltd,Technology,Communication Equipment,,SGD,Days Sales Outstanding,,96.0,63.65,121.7,80.47,133.85,896.77,273.68,88.9,81.12,84.01,,
A31,XSES,Addvalue Technologies Ltd,Technology,Communication Equipment,,SGD,Days Inventory,,202.54,177.14,403.71,511.79,376.91,457.65,586.62,357.82,366.41,392.02,,
A31,XSES,Addvalue Technologies Ltd,Technology,Communication Equipment,,SGD,Payables Period,,227.29,151.58,229.25,273.58,188.0,167.41,160.8,111.45,192.5,215.6,,
A31,XSES,Addvalue Technologies Ltd,Technology,Communication Equipment,,SGD,Cash Conversion Cycle,,71.25,89.21,296.16,318.67,322.77,1187.01,699.51,335.28,255.03,260.43,,
A31,XSES,Addvalue Technologies Ltd,Technology,Communication Equipment,,SGD,Recieveables Turnover,,3.8,5.73,3.0,4.54,2.73,0.41,1.33,4.11,4.5,4.34,,
A31,XSES,Addvalue Technologies Ltd,Technology,Communication Equipment,,SGD,Inventory Turnover,,1.8,2.06,0.9,0.71,0.97,0.8,0.62,1.02,1.0,0.93,,
A31,XSES,Addvalue Technologies Ltd,Technology,Communication Equipment,,SGD,Fixed Assets Turnover,,10.02,12.51,5.87,8.67,13.39,2.79,8.52,14.76,17.57,15.83,,
A31,XSES,Addvalue Technologies Ltd,Technology,Communication Equipment,,SGD,Asset Turnover,,0.44,0.52,0.24,0.29,0.58,0.13,0.31,0.48,0.67,0.67,,
A33,XSES,Southern Archipelago Ltd,Industrials,Specialty Business Services,,SGD,Return on Asset %,,22.31,-21.83,-1.12,1.61,-3.18,-44.8,-4.21,0.42,-1.55,-8.33,,
A33,XSES,Southern Archipelago Ltd,Industrials,Specialty Business Services,,SGD,Return on Equity %,,-,-70.33,-4.54,5.72,-11.31,-233.09,-25.37,1.64,-5.84,-55.40,,
A33,XSES,Southern Archipelago Ltd,Industrials,Specialty Business Services,,SGD,Return on Invested Capital %,,-,-50.26,1.64,4.54,-2.20,-61.65,-4.38,2.37,0.75,-6.27,,
A33,XSES,Southern Archipelago Ltd,Industrials,Specialty Business Services,,SGD,Days Sales Outstanding,,33.50,27.6,23.54,21.86,25.22,24.2,24.34,21.95,26.99,29.29,,
A33,XSES,Southern Archipelago Ltd,Industrials,Specialty Business Services,,SGD,Days Inventory,,4.78,4.54,5.62,5.97,-,8.59,2.13,-,-,-,,
A33,XSES,Southern Archipelago Ltd,Industrials,Specialty Business Services,,SGD,Payables Period,,44636.61,10667.19,8255.33,7822.23,9166.26,14300.72,5993.42,2558.77,1158.47,1675.06,,
A33,XSES,Southern Archipelago Ltd,Industrials,Specialty Business Services,,SGD,Cash Conversion Cycle,,-44598.33,-10635.06,-8226.17,-7794.39,-,-14267.92,-5966.94,-,-,-,,
A33,XSES,Southern Archipelago Ltd,Industrials,Specialty Business Services,,SGD,Recieveables Turnover,,10.89,13.23,15.5,16.69,14.47,15.08,14.99,16.63,13.53,12.46,,
A33,XSES,Southern Archipelago Ltd,Industrials,Specialty Business Services,,SGD,Inventory Turnover,,76.39,80.48,64.99,61.13,-,42.47,171.03,-,-,-,,
A33,XSES,Southern Archipelago Ltd,Industrials,Specialty Business Services,,SGD,Fixed Assets Turnover,,0.81,0.82,0.87,0.9,0.77,0.97,1.21,1.14,0.68,0.41,,
A33,XSES,Southern Archipelago Ltd,Industrials,Specialty Business Services,,SGD,Asset Turnover,,0.17,0.29,0.31,0.34,0.29,0.36,0.42,0.49,0.49,0.35,,
A50,XSES,Thomson Medical Group Ltd,Healthcare,Medical Care Facilities,,SGD,Return on Asset %,,-10.33,-10.12,0.21,-,-,1.1,4.06,2.6,0.95,-2.65,,
A50,XSES,Thomson Medical Group Ltd,Healthcare,Medical Care Facilities,,SGD,Return on Equity %,,-14.92,-14.66,0.4,-,-,2.94,10.53,7.09,3.09,-9.79,,
A50,XSES,Thomson Medical Group Ltd,Healthcare,Medical Care Facilities,,SGD,Return on Invested Capital %,,-10.44,-9.98,1.3,-,-,2.47,6.34,4.62,3.02,-0.07,,
A50,XSES,Thomson Medical Group Ltd,Healthcare,Medical Care Facilities,,SGD,Days Sales Outstanding,,93.23,107.73,33.7,-,-,18.79,27.31,37.34,28.45,21.31,,
A50,XSES,Thomson Medical Group Ltd,Healthcare,Medical Care Facilities,,SGD,Days Inventory,,-,-,1325.17,-,-,748.79,658.82,585.88,480.38,450.16,,
A50,XSES,Thomson Medical Group Ltd,Healthcare,Medical Care Facilities,,SGD,Payables Period,,-,-,111.68,-,-,83.01,75.5,80.08,67.08,59.8,,
A50,XSES,Thomson Medical Group Ltd,Healthcare,Medical Care Facilities,,SGD,Cash Conversion Cycle,,-,-,1247.19,-,-,684.57,610.62,543.14,441.75,411.67,,
A50,XSES,Thomson Medical Group Ltd,Healthcare,Medical Care Facilities,,SGD,Recieveables Turnover,,3.91,3.39,10.83,-,-,19.42,13.37,9.78,12.83,17.13,,
A50,XSES,Thomson Medical Group Ltd,Healthcare,Medical Care Facilities,,SGD,Inventory Turnover,,-,-,0.28,-,-,0.49,0.55,0.62,0.76,0.81,,
A50,XSES,Thomson Medical Group Ltd,Healthcare,Medical Care Facilities,,SGD,Fixed Assets Turnover,,1.36,1.53,1.05,-,-,0.56,0.74,0.8,0.76,0.8,,
A50,XSES,Thomson Medical Group Ltd,Healthcare,Medical Care Facilities,,SGD,Asset Turnover,,0.17,0.17,0.21,-,-,0.19,0.25,0.25,0.22,0.22,,
A52,XSES,AnnAik Ltd,Basic Materials,Steel,,SGD,Return on Asset %,,-4.16,2.48,1.13,1.86,0.14,2.25,4.12,2.64,1.72,-0.45,,
A52,XSES,AnnAik Ltd,Basic Materials,Steel,,SGD,Return on Equity %,,-8.07,4.78,2.21,3.75,0.3,4.97,8.58,5.02,3.13,-0.8,,
A52,XSES,AnnAik Ltd,Basic Materials,Steel,,SGD,Return on Invested Capital %,,-4.21,3.98,2.43,3.65,1.38,4.05,6.42,4.67,3.33,0.2,,
A52,XSES,AnnAik Ltd,Basic Materials,Steel,,SGD,Days Sales Outstanding,,85.99,75.18,69.47,81.49,104.11,62.04,76.63,145.22,116.44,102.0,,
A52,XSES,AnnAik Ltd,Basic Materials,Steel,,SGD,Days Inventory,,224.44,191.69,157.86,169.27,191.33,102.47,135.96,273.05,248.64,315.63,,
A52,XSES,AnnAik Ltd,Basic Materials,Steel,,SGD,Payables Period,,19.82,20.67,20.51,26.07,33.0,18.24,21.93,32.72,20.12,19.92,,
A52,XSES,AnnAik Ltd,Basic Materials,Steel,,SGD,Cash Conversion Cycle,,290.61,246.21,206.82,224.69,262.44,146.26,190.66,385.54,344.96,397.71,,
A52,XSES,AnnAik Ltd,Basic Materials,Steel,,SGD,Recieveables Turnover,,4.24,4.85,5.25,4.48,3.51,5.88,4.76,2.51,3.13,3.58,,
A52,XSES,AnnAik Ltd,Basic Materials,Steel,,SGD,Inventory Turnover,,1.63,1.9,2.31,2.16,1.91,3.56,2.68,1.34,1.47,1.16,,
A52,XSES,AnnAik Ltd,Basic Materials,Steel,,SGD,Fixed Assets Turnover,,1.6,1.68,2.0,1.9,1.84,4.73,5.71,3.25,3.32,2.5,,
A52,XSES,AnnAik Ltd,Basic Materials,Steel,,SGD,Asset Turnover,,0.44,0.47,0.53,0.45,0.39,0.72,0.65,0.39,0.4,0.31,,
A55,XSES,Asia Enterprises Holding Ltd,Basic Materials,Steel,,SGD,Return on Asset %,,2.28,1.35,1.65,0.64,0.48,3.34,3.2,5.14,0.33,1.16,,
A55,XSES,Asia Enterprises Holding Ltd,Basic Materials,Steel,,SGD,Return on Equity %,,2.51,1.5,1.84,0.72,0.55,3.92,3.88,6.14,0.37,1.31,,
A55,XSES,Asia Enterprises Holding Ltd,Basic Materials,Steel,,SGD,Return on Invested Capital %,,1.67,0.93,1.14,-0.06,0.17,3.43,3.43,5.1,-0.84,0.1,,
A55,XSES,Asia Enterprises Holding Ltd,Basic Materials,Steel,,SGD,Days Sales Outstanding,,70.08,74.42,73.91,71.05,61.4,71.85,62.44,68.46,125.84,93.16,,
A55,XSES,Asia Enterprises Holding Ltd,Basic Materials,Steel,,SGD,Days Inventory,,239.28,222.46,199.46,187.78,150.8,283.16,175.31,138.97,241.72,234.82,,
A55,XSES,Asia Enterprises Holding Ltd,Basic Materials,Steel,,SGD,Payables Period,,44.25,64.27,52.29,39.17,29.1,56.05,21.51,5.91,3.95,5.31,,
A55,XSES,Asia Enterprises Holding Ltd,Basic Materials,Steel,,SGD,Cash Conversion Cycle,,265.11,232.61,221.08,219.66,183.09,298.96,216.24,201.51,363.61,322.67,,
A55,XSES,Asia Enterprises Holding Ltd,Basic Materials,Steel,,SGD,Recieveables Turnover,,5.21,4.9,4.94,5.14,5.94,5.08,5.85,5.33,2.9,3.92,,
A55,XSES,Asia Enterprises Holding Ltd,Basic Materials,Steel,,SGD,Inventory Turnover,,1.53,1.64,1.83,1.94,2.42,1.29,2.08,2.63,1.51,1.55,,
A55,XSES,Asia Enterprises Holding Ltd,Basic Materials,Steel,,SGD,Fixed Assets Turnover,,1.97,1.34,1.74,1.63,1.53,1.36,3.12,4.48,2.15,1.9,,
A55,XSES,Asia Enterprises Holding Ltd,Basic Materials,Steel,,SGD,Asset Turnover,,0.3,0.3,0.36,0.38,0.39,0.32,0.63,0.81,0.36,0.29,,
A7RU,XSES,,,,,SGD,Return on Asset %,,1.0,1.18,0.83,0.88,-0.69,-2.73,0.02,1.95,1.03,1.47,,
A7RU,XSES,,,,,SGD,Return on Equity %,,3.15,3.95,2.9,2.88,-2.25,-8.18,0.05,7.4,3.84,5.61,,
A7RU,XSES,,,,,SGD,Return on Invested Capital %,,3.87,4.22,3.52,2.96,1.09,-1.79,2.0,5.03,3.66,3.76,,
A7RU,XSES,,,,,SGD,Days Sales Outstanding,,71.05,56.72,60.22,41.41,56.87,57.38,53.75,56.93,49.78,49.09,,
A7RU,XSES,,,,,SGD,Days Inventory,,106.96,90.48,82.96,52.86,79.71,83.2,78.72,85.8,82.11,83.44,,
A7RU,XSES,,,,,SGD,Payables Period,,29.89,40.18,39.09,39.7,61.22,60.26,56.6,56.67,52.52,55.06,,
A7RU,XSES,,,,,SGD,Cash Conversion Cycle,,148.12,107.01,104.1,54.57,75.36,80.33,75.87,86.06,79.38,77.48,,
A7RU,XSES,,,,,SGD,Recieveables Turnover,,5.14,6.44,6.06,8.81,6.42,6.36,6.79,6.41,7.33,7.43,,
A7RU,XSES,,,,,SGD,Inventory Turnover,,3.41,4.03,4.4,6.9,4.58,4.39,4.64,4.25,4.45,4.37,,
A7RU,XSES,,,,,SGD,Fixed Assets Turnover,,0.24,0.27,0.29,0.68,0.63,0.78,1.19,1.19,1.26,1.25,,
A7RU,XSES,,,,,SGD,Asset Turnover,,0.14,0.16,0.16,0.36,0.31,0.33,0.38,0.35,0.37,0.36,,
AAJ,XSES,Sunmoon Food Co Ltd,Consumer Defensive,Food Distribution,,SGD,Return on Asset %,,-,-,7.65,-13.72,-16.46,5.24,-5.92,-14.25,0.23,-14.75,,
AAJ,XSES,Sunmoon Food Co Ltd,Consumer Defensive,Food Distribution,,SGD,Return on Equity %,,-,-,14.75,-36.83,-53.05,11.01,-11.4,-29.66,0.41,-20.87,,
AAJ,XSES,Sunmoon Food Co Ltd,Consumer Defensive,Food Distribution,,SGD,Return on Invested Capital %,,-,-,14.49,-36.97,-53.0,11.54,-10.18,-26.6,0.74,-18.05,,
AAJ,XSES,Sunmoon Food Co Ltd,Consumer Defensive,Food Distribution,,SGD,Days Sales Outstanding,,-,-,61.54,83.86,308.24,101.87,101.48,68.49,62.05,49.74,,
AAJ,XSES,Sunmoon Food Co Ltd,Consumer Defensive,Food Distribution,,SGD,Days Inventory,,-,-,19.16,11.34,29.47,26.62,19.1,12.7,21.2,13.2,,
AAJ,XSES,Sunmoon Food Co Ltd,Consumer Defensive,Food Distribution,,SGD,Payables Period,,-,-,75.92,83.8,327.99,74.87,42.09,31.04,27.67,14.02,,
AAJ,XSES,Sunmoon Food Co Ltd,Consumer Defensive,Food Distribution,,SGD,Cash Conversion Cycle,,-,-,4.78,11.4,9.72,53.62,78.49,50.16,55.58,48.91,,
AAJ,XSES,Sunmoon Food Co Ltd,Consumer Defensive,Food Distribution,,SGD,Recieveables Turnover,,-,-,5.93,4.35,1.18,3.58,3.6,5.33,5.88,7.34,,
AAJ,XSES,Sunmoon Food Co Ltd,Consumer Defensive,Food Distribution,,SGD,Inventory Turnover,,-,-,19.05,32.19,12.39,13.71,19.11,28.73,17.22,27.66,,
AAJ,XSES,Sunmoon Food Co Ltd,Consumer Defensive,Food Distribution,,SGD,Fixed Assets Turnover,,-,-,320.56,961.14,654.62,323.37,296.19,718.1,215.63,210.13,,
AAJ,XSES,Sunmoon Food Co Ltd,Consumer Defensive,Food Distribution,,SGD,Asset Turnover,,-,-,2.09,2.33,0.69,1.92,2.41,3.02,2.26,3.28,,
AAPL,XNAS,,,,,USD,Return on Asset %,,14.93,13.87,16.07,15.69,17.33,28.06,28.36,27.5,26.13,30.93,,
AAPL,XNAS,,,,,USD,Return on Equity %,,36.9,36.87,49.36,55.92,73.69,147.44,175.46,171.95,157.41,171.42,,
AAPL,XNAS,,,,,USD,Return on Invested Capital %,,21.95,19.86,24.41,25.75,29.34,48.81,52.2,52.62,53.62,66.68,,
AAPL,XNAS,,,,,USD,Days Sales Outstanding,,27.59,26.77,28.21,32.35,25.96,21.15,25.21,27.47,29.36,32.09,,
AAPL,XNAS,,,,,USD,Days Inventory,,6.22,9.04,9.82,9.09,8.79,9.12,9.41,9.61,11.81,10.74,,
AAPL,XNAS,,,,,USD,Payables Period,,101.11,111.72,116.95,115.2,95.29,83.17,97.05,108.0,114.15,114.66,,
AAPL,XNAS,,,,,USD,Cash Conversion Cycle,,-67.29,-75.91,-78.92,-73.76,-60.54,-52.9,-62.44,-70.92,-72.97,-71.82,,
AAPL,XNAS,,,,,USD,Recieveables Turnover,,13.23,13.63,12.94,11.28,14.06,17.26,14.48,13.29,12.43,11.37,,
AAPL,XNAS,,,,,USD,Inventory Turnover,,58.64,40.37,37.17,40.13,41.52,40.03,38.79,37.98,30.9,33.98,,
AAPL,XNAS,,,,,USD,Fixed Assets Turnover,,8.72,7.54,7.07,6.61,6.64,7.71,7.73,7.96,8.75,8.71,,
AAPL,XNAS,,,,,USD,Asset Turnover,,0.7,0.66,0.72,0.74,0.83,1.08,1.12,1.09,1.09,1.15,,
ADN,XSES,First Sponsor Group Ltd,Real Estate,Real Estate - Development,,SGD,Return on Asset %,,6.29,4.52,4.83,6.36,3.24,3.14,3.04,0.28,1.95,-1.84,,
ADN,XSES,First Sponsor Group Ltd,Real Estate,Real Estate - Development,,SGD,Return on Equity %,,11.31,8.39,9.07,11.36,6.19,6.87,7.15,0.66,4.39,-4.07,,
ADN,XSES,First Sponsor Group Ltd,Real Estate,Real Estate - Development,,SGD,Return on Invested Capital %,,6.36,5.2,5.38,7.47,4.16,4.52,4.56,1.01,3.54,-1.55,,
ADN,XSES,First Sponsor Group Ltd,Real Estate,Real Estate - Development,,SGD,Days Sales Outstanding,,662.26,396.16,626.02,469.53,713.81,442.5,628.91,759.37,792.67,746.72,,
ADN,XSES,First Sponsor Group Ltd,Real Estate,Real Estate - Development,,SGD,Days Inventory,,1338.09,626.44,1178.2,1048.62,5250.69,648.46,1351.3,2542.61,2450.2,2902.51,,
ADN,XSES,First Sponsor Group Ltd,Real Estate,Real Estate - Development,,SGD,Payables Period,,286.83,180.68,386.28,624.75,1950.89,41.3,72.73,1301.94,2062.13,2112.48,,
ADN,XSES,First Sponsor Group Ltd,Real Estate,Real Estate - Development,,SGD,Cash Conversion Cycle,,1713.51,841.92,1417.94,893.41,4013.61,1049.65,1907.49,2000.04,1180.74,1536.75,,
ADN,XSES,First Sponsor Group Ltd,Real Estate,Real Estate - Development,,SGD,Recieveables Turnover,,0.55,0.92,0.58,0.78,0.51,0.82,0.58,0.48,0.46,0.49,,
ADN,XSES,First Sponsor Group Ltd,Real Estate,Real Estate - Development,,SGD,Inventory Turnover,,0.27,0.58,0.31,0.35,0.07,0.56,0.27,0.14,0.15,0.13,,
ADN,XSES,First Sponsor Group Ltd,Real Estate,Real Estate - Development,,SGD,Fixed Assets Turnover,,0.98,1.65,1.38,1.24,0.57,1.62,0.92,0.48,0.53,0.48,,
ADN,XSES,First Sponsor Group Ltd,Real Estate,Real Estate - Development,,SGD,Asset Turnover,,0.11,0.2,0.12,0.12,0.07,0.15,0.1,0.06,0.07,0.06,,
AGS,XSES,The Hour Glass Ltd,Consumer Cyclical,Luxury Goods,,SGD,Return on Asset %,,9.47,8.35,8.13,11.05,10.12,9.03,14.99,16.04,14.3,11.75,,
AGS,XSES,The Hour Glass Ltd,Consumer Cyclical,Luxury Goods,,SGD,Return on Equity %,,12.33,10.61,10.11,13.2,13.04,12.81,21.61,22.6,19.29,15.3,,
AGS,XSES,The Hour Glass Ltd,Consumer Cyclical,Luxury Goods,,SGD,Return on Invested Capital %,,10.94,9.58,9.21,12.31,10.79,10.21,17.04,18.37,16.08,13.2,,
AGS,XSES,The Hour Glass Ltd,Consumer Cyclical,Luxury Goods,,SGD,Days Sales Outstanding,,5.55,5.53,5.5,5.36,3.95,3.36,2.85,2.72,3.82,4.88,,
AGS,XSES,The Hour Glass Ltd,Consumer Cyclical,Luxury Goods,,SGD,Days Inventory,,208.86,212.81,205.2,197.21,195.59,189.07,134.65,131.62,142.29,145.97,,
AGS,XSES,The Hour Glass Ltd,Consumer Cyclical,Luxury Goods,,SGD,Payables Period,,10.72,13.08,12.98,10.83,9.09,10.39,13.03,14.88,12.27,9.88,,
AGS,XSES,The Hour Glass Ltd,Consumer Cyclical,Luxury Goods,,SGD,Cash Conversion Cycle,,203.69,205.26,197.72,191.74,190.46,182.03,124.47,119.45,133.84,140.97,,
AGS,XSES,The Hour Glass Ltd,Consumer Cyclical,Luxury Goods,,SGD,Recieveables Turnover,,65.8,66.03,66.4,68.07,92.37,108.75,127.93,134.13,95.47,74.74,,
AGS,XSES,The Hour Glass Ltd,Consumer Cyclical,Luxury Goods,,SGD,Inventory Turnover,,1.75,1.72,1.78,1.85,1.87,1.93,2.71,2.77,2.57,2.5,,
AGS,XSES,The Hour Glass Ltd,Consumer Cyclical,Luxury Goods,,SGD,Fixed Assets Turnover,,21.29,19.32,19.44,16.09,5.86,3.44,4.35,4.13,3.82,3.96,,
AGS,XSES,The Hour Glass Ltd,Consumer Cyclical,Luxury Goods,,SGD,Asset Turnover,,1.28,1.19,1.13,1.13,1.0,0.81,1.0,1.05,1.03,1.01,,
AIY,XSES,iFAST Corp Ltd Shs Reg S,Technology,Software - Application,,SGD,Return on Asset %,,5.84,8.53,7.95,6.04,10.28,12.79,1.88,4.38,5.25,4.84,,
AIY,XSES,iFAST Corp Ltd Shs Reg S,Technology,Software - Application,,SGD,Return on Equity %,,7.03,11.32,13.09,10.84,21.79,26.32,3.66,11.96,23.50,27.98,,
AIY,XSES,iFAST Corp Ltd Shs Reg S,Technology,Software - Application,,SGD,Return on Invested Capital %,,6.08,10.51,9.99,8.25,18.19,22.85,2.29,8.47,14.83,16.61,,
AIY,XSES,iFAST Corp Ltd Shs Reg S,Technology,Software - Application,,SGD,Days Sales Outstanding,,43.27,40.62,32.24,35.97,33.30,32.07,54.57,99.60,166.64,245.13,,
AIY,XSES,iFAST Corp Ltd Shs Reg S,Technology,Software - Application,,SGD,Days Inventory,,-,-,-,-,-,-,-,-,-,-,,
AIY,XSES,iFAST Corp Ltd Shs Reg S,Technology,Software - Application,,SGD,Payables Period,,15.04,12.49,12.04,16.77,16.53,13.79,31.00,56.43,42.74,38.85,,
AIY,XSES,iFAST Corp Ltd Shs Reg S,Technology,Software - Application,,SGD,Cash Conversion Cycle,,-,-,-,-,-,-,-,-,-,-,,
AIY,XSES,iFAST Corp Ltd Shs Reg S,Technology,Software - Application,,SGD,Recieveables Turnover,,8.44,8.98,11.32,10.15,10.96,11.38,6.69,3.66,2.19,1.49,,
AIY,XSES,iFAST Corp Ltd Shs Reg S,Technology,Software - Application,,SGD,Inventory Turnover,,-,-,-,-,-,-,-,-,-,-,,
AIY,XSES,iFAST Corp Ltd Shs Reg S,Technology,Software - Application,,SGD,Fixed Assets Turnover,,34.85,45.01,43.59,11.76,8.31,9.70,10.78,9.95,8.24,7.34,,
AIY,XSES,iFAST Corp Ltd Shs Reg S,Technology,Software - Application,,SGD,Asset Turnover,,0.86,0.96,0.88,0.80,0.83,0.90,0.60,0.38,0.27,0.22,,
AJ2,XSES,Ouhua Energy Holdings Ltd,Utilities,Utilities - Regulated Gas,,SGD,Return on Asset %,9.81,7.1,6.27,3.91,2.77,1.76,5.12,6.6,2.02,-6.93,,,
AJ2,XSES,Ouhua Energy Holdings Ltd,Utilities,Utilities - Regulated Gas,,SGD,Return on Equity %,86.59,38.62,25.28,11.92,7.77,5.24,14.77,18.34,6.33,-25.86,,,
AJ2,XSES,Ouhua Energy Holdings Ltd,Utilities,Utilities - Regulated Gas,,SGD,Return on Invested Capital %,19.63,12.84,12.85,9.23,7.66,5.01,8.57,10.06,4.11,-6.19,,,
AJ2,XSES,Ouhua Energy Holdings Ltd,Utilities,Utilities - Regulated Gas,,SGD,Days Sales Outstanding,19.57,12.04,1.31,2.11,2.4,3.66,1.9,1.67,18.04,31.32,,,
AJ2,XSES,Ouhua Energy Holdings Ltd,Utilities,Utilities - Regulated Gas,,SGD,Days Inventory,12.15,19.17,21.75,13.92,12.55,15.28,13.27,13.03,19.88,26.76,,,
AJ2,XSES,Ouhua Energy Holdings Ltd,Utilities,Utilities - Regulated Gas,,SGD,Payables Period,20.28,17.09,30.48,24.62,16.14,17.12,7.2,4.38,7.14,15.81,,,
AJ2,XSES,Ouhua Energy Holdings Ltd,Utilities,Utilities - Regulated Gas,,SGD,Cash Conversion Cycle,11.44,14.12,-7.43,-8.59,-1.2,1.83,7.97,10.32,30.78,42.28,,,
AJ2,XSES,Ouhua Energy Holdings Ltd,Utilities,Utilities - Regulated Gas,,SGD,Recieveables Turnover,18.65,30.32,279.16,173.11,152.31,99.69,192.47,219.01,20.23,11.65,,,
AJ2,XSES,Ouhua Energy Holdings Ltd,Utilities,Utilities - Regulated Gas,,SGD,Inventory Turnover,30.04,19.04,16.78,26.22,29.09,23.88,27.51,28.01,18.36,13.64,,,
AJ2,XSES,Ouhua Energy Holdings Ltd,Utilities,Utilities - Regulated Gas,,SGD,Fixed Assets Turnover,10.53,12.85,16.84,18.66,21.48,15.75,27.32,33.61,17.69,12.2,,,
AJ2,XSES,Ouhua Energy Holdings Ltd,Utilities,Utilities - Regulated Gas,,SGD,Asset Turnover,3.62,3.78,4.52,5.16,5.95,3.84,5.53,6.32,3.62,2.66,,,
AJBU,XSES,Keppel DC REIT,Real Estate,REIT - Office,,SGD,Return on Asset %,,3.65,3.90,7.05,4.11,5.36,8.80,5.85,2.92,6.30,6.89,,
AJBU,XSES,Keppel DC REIT,Real Estate,REIT - Office,,SGD,Return on Equity %,,5.40,6.03,11.20,6.43,8.82,14.80,9.81,5.02,10.58,11.35,,
AJBU,XSES,Keppel DC REIT,Real Estate,REIT - Office,,SGD,Return on Invested Capital %,,4.45,4.77,8.21,4.80,6.05,9.66,6.65,4.34,7.76,7.89,,
AJBU,XSES,Keppel DC REIT,Real Estate,REIT - Office,,SGD,Days Sales Outstanding,,34.92,31.20,49.12,68.83,49.49,52.63,73.56,74.81,94.25,128.42,,
AJBU,XSES,Keppel DC REIT,Real Estate,REIT - Office,,SGD,Days Inventory,,-,-,-,-,-,-,-,-,-,-,,
AJBU,XSES,Keppel DC REIT,Real Estate,REIT - Office,,SGD,Payables Period,,37.24,33.58,40.82,61.45,50.28,50.58,251.32,194.51,248.51,235.37,,
AJBU,XSES,Keppel DC REIT,Real Estate,REIT - Office,,SGD,Cash Conversion Cycle,,-,-,-,-,-,-,-,-,-,-,,
AJBU,XSES,Keppel DC REIT,Real Estate,REIT - Office,,SGD,Recieveables Turnover,,10.45,11.70,7.43,5.30,7.37,6.93,4.96,4.88,3.87,2.84,,
AJBU,XSES,Keppel DC REIT,Real Estate,REIT - Office,,SGD,Inventory Turnover,,-,-,-,-,-,-,-,-,-,-,,
AJBU,XSES,Keppel DC REIT,Real Estate,REIT - Office,,SGD,Fixed Assets Turnover,,-,-,-,-,-,-,-,-,501.27,1426.05,,
AJBU,XSES,Keppel DC REIT,Real Estate,REIT - Office,,SGD,Asset Turnover,,0.07,0.08,0.09,0.08,0.08,0.08,0.07,0.07,0.07,0.07,,
AMZN,XNAS,,,,,USD,Return on Asset %,,3.19,2.83,6.85,5.97,7.81,9.0,-0.62,6.14,10.28,10.77,,
AMZN,XNAS,,,,,USD,Return on Equity %,,14.52,12.91,28.27,21.95,27.44,28.81,-1.92,17.49,24.29,22.29,,
AMZN,XNAS,,,,,USD,Return on Invested Capital %,,8.42,7.09,14.7,11.72,14.71,15.98,-0.6,9.82,15.19,15.49,,
AMZN,XNAS,,,,,USD,Days Sales Outstanding,,19.81,22.06,23.38,24.39,21.44,22.31,26.72,30.04,30.81,31.36,,
AMZN,XNAS,,,,,USD,Days Inventory,,44.88,44.85,43.57,41.53,34.65,37.82,42.36,40.56,37.77,37.14,,
AMZN,XNAS,,,,,USD,Payables Period,,94.5,97.7,95.49,94.12,93.65,101.32,100.0,98.56,100.31,110.74,,
AMZN,XNAS,,,,,USD,Cash Conversion Cycle,,-29.82,-30.79,-28.53,-28.2,-37.56,-41.2,-30.92,-27.97,-31.73,-42.24,,
AMZN,XNAS,,,,,USD,Recieveables Turnover,,18.42,16.54,15.61,14.96,17.02,16.36,13.66,12.15,11.85,11.64,,
AMZN,XNAS,,,,,USD,Inventory Turnover,,8.13,8.14,8.38,8.79,10.54,9.65,8.62,9.0,9.66,9.83,,
AMZN,XNAS,,,,,USD,Fixed Assets Turnover,,5.34,4.56,4.21,3.51,3.11,2.56,2.19,2.17,2.11,1.86,,
AMZN,XNAS,,,,,USD,Asset Turnover,,1.83,1.66,1.58,1.45,1.41,1.27,1.16,1.16,1.11,0.99,,
AOF,XSES,Amplefield Ltd,Real Estate,Real Estate - Diversified,,SGD,Return on Asset %,,5.12,-0.74,0.66,1.87,0.45,0.49,-6.53,-2.22,0.73,0.92,,
AOF,XSES,Amplefield Ltd,Real Estate,Real Estate - Diversified,,SGD,Return on Equity %,,9.00,-1.64,1.22,2.34,0.52,0.59,-8.58,-3.02,0.95,1.14,,
AOF,XSES,Amplefield Ltd,Real Estate,Real Estate - Diversified,,SGD,Return on Invested Capital %,,8.00,-0.90,1.49,2.48,0.59,0.56,-7.76,-2.6,0.84,1.05,,
AOF,XSES,Amplefield Ltd,Real Estate,Real Estate - Diversified,,SGD,Days Sales Outstanding,,56.62,258.28,70.7,279.95,954.97,577.26,123.91,159.3,81.01,68.52,,
AOF,XSES,Amplefield Ltd,Real Estate,Real Estate - Diversified,,SGD,Days Inventory,,-,-,196.38,-,-,14641.83,677.89,827.07,248.52,304.97,,
AOF,XSES,Amplefield Ltd,Real Estate,Real Estate - Diversified,,SGD,Payables Period,,58.92,-,182.57,510.69,-,2484.14,90.44,34.49,46.96,175.84,,
AOF,XSES,Amplefield Ltd,Real Estate,Real Estate - Diversified,,SGD,Cash Conversion Cycle,,-,-,84.52,-,-,12734.95,711.37,951.89,282.57,197.65,,
AOF,XSES,Amplefield Ltd,Real Estate,Real Estate - Diversified,,SGD,Recieveables Turnover,,6.45,1.41,5.16,1.30,0.38,0.63,2.95,2.29,4.51,5.33,,
AOF,XSES,Amplefield Ltd,Real Estate,Real Estate - Diversified,,SGD,Inventory Turnover,,-,-,1.86,-,-,0.02,0.54,0.44,1.47,1.2,,
AOF,XSES,Amplefield Ltd,Real Estate,Real Estate - Diversified,,SGD,Fixed Assets Turnover,,3.38,41.38,51.95,19.69,0.84,0.62,1.44,0.72,1.01,0.57,,
AOF,XSES,Amplefield Ltd,Real Estate,Real Estate - Diversified,,SGD,Asset Turnover,,0.14,0.02,0.12,0.09,0.03,0.04,0.15,0.11,0.18,0.12,,
AP4,XSES,Riverstone Holdings Ltd,Healthcare,Medical Instruments & Supplies,,SGD,Return on Asset %,,19.21,17.65,15.71,14.45,49.4,64.64,13.32,11.46,15.92,12.15,,
AP4,XSES,Riverstone Holdings Ltd,Healthcare,Medical Instruments & Supplies,,SGD,Return on Equity %,,23.23,21.5,19.33,17.41,60.28,76.84,15.02,12.47,17.61,13.61,,
AP4,XSES,Riverstone Holdings Ltd,Healthcare,Medical Instruments & Supplies,,SGD,Return on Invested Capital %,,23.23,20.77,18.82,17.1,59.72,76.65,14.2,11.14,16.29,12.68,,
AP4,XSES,Riverstone Holdings Ltd,Healthcare,Medical Instruments & Supplies,,SGD,Days Sales Outstanding,,67.83,63.15,59.6,57.71,47.3,32.67,50.75,49.12,52.08,62.53,,
AP4,XSES,Riverstone Holdings Ltd,Healthcare,Medical Instruments & Supplies,,SGD,Days Inventory,,48.55,40.67,38.64,41.79,42.93,42.69,53.09,48.79,48.5,48.62,,
AP4,XSES,Riverstone Holdings Ltd,Healthcare,Medical Instruments & Supplies,,SGD,Payables Period,,30.04,26.21,24.3,25.69,25.78,20.88,20.16,15.8,16.17,18.82,,
AP4,XSES,Riverstone Holdings Ltd,Healthcare,Medical Instruments & Supplies,,SGD,Cash Conversion Cycle,,86.34,77.62,73.94,73.82,64.44,54.48,83.67,82.11,84.41,92.33,,
AP4,XSES,Riverstone Holdings Ltd,Healthcare,Medical Instruments & Supplies,,SGD,Recieveables Turnover,,5.38,5.78,6.12,6.32,7.72,11.17,7.19,7.43,7.01,5.84,,
AP4,XSES,Riverstone Holdings Ltd,Healthcare,Medical Instruments & Supplies,,SGD,Inventory Turnover,,7.52,8.97,9.45,8.73,8.5,8.55,6.88,7.48,7.53,7.51,,
AP4,XSES,Riverstone Holdings Ltd,Healthcare,Medical Instruments & Supplies,,SGD,Fixed Assets Turnover,,2.14,2.16,2.04,1.95,3.27,4.82,1.76,1.25,1.43,1.3,,
AP4,XSES,Riverstone Holdings Ltd,Healthcare,Medical Instruments & Supplies,,SGD,Asset Turnover,,1.05,1.13,1.12,1.1,1.4,1.41,0.53,0.48,0.6,0.58,,
AU8U,XSES,CapitaLand China Trust Units Real Estate Investment Trust,Real Estate,REIT - Retail,,SGD,Return on Asset %,,3.98,5.31,4.55,4.87,-0.30,2.09,2.21,0.73,-0.37,-0.22,,
AU8U,XSES,CapitaLand China Trust Units Real Estate Investment Trust,Real Estate,REIT - Retail,,SGD,Return on Equity %,,7.30,9.71,8.29,9.65,-0.57,4.11,4.70,1.65,-0.87,-0.50,,
AU8U,XSES,CapitaLand China Trust Units Real Estate Investment Trust,Real Estate,REIT - Retail,,SGD,Return on Invested Capital %,,5.21,6.77,5.62,6.33,0.19,3.00,3.49,2.64,1.21,0.98,,
AU8U,XSES,CapitaLand China Trust Units Real Estate Investment Trust,Real Estate,REIT - Retail,,SGD,Days Sales Outstanding,,2.02,1.80,88.34,177.31,236.42,84.46,30.34,30.81,34.11,26.85,,
AU8U,XSES,CapitaLand China Trust Units Real Estate Investment Trust,Real Estate,REIT - Retail,,SGD,Days Inventory,,-,-,-,-,-,-,-,-,-,-,,
AU8U,XSES,CapitaLand China Trust Units Real Estate Investment Trust,Real Estate,REIT - Retail,,SGD,Payables Period,,15.76,15.75,132.78,441.14,663.39,406.81,343.01,368.63,340.77,157.38,,
AU8U,XSES,CapitaLand China Trust Units Real Estate Investment Trust,Real Estate,REIT - Retail,,SGD,Cash Conversion Cycle,,-,-,-,-,-,-,-,-,-,-,,
AU8U,XSES,CapitaLand China Trust Units Real Estate Investment Trust,Real Estate,REIT - Retail,,SGD,Recieveables Turnover,,180.37,203.00,4.13,2.06,1.54,4.32,12.03,11.85,10.70,13.59,,
AU8U,XSES,CapitaLand China Trust Units Real Estate Investment Trust,Real Estate,REIT - Retail,,SGD,Inventory Turnover,,-,-,-,-,-,-,-,-,-,-,,
AU8U,XSES,CapitaLand China Trust Units Real Estate Investment Trust,Real Estate,REIT - Retail,,SGD,Fixed Assets Turnover,,43.10,65.52,84.10,100.69,87.90,123.06,113.90,142.09,171.41,191.26,,
AU8U,XSES,CapitaLand China Trust Units Real Estate Investment Trust,Real Estate,REIT - Retail,,SGD,Asset Turnover,,0.08,0.08,0.08,0.07,0.05,0.08,0.07,0.07,0.07,0.07,,
AVGO,XNAS,,,,,USD,Return on Asset %,,-5.74,3.24,23.45,4.58,3.71,8.5,15.08,19.28,4.94,13.74,,
AVGO,XNAS,,,,,USD,Return on Equity %,,-14.73,8.64,52.23,10.45,10.91,26.36,47.09,60.31,12.86,31.05,,
AVGO,XNAS,,,,,USD,Return on Invested Capital %,,-6.77,5.95,30.87,7.13,6.39,12.8,20.07,24.07,8.13,18.03,,
AVGO,XNAS,,,,,USD,Days Sales Outstanding,,44.11,47.9,50.54,53.17,42.45,29.04,27.64,31.14,26.79,33.03,,
AVGO,XNAS,,,,,USD,Days Inventory,,48.1,56.93,46.39,36.05,33.03,39.58,52.94,62.69,35.02,35.71,,
AVGO,XNAS,,,,,USD,Payables Period,,46.95,47.31,34.57,30.06,29.75,33.07,34.24,36.21,27.49,28.55,,
AVGO,XNAS,,,,,USD,Cash Conversion Cycle,,45.26,57.52,62.35,59.17,45.72,35.54,46.34,57.62,34.31,40.19,,
AVGO,XNAS,,,,,USD,Recieveables Turnover,,8.28,7.62,7.22,6.86,8.6,12.57,13.2,11.72,13.63,11.05,,
AVGO,XNAS,,,,,USD,Inventory Turnover,,7.59,6.41,7.87,10.12,11.05,9.22,6.9,5.82,10.42,10.22,,
AVGO,XNAS,,,,,USD,Fixed Assets Turnover,,6.67,6.91,7.97,8.69,9.42,11.3,14.53,16.37,22.06,25.3,,
AVGO,XNAS,,,,,USD,Asset Turnover,,0.44,0.34,0.4,0.38,0.33,0.36,0.45,0.49,0.43,0.38,,
AVP,XSES,AvePoint Inc Ordinary Shares - Class A,Technology,Software - Infrastructure,,SGD,Return on Asset %,,-,-,-,-,-30.43,-24.43,-10.35,-5.06,-6.05,5.32,,
AVP,XSES,AvePoint Inc Ordinary Shares - Class A,Technology,Software - Infrastructure,,SGD,Return on Equity %,,-,-,-,-,-,-162.08,-17.36,-9.88,-12.13,9.31,,
AVP,XSES,AvePoint Inc Ordinary Shares - Class A,Technology,Software - Infrastructure,,SGD,Return on Invested Capital %,,-,-,-,-,-,-162.26,-16.23,-9.23,-11.44,8.03,,
AVP,XSES,AvePoint Inc Ordinary Shares - Class A,Technology,Software - Infrastructure,,SGD,Days Sales Outstanding,,-,-,-,-,80.74,68.79,45.75,53.67,70.97,72.26,,
AVP,XSES,AvePoint Inc Ordinary Shares - Class A,Technology,Software - Infrastructure,,SGD,Days Inventory,,-,-,-,-,-,-,-,-,-,-,,
AVP,XSES,AvePoint Inc Ordinary Shares - Class A,Technology,Software - Infrastructure,,SGD,Payables Period,,-,-,-,-,7.01,9.00,9.37,6.84,8.26,10.33,,
AVP,XSES,AvePoint Inc Ordinary Shares - Class A,Technology,Software - Infrastructure,,SGD,Cash Conversion Cycle,,-,-,-,-,-,-,-,-,-,-,,
AVP,XSES,AvePoint Inc Ordinary Shares - Class A,Technology,Software - Infrastructure,,SGD,Recieveables Turnover,,-,-,-,-,4.52,5.31,7.98,6.80,5.14,5.05,,
AVP,XSES,AvePoint Inc Ordinary Shares - Class A,Technology,Software - Infrastructure,,SGD,Inventory Turnover,,-,-,-,-,-,-,-,-,-,-,,
AVP,XSES,AvePoint Inc Ordinary Shares - Class A,Technology,Software - Infrastructure,,SGD,Fixed Assets Turnover,,-,-,-,-,56.90,58.29,18.36,13.45,16.41,19.03,,
AVP,XSES,AvePoint Inc Ordinary Shares - Class A,Technology,Software - Infrastructure,,SGD,Asset Turnover,,-,-,-,-,0.90,0.69,0.58,0.63,0.69,0.64,,
AVX,XSES,HL Global Enterprises Ltd,Consumer Cyclical,Lodging,,SGD,Return on Asset %,,-0.21,104.87,1.84,1.04,0.26,-1.73,1.33,2.07,2.03,1.76,,
AVX,XSES,HL Global Enterprises Ltd,Consumer Cyclical,Lodging,,SGD,Return on Equity %,,-,234.14,2.14,1.13,0.26,-1.78,1.37,2.13,2.09,1.81,,
AVX,XSES,HL Global Enterprises Ltd,Consumer Cyclical,Lodging,,SGD,Return on Invested Capital %,,-,117.13,1.28,-0.03,-0.47,-2.07,0.62,-0.12,-0.11,0.13,,
AVX,XSES,HL Global Enterprises Ltd,Consumer Cyclical,Lodging,,SGD,Days Sales Outstanding,,10.07,11.19,9.07,13.77,16.69,16.19,4.84,6.72,4.79,3.71,,
AVX,XSES,HL Global Enterprises Ltd,Consumer Cyclical,Lodging,,SGD,Days Inventory,,5.71,7.02,144.01,364.81,506.35,777.72,384.25,398.05,392.8,376.26,,
AVX,XSES,HL Global Enterprises Ltd,Consumer Cyclical,Lodging,,SGD,Payables Period,,241.17,161.74,45.28,45.61,68.84,116.22,63.35,53.6,31.32,22.86,,
AVX,XSES,HL Global Enterprises Ltd,Consumer Cyclical,Lodging,,SGD,Cash Conversion Cycle,,-225.40,-143.54,107.8,332.97,454.2,677.69,325.74,351.17,366.27,357.1,,
AVX,XSES,HL Global Enterprises Ltd,Consumer Cyclical,Lodging,,SGD,Recieveables Turnover,,36.26,32.63,40.24,26.51,21.87,22.55,75.34,54.34,76.16,98.51,,
AVX,XSES,HL Global Enterprises Ltd,Consumer Cyclical,Lodging,,SGD,Inventory Turnover,,63.94,51.98,2.53,1.0,0.72,0.47,0.95,0.92,0.93,0.97,,
AVX,XSES,HL Global Enterprises Ltd,Consumer Cyclical,Lodging,,SGD,Fixed Assets Turnover,,0.36,0.42,0.61,0.41,0.28,0.15,0.42,0.39,0.39,0.44,,
AVX,XSES,HL Global Enterprises Ltd,Consumer Cyclical,Lodging,,SGD,Asset Turnover,,0.19,0.14,0.12,0.08,0.06,0.03,0.09,0.07,0.07,0.08,,
AW9U,XSES,First Real Estate Investment Trust Units Real Estate Investment Trust,Real Estate,REIT - Healthcare Facilities,,SGD,Return on Asset %,,2.91,5.07,5.06,3.18,-29.26,5.83,2.76,5.17,2.99,2.43,,
AW9U,XSES,First Real Estate Investment Trust Units Real Estate Investment Trust,Real Estate,REIT - Healthcare Facilities,,SGD,Return on Equity %,,4.75,8.28,8.42,5.28,-53.93,10.74,4.71,9.31,5.43,4.58,,
AW9U,XSES,First Real Estate Investment Trust Units Real Estate Investment Trust,Real Estate,REIT - Healthcare Facilities,,SGD,Return on Invested Capital %,,3.87,6.30,6.29,4.26,-27.53,7.13,3.77,6.82,4.38,3.62,,
AW9U,XSES,First Real Estate Investment Trust Units Real Estate Investment Trust,Real Estate,REIT - Healthcare Facilities,,SGD,Days Sales Outstanding,,27.29,47.57,71.71,73.97,79.37,28.85,9.53,16.96,21.30,27.42,,
AW9U,XSES,First Real Estate Investment Trust Units Real Estate Investment Trust,Real Estate,REIT - Healthcare Facilities,,SGD,Days Inventory,,-,-,-,-,-,-,-,-,-,-,,
AW9U,XSES,First Real Estate Investment Trust Units Real Estate Investment Trust,Real Estate,REIT - Healthcare Facilities,,SGD,Payables Period,,134.22,214.97,227.11,219.23,260.74,267.77,230.63,219.83,200.32,203.01,,
AW9U,XSES,First Real Estate Investment Trust Units Real Estate Investment Trust,Real Estate,REIT - Healthcare Facilities,,SGD,Cash Conversion Cycle,,-,-,-,-,-,-,-,-,-,-,,
AW9U,XSES,First Real Estate Investment Trust Units Real Estate Investment Trust,Real Estate,REIT - Healthcare Facilities,,SGD,Recieveables Turnover,,13.37,7.67,5.09,4.93,4.60,12.65,38.28,21.52,17.14,13.31,,
AW9U,XSES,First Real Estate Investment Trust Units Real Estate Investment Trust,Real Estate,REIT - Healthcare Facilities,,SGD,Inventory Turnover,,-,-,-,-,-,-,-,-,-,-,,
AW9U,XSES,First Real Estate Investment Trust Units Real Estate Investment Trust,Real Estate,REIT - Healthcare Facilities,,SGD,Fixed Assets Turnover,,-,-,1708.79,1874.75,1652.42,2966.55,5298.81,14475.73,3144.92,1779.22,,
AW9U,XSES,First Real Estate Investment Trust Units Real Estate Investment Trust,Real Estate,REIT - Healthcare Facilities,,SGD,Asset Turnover,,0.08,0.08,0.08,0.08,0.07,0.10,0.10,0.09,0.09,0.09,,
AWC,XSES,Brook Crompton Holdings Ltd,Industrials,Electrical Equipment & Parts,,SGD,Return on Asset %,,10.94,8.47,8.42,8.25,4.19,4.86,3.37,6.59,3.4,4.33,,
AWC,XSES,Brook Crompton Holdings Ltd,Industrials,Electrical Equipment & Parts,,SGD,Return on Equity %,,16.33,12.02,11.76,11.68,6.06,7.01,5.05,10.18,5.29,6.9,,
AWC,XSES,Brook Crompton Holdings Ltd,Industrials,Electrical Equipment & Parts,,SGD,Return on Invested Capital %,,15.39,11.5,11.44,11.15,5.62,6.56,4.68,8.76,4.2,5.8,,
AWC,XSES,Brook Crompton Holdings Ltd,Industrials,Electrical Equipment & Parts,,SGD,Days Sales Outstanding,,80.7,85.49,71.32,71.33,76.44,79.6,75.82,74.4,83.7,77.84,,
AWC,XSES,Brook Crompton Holdings Ltd,Industrials,Electrical Equipment & Parts,,SGD,Days Inventory,,187.32,177.61,160.58,173.24,183.36,181.1,179.04,179.07,206.09,228.57,,
AWC,XSES,Brook Crompton Holdings Ltd,Industrials,Electrical Equipment & Parts,,SGD,Payables Period,,113.79,99.02,83.9,85.42,88.66,116.47,126.47,124.08,149.99,169.34,,
AWC,XSES,Brook Crompton Holdings Ltd,Industrials,Electrical Equipment & Parts,,SGD,Cash Conversion Cycle,,154.24,164.07,148.0,159.15,171.14,144.23,128.4,129.39,139.79,137.06,,
AWC,XSES,Brook Crompton Holdings Ltd,Industrials,Electrical Equipment & Parts,,SGD,Recieveables Turnover,,4.52,4.27,5.12,5.12,4.78,4.59,4.81,4.91,4.36,4.69,,
AWC,XSES,Brook Crompton Holdings Ltd,Industrials,Electrical Equipment & Parts,,SGD,Inventory Turnover,,1.95,2.06,2.27,2.11,1.99,2.02,2.04,2.04,1.77,1.6,,
AWC,XSES,Brook Crompton Holdings Ltd,Industrials,Electrical Equipment & Parts,,SGD,Fixed Assets Turnover,,21.79,20.62,22.79,11.46,7.75,9.41,12.99,14.09,11.66,9.23,,
AWC,XSES,Brook Crompton Holdings Ltd,Industrials,Electrical Equipment & Parts,,SGD,Asset Turnover,,1.2,1.09,1.11,1.0,0.87,0.88,1.05,1.13,0.9,0.84,,
AWG,XSES,Ascent Bridge Ltd,Basic Materials,Aluminum,,SGD,Return on Asset %,,-7.31,-19.2,-11.77,-9.86,-9.79,14.23,-,-,-12.08,-8.72,,
AWG,XSES,Ascent Bridge Ltd,Basic Materials,Aluminum,,SGD,Return on Equity %,,-8.78,-23.4,-13.45,-12.02,-13.38,18.68,-,-,-14.35,-9.89,,
AWG,XSES,Ascent Bridge Ltd,Basic Materials,Aluminum,,SGD,Return on Invested Capital %,,-8.05,-20.97,-13.03,-10.81,-11.13,17.71,-,-,-13.97,-9.52,,
AWG,XSES,Ascent Bridge Ltd,Basic Materials,Aluminum,,SGD,Days Sales Outstanding,,71.02,69.84,50.17,65.17,61.61,44.37,-,-,171.45,187.82,,
AWG,XSES,Ascent Bridge Ltd,Basic Materials,Aluminum,,SGD,Days Inventory,,225.76,179.34,143.74,124.12,140.01,108.38,-,-,1097.55,1854.96,,
AWG,XSES,Ascent Bridge Ltd,Basic Materials,Aluminum,,SGD,Payables Period,,18.1,26.23,31.23,52.52,70.93,62.8,-,-,127.01,313.29,,
AWG,XSES,Ascent Bridge Ltd,Basic Materials,Aluminum,,SGD,Cash Conversion Cycle,,278.68,222.94,162.69,136.76,130.69,89.94,-,-,1141.98,1729.48,,
AWG,XSES,Ascent Bridge Ltd,Basic Materials,Aluminum,,SGD,Recieveables Turnover,,5.14,5.23,7.27,5.6,5.92,8.23,-,-,2.13,1.94,,
AWG,XSES,Ascent Bridge Ltd,Basic Materials,Aluminum,,SGD,Inventory Turnover,,1.62,2.04,2.54,2.94,2.61,3.37,-,-,0.33,0.2,,
AWG,XSES,Ascent Bridge Ltd,Basic Materials,Aluminum,,SGD,Fixed Assets Turnover,,0.61,0.44,0.68,0.58,0.81,5.32,-,-,2.67,2.29,,
AWG,XSES,Ascent Bridge Ltd,Basic Materials,Aluminum,,SGD,Asset Turnover,,0.21,0.16,0.19,0.15,0.17,0.31,-,-,0.1,0.06,,
AWI,XSES,Thakral Corp Ltd,Consumer Cyclical,Specialty Retail,,SGD,Return on Asset %,,0.18,15.26,3.51,3.28,2.22,5.31,5.42,2.41,8.37,35.49,,
AWI,XSES,Thakral Corp Ltd,Consumer Cyclical,Specialty Retail,,SGD,Return on Equity %,,0.44,33.06,7.04,6.79,4.61,11.54,12.23,5.4,18.44,69.93,,
AWI,XSES,Thakral Corp Ltd,Consumer Cyclical,Specialty Retail,,SGD,Return on Invested Capital %,,2.38,12.61,6.8,6.33,4.3,9.21,9.72,5.06,14.26,54.08,,
AWI,XSES,Thakral Corp Ltd,Consumer Cyclical,Specialty Retail,,SGD,Days Sales Outstanding,,18.35,27.92,23.81,31.4,32.09,27.99,28.39,25.77,27.43,25.82,,
AWI,XSES,Thakral Corp Ltd,Consumer Cyclical,Specialty Retail,,SGD,Days Inventory,,47.93,75.58,83.48,93.69,52.42,42.12,49.05,47.49,39.28,36.79,,
AWI,XSES,Thakral Corp Ltd,Consumer Cyclical,Specialty Retail,,SGD,Payables Period,,9.73,11.12,13.07,20.4,13.77,7.87,10.94,15.58,15.24,13.99,,
AWI,XSES,Thakral Corp Ltd,Consumer Cyclical,Specialty Retail,,SGD,Cash Conversion Cycle,,56.54,92.38,94.22,104.69,70.74,62.25,66.51,57.68,51.47,48.62,,
AWI,XSES,Thakral Corp Ltd,Consumer Cyclical,Specialty Retail,,SGD,Recieveables Turnover,,19.89,13.07,15.33,11.63,11.37,13.04,12.85,14.16,13.31,14.13,,
AWI,XSES,Thakral Corp Ltd,Consumer Cyclical,Specialty Retail,,SGD,Inventory Turnover,,7.62,4.83,4.37,3.9,6.96,8.67,7.44,7.69,9.29,9.92,,
AWI,XSES,Thakral Corp Ltd,Consumer Cyclical,Specialty Retail,,SGD,Fixed Assets Turnover,,118.07,71.27,58.32,29.48,28.45,47.56,67.82,45.83,33.03,37.59,,
AWI,XSES,Thakral Corp Ltd,Consumer Cyclical,Specialty Retail,,SGD,Asset Turnover,,0.9,0.53,0.59,0.39,0.31,0.39,0.47,0.63,0.84,0.85,,
AWK,XSES,Fuxing China Group Ltd,Consumer Cyclical,Apparel Manufacturing,,SGD,Return on Asset %,,-4.85,1.13,0.52,-3.11,-14.08,6.0,2.74,-1.19,0.08,2.35,,
AWK,XSES,Fuxing China Group Ltd,Consumer Cyclical,Apparel Manufacturing,,SGD,Return on Equity %,,-10.41,2.5,1.06,-6.08,-26.75,10.85,4.71,-1.9,0.12,3.47,,
AWK,XSES,Fuxing China Group Ltd,Consumer Cyclical,Apparel Manufacturing,,SGD,Return on Invested Capital %,,-5.85,2.48,2.02,-3.03,-18.23,9.24,5.04,-0.45,1.02,3.38,,
AWK,XSES,Fuxing China Group Ltd,Consumer Cyclical,Apparel Manufacturing,,SGD,Days Sales Outstanding,,110.26,97.06,100.05,115.84,116.13,108.72,106.83,111.08,112.36,124.71,,
AWK,XSES,Fuxing China Group Ltd,Consumer Cyclical,Apparel Manufacturing,,SGD,Days Inventory,,26.94,24.14,27.15,29.4,21.17,23.33,24.34,33.82,38.81,41.2,,
AWK,XSES,Fuxing China Group Ltd,Consumer Cyclical,Apparel Manufacturing,,SGD,Payables Period,,116.52,55.61,20.68,58.4,67.7,66.84,63.99,69.65,39.73,12.4,,
AWK,XSES,Fuxing China Group Ltd,Consumer Cyclical,Apparel Manufacturing,,SGD,Cash Conversion Cycle,,20.68,65.58,106.52,86.84,69.61,65.21,67.18,75.24,111.45,153.51,,
AWK,XSES,Fuxing China Group Ltd,Consumer Cyclical,Apparel Manufacturing,,SGD,Recieveables Turnover,,3.31,3.76,3.65,3.15,3.14,3.36,3.42,3.29,3.25,2.93,,
AWK,XSES,Fuxing China Group Ltd,Consumer Cyclical,Apparel Manufacturing,,SGD,Inventory Turnover,,13.55,15.12,13.44,12.41,17.24,15.65,14.99,10.79,9.4,8.86,,
AWK,XSES,Fuxing China Group Ltd,Consumer Cyclical,Apparel Manufacturing,,SGD,Fixed Assets Turnover,,3.16,3.66,3.41,2.79,2.93,2.88,2.57,2.39,2.58,2.7,,
AWK,XSES,Fuxing China Group Ltd,Consumer Cyclical,Apparel Manufacturing,,SGD,Asset Turnover,,0.57,0.64,0.66,0.59,0.66,0.82,0.87,0.82,0.82,0.78,,
AWM,XSES,Shanghai Turbo Enterprises Ltd,Industrials,Specialty Industrial Machinery,,SGD,Return on Asset %,2.83,0.59,-53.04,-4.31,-34.23,-25.17,-9.44,-8.51,7.28,,,,
AWM,XSES,Shanghai Turbo Enterprises Ltd,Industrials,Specialty Industrial Machinery,,SGD,Return on Equity %,3.4,0.71,-64.43,-5.5,-45.69,-36.92,-17.14,-22.56,31.33,,,,
AWM,XSES,Shanghai Turbo Enterprises Ltd,Industrials,Specialty Industrial Machinery,,SGD,Return on Invested Capital %,3.3,0.72,-63.5,-4.78,-40.04,-30.61,-12.13,-11.79,14.13,,,,
AWM,XSES,Shanghai Turbo Enterprises Ltd,Industrials,Specialty Industrial Machinery,,SGD,Days Sales Outstanding,333.09,357.4,871.2,695.03,1146.94,207.58,142.27,137.83,104.27,,,,
AWM,XSES,Shanghai Turbo Enterprises Ltd,Industrials,Specialty Industrial Machinery,,SGD,Days Inventory,127.12,109.5,178.85,14.22,29.86,50.79,70.18,74.62,74.68,,,,
AWM,XSES,Shanghai Turbo Enterprises Ltd,Industrials,Specialty Industrial Machinery,,SGD,Payables Period,192.63,169.34,404.61,176.77,156.91,121.52,178.65,152.64,110.93,,,,
AWM,XSES,Shanghai Turbo Enterprises Ltd,Industrials,Specialty Industrial Machinery,,SGD,Cash Conversion Cycle,267.58,297.56,645.44,532.48,1019.9,136.85,33.8,59.8,68.02,,,,
AWM,XSES,Shanghai Turbo Enterprises Ltd,Industrials,Specialty Industrial Machinery,,SGD,Recieveables Turnover,1.1,1.02,0.42,0.53,0.32,1.76,2.57,2.65,3.5,,,,
AWM,XSES,Shanghai Turbo Enterprises Ltd,Industrials,Specialty Industrial Machinery,,SGD,Inventory Turnover,2.87,3.33,2.04,25.67,12.22,7.19,5.2,4.89,4.89,,,,
AWM,XSES,Shanghai Turbo Enterprises Ltd,Industrials,Specialty Industrial Machinery,,SGD,Fixed Assets Turnover,1.3,1.2,0.31,0.31,0.18,0.5,1.09,1.7,3.75,,,,
AWM,XSES,Shanghai Turbo Enterprises Ltd,Industrials,Specialty Industrial Machinery,,SGD,Asset Turnover,0.36,0.35,0.12,0.15,0.09,0.3,0.55,0.6,0.8,,,,
AWV,XSES,Captii Ltd,Communication Services,Telecom Services,,SGD,Return on Asset %,,12.12,2.24,4.26,3.78,2.38,14.47,-5.22,-15.14,-15.72,-12.52,,
AWV,XSES,Captii Ltd,Communication Services,Telecom Services,,SGD,Return on Equity %,,15.65,3.2,6.15,5.2,3.12,19.37,-7.14,-20.41,-20.86,-16.64,,
AWV,XSES,Captii Ltd,Communication Services,Telecom Services,,SGD,Return on Invested Capital %,,14.99,2.85,5.68,4.95,2.86,18.67,-7.18,-20.0,-20.14,-16.21,,
AWV,XSES,Captii Ltd,Communication Services,Telecom Services,,SGD,Days Sales Outstanding,,174.86,254.14,190.06,202.65,184.17,142.32,136.88,143.26,151.69,169.4,,
AWV,XSES,Captii Ltd,Communication Services,Telecom Services,,SGD,Days Inventory,,1.23,0.96,4.99,7.88,0.14,0.12,0.14,0.19,0.27,0.7,,
AWV,XSES,Captii Ltd,Communication Services,Telecom Services,,SGD,Payables Period,,211.72,258.21,143.17,123.76,82.94,78.17,81.28,64.55,59.1,71.47,,
AWV,XSES,Captii Ltd,Communication Services,Telecom Services,,SGD,Cash Conversion Cycle,,-35.63,-3.1,51.89,86.77,101.37,64.27,55.74,78.9,92.85,98.63,,
AWV,XSES,Captii Ltd,Communication Services,Telecom Services,,SGD,Recieveables Turnover,,2.09,1.44,1.92,1.8,1.98,2.56,2.67,2.55,2.41,2.15,,
AWV,XSES,Captii Ltd,Communication Services,Telecom Services,,SGD,Inventory Turnover,,296.41,379.32,73.11,46.31,2523.25,3060.25,2654.89,1953.2,1362.83,523.91,,
AWV,XSES,Captii Ltd,Communication Services,Telecom Services,,SGD,Fixed Assets Turnover,,17.43,16.64,17.89,13.55,10.31,11.19,15.42,15.21,14.61,13.5,,
AWV,XSES,Captii Ltd,Communication Services,Telecom Services,,SGD,Asset Turnover,,0.53,0.48,0.57,0.43,0.4,0.38,0.35,0.33,0.4,0.42,,
AWX,XSES,AEM Holdings Ltd,Technology,Semiconductor Equipment & Materials,,SGD,Return on Asset %,,10.94,38.16,26.47,28.96,34.64,17.58,16.73,-0.16,1.66,2.62,,
AWX,XSES,AEM Holdings Ltd,Technology,Semiconductor Equipment & Materials,,SGD,Return on Equity %,,17.02,71.54,45.47,47.14,56.45,29.95,28.57,-0.26,2.4,3.46,,
AWX,XSES,AEM Holdings Ltd,Technology,Semiconductor Equipment & Materials,,SGD,Return on Invested Capital %,,16.96,71.39,45.09,46.37,54.11,26.34,22.99,0.55,2.45,3.21,,
AWX,XSES,AEM Holdings Ltd,Technology,Semiconductor Equipment & Materials,,SGD,Days Sales Outstanding,,63.46,30.0,25.77,22.3,23.17,48.12,36.96,42.51,81.04,112.74,,
AWX,XSES,AEM Holdings Ltd,Technology,Semiconductor Equipment & Materials,,SGD,Days Inventory,,109.52,65.39,66.62,80.56,79.34,137.11,175.11,361.04,403.59,322.02,,
AWX,XSES,AEM Holdings Ltd,Technology,Semiconductor Equipment & Materials,,SGD,Payables Period,,115.74,71.83,78.88,99.29,89.79,127.53,91.73,99.75,82.08,74.51,,
AWX,XSES,AEM Holdings Ltd,Technology,Semiconductor Equipment & Materials,,SGD,Cash Conversion Cycle,,57.24,23.56,13.51,3.57,12.72,57.7,120.33,303.8,402.54,360.25,,
AWX,XSES,AEM Holdings Ltd,Technology,Semiconductor Equipment & Materials,,SGD,Recieveables Turnover,,5.75,12.17,14.16,16.37,15.75,7.59,9.88,8.59,4.5,3.24,,
AWX,XSES,AEM Holdings Ltd,Technology,Semiconductor Equipment & Materials,,SGD,Inventory Turnover,,3.33,5.58,5.48,4.53,4.6,2.66,2.08,1.01,0.9,1.13,,
AWX,XSES,AEM Holdings Ltd,Technology,Semiconductor Equipment & Materials,,SGD,Fixed Assets Turnover,,25.68,75.78,56.12,45.61,39.8,18.38,14.63,6.47,5.83,7.48,,
AWX,XSES,AEM Holdings Ltd,Technology,Semiconductor Equipment & Materials,,SGD,Asset Turnover,,1.65,2.69,2.07,1.77,1.84,1.08,1.15,0.64,0.55,0.62,,
AWZ,XSES,Multi-Chem Ltd,Technology,Electronics & Computer Distribution,,SGD,Return on Asset %,,5.12,5.18,2.41,3.14,6.59,8.73,6.37,7.63,7.86,6.67,,
AWZ,XSES,Multi-Chem Ltd,Technology,Electronics & Computer Distribution,,SGD,Return on Equity %,,10.38,11.11,5.55,7.71,16.3,20.4,14.96,19.28,20.65,17.25,,
AWZ,XSES,Multi-Chem Ltd,Technology,Electronics & Computer Distribution,,SGD,Return on Invested Capital %,,8.81,9.28,4.41,6.42,13.78,19.24,14.19,17.9,18.68,15.58,,
AWZ,XSES,Multi-Chem Ltd,Technology,Electronics & Computer Distribution,,SGD,Days Sales Outstanding,,83.81,78.18,89.33,98.36,95.23,73.29,76.45,81.93,88.85,94.6,,
AWZ,XSES,Multi-Chem Ltd,Technology,Electronics & Computer Distribution,,SGD,Days Inventory,,35.01,30.97,30.88,33.22,37.11,33.37,41.18,50.57,50.66,44.01,,
AWZ,XSES,Multi-Chem Ltd,Technology,Electronics & Computer Distribution,,SGD,Payables Period,,60.5,57.45,59.18,62.71,69.51,58.59,64.7,79.07,87.02,87.96,,
AWZ,XSES,Multi-Chem Ltd,Technology,Electronics & Computer Distribution,,SGD,Cash Conversion Cycle,,58.32,51.7,61.02,68.87,62.83,48.07,52.93,53.42,52.48,50.65,,
AWZ,XSES,Multi-Chem Ltd,Technology,Electronics & Computer Distribution,,SGD,Recieveables Turnover,,4.36,4.67,4.09,3.71,3.83,4.98,4.77,4.46,4.11,3.86,,
AWZ,XSES,Multi-Chem Ltd,Technology,Electronics & Computer Distribution,,SGD,Inventory Turnover,,10.43,11.79,11.82,10.99,9.84,10.94,8.86,7.22,7.21,8.29,,
AWZ,XSES,Multi-Chem Ltd,Technology,Electronics & Computer Distribution,,SGD,Fixed Assets Turnover,,18.97,29.71,37.47,35.0,36.7,48.2,53.18,64.01,70.85,73.18,,
AWZ,XSES,Multi-Chem Ltd,Technology,Electronics & Computer Distribution,,SGD,Asset Turnover,,1.9,1.97,1.86,1.83,1.78,2.11,1.97,1.85,1.74,1.65,,
AYN,XSES,Global Testing Corp Ltd,Technology,Semiconductor Equipment & Materials,,SGD,Return on Asset %,,6.70,4.67,-10.34,-8.07,0.96,22.04,21.81,6.17,8.95,6.27,,
AYN,XSES,Global Testing Corp Ltd,Technology,Semiconductor Equipment & Materials,,SGD,Return on Equity %,,7.75,5.44,-12.59,-10.46,1.23,27.82,27.09,7.60,11.01,7.77,,
AYN,XSES,Global Testing Corp Ltd,Technology,Semiconductor Equipment & Materials,,SGD,Return on Invested Capital %,,7.75,5.46,-11.59,-9.04,1.62,26.89,26.51,6.36,9.52,6.81,,
AYN,XSES,Global Testing Corp Ltd,Technology,Semiconductor Equipment & Materials,,SGD,Days Sales Outstanding,,71.04,87.40,97.89,81.32,74.47,67.77,69.15,69.93,75.59,76.04,,
AYN,XSES,Global Testing Corp Ltd,Technology,Semiconductor Equipment & Materials,,SGD,Days Inventory,,-,-,-,-,-,-,-,-,-,-,,
AYN,XSES,Global Testing Corp Ltd,Technology,Semiconductor Equipment & Materials,,SGD,Payables Period,,8.80,11.02,13.80,17.93,15.03,19.38,28.11,28.45,28.52,23.01,,
AYN,XSES,Global Testing Corp Ltd,Technology,Semiconductor Equipment & Materials,,SGD,Cash Conversion Cycle,,-,-,-,-,-,-,-,-,-,-,,
AYN,XSES,Global Testing Corp Ltd,Technology,Semiconductor Equipment & Materials,,SGD,Recieveables Turnover,,5.14,4.18,3.73,4.49,4.90,5.39,5.28,5.22,4.83,4.80,,
AYN,XSES,Global Testing Corp Ltd,Technology,Semiconductor Equipment & Materials,,SGD,Inventory Turnover,,-,-,-,-,-,-,-,-,-,-,,
AYN,XSES,Global Testing Corp Ltd,Technology,Semiconductor Equipment & Materials,,SGD,Fixed Assets Turnover,,0.82,0.77,0.67,0.74,0.86,1.57,1.85,1.55,1.57,1.70,,
AYN,XSES,Global Testing Corp Ltd,Technology,Semiconductor Equipment & Materials,,SGD,Asset Turnover,,0.55,0.52,0.47,0.55,0.62,0.91,0.90,0.74,0.72,0.75,,
AYV,XSES,Acma Ltd,Consumer Cyclical,Auto Parts,,SGD,Return on Asset %,,1.67,-0.65,-4.26,-13.27,-8.23,-6.19,-1.61,-3.16,3.08,-17.59,,
AYV,XSES,Acma Ltd,Consumer Cyclical,Auto Parts,,SGD,Return on Equity %,,3.61,-1.63,-12.27,-49.73,-43.43,-37.09,-11.95,-34.16,32.26,-111.65,,
AYV,XSES,Acma Ltd,Consumer Cyclical,Auto Parts,,SGD,Return on Invested Capital %,,3.2,0.22,-6.42,-21.1,-12.54,-10.48,0.04,-4.9,17.18,-62.17,,
AYV,XSES,Acma Ltd,Consumer Cyclical,Auto Parts,,SGD,Days Sales Outstanding,,131.3,150.75,123.38,79.99,113.82,101.79,88.6,256.51,46.68,36.04,,
AYV,XSES,Acma Ltd,Consumer Cyclical,Auto Parts,,SGD,Days Inventory,,67.76,74.92,94.18,93.38,146.96,166.24,167.51,351.16,77.17,134.88,,
AYV,XSES,Acma Ltd,Consumer Cyclical,Auto Parts,,SGD,Payables Period,,160.0,175.36,165.84,99.28,156.47,174.48,185.14,424.75,128.66,185.64,,
AYV,XSES,Acma Ltd,Consumer Cyclical,Auto Parts,,SGD,Cash Conversion Cycle,,39.06,50.31,51.73,74.09,104.32,93.54,70.98,182.92,-4.81,-14.73,,
AYV,XSES,Acma Ltd,Consumer Cyclical,Auto Parts,,SGD,Recieveables Turnover,,2.78,2.42,2.96,4.56,3.21,3.59,4.12,1.42,7.82,10.13,,
AYV,XSES,Acma Ltd,Consumer Cyclical,Auto Parts,,SGD,Inventory Turnover,,5.39,4.87,3.88,3.91,2.48,2.2,2.18,1.04,4.73,2.71,,
AYV,XSES,Acma Ltd,Consumer Cyclical,Auto Parts,,SGD,Fixed Assets Turnover,,8.62,8.03,8.23,5.45,3.14,3.88,5.6,2.34,10.68,12.18,,
AYV,XSES,Acma Ltd,Consumer Cyclical,Auto Parts,,SGD,Asset Turnover,,1.08,1.17,1.2,1.22,0.92,1.01,1.17,0.28,0.45,1.01,,
AZA,XSES,IPC Corp Ltd,Real Estate,Real Estate Services,,SGD,Return on Asset %,,-5.98,-4.87,23.63,-15.43,-32.74,-12.63,-12.84,-1.23,11.11,-5.59,,
AZA,XSES,IPC Corp Ltd,Real Estate,Real Estate Services,,SGD,Return on Equity %,,-7.20,-5.54,26.4,-17.19,-37.53,-14.63,-14.8,-1.45,13.36,-7.01,,
AZA,XSES,IPC Corp Ltd,Real Estate,Real Estate Services,,SGD,Return on Invested Capital %,,-6.50,-4.46,24.68,-15.46,-32.99,-12.4,-12.97,-0.87,12.6,-5.75,,
AZA,XSES,IPC Corp Ltd,Real Estate,Real Estate Services,,SGD,Days Sales Outstanding,,458.02,20.31,7.45,15.66,19.09,20.53,14.7,8.53,24.74,30.86,,
AZA,XSES,IPC Corp Ltd,Real Estate,Real Estate Services,,SGD,Days Inventory,,-,2536.21,978.23,2314.69,982.63,953.69,1512.55,1212.41,1984.1,906.09,,
AZA,XSES,IPC Corp Ltd,Real Estate,Real Estate Services,,SGD,Payables Period,,1994.33,55.97,36.69,92.61,48.26,66.26,130.92,130.96,154.16,28.33,,
AZA,XSES,IPC Corp Ltd,Real Estate,Real Estate Services,,SGD,Cash Conversion Cycle,,-,2500.56,948.98,2237.75,953.46,907.96,1396.32,1089.98,1854.69,908.63,,
AZA,XSES,IPC Corp Ltd,Real Estate,Real Estate Services,,SGD,Recieveables Turnover,,0.80,17.97,49.02,23.3,19.12,17.78,24.83,42.78,14.75,11.83,,
AZA,XSES,IPC Corp Ltd,Real Estate,Real Estate Services,,SGD,Inventory Turnover,,-,0.14,0.37,0.16,0.37,0.38,0.24,0.3,0.18,0.4,,
AZA,XSES,IPC Corp Ltd,Real Estate,Real Estate Services,,SGD,Fixed Assets Turnover,,0.19,-,0.31,0.13,0.2,0.11,0.03,0.16,2.35,0.11,,
AZA,XSES,IPC Corp Ltd,Real Estate,Real Estate Services,,SGD,Asset Turnover,,0.02,0.04,0.09,0.03,0.06,0.06,0.03,0.06,0.04,0.03,,
B28,XSES,Bonvests Holdings Ltd,Consumer Cyclical,Lodging,,SGD,Return on Asset %,,4.55,1.1,0.98,0.29,-3.09,0.92,1.58,0.55,0.14,1.51,,
B28,XSES,Bonvests Holdings Ltd,Consumer Cyclical,Lodging,,SGD,Return on Equity %,,6.18,1.48,1.38,0.43,-4.82,1.46,2.45,0.85,0.22,2.31,,
B28,XSES,Bonvests Holdings Ltd,Consumer Cyclical,Lodging,,SGD,Return on Invested Capital %,,5.31,1.49,1.48,0.85,-2.74,1.36,2.34,1.85,1.42,2.29,,
B28,XSES,Bonvests Holdings Ltd,Consumer Cyclical,Lodging,,SGD,Days Sales Outstanding,,28.75,43.97,30.33,30.06,45.37,30.4,25.81,26.37,23.33,23.19,,
B28,XSES,Bonvests Holdings Ltd,Consumer Cyclical,Lodging,,SGD,Days Inventory,,89.15,85.2,81.08,114.06,320.26,244.48,140.13,138.2,133.21,133.09,,
B28,XSES,Bonvests Holdings Ltd,Consumer Cyclical,Lodging,,SGD,Payables Period,,715.26,698.44,321.7,274.47,590.06,437.75,268.98,259.86,246.77,244.54,,
B28,XSES,Bonvests Holdings Ltd,Consumer Cyclical,Lodging,,SGD,Cash Conversion Cycle,,-597.36,-569.27,-210.29,-130.35,-224.42,-162.87,-103.04,-95.29,-90.23,-88.26,,
B28,XSES,Bonvests Holdings Ltd,Consumer Cyclical,Lodging,,SGD,Recieveables Turnover,,12.69,8.3,12.04,12.14,8.04,12.01,14.14,13.84,15.64,15.74,,
B28,XSES,Bonvests Holdings Ltd,Consumer Cyclical,Lodging,,SGD,Inventory Turnover,,4.09,4.28,4.5,3.2,1.14,1.49,2.6,2.64,2.74,2.74,,
B28,XSES,Bonvests Holdings Ltd,Consumer Cyclical,Lodging,,SGD,Fixed Assets Turnover,,0.44,0.27,0.39,0.36,0.18,0.21,0.33,0.36,0.37,0.39,,
B28,XSES,Bonvests Holdings Ltd,Consumer Cyclical,Lodging,,SGD,Asset Turnover,,0.18,0.12,0.18,0.17,0.09,0.1,0.16,0.17,0.17,0.18,,
B49,XSES,World Precision Machinery Ltd,Industrials,Specialty Industrial Machinery,,SGD,Return on Asset %,,1.98,2.43,0.4,1.27,2.45,5.93,1.18,0.29,0.34,-2.9,,
B49,XSES,World Precision Machinery Ltd,Industrials,Specialty Industrial Machinery,,SGD,Return on Equity %,,2.91,3.52,0.58,1.86,3.68,9.86,2.08,0.54,0.71,-6.25,,
B49,XSES,World Precision Machinery Ltd,Industrials,Specialty Industrial Machinery,,SGD,Return on Invested Capital %,,3.08,3.57,0.67,1.96,3.71,9.4,1.15,0.12,0.57,-4.71,,
B49,XSES,World Precision Machinery Ltd,Industrials,Specialty Industrial Machinery,,SGD,Days Sales Outstanding,,83.26,77.21,57.59,41.81,32.7,28.58,37.84,94.34,166.13,151.57,,
B49,XSES,World Precision Machinery Ltd,Industrials,Specialty Industrial Machinery,,SGD,Days Inventory,,238.86,208.41,186.98,206.43,165.63,134.18,160.08,153.59,146.91,175.01,,
B49,XSES,World Precision Machinery Ltd,Industrials,Specialty Industrial Machinery,,SGD,Payables Period,,127.82,118.8,109.38,176.11,196.55,220.04,309.45,302.79,306.29,309.62,,
B49,XSES,World Precision Machinery Ltd,Industrials,Specialty Industrial Machinery,,SGD,Cash Conversion Cycle,,194.31,166.82,135.19,72.13,1.78,-57.28,-111.54,-54.86,6.76,16.96,,
B49,XSES,World Precision Machinery Ltd,Industrials,Specialty Industrial Machinery,,SGD,Recieveables Turnover,,4.38,4.73,6.34,8.73,11.16,12.77,9.65,3.87,2.2,2.41,,
B49,XSES,World Precision Machinery Ltd,Industrials,Specialty Industrial Machinery,,SGD,Inventory Turnover,,1.53,1.75,1.95,1.77,2.2,2.72,2.28,2.38,2.48,2.09,,
B49,XSES,World Precision Machinery Ltd,Industrials,Specialty Industrial Machinery,,SGD,Fixed Assets Turnover,,1.02,1.12,1.17,0.98,1.26,1.81,1.49,1.5,1.5,1.1,,
B49,XSES,World Precision Machinery Ltd,Industrials,Specialty Industrial Machinery,,SGD,Asset Turnover,,0.48,0.53,0.58,0.53,0.62,0.69,0.54,0.51,0.49,0.39,,
B58,XSES,Banyan Tree Holdings Ltd,Consumer Cyclical,Resorts & Casinos,,SGD,Return on Asset %,,-1.01,0.79,0.81,0.04,-5.77,-3.68,0.06,2.05,2.36,2.21,,
B58,XSES,Banyan Tree Holdings Ltd,Consumer Cyclical,Resorts & Casinos,,SGD,Return on Equity %,,-2.91,2.22,2.16,0.1,-15.45,-10.47,0.16,5.39,5.85,5.52,,
B58,XSES,Banyan Tree Holdings Ltd,Consumer Cyclical,Resorts & Casinos,,SGD,Return on Invested Capital %,,0.45,2.53,4.26,1.26,-5.81,-2.25,1.35,4.38,5.1,4.73,,
B58,XSES,Banyan Tree Holdings Ltd,Consumer Cyclical,Resorts & Casinos,,SGD,Days Sales Outstanding,,64.48,46.14,41.7,41.22,90.73,66.03,60.36,59.18,58.93,58.38,,
B58,XSES,Banyan Tree Holdings Ltd,Consumer Cyclical,Resorts & Casinos,,SGD,Days Inventory,,2075.41,1858.35,1472.69,1265.49,2559.3,880.89,1097.91,1178.1,1130.18,1074.94,,
B58,XSES,Banyan Tree Holdings Ltd,Consumer Cyclical,Resorts & Casinos,,SGD,Payables Period,,148.77,150.37,126.74,115.04,251.8,88.98,125.14,177.71,162.07,129.4,,
B58,XSES,Banyan Tree Holdings Ltd,Consumer Cyclical,Resorts & Casinos,,SGD,Cash Conversion Cycle,,1991.12,1754.12,1387.64,1191.67,2398.23,857.95,1033.13,1059.58,1027.04,1003.92,,
B58,XSES,Banyan Tree Holdings Ltd,Consumer Cyclical,Resorts & Casinos,,SGD,Recieveables Turnover,,5.66,7.91,8.75,8.86,4.02,5.53,6.05,6.17,6.19,6.25,,
B58,XSES,Banyan Tree Holdings Ltd,Consumer Cyclical,Resorts & Casinos,,SGD,Inventory Turnover,,0.18,0.2,0.25,0.29,0.14,0.41,0.33,0.31,0.32,0.34,,
B58,XSES,Banyan Tree Holdings Ltd,Consumer Cyclical,Resorts & Casinos,,SGD,Fixed Assets Turnover,,0.47,0.49,0.53,0.53,0.23,0.35,0.47,0.46,0.43,0.52,,
B58,XSES,Banyan Tree Holdings Ltd,Consumer Cyclical,Resorts & Casinos,,SGD,Asset Turnover,,0.19,0.19,0.2,0.21,0.1,0.15,0.2,0.21,0.21,0.25,,
B61,XSES,Bukit Sembawang Estates Ltd,Real Estate,Real Estate - Development,,SGD,Return on Asset %,,6.45,5.05,4.04,6.52,4.2,10.0,4.58,2.12,4.46,6.94,,
B61,XSES,Bukit Sembawang Estates Ltd,Real Estate,Real Estate - Development,,SGD,Return on Equity %,,7.15,5.65,4.38,7.94,5.79,13.49,5.59,2.33,4.73,7.34,,
B61,XSES,Bukit Sembawang Estates Ltd,Real Estate,Real Estate - Development,,SGD,Return on Invested Capital %,,6.9,5.28,4.19,6.31,4.93,11.05,4.95,1.84,4.05,6.57,,
B61,XSES,Bukit Sembawang Estates Ltd,Real Estate,Real Estate - Development,,SGD,Days Sales Outstanding,,10.21,29.75,53.28,9.88,15.34,5.99,1.24,12.07,8.66,34.14,,
B61,XSES,Bukit Sembawang Estates Ltd,Real Estate,Real Estate - Development,,SGD,Days Inventory,,2128.4,6577.62,11722.74,2082.24,2445.74,1194.7,1819.69,2166.66,653.42,536.91,,
B61,XSES,Bukit Sembawang Estates Ltd,Real Estate,Real Estate - Development,,SGD,Payables Period,,30.36,162.82,351.77,57.88,37.67,11.28,12.64,15.43,12.21,20.5,,
B61,XSES,Bukit Sembawang Estates Ltd,Real Estate,Real Estate - Development,,SGD,Cash Conversion Cycle,,2108.25,6444.54,11424.25,2034.24,2423.41,1189.41,1808.29,2163.3,649.86,550.55,,
B61,XSES,Bukit Sembawang Estates Ltd,Real Estate,Real Estate - Development,,SGD,Recieveables Turnover,,35.75,12.27,6.85,36.96,23.79,60.91,294.71,30.25,42.16,10.69,,
B61,XSES,Bukit Sembawang Estates Ltd,Real Estate,Real Estate - Development,,SGD,Inventory Turnover,,0.17,0.06,0.03,0.18,0.15,0.31,0.2,0.17,0.56,0.68,,
B61,XSES,Bukit Sembawang Estates Ltd,Real Estate,Real Estate - Development,,SGD,Fixed Assets Turnover,,2672.96,1584.48,0.81,1.43,1.58,2.8,1.38,0.93,2.64,2.58,,
B61,XSES,Bukit Sembawang Estates Ltd,Real Estate,Real Estate - Development,,SGD,Asset Turnover,,0.2,0.1,0.07,0.23,0.2,0.31,0.16,0.12,0.35,0.33,,
BAC,XSES,Camsing Healthcare Ltd,Consumer Defensive,Food Distribution,,SGD,Return on Asset %,,-12.58,1.03,0.33,-53.41,-73.19,-16.29,-34.97,-62.32,-80.81,-108.38,,
BAC,XSES,Camsing Healthcare Ltd,Consumer Defensive,Food Distribution,,SGD,Return on Equity %,,-16.67,1.5,0.48,-85.91,-362.3,-,-,-,-,-,,
BAC,XSES,Camsing Healthcare Ltd,Consumer Defensive,Food Distribution,,SGD,Return on Invested Capital %,,-12.79,1.81,0.49,-58.66,-86.66,-,-,-,-,-,,
BAC,XSES,Camsing Healthcare Ltd,Consumer Defensive,Food Distribution,,SGD,Days Sales Outstanding,,2.56,30.5,69.97,62.0,4.12,7.15,6.90,6.79,7.11,4.88,,
BAC,XSES,Camsing Healthcare Ltd,Consumer Defensive,Food Distribution,,SGD,Days Inventory,,372.57,209.46,195.22,263.98,200.57,152.99,90.41,108.18,158.69,133.84,,
BAC,XSES,Camsing Healthcare Ltd,Consumer Defensive,Food Distribution,,SGD,Payables Period,,34.61,34.5,28.8,31.06,60.81,92.79,86.62,109.73,167.57,167.23,,
BAC,XSES,Camsing Healthcare Ltd,Consumer Defensive,Food Distribution,,SGD,Cash Conversion Cycle,,340.52,205.46,236.39,294.91,143.88,67.35,10.68,5.24,-1.77,-28.51,,
BAC,XSES,Camsing Healthcare Ltd,Consumer Defensive,Food Distribution,,SGD,Recieveables Turnover,,142.74,11.97,5.22,5.89,88.58,51.03,52.92,53.77,51.34,74.73,,
BAC,XSES,Camsing Healthcare Ltd,Consumer Defensive,Food Distribution,,SGD,Inventory Turnover,,0.98,1.74,1.87,1.38,1.82,2.39,4.04,3.37,2.30,2.73,,
BAC,XSES,Camsing Healthcare Ltd,Consumer Defensive,Food Distribution,,SGD,Fixed Assets Turnover,,6.68,8.53,6.48,4.33,3.46,2.67,3.50,3.30,3.12,7.42,,
BAC,XSES,Camsing Healthcare Ltd,Consumer Defensive,Food Distribution,,SGD,Asset Turnover,,0.9,1.17,0.93,0.68,0.98,1.12,1.46,1.58,1.44,2.25,,
BAI,XSES,Digilife Technologies Ltd,Communication Services,Telecom Services,,SGD,Return on Asset %,1.02,0.59,1.04,5.2,1.51,-4.57,-9.6,-,1.66,-10.31,,,
BAI,XSES,Digilife Technologies Ltd,Communication Services,Telecom Services,,SGD,Return on Equity %,1.65,0.84,1.59,8.56,2.5,-7.29,-13.71,-,2.09,-12.54,,,
BAI,XSES,Digilife Technologies Ltd,Communication Services,Telecom Services,,SGD,Return on Invested Capital %,1.6,0.27,0.96,7.52,1.96,-6.6,-12.81,-,1.31,-13.21,,,
BAI,XSES,Digilife Technologies Ltd,Communication Services,Telecom Services,,SGD,Days Sales Outstanding,11.4,-,11.23,15.62,15.51,14.96,11.69,-,7.19,96.96,,,
BAI,XSES,Digilife Technologies Ltd,Communication Services,Telecom Services,,SGD,Days Inventory,14.55,-,22.49,21.8,18.24,21.05,17.12,-,19.44,289.15,,,
BAI,XSES,Digilife Technologies Ltd,Communication Services,Telecom Services,,SGD,Payables Period,11.48,-,15.01,17.19,15.54,13.91,6.78,-,1.76,50.47,,,
BAI,XSES,Digilife Technologies Ltd,Communication Services,Telecom Services,,SGD,Cash Conversion Cycle,14.47,-,18.7,20.22,18.21,22.1,22.03,-,24.88,335.64,,,
BAI,XSES,Digilife Technologies Ltd,Communication Services,Telecom Services,,SGD,Recieveables Turnover,32.02,-,32.52,23.37,23.54,24.4,31.22,-,50.74,3.76,,,
BAI,XSES,Digilife Technologies Ltd,Communication Services,Telecom Services,,SGD,Inventory Turnover,25.09,-,16.23,16.74,20.01,17.34,21.32,-,18.77,1.26,,,
BAI,XSES,Digilife Technologies Ltd,Communication Services,Telecom Services,,SGD,Fixed Assets Turnover,69.52,-,35.89,30.12,34.68,36.36,62.08,-,184.88,10.22,,,
BAI,XSES,Digilife Technologies Ltd,Communication Services,Telecom Services,,SGD,Asset Turnover,4.39,4.17,4.73,3.9,4.28,4.27,4.69,-,5.72,0.37,,,
BAZ,XSES,Lion Asiapac Ltd,Basic Materials,Building Materials,,SGD,Return on Asset %,,-2.01,16.48,1.24,-1.34,0.69,1.18,-1.96,-4.21,2.19,-1.14,,
BAZ,XSES,Lion Asiapac Ltd,Basic Materials,Building Materials,,SGD,Return on Equity %,,-3.18,21.03,1.28,-1.39,0.73,1.25,-2.09,-4.61,2.6,-1.42,,
BAZ,XSES,Lion Asiapac Ltd,Basic Materials,Building Materials,,SGD,Return on Invested Capital %,,-4.59,19.99,0.17,-1.39,-0.35,0.19,-2.94,-5.37,1.87,-2.02,,
BAZ,XSES,Lion Asiapac Ltd,Basic Materials,Building Materials,,SGD,Days Sales Outstanding,,110.75,114.23,80.28,46.34,89.3,90.66,89.48,86.62,88.27,216.68,,
BAZ,XSES,Lion Asiapac Ltd,Basic Materials,Building Materials,,SGD,Days Inventory,,-,429.61,265.76,72.24,137.53,118.72,79.42,78.78,81.27,186.84,,
BAZ,XSES,Lion Asiapac Ltd,Basic Materials,Building Materials,,SGD,Payables Period,,-,141.69,67.69,11.2,23.76,16.75,17.4,33.46,37.37,80.51,,
BAZ,XSES,Lion Asiapac Ltd,Basic Materials,Building Materials,,SGD,Cash Conversion Cycle,,-,402.15,278.36,107.37,203.07,192.62,151.5,131.94,132.17,323.01,,
BAZ,XSES,Lion Asiapac Ltd,Basic Materials,Building Materials,,SGD,Recieveables Turnover,,3.30,3.2,4.55,7.88,4.09,4.03,4.08,4.21,4.14,1.68,,
BAZ,XSES,Lion Asiapac Ltd,Basic Materials,Building Materials,,SGD,Inventory Turnover,,-,0.85,1.37,5.05,2.65,3.07,4.6,4.63,4.49,1.95,,
BAZ,XSES,Lion Asiapac Ltd,Basic Materials,Building Materials,,SGD,Fixed Assets Turnover,,1.10,1.34,3.77,10.75,5.41,5.38,9.2,11.23,10.94,4.5,,
BAZ,XSES,Lion Asiapac Ltd,Basic Materials,Building Materials,,SGD,Asset Turnover,,0.10,0.09,0.15,0.39,0.22,0.24,0.37,0.43,0.59,0.23,,
BBP,XSES,Hor Kew Corp Ltd,Industrials,Engineering & Construction,,SGD,Return on Asset %,,0.81,-1.83,-18.1,0.53,0.2,2.5,1.05,4.52,8.77,6.69,,
BBP,XSES,Hor Kew Corp Ltd,Industrials,Engineering & Construction,,SGD,Return on Equity %,,1.61,-3.45,-40.59,1.51,0.55,6.45,2.66,10.83,17.37,13.94,,
BBP,XSES,Hor Kew Corp Ltd,Industrials,Engineering & Construction,,SGD,Return on Invested Capital %,,1.33,-1.63,-21.69,1.79,1.29,3.6,2.07,7.5,12.0,9.09,,
BBP,XSES,Hor Kew Corp Ltd,Industrials,Engineering & Construction,,SGD,Days Sales Outstanding,,148.72,166.18,164.99,114.71,134.45,92.15,103.86,89.78,90.27,107.66,,
BBP,XSES,Hor Kew Corp Ltd,Industrials,Engineering & Construction,,SGD,Days Inventory,,143.36,222.43,166.79,183.98,258.31,235.87,171.61,121.35,123.61,98.76,,
BBP,XSES,Hor Kew Corp Ltd,Industrials,Engineering & Construction,,SGD,Payables Period,,139.71,119.35,117.94,169.54,230.25,179.56,140.98,104.57,133.87,149.79,,
BBP,XSES,Hor Kew Corp Ltd,Industrials,Engineering & Construction,,SGD,Cash Conversion Cycle,,152.37,269.25,213.84,129.15,162.51,148.46,134.49,106.56,80.02,56.63,,
BBP,XSES,Hor Kew Corp Ltd,Industrials,Engineering & Construction,,SGD,Recieveables Turnover,,2.45,2.2,2.21,3.18,2.71,3.96,3.51,4.07,4.04,3.39,,
BBP,XSES,Hor Kew Corp Ltd,Industrials,Engineering & Construction,,SGD,Inventory Turnover,,2.55,1.64,2.19,1.98,1.41,1.55,2.13,3.01,2.95,3.7,,
BBP,XSES,Hor Kew Corp Ltd,Industrials,Engineering & Construction,,SGD,Fixed Assets Turnover,,1.41,1.25,1.08,1.45,1.16,1.38,2.01,3.0,2.55,1.1,,
BBP,XSES,Hor Kew Corp Ltd,Industrials,Engineering & Construction,,SGD,Asset Turnover,,0.37,0.34,0.29,0.38,0.3,0.35,0.47,0.64,0.53,0.36,,
BBW,XSES,Azeus Systems Holdings Ltd,Technology,Information Technology Services,,SGD,Return on Asset %,,1.04,-18.5,1.65,9.63,8.01,11.99,20.12,19.67,29.43,43.66,,
BBW,XSES,Azeus Systems Holdings Ltd,Technology,Information Technology Services,,SGD,Return on Equity %,,1.3,-23.39,2.2,13.66,12.82,21.51,35.40,35.08,58.08,87.12,,
BBW,XSES,Azeus Systems Holdings Ltd,Technology,Information Technology Services,,SGD,Return on Invested Capital %,,1.27,-23.41,2.18,13.65,11.71,19.93,34.00,34.22,52.55,76.15,,
BBW,XSES,Azeus Systems Holdings Ltd,Technology,Information Technology Services,,SGD,Days Sales Outstanding,,30.0,41.87,49.28,31.06,37.55,53.64,46.22,50.83,52.52,46.44,,
BBW,XSES,Azeus Systems Holdings Ltd,Technology,Information Technology Services,,SGD,Days Inventory,,15.05,4.47,17.49,41.51,23.2,-,-,18.82,9.22,2.14,,
BBW,XSES,Azeus Systems Holdings Ltd,Technology,Information Technology Services,,SGD,Payables Period,,8.17,8.46,20.99,21.01,9.89,17.57,15.92,14.59,12.14,20.42,,
BBW,XSES,Azeus Systems Holdings Ltd,Technology,Information Technology Services,,SGD,Cash Conversion Cycle,,36.87,37.87,45.78,51.56,50.86,-,-,55.06,49.6,28.16,,
BBW,XSES,Azeus Systems Holdings Ltd,Technology,Information Technology Services,,SGD,Recieveables Turnover,,12.17,8.72,7.41,11.75,9.72,6.80,7.90,7.18,6.95,7.86,,
BBW,XSES,Azeus Systems Holdings Ltd,Technology,Information Technology Services,,SGD,Inventory Turnover,,24.26,81.74,20.87,8.79,15.73,-,-,19.39,39.6,170.82,,
BBW,XSES,Azeus Systems Holdings Ltd,Technology,Information Technology Services,,SGD,Fixed Assets Turnover,,128.64,99.74,105.8,155.12,24.04,14.93,30.55,56.3,18.0,14.47,,
BBW,XSES,Azeus Systems Holdings Ltd,Technology,Information Technology Services,,SGD,Asset Turnover,,0.87,0.84,0.91,1.13,1.15,0.90,0.90,0.98,1.14,1.24,,
BCV,XSES,Qian Hu Corp Ltd,Consumer Cyclical,Leisure,,SGD,Return on Asset %,,0.09,0.41,0.5,1.15,-1.85,2.25,1.9,-14.13,0.61,-1.26,,
BCV,XSES,Qian Hu Corp Ltd,Consumer Cyclical,Leisure,,SGD,Return on Equity %,,0.14,0.68,0.83,1.88,-3.0,3.6,2.87,-20.91,0.9,-1.92,,
BCV,XSES,Qian Hu Corp Ltd,Consumer Cyclical,Leisure,,SGD,Return on Invested Capital %,,0.54,0.93,1.18,2.12,-1.79,3.04,2.75,-16.78,1.03,-1.06,,
BCV,XSES,Qian Hu Corp Ltd,Consumer Cyclical,Leisure,,SGD,Days Sales Outstanding,,97.79,71.8,78.78,84.81,70.3,54.96,51.63,54.94,56.02,57.66,,
BCV,XSES,Qian Hu Corp Ltd,Consumer Cyclical,Leisure,,SGD,Days Inventory,,100.37,92.0,96.62,117.38,130.26,114.8,113.49,108.06,95.52,94.17,,
BCV,XSES,Qian Hu Corp Ltd,Consumer Cyclical,Leisure,,SGD,Payables Period,,43.14,43.84,44.46,41.09,36.63,29.34,22.63,24.76,26.71,27.72,,
BCV,XSES,Qian Hu Corp Ltd,Consumer Cyclical,Leisure,,SGD,Cash Conversion Cycle,,155.01,119.96,130.95,161.1,163.93,140.42,142.5,138.25,124.82,124.11,,
BCV,XSES,Qian Hu Corp Ltd,Consumer Cyclical,Leisure,,SGD,Recieveables Turnover,,3.73,5.08,4.63,4.3,5.19,6.64,7.07,6.64,6.52,6.33,,
BCV,XSES,Qian Hu Corp Ltd,Consumer Cyclical,Leisure,,SGD,Inventory Turnover,,3.64,3.97,3.78,3.11,2.8,3.18,3.22,3.38,3.82,3.88,,
BCV,XSES,Qian Hu Corp Ltd,Consumer Cyclical,Leisure,,SGD,Fixed Assets Turnover,,9.57,9.57,8.95,7.4,6.98,8.47,8.93,8.34,8.3,6.72,,
BCV,XSES,Qian Hu Corp Ltd,Consumer Cyclical,Leisure,,SGD,Asset Turnover,,1.05,1.1,1.06,0.97,0.96,1.05,1.02,1.07,1.22,1.21,,
BCY,XSES,Powermatic Data Systems Ltd,Technology,Communication Equipment,,SGD,Return on Asset %,,5.52,7.61,7.75,11.15,13.0,10.49,10.72,11.57,5.0,3.84,,
BCY,XSES,Powermatic Data Systems Ltd,Technology,Communication Equipment,,SGD,Return on Equity %,,6.02,8.36,8.42,12.33,14.57,11.92,12.41,13.35,5.64,4.35,,
BCY,XSES,Powermatic Data Systems Ltd,Technology,Communication Equipment,,SGD,Return on Invested Capital %,,5.64,7.96,7.97,11.55,13.62,11.58,12.19,12.4,4.41,2.74,,
BCY,XSES,Powermatic Data Systems Ltd,Technology,Communication Equipment,,SGD,Days Sales Outstanding,,28.87,19.76,14.78,10.56,14.03,16.48,9.61,8.38,12.9,25.3,,
BCY,XSES,Powermatic Data Systems Ltd,Technology,Communication Equipment,,SGD,Days Inventory,,55.45,62.48,65.71,75.41,87.3,92.75,156.53,159.25,134.03,465.77,,
BCY,XSES,Powermatic Data Systems Ltd,Technology,Communication Equipment,,SGD,Payables Period,,92.12,105.6,88.81,72.56,90.1,88.76,95.3,87.08,105.86,153.83,,
BCY,XSES,Powermatic Data Systems Ltd,Technology,Communication Equipment,,SGD,Cash Conversion Cycle,,-7.8,-23.36,-8.32,13.41,11.22,20.47,70.84,80.55,41.07,337.24,,
BCY,XSES,Powermatic Data Systems Ltd,Technology,Communication Equipment,,SGD,Recieveables Turnover,,12.64,18.47,24.69,34.55,26.02,22.14,37.96,43.57,28.29,14.43,,
BCY,XSES,Powermatic Data Systems Ltd,Technology,Communication Equipment,,SGD,Inventory Turnover,,6.58,5.84,5.55,4.84,4.18,3.94,2.33,2.29,2.72,0.78,,
BCY,XSES,Powermatic Data Systems Ltd,Technology,Communication Equipment,,SGD,Fixed Assets Turnover,,13.78,7.62,5.53,7.19,5.38,5.0,5.4,6.07,4.64,2.34,,
BCY,XSES,Powermatic Data Systems Ltd,Technology,Communication Equipment,,SGD,Asset Turnover,,0.3,0.28,0.28,0.33,0.32,0.37,0.37,0.38,0.34,0.17,,
BCZ,XSES,Travelite Holdings Ltd,Consumer Cyclical,Department Stores,,SGD,Return on Asset %,,0.98,0.81,-1.64,0.38,-10.06,-3.03,-0.69,4.86,4.04,1.45,,
BCZ,XSES,Travelite Holdings Ltd,Consumer Cyclical,Department Stores,,SGD,Return on Equity %,,1.66,1.66,-3.84,0.9,-28.25,-10.42,-2.47,17.21,13.04,4.02,,
BCZ,XSES,Travelite Holdings Ltd,Consumer Cyclical,Department Stores,,SGD,Return on Invested Capital %,,1.83,1.18,-1.31,0.75,-10.54,-2.15,0.54,7.74,6.84,3.54,,
BCZ,XSES,Travelite Holdings Ltd,Consumer Cyclical,Department Stores,,SGD,Days Sales Outstanding,,96.53,117.28,130.08,98.32,74.73,124.72,86.63,45.24,50.78,71.25,,
BCZ,XSES,Travelite Holdings Ltd,Consumer Cyclical,Department Stores,,SGD,Days Inventory,,158.0,180.84,181.99,182.75,206.56,516.42,295.05,171.6,237.45,340.13,,
BCZ,XSES,Travelite Holdings Ltd,Consumer Cyclical,Department Stores,,SGD,Payables Period,,145.03,100.17,82.75,80.56,68.7,116.17,72.66,75.01,98.46,101.36,,
BCZ,XSES,Travelite Holdings Ltd,Consumer Cyclical,Department Stores,,SGD,Cash Conversion Cycle,,109.51,197.95,229.32,200.51,212.59,524.96,309.02,141.83,189.76,310.02,,
BCZ,XSES,Travelite Holdings Ltd,Consumer Cyclical,Department Stores,,SGD,Recieveables Turnover,,3.78,3.11,2.81,3.71,4.88,2.93,4.21,8.07,7.19,5.12,,
BCZ,XSES,Travelite Holdings Ltd,Consumer Cyclical,Department Stores,,SGD,Inventory Turnover,,2.31,2.02,2.01,2.0,1.77,0.71,1.24,2.13,1.54,1.07,,
BCZ,XSES,Travelite Holdings Ltd,Consumer Cyclical,Department Stores,,SGD,Fixed Assets Turnover,,13.32,3.22,1.76,1.97,1.64,0.6,0.88,1.68,1.68,1.35,,
BCZ,XSES,Travelite Holdings Ltd,Consumer Cyclical,Department Stores,,SGD,Asset Turnover,,1.1,0.84,0.68,0.74,0.7,0.3,0.42,0.73,0.7,0.59,,
BDA,XSES,PNE Industries Ltd,Technology,Electronic Components,,SGD,Return on Asset %,,17.79,10.35,5.14,7.91,5.98,-0.78,3.9,0.87,1.55,0.64,,
BDA,XSES,PNE Industries Ltd,Technology,Electronic Components,,SGD,Return on Equity %,,21.28,12.82,6.55,9.91,7.5,-1.0,4.8,1.04,1.86,0.77,,
BDA,XSES,PNE Industries Ltd,Technology,Electronic Components,,SGD,Return on Invested Capital %,,20.99,12.29,5.94,9.12,6.98,-1.11,4.42,-0.3,0.88,0.18,,
BDA,XSES,PNE Industries Ltd,Technology,Electronic Components,,SGD,Days Sales Outstanding,,135.03,123.92,151.82,113.98,138.66,151.79,108.17,147.81,126.43,117.69,,
BDA,XSES,PNE Industries Ltd,Technology,Electronic Components,,SGD,Days Inventory,,100.19,92.53,116.55,92.19,103.49,141.09,140.84,195.22,178.47,160.89,,
BDA,XSES,PNE Industries Ltd,Technology,Electronic Components,,SGD,Payables Period,,80.29,83.93,110.22,78.02,89.26,104.14,66.06,66.93,61.36,52.92,,
BDA,XSES,PNE Industries Ltd,Technology,Electronic Components,,SGD,Cash Conversion Cycle,,154.92,132.52,158.15,128.14,152.88,188.74,182.95,276.09,243.54,225.66,,
BDA,XSES,PNE Industries Ltd,Technology,Electronic Components,,SGD,Recieveables Turnover,,2.7,2.95,2.4,3.2,2.63,2.4,3.37,2.47,2.89,3.1,,
BDA,XSES,PNE Industries Ltd,Technology,Electronic Components,,SGD,Inventory Turnover,,3.64,3.94,3.13,3.96,3.53,2.59,2.59,1.87,2.05,2.27,,
BDA,XSES,PNE Industries Ltd,Technology,Electronic Components,,SGD,Fixed Assets Turnover,,11.66,13.57,11.75,15.35,12.38,7.45,7.77,6.81,8.59,10.18,,
BDA,XSES,PNE Industries Ltd,Technology,Electronic Components,,SGD,Asset Turnover,,0.8,0.9,0.78,0.99,0.83,0.65,0.8,0.62,0.74,0.87,,
BDR,XSES,Willas-Array Electronics Holdings Ltd,Technology,Electronics & Computer Distribution,,SGD,Return on Asset %,,-3.94,1.97,5.33,-0.87,-3.91,5.66,4.67,0.14,-8.71,3.67,,
BDR,XSES,Willas-Array Electronics Holdings Ltd,Technology,Electronics & Computer Distribution,,SGD,Return on Equity %,,-11.76,6.62,17.3,-2.74,-11.69,14.71,11.28,0.37,-28.37,11.01,,
BDR,XSES,Willas-Array Electronics Holdings Ltd,Technology,Electronics & Computer Distribution,,SGD,Return on Invested Capital %,,-3.98,3.97,8.54,1.06,-2.97,8.86,7.32,1.88,-8.97,6.93,,
BDR,XSES,Willas-Array Electronics Holdings Ltd,Technology,Electronics & Computer Distribution,,SGD,Days Sales Outstanding,,55.68,60.52,64.3,81.51,82.15,77.2,90.93,97.14,111.12,108.53,,
BDR,XSES,Willas-Array Electronics Holdings Ltd,Technology,Electronics & Computer Distribution,,SGD,Days Inventory,,57.72,57.69,56.26,74.99,65.46,35.94,36.62,60.48,92.08,64.24,,
BDR,XSES,Willas-Array Electronics Holdings Ltd,Technology,Electronics & Computer Distribution,,SGD,Payables Period,,42.42,46.09,37.39,38.47,37.91,37.09,43.62,49.52,79.81,46.52,,
BDR,XSES,Willas-Array Electronics Holdings Ltd,Technology,Electronics & Computer Distribution,,SGD,Cash Conversion Cycle,,70.98,72.11,83.16,118.03,109.7,76.04,83.92,108.09,123.39,126.25,,
BDR,XSES,Willas-Array Electronics Holdings Ltd,Technology,Electronics & Computer Distribution,,SGD,Recieveables Turnover,,6.56,6.03,5.68,4.48,4.44,4.73,4.01,3.76,3.28,3.36,,
BDR,XSES,Willas-Array Electronics Holdings Ltd,Technology,Electronics & Computer Distribution,,SGD,Inventory Turnover,,6.32,6.33,6.49,4.87,5.58,10.16,9.97,6.04,3.96,5.68,,
BDR,XSES,Willas-Array Electronics Holdings Ltd,Technology,Electronics & Computer Distribution,,SGD,Fixed Assets Turnover,,13.89,16.02,18.2,13.48,11.48,12.66,11.64,10.86,10.21,13.06,,
BDR,XSES,Willas-Array Electronics Holdings Ltd,Technology,Electronics & Computer Distribution,,SGD,Asset Turnover,,2.01,2.04,2.17,1.7,1.71,2.18,1.95,1.61,1.37,1.7,,
BDU,XSES,Federal International (2000) Ltd,Energy,Oil & Gas Equipment & Services,,SGD,Return on Asset %,,5.44,2.91,-4.4,2.04,-4.27,0.27,2.05,-16.98,4.25,2.85,,
BDU,XSES,Federal International (2000) Ltd,Energy,Oil & Gas Equipment & Services,,SGD,Return on Equity %,,8.79,4.89,-6.9,2.91,-6.22,0.42,3.05,-23.84,5.78,4.54,,
BDU,XSES,Federal International (2000) Ltd,Energy,Oil & Gas Equipment & Services,,SGD,Return on Invested Capital %,,7.11,2.98,-4.67,3.26,-3.61,1.07,3.44,-18.37,5.3,4.38,,
BDU,XSES,Federal International (2000) Ltd,Energy,Oil & Gas Equipment & Services,,SGD,Days Sales Outstanding,,94.53,115.75,296.92,154.27,152.75,196.96,94.43,163.7,102.19,63.59,,
BDU,XSES,Federal International (2000) Ltd,Energy,Oil & Gas Equipment & Services,,SGD,Days Inventory,,83.43,47.08,140.55,85.62,87.15,107.66,41.34,134.88,134.35,33.45,,
BDU,XSES,Federal International (2000) Ltd,Energy,Oil & Gas Equipment & Services,,SGD,Payables Period,,60.82,46.71,113.63,58.34,52.77,95.05,35.7,63.54,74.8,56.0,,
BDU,XSES,Federal International (2000) Ltd,Energy,Oil & Gas Equipment & Services,,SGD,Cash Conversion Cycle,,117.14,116.12,323.84,181.55,187.14,209.57,100.07,235.04,161.74,41.04,,
BDU,XSES,Federal International (2000) Ltd,Energy,Oil & Gas Equipment & Services,,SGD,Recieveables Turnover,,3.86,3.15,1.23,2.37,2.39,1.85,3.87,2.23,3.57,5.74,,
BDU,XSES,Federal International (2000) Ltd,Energy,Oil & Gas Equipment & Services,,SGD,Inventory Turnover,,4.38,7.75,2.6,4.26,4.19,3.39,8.83,2.71,2.72,10.91,,
BDU,XSES,Federal International (2000) Ltd,Energy,Oil & Gas Equipment & Services,,SGD,Fixed Assets Turnover,,2.58,3.95,1.36,2.31,3.13,3.39,9.77,4.01,3.67,10.7,,
BDU,XSES,Federal International (2000) Ltd,Energy,Oil & Gas Equipment & Services,,SGD,Asset Turnover,,0.67,0.9,0.33,0.53,0.58,0.49,1.11,0.47,0.48,1.15,,
BDX,XSES,GSH Corp Ltd,Industrials,Conglomerates,,SGD,Return on Asset %,,-0.24,7.16,0.6,0.69,-1.27,-1.89,-1.63,-0.95,-0.83,-1.44,,
BDX,XSES,GSH Corp Ltd,Industrials,Conglomerates,,SGD,Return on Equity %,,-1.03,22.87,1.49,1.98,-3.7,-5.84,-5.76,-3.53,-2.97,-4.3,,
BDX,XSES,GSH Corp Ltd,Industrials,Conglomerates,,SGD,Return on Invested Capital %,,0.45,10.17,2.11,2.94,-0.01,-0.6,-0.06,1.19,1.58,0.46,,
BDX,XSES,GSH Corp Ltd,Industrials,Conglomerates,,SGD,Days Sales Outstanding,,60.01,16.9,25.04,81.21,127.17,77.09,80.37,42.68,47.09,77.41,,
BDX,XSES,GSH Corp Ltd,Industrials,Conglomerates,,SGD,Days Inventory,,6389.21,3068.57,1918.88,1389.51,1475.87,2003.34,3198.4,1942.02,2831.05,2818.76,,
BDX,XSES,GSH Corp Ltd,Industrials,Conglomerates,,SGD,Payables Period,,406.98,162.11,33.53,157.0,267.84,323.76,503.18,363.39,580.79,502.73,,
BDX,XSES,GSH Corp Ltd,Industrials,Conglomerates,,SGD,Cash Conversion Cycle,,6042.23,2923.35,1910.38,1313.72,1335.19,1756.67,2775.59,1621.31,2297.35,2393.45,,
BDX,XSES,GSH Corp Ltd,Industrials,Conglomerates,,SGD,Recieveables Turnover,,6.08,21.6,14.58,4.49,2.87,4.73,4.54,8.55,7.75,4.71,,
BDX,XSES,GSH Corp Ltd,Industrials,Conglomerates,,SGD,Inventory Turnover,,0.06,0.12,0.19,0.26,0.25,0.18,0.11,0.19,0.13,0.13,,
BDX,XSES,GSH Corp Ltd,Industrials,Conglomerates,,SGD,Fixed Assets Turnover,,0.22,0.28,0.25,0.37,0.29,0.22,0.2,0.32,0.22,0.22,,
BDX,XSES,GSH Corp Ltd,Industrials,Conglomerates,,SGD,Asset Turnover,,0.06,0.09,0.1,0.14,0.11,0.09,0.08,0.13,0.1,0.11,,
BEC,XSES,BRC Asia Ltd,Basic Materials,Steel,,SGD,Return on Asset %,,3.11,0.72,2.3,4.53,3.1,6.25,9.71,7.87,10.08,10.25,,
BEC,XSES,BRC Asia Ltd,Basic Materials,Steel,,SGD,Return on Equity %,,4.91,1.25,5.81,12.63,7.72,16.63,25.79,18.34,20.73,19.05,,
BEC,XSES,BRC Asia Ltd,Basic Materials,Steel,,SGD,Return on Invested Capital %,,4.42,1.21,3.59,6.48,4.3,7.77,11.89,10.01,13.07,13.46,,
BEC,XSES,BRC Asia Ltd,Basic Materials,Steel,,SGD,Days Sales Outstanding,,71.42,81.62,80.8,72.41,79.48,36.57,36.55,41.21,40.95,41.91,,
BEC,XSES,BRC Asia Ltd,Basic Materials,Steel,,SGD,Days Inventory,,105.48,127.07,133.46,109.52,156.72,118.14,107.68,104.61,107.85,90.83,,
BEC,XSES,BRC Asia Ltd,Basic Materials,Steel,,SGD,Payables Period,,47.44,58.02,37.77,19.64,21.95,10.97,7.39,7.46,17.98,19.1,,
BEC,XSES,BRC Asia Ltd,Basic Materials,Steel,,SGD,Cash Conversion Cycle,,129.45,150.67,176.48,162.3,214.26,143.74,136.85,138.35,130.83,113.64,,
BEC,XSES,BRC Asia Ltd,Basic Materials,Steel,,SGD,Recieveables Turnover,,5.11,4.47,4.52,5.04,4.59,9.98,9.99,8.86,8.91,8.71,,
BEC,XSES,BRC Asia Ltd,Basic Materials,Steel,,SGD,Inventory Turnover,,3.46,2.87,2.73,3.33,2.33,3.09,3.39,3.49,3.38,4.02,,
BEC,XSES,BRC Asia Ltd,Basic Materials,Steel,,SGD,Fixed Assets Turnover,,4.65,3.74,4.76,6.45,4.24,7.83,12.48,13.23,12.96,13.04,,
BEC,XSES,BRC Asia Ltd,Basic Materials,Steel,,SGD,Asset Turnover,,1.29,1.05,1.11,1.31,0.93,1.55,1.83,1.69,1.6,1.69,,
BEH,XSES,China International Holdings Ltd,Utilities,Utilities - Regulated Water,,SGD,Return on Asset %,,4.28,1.82,1.05,2.57,7.05,-6.88,8.58,-9.54,-16.46,-0.51,,
BEH,XSES,China International Holdings Ltd,Utilities,Utilities - Regulated Water,,SGD,Return on Equity %,,20.85,6.12,2.31,5.77,15.82,-15.03,18.17,-20.15,-40.95,-1.41,,
BEH,XSES,China International Holdings Ltd,Utilities,Utilities - Regulated Water,,SGD,Return on Invested Capital %,,13.07,3.65,0.86,4.15,13.02,-11.32,14.81,-15.27,-29.84,-0.11,,
BEH,XSES,China International Holdings Ltd,Utilities,Utilities - Regulated Water,,SGD,Days Sales Outstanding,,16.72,80.14,61.47,103.21,47.07,33.47,40.52,73.47,96.53,68.45,,
BEH,XSES,China International Holdings Ltd,Utilities,Utilities - Regulated Water,,SGD,Days Inventory,,6.29,28.27,18.48,20.46,8.93,9.57,13.89,17.71,18.17,16.98,,
BEH,XSES,China International Holdings Ltd,Utilities,Utilities - Regulated Water,,SGD,Payables Period,,51.13,319.7,226.58,439.74,237.3,141.0,82.48,115.84,136.45,152.5,,
BEH,XSES,China International Holdings Ltd,Utilities,Utilities - Regulated Water,,SGD,Cash Conversion Cycle,,-28.13,-211.29,-146.62,-316.08,-181.3,-97.95,-28.07,-24.66,-21.75,-67.07,,
BEH,XSES,China International Holdings Ltd,Utilities,Utilities - Regulated Water,,SGD,Recieveables Turnover,,21.83,4.55,5.94,3.54,7.76,10.9,9.01,4.97,3.78,5.33,,
BEH,XSES,China International Holdings Ltd,Utilities,Utilities - Regulated Water,,SGD,Inventory Turnover,,58.07,12.91,19.75,17.84,40.88,38.13,26.28,20.61,20.08,21.5,,
BEH,XSES,China International Holdings Ltd,Utilities,Utilities - Regulated Water,,SGD,Fixed Assets Turnover,,0.96,0.45,0.57,0.28,0.6,0.52,0.43,0.44,0.48,0.65,,
BEH,XSES,China International Holdings Ltd,Utilities,Utilities - Regulated Water,,SGD,Asset Turnover,,0.16,0.08,0.13,0.09,0.2,0.16,0.13,0.13,0.14,0.19,,
BEI,XSES,LHT Holdings Ltd,Basic Materials,Lumber & Wood Production,,SGD,Return on Asset %,,7.38,13.23,5.69,3.6,4.56,6.65,8.12,5.91,3.14,1.82,,
BEI,XSES,LHT Holdings Ltd,Basic Materials,Lumber & Wood Production,,SGD,Return on Equity %,,8.83,15.39,6.63,4.23,5.46,7.96,9.57,7.21,3.88,2.16,,
BEI,XSES,LHT Holdings Ltd,Basic Materials,Lumber & Wood Production,,SGD,Return on Invested Capital %,,8.47,15.08,6.43,4.24,5.33,7.58,8.82,5.58,3.13,1.83,,
BEI,XSES,LHT Holdings Ltd,Basic Materials,Lumber & Wood Production,,SGD,Days Sales Outstanding,,67.67,77.21,71.61,70.93,69.47,60.45,59.92,62.44,71.04,73.23,,
BEI,XSES,LHT Holdings Ltd,Basic Materials,Lumber & Wood Production,,SGD,Days Inventory,,74.63,85.79,102.75,117.12,102.83,87.83,107.62,109.01,105.68,86.16,,
BEI,XSES,LHT Holdings Ltd,Basic Materials,Lumber & Wood Production,,SGD,Payables Period,,49.49,45.35,32.8,25.92,21.55,15.6,14.83,17.11,27.21,24.76,,
BEI,XSES,LHT Holdings Ltd,Basic Materials,Lumber & Wood Production,,SGD,Cash Conversion Cycle,,92.82,117.65,141.56,162.12,150.75,132.68,152.72,154.34,149.51,134.64,,
BEI,XSES,LHT Holdings Ltd,Basic Materials,Lumber & Wood Production,,SGD,Recieveables Turnover,,5.39,4.73,5.1,5.15,5.25,6.04,6.09,5.85,5.14,4.98,,
BEI,XSES,LHT Holdings Ltd,Basic Materials,Lumber & Wood Production,,SGD,Inventory Turnover,,4.89,4.25,3.55,3.12,3.55,4.16,3.39,3.35,3.45,4.24,,
BEI,XSES,LHT Holdings Ltd,Basic Materials,Lumber & Wood Production,,SGD,Fixed Assets Turnover,,2.46,2.5,3.29,2.91,2.11,2.01,2.12,1.57,1.39,1.71,,
BEI,XSES,LHT Holdings Ltd,Basic Materials,Lumber & Wood Production,,SGD,Asset Turnover,,0.9,0.72,0.71,0.62,0.53,0.54,0.52,0.42,0.4,0.43,,
BEW,XSES,JB Foods Ltd,Consumer Defensive,Confectioners,,SGD,Return on Asset %,,1.87,7.08,12.01,8.56,5.19,3.33,3.63,0.31,-,-,,
BEW,XSES,JB Foods Ltd,Consumer Defensive,Confectioners,,SGD,Return on Equity %,,5.24,17.98,25.98,19.91,13.03,8.56,9.64,1.06,-,-,,
BEW,XSES,JB Foods Ltd,Consumer Defensive,Confectioners,,SGD,Return on Invested Capital %,,3.43,9.58,15.77,11.76,7.27,4.69,6.07,3.58,-,-,,
BEW,XSES,JB Foods Ltd,Consumer Defensive,Confectioners,,SGD,Days Sales Outstanding,,42.67,39.12,34.48,45.06,46.0,40.68,39.89,40.85,-,-,,
BEW,XSES,JB Foods Ltd,Consumer Defensive,Confectioners,,SGD,Days Inventory,,118.8,123.87,128.86,178.44,178.2,174.19,160.62,149.94,-,-,,
BEW,XSES,JB Foods Ltd,Consumer Defensive,Confectioners,,SGD,Payables Period,,38.74,30.99,30.93,33.72,23.78,20.91,21.8,24.74,-,-,,
BEW,XSES,JB Foods Ltd,Consumer Defensive,Confectioners,,SGD,Cash Conversion Cycle,,122.73,132.0,132.41,189.78,200.42,193.96,178.71,166.05,-,-,,
BEW,XSES,JB Foods Ltd,Consumer Defensive,Confectioners,,SGD,Recieveables Turnover,,8.55,9.33,10.59,8.1,7.93,8.97,9.15,8.94,-,-,,
BEW,XSES,JB Foods Ltd,Consumer Defensive,Confectioners,,SGD,Inventory Turnover,,3.07,2.95,2.83,2.05,2.05,2.1,2.27,2.43,-,-,,
BEW,XSES,JB Foods Ltd,Consumer Defensive,Confectioners,,SGD,Fixed Assets Turnover,,5.61,5.39,5.23,4.7,4.66,4.6,4.88,5.03,-,-,,
BEW,XSES,JB Foods Ltd,Consumer Defensive,Confectioners,,SGD,Asset Turnover,,1.49,1.47,1.47,1.15,1.12,1.08,1.11,0.98,-,-,,
BEZ,XSES,Beng Kuang Marine Ltd,Energy,Oil & Gas Equipment & Services,,SGD,Return on Asset %,,0.08,-7.17,-8.58,0.0,-14.71,-15.3,-31.91,5.69,16.83,6.93,,
BEZ,XSES,Beng Kuang Marine Ltd,Energy,Oil & Gas Equipment & Services,,SGD,Return on Equity %,,0.18,-15.53,-19.94,0.01,-34.53,-40.95,-128.41,43.68,75.59,22.5,,
BEZ,XSES,Beng Kuang Marine Ltd,Energy,Oil & Gas Equipment & Services,,SGD,Return on Invested Capital %,,1.9,-6.87,-9.64,1.95,-17.96,-18.87,-50.15,18.22,46.13,16.78,,
BEZ,XSES,Beng Kuang Marine Ltd,Energy,Oil & Gas Equipment & Services,,SGD,Days Sales Outstanding,,181.58,192.15,153.79,144.56,167.92,110.44,99.43,83.47,72.28,71.46,,
BEZ,XSES,Beng Kuang Marine Ltd,Energy,Oil & Gas Equipment & Services,,SGD,Days Inventory,,93.54,115.26,105.05,61.35,37.59,29.65,27.18,18.22,7.62,8.41,,
BEZ,XSES,Beng Kuang Marine Ltd,Energy,Oil & Gas Equipment & Services,,SGD,Payables Period,,95.5,96.6,81.44,135.97,229.7,243.46,166.25,55.27,28.74,32.75,,
BEZ,XSES,Beng Kuang Marine Ltd,Energy,Oil & Gas Equipment & Services,,SGD,Cash Conversion Cycle,,179.61,210.81,177.41,69.94,-24.19,-103.36,-39.64,46.42,51.15,47.12,,
BEZ,XSES,Beng Kuang Marine Ltd,Energy,Oil & Gas Equipment & Services,,SGD,Recieveables Turnover,,2.01,1.9,2.37,2.52,2.17,3.3,3.67,4.37,5.05,5.11,,
BEZ,XSES,Beng Kuang Marine Ltd,Energy,Oil & Gas Equipment & Services,,SGD,Inventory Turnover,,3.9,3.17,3.47,5.95,9.71,12.31,13.43,20.04,47.89,43.4,,
BEZ,XSES,Beng Kuang Marine Ltd,Energy,Oil & Gas Equipment & Services,,SGD,Fixed Assets Turnover,,0.73,0.55,0.69,0.84,0.67,1.11,1.91,4.46,9.15,7.46,,
BEZ,XSES,Beng Kuang Marine Ltd,Energy,Oil & Gas Equipment & Services,,SGD,Asset Turnover,,0.45,0.36,0.41,0.47,0.41,0.61,0.86,1.32,1.63,1.28,,
BFI,XSES,Tiong Seng Holdings Ltd,Industrials,Engineering & Construction,,SGD,Return on Asset %,,1.54,3.4,1.16,1.61,-5.34,-9.41,-16.49,-2.37,0.62,-8.77,,
BFI,XSES,Tiong Seng Holdings Ltd,Industrials,Engineering & Construction,,SGD,Return on Equity %,,5.88,11.44,3.21,3.97,-12.75,-23.49,-59.78,-14.67,3.87,-56.44,,
BFI,XSES,Tiong Seng Holdings Ltd,Industrials,Engineering & Construction,,SGD,Return on Invested Capital %,,3.67,7.96,3.25,3.92,-8.65,-16.6,-33.47,-4.66,2.22,-21.13,,
BFI,XSES,Tiong Seng Holdings Ltd,Industrials,Engineering & Construction,,SGD,Days Sales Outstanding,,28.44,21.15,41.03,57.5,75.88,44.74,39.46,27.0,21.38,52.77,,
BFI,XSES,Tiong Seng Holdings Ltd,Industrials,Engineering & Construction,,SGD,Days Inventory,,0.86,8.55,147.98,234.79,328.31,240.48,153.03,115.37,88.47,128.63,,
BFI,XSES,Tiong Seng Holdings Ltd,Industrials,Engineering & Construction,,SGD,Payables Period,,190.27,170.2,210.16,157.76,200.68,111.19,80.3,87.81,81.06,161.79,,
BFI,XSES,Tiong Seng Holdings Ltd,Industrials,Engineering & Construction,,SGD,Cash Conversion Cycle,,-160.97,-140.5,-21.16,134.53,203.52,174.02,112.19,54.55,28.8,19.6,,
BFI,XSES,Tiong Seng Holdings Ltd,Industrials,Engineering & Construction,,SGD,Recieveables Turnover,,12.84,17.26,8.9,6.35,4.81,8.16,9.25,13.52,17.07,6.92,,
BFI,XSES,Tiong Seng Holdings Ltd,Industrials,Engineering & Construction,,SGD,Inventory Turnover,,423.66,42.67,2.47,1.55,1.11,1.52,2.39,3.16,4.13,2.84,,
BFI,XSES,Tiong Seng Holdings Ltd,Industrials,Engineering & Construction,,SGD,Fixed Assets Turnover,,6.89,5.88,3.02,3.54,2.21,2.88,4.2,7.71,9.16,4.86,,
BFI,XSES,Tiong Seng Holdings Ltd,Industrials,Engineering & Construction,,SGD,Asset Turnover,,0.78,0.82,0.5,0.61,0.39,0.55,0.69,0.93,1.16,0.79,,
BFK,XSES,Pharmesis International Ltd,Healthcare,Drug Manufacturers - Specialty & Generic,,SGD,Return on Asset %,,-3.73,-1.99,1.02,-15.91,-6.29,1.27,-3.74,-5.4,8.21,-4.07,,
BFK,XSES,Pharmesis International Ltd,Healthcare,Drug Manufacturers - Specialty & Generic,,SGD,Return on Equity %,,-4.94,-2.74,1.44,-23.19,-9.84,2.06,-6.39,-9.45,14.7,-7.34,,
BFK,XSES,Pharmesis International Ltd,Healthcare,Drug Manufacturers - Specialty & Generic,,SGD,Return on Invested Capital %,,-3.79,-1.77,1.82,-18.27,-6.78,2.87,-3.87,-6.15,12.24,-5.04,,
BFK,XSES,Pharmesis International Ltd,Healthcare,Drug Manufacturers - Specialty & Generic,,SGD,Days Sales Outstanding,,84.28,80.18,97.32,148.28,74.78,59.29,55.29,41.61,101.23,185.83,,
BFK,XSES,Pharmesis International Ltd,Healthcare,Drug Manufacturers - Specialty & Generic,,SGD,Days Inventory,,66.45,68.71,93.69,174.78,120.93,113.95,137.73,194.51,123.86,199.09,,
BFK,XSES,Pharmesis International Ltd,Healthcare,Drug Manufacturers - Specialty & Generic,,SGD,Payables Period,,31.9,27.13,29.2,52.99,46.62,57.29,66.43,81.92,130.19,238.86,,
BFK,XSES,Pharmesis International Ltd,Healthcare,Drug Manufacturers - Specialty & Generic,,SGD,Cash Conversion Cycle,,118.83,121.76,161.81,270.07,149.09,115.95,126.59,154.2,94.9,146.06,,
BFK,XSES,Pharmesis International Ltd,Healthcare,Drug Manufacturers - Specialty & Generic,,SGD,Recieveables Turnover,,4.33,4.55,3.75,2.46,4.88,6.16,6.6,8.77,3.61,1.96,,
BFK,XSES,Pharmesis International Ltd,Healthcare,Drug Manufacturers - Specialty & Generic,,SGD,Inventory Turnover,,5.49,5.31,3.9,2.09,3.02,3.2,2.65,1.88,2.95,1.83,,
BFK,XSES,Pharmesis International Ltd,Healthcare,Drug Manufacturers - Specialty & Generic,,SGD,Fixed Assets Turnover,,5.62,2.87,1.65,0.79,0.88,0.99,0.94,0.88,1.24,1.17,,
BFK,XSES,Pharmesis International Ltd,Healthcare,Drug Manufacturers - Specialty & Generic,,SGD,Asset Turnover,,0.55,0.56,0.51,0.33,0.51,0.57,0.53,0.5,0.67,0.41,,
BFT,XSES,Lincotrade & Associates Holdings Ltd,Industrials,Engineering & Construction,,SGD,Return on Asset %,,-5.54,0.19,-3.97,-34.92,-11.53,-8.85,-2.63,-49.38,6.12,5.57,,
BFT,XSES,Lincotrade & Associates Holdings Ltd,Industrials,Engineering & Construction,,SGD,Return on Equity %,,-8.49,0.27,-5.6,-54.39,-21.41,-27.75,-8.50,-209.09,23.92,22.42,,
BFT,XSES,Lincotrade & Associates Holdings Ltd,Industrials,Engineering & Construction,,SGD,Return on Invested Capital %,,-7.15,0.79,-4.06,-43.56,-13.92,-27.20,-8.16,-190.95,22.79,23.36,,
BFT,XSES,Lincotrade & Associates Holdings Ltd,Industrials,Engineering & Construction,,SGD,Days Sales Outstanding,,129.16,132.33,98.28,96.88,79.23,-,-,31.21,41.06,53.39,,
BFT,XSES,Lincotrade & Associates Holdings Ltd,Industrials,Engineering & Construction,,SGD,Days Inventory,,131.67,113.39,78.08,81.27,117.11,-,-,-,0.95,2.18,,
BFT,XSES,Lincotrade & Associates Holdings Ltd,Industrials,Engineering & Construction,,SGD,Payables Period,,274.74,218.3,120.86,165.33,255.64,-,-,34.63,69.05,81.11,,
BFT,XSES,Lincotrade & Associates Holdings Ltd,Industrials,Engineering & Construction,,SGD,Cash Conversion Cycle,,-13.91,27.42,55.5,12.82,-59.3,-,-,-,-27.04,-25.54,,
BFT,XSES,Lincotrade & Associates Holdings Ltd,Industrials,Engineering & Construction,,SGD,Recieveables Turnover,,2.83,2.76,3.71,3.77,4.61,-,-,11.70,8.89,6.84,,
BFT,XSES,Lincotrade & Associates Holdings Ltd,Industrials,Engineering & Construction,,SGD,Inventory Turnover,,2.77,3.22,4.67,4.49,3.12,-,-,-,384.53,167.73,,
BFT,XSES,Lincotrade & Associates Holdings Ltd,Industrials,Engineering & Construction,,SGD,Fixed Assets Turnover,,0.84,0.68,0.89,0.92,1.13,-,-,96.18,11.0,6.78,,
BFT,XSES,Lincotrade & Associates Holdings Ltd,Industrials,Engineering & Construction,,SGD,Asset Turnover,,0.33,0.27,0.38,0.36,0.36,-,-,3.95,1.81,1.6,,
BFU,XSES,Tye Soon Ltd,Industrials,Industrial Distribution,,SGD,Return on Asset %,,4.16,0.45,-0.72,0.14,0.75,2.84,3.78,2.37,2.3,1.93,,
BFU,XSES,Tye Soon Ltd,Industrials,Industrial Distribution,,SGD,Return on Equity %,,12.37,1.31,-2.11,0.43,2.3,8.01,10.75,7.04,6.87,5.86,,
BFU,XSES,Tye Soon Ltd,Industrials,Industrial Distribution,,SGD,Return on Invested Capital %,,9.58,3.03,1.04,2.14,2.44,4.52,6.17,5.39,5.06,4.35,,
BFU,XSES,Tye Soon Ltd,Industrials,Industrial Distribution,,SGD,Days Sales Outstanding,,52.96,51.34,52.45,50.34,50.77,43.46,42.14,43.92,45.18,43.82,,
BFU,XSES,Tye Soon Ltd,Industrials,Industrial Distribution,,SGD,Days Inventory,,234.72,230.29,220.49,210.28,238.7,206.42,198.69,213.02,223.55,230.47,,
BFU,XSES,Tye Soon Ltd,Industrials,Industrial Distribution,,SGD,Payables Period,,138.85,85.14,35.91,38.08,51.04,42.99,45.98,54.3,53.23,53.38,,
BFU,XSES,Tye Soon Ltd,Industrials,Industrial Distribution,,SGD,Cash Conversion Cycle,,148.83,196.49,237.03,222.55,238.43,206.89,194.85,202.64,215.5,220.92,,
BFU,XSES,Tye Soon Ltd,Industrials,Industrial Distribution,,SGD,Recieveables Turnover,,6.89,7.11,6.96,7.25,7.19,8.4,8.66,8.31,8.08,8.33,,
BFU,XSES,Tye Soon Ltd,Industrials,Industrial Distribution,,SGD,Inventory Turnover,,1.56,1.59,1.66,1.74,1.53,1.77,1.84,1.71,1.63,1.58,,
BFU,XSES,Tye Soon Ltd,Industrials,Industrial Distribution,,SGD,Fixed Assets Turnover,,87.02,99.62,120.16,43.13,23.31,30.1,29.3,26.09,30.28,31.62,,
BFU,XSES,Tye Soon Ltd,Industrials,Industrial Distribution,,SGD,Asset Turnover,,1.31,1.35,1.37,1.38,1.21,1.43,1.5,1.42,1.4,1.37,,
BHD,XSES,China Mining International Ltd,Consumer Defensive,Farm Products,,SGD,Return on Asset %,-16.45,-5.31,-8.21,-0.52,-16.09,-13.28,19.69,-2.58,-22.05,-49.07,,,
BHD,XSES,China Mining International Ltd,Consumer Defensive,Farm Products,,SGD,Return on Equity %,-30.07,-9.89,-16.45,-0.98,-23.45,-17.17,36.7,-5.55,-47.62,-122.65,,,
BHD,XSES,China Mining International Ltd,Consumer Defensive,Farm Products,,SGD,Return on Invested Capital %,-31.10,-15.35,-18.18,-1.02,-23.34,-16.78,26.89,-2.77,-26.76,-56.94,,,
BHD,XSES,China Mining International Ltd,Consumer Defensive,Farm Products,,SGD,Days Sales Outstanding,95.92,311.48,137.89,-,-,-,84.37,27.07,142.46,-,,,
BHD,XSES,China Mining International Ltd,Consumer Defensive,Farm Products,,SGD,Days Inventory,-,-,-,306.91,1451.72,1388.65,227.55,23.63,49.15,-,,,
BHD,XSES,China Mining International Ltd,Consumer Defensive,Farm Products,,SGD,Payables Period,179.14,219.59,205.60,127.30,270.13,338.76,164.1,46.69,110.68,-,,,
BHD,XSES,China Mining International Ltd,Consumer Defensive,Farm Products,,SGD,Cash Conversion Cycle,-,-,-,-,-,-,147.82,4.02,80.93,-,,,
BHD,XSES,China Mining International Ltd,Consumer Defensive,Farm Products,,SGD,Recieveables Turnover,3.81,1.17,2.65,-,-,-,4.33,13.48,2.56,-,,,
BHD,XSES,China Mining International Ltd,Consumer Defensive,Farm Products,,SGD,Inventory Turnover,-,-,-,1.19,0.25,0.26,1.6,15.45,7.43,-,,,
BHD,XSES,China Mining International Ltd,Consumer Defensive,Farm Products,,SGD,Fixed Assets Turnover,4.07,2.91,6.42,10.38,1.83,3.28,0.07,0.27,0.05,-,,,
BHD,XSES,China Mining International Ltd,Consumer Defensive,Farm Products,,SGD,Asset Turnover,0.07,0.08,0.13,0.23,0.03,0.03,0.04,0.18,0.03,-,,,
BHK,XSES,SIIC Environment Holdings Ltd,Utilities,Utilities - Regulated Water,,SGD,Return on Asset %,,2.58,2.2,1.95,1.93,1.89,1.95,2.0,1.45,1.38,1.37,,
BHK,XSES,SIIC Environment Holdings Ltd,Utilities,Utilities - Regulated Water,,SGD,Return on Equity %,,7.92,7.94,7.04,7.41,7.36,7.65,8.06,6.06,5.83,5.64,,
BHK,XSES,SIIC Environment Holdings Ltd,Utilities,Utilities - Regulated Water,,SGD,Return on Invested Capital %,,4.93,5.21,4.86,4.98,4.93,4.71,4.67,4.01,3.77,3.66,,
BHK,XSES,SIIC Environment Holdings Ltd,Utilities,Utilities - Regulated Water,,SGD,Days Sales Outstanding,,102.87,86.57,93.92,95.68,106.14,111.7,132.1,181.58,229.17,307.63,,
BHK,XSES,SIIC Environment Holdings Ltd,Utilities,Utilities - Regulated Water,,SGD,Days Inventory,,9.36,9.51,10.63,12.71,17.07,19.04,16.72,18.13,18.16,20.63,,
BHK,XSES,SIIC Environment Holdings Ltd,Utilities,Utilities - Regulated Water,,SGD,Payables Period,,152.28,144.68,163.53,186.3,203.0,187.56,159.22,172.29,163.16,166.74,,
BHK,XSES,SIIC Environment Holdings Ltd,Utilities,Utilities - Regulated Water,,SGD,Cash Conversion Cycle,,-40.05,-48.61,-58.98,-77.91,-79.79,-56.82,-10.4,27.42,84.17,161.52,,
BHK,XSES,SIIC Environment Holdings Ltd,Utilities,Utilities - Regulated Water,,SGD,Recieveables Turnover,,3.55,4.22,3.89,3.81,3.44,3.27,2.76,2.01,1.59,1.19,,
BHK,XSES,SIIC Environment Holdings Ltd,Utilities,Utilities - Regulated Water,,SGD,Inventory Turnover,,39.0,38.4,34.32,28.72,21.38,19.17,21.83,20.13,20.1,17.69,,
BHK,XSES,SIIC Environment Holdings Ltd,Utilities,Utilities - Regulated Water,,SGD,Fixed Assets Turnover,,18.36,23.81,20.37,17.15,16.61,18.76,18.63,14.98,14.5,14.26,,
BHK,XSES,SIIC Environment Holdings Ltd,Utilities,Utilities - Regulated Water,,SGD,Asset Turnover,,0.15,0.19,0.19,0.19,0.19,0.2,0.21,0.18,0.17,0.16,,
BHU,XSES,SUTL Enterprise Ltd,Consumer Cyclical,Leisure,,SGD,Return on Asset %,,5.48,6.45,6.04,1.94,2.43,3.9,6.13,6.44,6.75,6.66,,
BHU,XSES,SUTL Enterprise Ltd,Consumer Cyclical,Leisure,,SGD,Return on Equity %,,7.38,7.47,10.18,4.3,5.41,8.64,13.06,12.81,12.57,11.63,,
BHU,XSES,SUTL Enterprise Ltd,Consumer Cyclical,Leisure,,SGD,Return on Invested Capital %,,7.38,6.93,10.74,3.93,5.23,8.27,12.06,10.56,10.32,9.98,,
BHU,XSES,SUTL Enterprise Ltd,Consumer Cyclical,Leisure,,SGD,Days Sales Outstanding,,37.44,37.8,28.34,30.63,33.05,26.8,23.16,23.92,26.05,27.93,,
BHU,XSES,SUTL Enterprise Ltd,Consumer Cyclical,Leisure,,SGD,Days Inventory,,21.43,18.77,13.54,11.59,15.77,16.63,11.24,11.1,10.23,10.38,,
BHU,XSES,SUTL Enterprise Ltd,Consumer Cyclical,Leisure,,SGD,Payables Period,,418.62,204.8,34.64,66.2,135.5,77.83,44.89,56.73,64.46,107.74,,
BHU,XSES,SUTL Enterprise Ltd,Consumer Cyclical,Leisure,,SGD,Cash Conversion Cycle,,-359.76,-148.23,7.24,-23.98,-86.68,-34.4,-10.49,-21.71,-28.18,-69.43,,
BHU,XSES,SUTL Enterprise Ltd,Consumer Cyclical,Leisure,,SGD,Recieveables Turnover,,9.75,9.66,12.88,11.92,11.04,13.62,15.76,15.26,14.01,13.07,,
BHU,XSES,SUTL Enterprise Ltd,Consumer Cyclical,Leisure,,SGD,Inventory Turnover,,17.03,19.45,26.95,31.5,23.15,21.94,32.48,32.9,35.68,35.15,,
BHU,XSES,SUTL Enterprise Ltd,Consumer Cyclical,Leisure,,SGD,Fixed Assets Turnover,,1.63,1.56,0.71,0.41,0.35,0.44,0.6,0.68,0.72,0.78,,
BHU,XSES,SUTL Enterprise Ltd,Consumer Cyclical,Leisure,,SGD,Asset Turnover,,0.4,0.41,0.34,0.25,0.21,0.25,0.31,0.32,0.31,0.32,,
BIP,XSES,Vibrant Group Ltd,Industrials,Integrated Freight & Logistics,,SGD,Return on Asset %,,1.01,0.33,-8.83,0.91,0.81,0.53,1.64,0.03,0.12,1.64,,
BIP,XSES,Vibrant Group Ltd,Industrials,Integrated Freight & Logistics,,SGD,Return on Equity %,,2.7,0.92,-30.63,3.72,2.56,1.4,4.01,0.08,0.27,3.42,,
BIP,XSES,Vibrant Group Ltd,Industrials,Integrated Freight & Logistics,,SGD,Return on Invested Capital %,,2.0,1.4,-11.71,2.96,2.8,2.17,3.37,1.43,1.42,2.91,,
BIP,XSES,Vibrant Group Ltd,Industrials,Integrated Freight & Logistics,,SGD,Days Sales Outstanding,,42.18,55.41,115.17,63.82,90.52,80.99,70.61,74.01,70.78,61.69,,
BIP,XSES,Vibrant Group Ltd,Industrials,Integrated Freight & Logistics,,SGD,Days Inventory,,0.77,1.47,1.57,0.79,1.57,1.15,0.38,0.24,0.3,0.3,,
BIP,XSES,Vibrant Group Ltd,Industrials,Integrated Freight & Logistics,,SGD,Payables Period,,136.19,353.37,350.11,76.68,61.54,45.76,31.3,37.6,36.78,31.39,,
BIP,XSES,Vibrant Group Ltd,Industrials,Integrated Freight & Logistics,,SGD,Cash Conversion Cycle,,-93.25,-296.49,-233.38,-12.06,30.55,36.39,39.69,36.66,34.3,30.6,,
BIP,XSES,Vibrant Group Ltd,Industrials,Integrated Freight & Logistics,,SGD,Recieveables Turnover,,8.65,6.59,3.17,5.72,4.03,4.51,5.17,4.93,5.16,5.92,,
BIP,XSES,Vibrant Group Ltd,Industrials,Integrated Freight & Logistics,,SGD,Inventory Turnover,,475.54,247.47,232.56,459.25,232.4,316.14,954.25,1526.62,1210.22,1198.51,,
BIP,XSES,Vibrant Group Ltd,Industrials,Integrated Freight & Logistics,,SGD,Fixed Assets Turnover,,1.1,0.68,0.66,1.45,0.88,0.85,1.19,1.05,0.89,1.12,,
BIP,XSES,Vibrant Group Ltd,Industrials,Integrated Freight & Logistics,,SGD,Asset Turnover,,0.28,0.18,0.17,0.33,0.22,0.27,0.36,0.32,0.28,0.32,,
BIX,XSES,Ellipsiz Ltd,Technology,Semiconductor Equipment & Materials,,SGD,Return on Asset %,,6.19,5.39,6.09,-0.38,-0.52,2.23,1.95,1.44,-2.88,2.82,,
BIX,XSES,Ellipsiz Ltd,Technology,Semiconductor Equipment & Materials,,SGD,Return on Equity %,,7.7,6.56,7.08,-0.43,-0.6,2.7,2.42,1.86,-3.72,3.75,,
BIX,XSES,Ellipsiz Ltd,Technology,Semiconductor Equipment & Materials,,SGD,Return on Invested Capital %,,7.39,6.41,6.77,-1.08,-1.27,2.63,2.32,1.16,-4.94,2.87,,
BIX,XSES,Ellipsiz Ltd,Technology,Semiconductor Equipment & Materials,,SGD,Days Sales Outstanding,,99.69,102.61,175.67,82.88,50.94,69.67,77.08,71.9,71.05,58.23,,
BIX,XSES,Ellipsiz Ltd,Technology,Semiconductor Equipment & Materials,,SGD,Days Inventory,,48.2,41.48,51.39,32.34,34.4,33.54,35.65,35.01,31.49,22.93,,
BIX,XSES,Ellipsiz Ltd,Technology,Semiconductor Equipment & Materials,,SGD,Payables Period,,105.75,108.81,131.02,44.59,43.16,47.26,45.65,48.03,48.79,39.8,,
BIX,XSES,Ellipsiz Ltd,Technology,Semiconductor Equipment & Materials,,SGD,Cash Conversion Cycle,,42.14,35.27,96.05,70.63,42.17,55.95,67.08,58.88,53.75,41.36,,
BIX,XSES,Ellipsiz Ltd,Technology,Semiconductor Equipment & Materials,,SGD,Recieveables Turnover,,3.66,3.56,2.08,4.4,7.17,5.24,4.74,5.08,5.14,6.27,,
BIX,XSES,Ellipsiz Ltd,Technology,Semiconductor Equipment & Materials,,SGD,Inventory Turnover,,7.57,8.8,7.1,11.29,10.61,10.88,10.24,10.43,11.59,15.92,,
BIX,XSES,Ellipsiz Ltd,Technology,Semiconductor Equipment & Materials,,SGD,Fixed Assets Turnover,,10.23,10.22,8.35,48.52,28.32,21.79,20.51,9.86,6.34,5.09,,
BIX,XSES,Ellipsiz Ltd,Technology,Semiconductor Equipment & Materials,,SGD,Asset Turnover,,0.77,0.74,0.33,0.37,0.41,0.4,0.39,0.42,0.41,0.45,,
BJD,XSES,VibroPower Corp Ltd,Industrials,Specialty Industrial Machinery,,SGD,Return on Asset %,,1.68,1.7,1.33,-9.38,0.53,-,-,-28.02,0.82,-19.97,,
BJD,XSES,VibroPower Corp Ltd,Industrials,Specialty Industrial Machinery,,SGD,Return on Equity %,,3.7,3.49,2.68,-18.98,0.99,-,-,-64.79,2.61,-71.0,,
BJD,XSES,VibroPower Corp Ltd,Industrials,Specialty Industrial Machinery,,SGD,Return on Invested Capital %,,4.03,3.63,2.67,-11.39,2.34,-,-,-39.56,6.05,-33.58,,
BJD,XSES,VibroPower Corp Ltd,Industrials,Specialty Industrial Machinery,,SGD,Days Sales Outstanding,,113.54,234.69,221.02,248.75,201.47,-,-,195.29,101.31,217.39,,
BJD,XSES,VibroPower Corp Ltd,Industrials,Specialty Industrial Machinery,,SGD,Days Inventory,,186.38,262.46,212.32,244.73,177.09,-,-,86.5,44.7,75.5,,
BJD,XSES,VibroPower Corp Ltd,Industrials,Specialty Industrial Machinery,,SGD,Payables Period,,115.26,211.24,135.14,146.0,85.89,-,-,116.23,96.27,202.39,,
BJD,XSES,VibroPower Corp Ltd,Industrials,Specialty Industrial Machinery,,SGD,Cash Conversion Cycle,,184.66,285.91,298.2,347.47,292.68,-,-,165.56,49.74,90.49,,
BJD,XSES,VibroPower Corp Ltd,Industrials,Specialty Industrial Machinery,,SGD,Recieveables Turnover,,3.21,1.56,1.65,1.47,1.81,-,-,1.87,3.6,1.68,,
BJD,XSES,VibroPower Corp Ltd,Industrials,Specialty Industrial Machinery,,SGD,Inventory Turnover,,1.96,1.39,1.72,1.49,2.06,-,-,4.22,8.17,4.83,,
BJD,XSES,VibroPower Corp Ltd,Industrials,Specialty Industrial Machinery,,SGD,Fixed Assets Turnover,,3.62,1.73,2.0,1.64,1.63,-,-,1.34,2.5,1.46,,
BJD,XSES,VibroPower Corp Ltd,Industrials,Specialty Industrial Machinery,,SGD,Asset Turnover,,0.72,0.42,0.46,0.36,0.42,-,-,0.38,0.67,0.26,,
BJV,XSES,Yamada Green Resources Ltd,Real Estate,Real Estate Services,,SGD,Return on Asset %,,3.8,-107.08,6.89,-9.1,1.85,-5.77,0.77,1.64,-10.63,-7.43,,
BJV,XSES,Yamada Green Resources Ltd,Real Estate,Real Estate Services,,SGD,Return on Equity %,,3.98,-128.16,11.2,-12.03,2.29,-6.99,0.92,1.93,-12.18,-8.36,,
BJV,XSES,Yamada Green Resources Ltd,Real Estate,Real Estate Services,,SGD,Return on Invested Capital %,,4.0,-127.23,10.96,-11.55,2.32,-6.84,0.81,1.91,-12.21,-8.41,,
BJV,XSES,Yamada Green Resources Ltd,Real Estate,Real Estate Services,,SGD,Days Sales Outstanding,,23.7,99.86,228.49,148.16,38.69,22.77,24.64,45.42,98.73,66.91,,
BJV,XSES,Yamada Green Resources Ltd,Real Estate,Real Estate Services,,SGD,Days Inventory,,21.92,16.77,84.62,132.65,129.32,126.13,114.06,110.15,166.75,-,,
BJV,XSES,Yamada Green Resources Ltd,Real Estate,Real Estate Services,,SGD,Payables Period,,21.18,77.86,294.5,71.85,59.87,47.99,51.51,52.59,52.83,97.65,,
BJV,XSES,Yamada Green Resources Ltd,Real Estate,Real Estate Services,,SGD,Cash Conversion Cycle,,24.44,38.77,18.62,208.96,108.14,100.91,87.19,102.98,212.66,-,,
BJV,XSES,Yamada Green Resources Ltd,Real Estate,Real Estate Services,,SGD,Recieveables Turnover,,15.4,3.66,1.6,2.46,9.43,16.03,14.81,8.04,3.7,5.46,,
BJV,XSES,Yamada Green Resources Ltd,Real Estate,Real Estate Services,,SGD,Inventory Turnover,,16.65,21.76,4.31,2.75,2.82,2.89,3.2,3.31,2.19,-,,
BJV,XSES,Yamada Green Resources Ltd,Real Estate,Real Estate Services,,SGD,Fixed Assets Turnover,,1.92,2.38,2.22,0.91,1.48,1.79,1.62,1.06,0.92,1.98,,
BJV,XSES,Yamada Green Resources Ltd,Real Estate,Real Estate Services,,SGD,Asset Turnover,,0.34,0.31,0.25,0.16,0.21,0.17,0.17,0.11,0.05,0.05,,
BJZ,XSES,Koda Ltd,Consumer Cyclical,"Furnishings, Fixtures & Appliances",,SGD,Return on Asset %,,5.09,11.52,13.85,11.75,8.33,13.77,6.98,-3.49,-6.13,0.76,,
BJZ,XSES,Koda Ltd,Consumer Cyclical,"Furnishings, Fixtures & Appliances",,SGD,Return on Equity %,,7.32,15.81,18.3,14.77,11.0,20.24,11.1,-5.56,-9.67,1.21,,
BJZ,XSES,Koda Ltd,Consumer Cyclical,"Furnishings, Fixtures & Appliances",,SGD,Return on Invested Capital %,,6.6,15.01,17.72,14.18,9.92,17.82,9.05,-3.96,-7.07,1.1,,
BJZ,XSES,Koda Ltd,Consumer Cyclical,"Furnishings, Fixtures & Appliances",,SGD,Days Sales Outstanding,,34.91,28.84,28.56,23.1,21.36,18.05,22.81,33.9,43.45,53.51,,
BJZ,XSES,Koda Ltd,Consumer Cyclical,"Furnishings, Fixtures & Appliances",,SGD,Days Inventory,,96.78,73.99,88.35,92.67,94.65,101.68,130.86,184.95,137.01,124.21,,
BJZ,XSES,Koda Ltd,Consumer Cyclical,"Furnishings, Fixtures & Appliances",,SGD,Payables Period,,35.65,25.94,25.41,23.21,21.4,25.34,32.16,40.55,40.36,42.78,,
BJZ,XSES,Koda Ltd,Consumer Cyclical,"Furnishings, Fixtures & Appliances",,SGD,Cash Conversion Cycle,,96.04,76.89,91.49,92.56,94.61,94.38,121.5,178.31,140.1,134.94,,
BJZ,XSES,Koda Ltd,Consumer Cyclical,"Furnishings, Fixtures & Appliances",,SGD,Recieveables Turnover,,10.46,12.65,12.78,15.8,17.09,20.22,16.0,10.77,8.4,6.82,,
BJZ,XSES,Koda Ltd,Consumer Cyclical,"Furnishings, Fixtures & Appliances",,SGD,Inventory Turnover,,3.77,4.93,4.13,3.94,3.86,3.59,2.79,1.97,2.66,2.94,,
BJZ,XSES,Koda Ltd,Consumer Cyclical,"Furnishings, Fixtures & Appliances",,SGD,Fixed Assets Turnover,,3.13,3.65,3.25,3.47,3.39,3.87,2.51,1.13,1.22,1.44,,
BJZ,XSES,Koda Ltd,Consumer Cyclical,"Furnishings, Fixtures & Appliances",,SGD,Asset Turnover,,1.15,1.41,1.28,1.28,1.16,1.25,0.98,0.54,0.62,0.73,,
BKA,XSES,Sin Heng Heavy Machinery Ltd,Industrials,Farm & Heavy Construction Machinery,,SGD,Return on Asset %,,-1.8,0.56,-3.76,-0.89,0.91,2.99,2.92,6.31,4.94,4.14,,
BKA,XSES,Sin Heng Heavy Machinery Ltd,Industrials,Farm & Heavy Construction Machinery,,SGD,Return on Equity %,,-3.22,0.98,-5.58,-1.14,1.07,3.4,3.42,7.58,5.86,4.88,,
BKA,XSES,Sin Heng Heavy Machinery Ltd,Industrials,Farm & Heavy Construction Machinery,,SGD,Return on Invested Capital %,,-1.75,1.68,-3.34,-0.85,1.09,3.28,3.01,6.31,4.66,4.08,,
BKA,XSES,Sin Heng Heavy Machinery Ltd,Industrials,Farm & Heavy Construction Machinery,,SGD,Days Sales Outstanding,,126.55,89.02,89.36,101.4,158.09,107.07,63.07,58.38,92.73,104.46,,
BKA,XSES,Sin Heng Heavy Machinery Ltd,Industrials,Farm & Heavy Construction Machinery,,SGD,Days Inventory,,113.92,103.12,20.33,22.04,30.69,23.46,32.98,37.17,36.01,21.63,,
BKA,XSES,Sin Heng Heavy Machinery Ltd,Industrials,Farm & Heavy Construction Machinery,,SGD,Payables Period,,11.04,10.11,9.69,8.07,8.88,7.68,8.16,7.77,10.43,12.01,,
BKA,XSES,Sin Heng Heavy Machinery Ltd,Industrials,Farm & Heavy Construction Machinery,,SGD,Cash Conversion Cycle,,229.43,182.03,100.0,115.37,179.9,122.85,87.9,87.78,118.31,114.08,,
BKA,XSES,Sin Heng Heavy Machinery Ltd,Industrials,Farm & Heavy Construction Machinery,,SGD,Recieveables Turnover,,2.88,4.1,4.08,3.6,2.31,3.41,5.79,6.25,3.94,3.49,,
BKA,XSES,Sin Heng Heavy Machinery Ltd,Industrials,Farm & Heavy Construction Machinery,,SGD,Inventory Turnover,,3.2,3.54,17.96,16.56,11.89,15.56,11.07,9.82,10.14,16.88,,
BKA,XSES,Sin Heng Heavy Machinery Ltd,Industrials,Farm & Heavy Construction Machinery,,SGD,Fixed Assets Turnover,,0.73,0.76,0.72,0.79,0.73,0.83,0.79,1.0,0.82,0.74,,
BKA,XSES,Sin Heng Heavy Machinery Ltd,Industrials,Farm & Heavy Construction Machinery,,SGD,Asset Turnover,,0.41,0.47,0.5,0.52,0.41,0.43,0.41,0.52,0.4,0.36,,
BKK,XSES,Luxking Group Holdings Ltd,Basic Materials,Specialty Chemicals,,SGD,Return on Asset %,,1.19,0.88,0.96,-20.14,0.02,4.83,0.74,-0.3,3.22,2.24,,
BKK,XSES,Luxking Group Holdings Ltd,Basic Materials,Specialty Chemicals,,SGD,Return on Equity %,,2.85,1.96,2.03,-46.09,0.06,11.41,1.8,-0.74,8.06,5.66,,
BKK,XSES,Luxking Group Holdings Ltd,Basic Materials,Specialty Chemicals,,SGD,Return on Invested Capital %,,3.54,2.81,2.71,-22.25,1.91,7.51,2.52,1.08,5.25,4.04,,
BKK,XSES,Luxking Group Holdings Ltd,Basic Materials,Specialty Chemicals,,SGD,Days Sales Outstanding,,131.56,122.59,121.29,144.04,95.61,64.33,52.59,57.33,55.75,60.24,,
BKK,XSES,Luxking Group Holdings Ltd,Basic Materials,Specialty Chemicals,,SGD,Days Inventory,,48.81,46.83,47.04,58.95,56.6,55.38,60.94,72.12,69.7,72.97,,
BKK,XSES,Luxking Group Holdings Ltd,Basic Materials,Specialty Chemicals,,SGD,Payables Period,,21.79,20.56,23.74,35.96,32.88,35.74,37.01,33.2,32.5,33.32,,
BKK,XSES,Luxking Group Holdings Ltd,Basic Materials,Specialty Chemicals,,SGD,Cash Conversion Cycle,,158.58,148.86,144.59,167.03,119.33,83.97,76.51,96.25,92.95,99.89,,
BKK,XSES,Luxking Group Holdings Ltd,Basic Materials,Specialty Chemicals,,SGD,Recieveables Turnover,,2.77,2.98,3.01,2.53,3.82,5.67,6.94,6.37,6.55,6.06,,
BKK,XSES,Luxking Group Holdings Ltd,Basic Materials,Specialty Chemicals,,SGD,Inventory Turnover,,7.48,7.79,7.76,6.19,6.45,6.59,5.99,5.06,5.24,5.0,,
BKK,XSES,Luxking Group Holdings Ltd,Basic Materials,Specialty Chemicals,,SGD,Fixed Assets Turnover,,4.7,5.26,6.2,4.82,5.82,8.05,8.75,7.15,6.87,6.31,,
BKK,XSES,Luxking Group Holdings Ltd,Basic Materials,Specialty Chemicals,,SGD,Asset Turnover,,1.28,1.38,1.47,1.17,1.47,1.87,1.94,1.66,1.73,1.65,,
BKV,XSES,China Shenshan Orchard Holdings Co Ltd,Consumer Defensive,Farm Products,,SGD,Return on Asset %,,-0.57,-6.28,-14.66,-5.13,-5.69,-,2.04,-,-,-,,
BKV,XSES,China Shenshan Orchard Holdings Co Ltd,Consumer Defensive,Farm Products,,SGD,Return on Equity %,,-0.75,-8.22,-18.51,-6.58,-7.53,-,2.62,-,-,-,,
BKV,XSES,China Shenshan Orchard Holdings Co Ltd,Consumer Defensive,Farm Products,,SGD,Return on Invested Capital %,,-0.34,-7.27,-16.53,-5.51,-6.01,-,2.54,-,-,-,,
BKV,XSES,China Shenshan Orchard Holdings Co Ltd,Consumer Defensive,Farm Products,,SGD,Days Sales Outstanding,,-,-,-,-,-,-,184.78,-,-,-,,
BKV,XSES,China Shenshan Orchard Holdings Co Ltd,Consumer Defensive,Farm Products,,SGD,Days Inventory,,423.13,751.53,2537.14,2849.75,3838.87,-,5.76,-,-,-,,
BKV,XSES,China Shenshan Orchard Holdings Co Ltd,Consumer Defensive,Farm Products,,SGD,Payables Period,,63.58,128.21,316.80,233.85,370.71,-,13.51,-,-,-,,
BKV,XSES,China Shenshan Orchard Holdings Co Ltd,Consumer Defensive,Farm Products,,SGD,Cash Conversion Cycle,,-,-,-,-,-,-,177.03,-,-,-,,
BKV,XSES,China Shenshan Orchard Holdings Co Ltd,Consumer Defensive,Farm Products,,SGD,Recieveables Turnover,,-,-,-,-,-,-,1.98,-,-,-,,
BKV,XSES,China Shenshan Orchard Holdings Co Ltd,Consumer Defensive,Farm Products,,SGD,Inventory Turnover,,0.86,0.49,0.14,0.13,0.10,-,63.34,-,-,-,,
BKV,XSES,China Shenshan Orchard Holdings Co Ltd,Consumer Defensive,Farm Products,,SGD,Fixed Assets Turnover,,2.28,1.24,0.44,0.49,0.35,-,0.08,-,-,-,,
BKV,XSES,China Shenshan Orchard Holdings Co Ltd,Consumer Defensive,Farm Products,,SGD,Asset Turnover,,0.46,0.26,0.10,0.10,0.09,-,0.07,-,-,-,,
BKW,XSES,Datapulse Technology Ltd,Consumer Cyclical,Lodging,,SGD,Return on Asset %,,1.55,5.49,50.07,0.21,-5.79,-3.96,-4.37,-1.89,7.13,1.30,,
BKW,XSES,Datapulse Technology Ltd,Consumer Cyclical,Lodging,,SGD,Return on Equity %,,1.9,6.23,52.61,0.25,-7.77,-5.39,-5.35,-1.99,7.42,1.32,,
BKW,XSES,Datapulse Technology Ltd,Consumer Cyclical,Lodging,,SGD,Return on Invested Capital %,,1.9,6.23,52.52,-0.56,-5.63,-3.33,-3.76,-2.31,6.75,0.97,,
BKW,XSES,Datapulse Technology Ltd,Consumer Cyclical,Lodging,,SGD,Days Sales Outstanding,,20.72,28.89,269.25,3.97,4.71,8.95,3.14,6.45,6.28,5.79,,
BKW,XSES,Datapulse Technology Ltd,Consumer Cyclical,Lodging,,SGD,Days Inventory,,67.32,98.04,156.93,43.36,0.18,-,-,-,-,-,,
BKW,XSES,Datapulse Technology Ltd,Consumer Cyclical,Lodging,,SGD,Payables Period,,176.14,287.83,310.89,24.07,78.99,139.50,9.60,8.23,9.14,11.16,,
BKW,XSES,Datapulse Technology Ltd,Consumer Cyclical,Lodging,,SGD,Cash Conversion Cycle,,-88.1,-160.9,115.29,23.27,-74.11,-,-,-,-,-,,
BKW,XSES,Datapulse Technology Ltd,Consumer Cyclical,Lodging,,SGD,Recieveables Turnover,,17.62,12.63,1.36,91.85,77.54,40.78,116.42,56.57,58.08,63.07,,
BKW,XSES,Datapulse Technology Ltd,Consumer Cyclical,Lodging,,SGD,Inventory Turnover,,5.42,3.72,2.33,8.42,2084.0,-,-,-,-,-,,
BKW,XSES,Datapulse Technology Ltd,Consumer Cyclical,Lodging,,SGD,Fixed Assets Turnover,,1.5,1.51,0.29,0.09,0.06,0.02,0.04,0.11,0.16,0.16,,
BKW,XSES,Datapulse Technology Ltd,Consumer Cyclical,Lodging,,SGD,Asset Turnover,,0.4,0.23,0.01,0.02,0.03,0.01,0.03,0.07,0.10,0.10,,
BKX,XSES,Yongmao Holdings Ltd,Industrials,Farm & Heavy Construction Machinery,,SGD,Return on Asset %,,0.27,1.96,1.42,3.91,3.62,3.19,3.02,2.64,2.1,1.54,,
BKX,XSES,Yongmao Holdings Ltd,Industrials,Farm & Heavy Construction Machinery,,SGD,Return on Equity %,,0.68,4.72,3.33,9.13,7.95,6.95,6.79,5.91,4.67,3.51,,
BKX,XSES,Yongmao Holdings Ltd,Industrials,Farm & Heavy Construction Machinery,,SGD,Return on Invested Capital %,,1.95,4.5,3.58,7.74,6.73,6.06,6.25,5.35,4.27,3.55,,
BKX,XSES,Yongmao Holdings Ltd,Industrials,Farm & Heavy Construction Machinery,,SGD,Days Sales Outstanding,,284.52,193.19,182.94,142.19,133.83,152.89,161.14,191.04,222.03,213.83,,
BKX,XSES,Yongmao Holdings Ltd,Industrials,Farm & Heavy Construction Machinery,,SGD,Days Inventory,,316.58,288.76,262.04,192.17,192.05,210.74,199.01,218.57,267.97,222.2,,
BKX,XSES,Yongmao Holdings Ltd,Industrials,Farm & Heavy Construction Machinery,,SGD,Payables Period,,377.71,319.49,303.59,249.13,237.73,241.63,268.56,331.59,414.74,374.94,,
BKX,XSES,Yongmao Holdings Ltd,Industrials,Farm & Heavy Construction Machinery,,SGD,Cash Conversion Cycle,,223.38,162.47,141.39,85.23,88.15,122.0,91.59,78.02,75.26,61.08,,
BKX,XSES,Yongmao Holdings Ltd,Industrials,Farm & Heavy Construction Machinery,,SGD,Recieveables Turnover,,1.28,1.89,2.0,2.57,2.73,2.39,2.27,1.91,1.64,1.71,,
BKX,XSES,Yongmao Holdings Ltd,Industrials,Farm & Heavy Construction Machinery,,SGD,Inventory Turnover,,1.15,1.26,1.39,1.9,1.9,1.73,1.83,1.67,1.36,1.64,,
BKX,XSES,Yongmao Holdings Ltd,Industrials,Farm & Heavy Construction Machinery,,SGD,Fixed Assets Turnover,,1.01,1.25,1.44,2.13,2.28,2.52,2.45,1.72,1.26,1.12,,
BKX,XSES,Yongmao Holdings Ltd,Industrials,Farm & Heavy Construction Machinery,,SGD,Asset Turnover,,0.32,0.4,0.43,0.56,0.58,0.6,0.61,0.47,0.39,0.41,,
BKZ,XSES,Suntar Eco-City Ltd,Consumer Defensive,Packaged Foods,,SGD,Return on Asset %,,1.74,-11.97,-9.68,0.02,0.11,0.07,0.4,0.55,6.43,0.48,,
BKZ,XSES,Suntar Eco-City Ltd,Consumer Defensive,Packaged Foods,,SGD,Return on Equity %,,2.12,-15.65,-14.16,0.03,0.14,0.09,0.52,0.71,8.63,0.63,,
BKZ,XSES,Suntar Eco-City Ltd,Consumer Defensive,Packaged Foods,,SGD,Return on Invested Capital %,,1.59,-16.78,-16.6,-2.22,0.14,-0.96,0.48,0.33,7.8,-0.08,,
BKZ,XSES,Suntar Eco-City Ltd,Consumer Defensive,Packaged Foods,,SGD,Days Sales Outstanding,,7.39,26.17,41.62,194.12,14.09,19.35,18.1,10.99,93.59,134.37,,
BKZ,XSES,Suntar Eco-City Ltd,Consumer Defensive,Packaged Foods,,SGD,Days Inventory,,252.67,280.28,378.22,3545.4,198.23,414.69,276.67,110.77,373.54,670.79,,
BKZ,XSES,Suntar Eco-City Ltd,Consumer Defensive,Packaged Foods,,SGD,Payables Period,,210.6,195.92,230.64,2145.36,85.27,106.95,59.06,21.37,107.53,148.24,,
BKZ,XSES,Suntar Eco-City Ltd,Consumer Defensive,Packaged Foods,,SGD,Cash Conversion Cycle,,49.47,110.52,189.2,1594.17,127.05,327.09,235.71,100.38,359.61,656.93,,
BKZ,XSES,Suntar Eco-City Ltd,Consumer Defensive,Packaged Foods,,SGD,Recieveables Turnover,,49.36,13.95,8.77,1.88,25.91,18.87,20.17,33.23,3.9,2.72,,
BKZ,XSES,Suntar Eco-City Ltd,Consumer Defensive,Packaged Foods,,SGD,Inventory Turnover,,1.44,1.3,0.97,0.1,1.84,0.88,1.32,3.3,0.98,0.54,,
BKZ,XSES,Suntar Eco-City Ltd,Consumer Defensive,Packaged Foods,,SGD,Fixed Assets Turnover,,1.16,2.26,2.05,0.22,3.06,71.34,124.34,145.75,28.77,14.32,,
BKZ,XSES,Suntar Eco-City Ltd,Consumer Defensive,Packaged Foods,,SGD,Asset Turnover,,0.24,0.3,0.26,0.03,0.19,0.1,0.14,0.3,0.08,0.05,,
BLR,XSES,Darco Water Technologies Ltd,Industrials,Pollution & Treatment Controls,,SGD,Return on Asset %,,5.39,0.79,-1.48,-8.0,1.17,-7.35,0.95,-6.72,1.31,-6.06,,
BLR,XSES,Darco Water Technologies Ltd,Industrials,Pollution & Treatment Controls,,SGD,Return on Equity %,,12.48,2.3,-3.74,-19.9,2.9,-16.99,2.34,-17.27,3.5,-18.04,,
BLR,XSES,Darco Water Technologies Ltd,Industrials,Pollution & Treatment Controls,,SGD,Return on Invested Capital %,,11.46,2.36,-2.18,-15.25,2.5,-13.06,2.78,-12.39,5.23,-11.29,,
BLR,XSES,Darco Water Technologies Ltd,Industrials,Pollution & Treatment Controls,,SGD,Days Sales Outstanding,,136.97,248.02,135.97,125.45,119.8,124.49,91.04,101.73,128.93,138.31,,
BLR,XSES,Darco Water Technologies Ltd,Industrials,Pollution & Treatment Controls,,SGD,Days Inventory,,7.35,12.1,13.2,25.86,22.65,24.5,22.74,17.9,17.27,16.86,,
BLR,XSES,Darco Water Technologies Ltd,Industrials,Pollution & Treatment Controls,,SGD,Payables Period,,138.61,197.23,129.4,138.39,115.63,162.27,112.47,110.73,143.23,179.81,,
BLR,XSES,Darco Water Technologies Ltd,Industrials,Pollution & Treatment Controls,,SGD,Cash Conversion Cycle,,5.7,62.89,19.77,12.93,26.82,-13.28,1.31,8.9,2.96,-24.64,,
BLR,XSES,Darco Water Technologies Ltd,Industrials,Pollution & Treatment Controls,,SGD,Recieveables Turnover,,2.66,1.47,2.68,2.91,3.05,2.93,4.01,3.59,2.83,2.64,,
BLR,XSES,Darco Water Technologies Ltd,Industrials,Pollution & Treatment Controls,,SGD,Inventory Turnover,,49.69,30.16,27.66,14.11,16.11,14.9,16.05,20.39,21.14,21.66,,
BLR,XSES,Darco Water Technologies Ltd,Industrials,Pollution & Treatment Controls,,SGD,Fixed Assets Turnover,,10.76,9.64,15.73,11.06,10.19,8.26,13.26,12.55,9.99,10.29,,
BLR,XSES,Darco Water Technologies Ltd,Industrials,Pollution & Treatment Controls,,SGD,Asset Turnover,,1.27,0.79,0.86,0.68,0.78,0.62,0.91,0.87,0.77,0.64,,
BLS,XSES,Hotung Investment Holdings Ltd,Financial Services,Asset Management,,SGD,Return on Asset %,,4.07,4.95,4.23,4.85,7.98,9.24,0.74,1.49,2.42,3.06,,
BLS,XSES,Hotung Investment Holdings Ltd,Financial Services,Asset Management,,SGD,Return on Equity %,,4.26,5.19,4.41,5.02,8.47,9.96,0.79,1.58,2.60,3.30,,
BLS,XSES,Hotung Investment Holdings Ltd,Financial Services,Asset Management,,SGD,Return on Invested Capital %,,4.26,5.19,4.41,5.00,8.44,9.93,0.79,1.58,2.59,3.29,,
BLS,XSES,Hotung Investment Holdings Ltd,Financial Services,Asset Management,,SGD,Days Sales Outstanding,,13.13,5.56,6.56,3.91,1.90,1.17,2.17,3.90,2.91,5.28,,
BLS,XSES,Hotung Investment Holdings Ltd,Financial Services,Asset Management,,SGD,Days Inventory,,-,-,-,-,-,-,-,-,-,-,,
BLS,XSES,Hotung Investment Holdings Ltd,Financial Services,Asset Management,,SGD,Payables Period,,-,233.27,-,-,-,-,-,-,-,-,,
BLS,XSES,Hotung Investment Holdings Ltd,Financial Services,Asset Management,,SGD,Cash Conversion Cycle,,-,-,-,-,-,-,-,-,-,-,,
BLS,XSES,Hotung Investment Holdings Ltd,Financial Services,Asset Management,,SGD,Recieveables Turnover,,27.81,65.63,55.64,93.25,192.51,312.83,168.17,93.68,125.24,69.18,,
BLS,XSES,Hotung Investment Holdings Ltd,Financial Services,Asset Management,,SGD,Inventory Turnover,,-,-,-,-,-,-,-,-,-,-,,
BLS,XSES,Hotung Investment Holdings Ltd,Financial Services,Asset Management,,SGD,Fixed Assets Turnover,,1319.36,611.90,462.47,36.41,39.17,49.74,18.85,15.49,13.72,19.06,,
BLS,XSES,Hotung Investment Holdings Ltd,Financial Services,Asset Management,,SGD,Asset Turnover,,0.09,0.10,0.07,0.08,0.15,0.15,0.03,0.05,0.06,0.07,,
BLU,XSES,,,,,SGD,Return on Asset %,,13.55,-8.22,0.78,-4.64,-5.64,-1.61,-7.97,-13.05,-0.02,-13.25,,
BLU,XSES,,,,,SGD,Return on Equity %,,17.93,-12.59,1.15,-6.57,-8.04,-2.4,-11.05,-16.31,-0.03,-19.02,,
BLU,XSES,,,,,SGD,Return on Invested Capital %,,16.14,-11.4,0.65,-7.15,-8.44,-2.42,-10.49,-16.25,-1.17,-19.34,,
BLU,XSES,,,,,SGD,Days Sales Outstanding,,39.61,36.98,40.02,28.6,48.12,51.9,52.32,46.06,56.97,136.01,,
BLU,XSES,,,,,SGD,Days Inventory,,107.19,60.99,368.3,467.92,617.03,725.08,577.97,443.15,441.89,601.26,,
BLU,XSES,,,,,SGD,Payables Period,,29.41,16.39,14.74,13.81,35.75,34.82,33.88,51.88,77.72,119.06,,
BLU,XSES,,,,,SGD,Cash Conversion Cycle,,117.39,81.58,393.58,482.72,629.4,742.16,596.41,437.33,421.14,618.21,,
BLU,XSES,,,,,SGD,Recieveables Turnover,,9.21,9.87,9.12,12.76,7.59,7.03,6.98,7.92,6.41,2.68,,
BLU,XSES,,,,,SGD,Inventory Turnover,,3.41,5.99,0.99,0.78,0.59,0.5,0.63,0.82,0.83,0.61,,
BLU,XSES,,,,,SGD,Fixed Assets Turnover,,18.42,28.54,26.05,35.34,8.76,5.07,8.66,16.93,15.73,7.61,,
BLU,XSES,,,,,SGD,Asset Turnover,,0.29,0.3,0.26,0.31,0.2,0.17,0.23,0.44,0.4,0.17,,
BLZ,XSES,Advanced Holdings Ltd,Energy,Oil & Gas Equipment & Services,,SGD,Return on Asset %,,-1.44,-2.81,0.34,-17.17,3.35,-2.96,-10.43,-8.44,-7.2,-9.11,,
BLZ,XSES,Advanced Holdings Ltd,Energy,Oil & Gas Equipment & Services,,SGD,Return on Equity %,,-2.59,-4.79,0.53,-29.63,6.32,-5.21,-15.52,-10.2,-9.22,-11.11,,
BLZ,XSES,Advanced Holdings Ltd,Energy,Oil & Gas Equipment & Services,,SGD,Return on Invested Capital %,,-1.94,-4.0,0.53,-24.74,5.53,-3.72,-13.3,-10.42,-8.5,-9.53,,
BLZ,XSES,Advanced Holdings Ltd,Energy,Oil & Gas Equipment & Services,,SGD,Days Sales Outstanding,,73.88,90.26,60.19,45.59,73.15,94.83,145.1,85.12,136.83,19.6,,
BLZ,XSES,Advanced Holdings Ltd,Energy,Oil & Gas Equipment & Services,,SGD,Days Inventory,,60.23,82.32,60.42,36.91,55.43,104.14,185.99,7.68,68.85,56.4,,
BLZ,XSES,Advanced Holdings Ltd,Energy,Oil & Gas Equipment & Services,,SGD,Payables Period,,108.63,204.71,58.55,58.99,74.28,53.28,94.77,56.99,82.86,1.01,,
BLZ,XSES,Advanced Holdings Ltd,Energy,Oil & Gas Equipment & Services,,SGD,Cash Conversion Cycle,,25.48,-32.13,62.06,23.51,54.29,145.69,236.33,35.82,122.82,75.0,,
BLZ,XSES,Advanced Holdings Ltd,Energy,Oil & Gas Equipment & Services,,SGD,Recieveables Turnover,,4.94,4.04,6.06,8.01,4.99,3.85,2.52,4.29,2.67,18.62,,
BLZ,XSES,Advanced Holdings Ltd,Energy,Oil & Gas Equipment & Services,,SGD,Inventory Turnover,,6.06,4.43,6.04,9.89,6.59,3.5,1.96,47.5,5.3,6.47,,
BLZ,XSES,Advanced Holdings Ltd,Energy,Oil & Gas Equipment & Services,,SGD,Fixed Assets Turnover,,3.56,2.19,2.62,4.16,3.13,2.27,1.3,1.87,0.49,0.81,,
BLZ,XSES,Advanced Holdings Ltd,Energy,Oil & Gas Equipment & Services,,SGD,Asset Turnover,,0.74,0.5,0.68,1.05,0.71,0.53,0.22,0.2,0.1,0.18,,
BMGU,XSES,BHG Retail REIT,Real Estate,REIT - Retail,,SGD,Return on Asset %,,-,2.38,3.54,5.25,-0.11,0.74,0.61,-0.40,-0.25,-0.20,,
BMGU,XSES,BHG Retail REIT,Real Estate,REIT - Retail,,SGD,Return on Equity %,,-,5.00,7.54,11.53,-0.25,1.65,1.38,-0.96,-0.61,-0.50,,
BMGU,XSES,BHG Retail REIT,Real Estate,REIT - Retail,,SGD,Return on Invested Capital %,,-,4.27,5.91,8.82,1.21,2.19,2.26,1.85,2.02,1.73,,
BMGU,XSES,BHG Retail REIT,Real Estate,REIT - Retail,,SGD,Days Sales Outstanding,,-,39.33,24.75,14.36,4.25,1.61,10.80,18.65,20.54,36.88,,
BMGU,XSES,BHG Retail REIT,Real Estate,REIT - Retail,,SGD,Days Inventory,,-,-,-,-,-,-,-,-,-,-,,
BMGU,XSES,BHG Retail REIT,Real Estate,REIT - Retail,,SGD,Payables Period,,-,326.26,259.13,254.37,365.70,285.67,279.28,321.63,348.14,385.17,,
BMGU,XSES,BHG Retail REIT,Real Estate,REIT - Retail,,SGD,Cash Conversion Cycle,,-,-,-,-,-,-,-,-,-,-,,
BMGU,XSES,BHG Retail REIT,Real Estate,REIT - Retail,,SGD,Recieveables Turnover,,-,9.28,14.75,25.42,85.84,226.41,33.80,19.57,17.77,9.90,,
BMGU,XSES,BHG Retail REIT,Real Estate,REIT - Retail,,SGD,Inventory Turnover,,-,-,-,-,-,-,-,-,-,-,,
BMGU,XSES,BHG Retail REIT,Real Estate,REIT - Retail,,SGD,Fixed Assets Turnover,,-,81.13,105.56,120.88,87.77,102.82,110.35,122.97,76.29,52.43,,
BMGU,XSES,BHG Retail REIT,Real Estate,REIT - Retail,,SGD,Asset Turnover,,-,0.07,0.08,0.09,0.06,0.07,0.07,0.07,0.07,0.06,,
BN2,XSES,Valuetronics Holdings Ltd,Technology,Electronic Components,,SGD,Return on Asset %,,7.95,9.26,10.8,10.02,8.89,8.79,5.24,5.9,7.66,7.98,,
BN2,XSES,Valuetronics Holdings Ltd,Technology,Electronic Components,,SGD,Return on Equity %,,14.46,17.16,20.47,17.96,14.97,14.51,8.36,9.01,11.56,11.94,,
BN2,XSES,Valuetronics Holdings Ltd,Technology,Electronic Components,,SGD,Return on Invested Capital %,,13.8,16.47,19.74,16.83,13.45,14.15,8.25,7.6,7.8,8.46,,
BN2,XSES,Valuetronics Holdings Ltd,Technology,Electronic Components,,SGD,Days Sales Outstanding,,80.38,66.54,68.37,65.78,59.16,65.34,82.92,81.07,92.43,79.72,,
BN2,XSES,Valuetronics Holdings Ltd,Technology,Electronic Components,,SGD,Days Inventory,,46.37,46.31,50.69,52.32,48.56,42.56,50.77,49.7,48.94,43.84,,
BN2,XSES,Valuetronics Holdings Ltd,Technology,Electronic Components,,SGD,Payables Period,,69.85,72.78,72.4,66.53,62.56,63.21,65.38,51.7,61.17,64.96,,
BN2,XSES,Valuetronics Holdings Ltd,Technology,Electronic Components,,SGD,Cash Conversion Cycle,,56.9,40.07,46.66,51.58,45.16,44.7,68.31,79.07,80.19,58.6,,
BN2,XSES,Valuetronics Holdings Ltd,Technology,Electronic Components,,SGD,Recieveables Turnover,,4.54,5.49,5.34,5.55,6.17,5.59,4.4,4.5,3.95,4.58,,
BN2,XSES,Valuetronics Holdings Ltd,Technology,Electronic Components,,SGD,Inventory Turnover,,7.87,7.88,7.2,6.98,7.52,8.58,7.19,7.34,7.46,8.33,,
BN2,XSES,Valuetronics Holdings Ltd,Technology,Electronic Components,,SGD,Fixed Assets Turnover,,11.65,14.18,15.56,13.49,11.36,9.22,6.55,6.45,5.98,4.9,,
BN2,XSES,Valuetronics Holdings Ltd,Technology,Electronic Components,,SGD,Asset Turnover,,1.29,1.37,1.51,1.42,1.17,1.07,0.93,0.97,0.8,0.81,,
BN4,XSES,Keppel Ltd,Industrials,Conglomerates,,SGD,Return on Asset %,,2.7,0.76,3.45,2.44,-1.6,3.17,2.92,14.05,3.45,2.88,,
BN4,XSES,Keppel Ltd,Industrials,Conglomerates,,SGD,Return on Equity %,,6.89,1.88,8.31,6.29,-4.61,8.98,7.84,36.49,8.6,7.16,,
BN4,XSES,Keppel Ltd,Industrials,Conglomerates,,SGD,Return on Invested Capital %,,4.31,1.3,5.1,3.91,-1.72,4.77,4.21,19.48,5.31,4.49,,
BN4,XSES,Keppel Ltd,Industrials,Conglomerates,,SGD,Days Sales Outstanding,,126.65,147.82,114.97,78.73,90.23,53.95,44.6,60.95,70.91,58.0,,
BN4,XSES,Keppel Ltd,Industrials,Conglomerates,,SGD,Days Inventory,,897.57,858.32,623.04,383.14,417.46,264.3,243.54,161.05,155.42,130.17,,
BN4,XSES,Keppel Ltd,Industrials,Conglomerates,,SGD,Payables Period,,69.36,70.31,60.64,57.87,78.75,52.41,50.96,37.42,40.1,47.22,,
BN4,XSES,Keppel Ltd,Industrials,Conglomerates,,SGD,Cash Conversion Cycle,,954.85,935.83,677.37,404.01,428.93,265.84,237.18,184.57,186.22,140.95,,
BN4,XSES,Keppel Ltd,Industrials,Conglomerates,,SGD,Recieveables Turnover,,2.88,2.47,3.17,4.64,4.05,6.77,8.18,5.99,5.15,6.29,,
BN4,XSES,Keppel Ltd,Industrials,Conglomerates,,SGD,Inventory Turnover,,0.41,0.43,0.59,0.95,0.87,1.38,1.5,2.27,2.35,2.8,,
BN4,XSES,Keppel Ltd,Industrials,Conglomerates,,SGD,Fixed Assets Turnover,,2.46,2.35,2.48,2.51,1.89,2.94,3.49,5.97,2.37,1.44,,
BN4,XSES,Keppel Ltd,Industrials,Conglomerates,,SGD,Asset Turnover,,0.23,0.21,0.22,0.26,0.21,0.27,0.21,0.24,0.24,0.22,,
BNE,XSES,Kencana Agri Ltd,Consumer Defensive,Farm Products,,SGD,Return on Asset %,,-2.01,1.27,-6.37,-3.58,1.16,5.02,0.83,-0.1,4.11,6.68,,
BNE,XSES,Kencana Agri Ltd,Consumer Defensive,Farm Products,,SGD,Return on Equity %,,-9.42,10.82,-67.45,-80.13,34.15,75.58,8.54,-0.93,33.4,37.71,,
BNE,XSES,Kencana Agri Ltd,Consumer Defensive,Farm Products,,SGD,Return on Invested Capital %,,0.91,5.13,-3.26,0.01,6.04,10.37,6.46,4.88,10.48,12.49,,
BNE,XSES,Kencana Agri Ltd,Consumer Defensive,Farm Products,,SGD,Days Sales Outstanding,,10.44,7.65,11.52,11.0,5.15,8.24,9.56,6.26,6.11,5.89,,
BNE,XSES,Kencana Agri Ltd,Consumer Defensive,Farm Products,,SGD,Days Inventory,,32.51,28.47,49.18,102.97,148.74,176.3,156.84,133.63,131.53,104.01,,
BNE,XSES,Kencana Agri Ltd,Consumer Defensive,Farm Products,,SGD,Payables Period,,102.85,100.91,67.9,97.16,111.54,70.81,34.46,25.4,34.43,27.98,,
BNE,XSES,Kencana Agri Ltd,Consumer Defensive,Farm Products,,SGD,Cash Conversion Cycle,,-59.9,-64.8,-7.2,16.8,42.35,113.73,131.94,114.49,103.21,81.91,,
BNE,XSES,Kencana Agri Ltd,Consumer Defensive,Farm Products,,SGD,Recieveables Turnover,,34.96,47.74,31.7,33.19,70.94,44.29,38.18,58.26,59.71,62.01,,
BNE,XSES,Kencana Agri Ltd,Consumer Defensive,Farm Products,,SGD,Inventory Turnover,,11.23,12.82,7.42,3.54,2.45,2.07,2.33,2.73,2.78,3.51,,
BNE,XSES,Kencana Agri Ltd,Consumer Defensive,Farm Products,,SGD,Fixed Assets Turnover,,1.52,1.69,0.81,0.47,0.5,0.67,0.87,0.8,0.9,1.23,,
BNE,XSES,Kencana Agri Ltd,Consumer Defensive,Farm Products,,SGD,Asset Turnover,,0.31,0.38,0.33,0.29,0.3,0.38,0.48,0.46,0.53,0.72,,
BPF,XSES,YHI International Ltd,Consumer Cyclical,Auto Parts,,SGD,Return on Asset %,,0.89,2.22,3.51,3.27,4.77,5.01,4.87,3.25,2.41,-0.23,,
BPF,XSES,YHI International Ltd,Consumer Cyclical,Auto Parts,,SGD,Return on Equity %,,1.51,3.57,5.48,5.09,7.21,7.54,7.31,4.69,3.45,-0.33,,
BPF,XSES,YHI International Ltd,Consumer Cyclical,Auto Parts,,SGD,Return on Invested Capital %,,1.97,3.14,4.81,4.62,6.04,6.32,6.33,4.41,3.27,0.46,,
BPF,XSES,YHI International Ltd,Consumer Cyclical,Auto Parts,,SGD,Days Sales Outstanding,,73.43,73.02,68.33,63.91,59.37,55.9,58.39,64.11,62.04,63.77,,
BPF,XSES,YHI International Ltd,Consumer Cyclical,Auto Parts,,SGD,Days Inventory,,119.55,120.91,118.08,124.21,125.94,124.41,144.95,162.88,142.48,147.3,,
BPF,XSES,YHI International Ltd,Consumer Cyclical,Auto Parts,,SGD,Payables Period,,40.22,33.14,20.47,20.05,20.94,23.09,27.04,35.16,32.22,32.82,,
BPF,XSES,YHI International Ltd,Consumer Cyclical,Auto Parts,,SGD,Cash Conversion Cycle,,152.76,160.79,165.93,168.07,164.37,157.21,176.29,191.82,172.31,178.25,,
BPF,XSES,YHI International Ltd,Consumer Cyclical,Auto Parts,,SGD,Recieveables Turnover,,4.97,5.0,5.34,5.71,6.15,6.53,6.25,5.69,5.88,5.72,,
BPF,XSES,YHI International Ltd,Consumer Cyclical,Auto Parts,,SGD,Inventory Turnover,,3.05,3.02,3.09,2.94,2.9,2.93,2.52,2.24,2.56,2.48,,
BPF,XSES,YHI International Ltd,Consumer Cyclical,Auto Parts,,SGD,Fixed Assets Turnover,,4.21,4.71,5.45,4.82,4.27,4.56,4.6,4.37,4.93,5.2,,
BPF,XSES,YHI International Ltd,Consumer Cyclical,Auto Parts,,SGD,Asset Turnover,,1.13,1.12,1.17,1.13,1.05,1.05,1.01,0.94,1.02,0.99,,
BQC,XSES,A-Smart Holdings Ltd,Industrials,Specialty Business Services,,SGD,Return on Asset %,,-154.56,1.44,-5.01,-14.32,0.76,-3.24,-5.37,0.47,-2.86,-3.36,,
BQC,XSES,A-Smart Holdings Ltd,Industrials,Specialty Business Services,,SGD,Return on Equity %,,-421.31,3.38,-7.5,-19.66,1.04,-4.33,-7.15,0.65,-3.89,-4.76,,
BQC,XSES,A-Smart Holdings Ltd,Industrials,Specialty Business Services,,SGD,Return on Invested Capital %,,-300.44,3.57,-5.85,-18.2,0.62,-3.62,-6.14,0.12,-3.12,-3.9,,
BQC,XSES,A-Smart Holdings Ltd,Industrials,Specialty Business Services,,SGD,Days Sales Outstanding,,144.98,52.59,60.41,62.35,59.43,44.35,58.78,93.37,90.65,80.74,,
BQC,XSES,A-Smart Holdings Ltd,Industrials,Specialty Business Services,,SGD,Days Inventory,,123.99,47.63,87.06,335.61,1099.19,1008.86,916.53,1398.27,1704.37,2969.62,,
BQC,XSES,A-Smart Holdings Ltd,Industrials,Specialty Business Services,,SGD,Payables Period,,628.28,372.69,94.69,67.01,62.68,21.83,13.89,44.03,42.79,315.39,,
BQC,XSES,A-Smart Holdings Ltd,Industrials,Specialty Business Services,,SGD,Cash Conversion Cycle,,-359.31,-272.47,52.78,330.95,1095.93,1031.38,961.42,1447.6,1752.22,2734.97,,
BQC,XSES,A-Smart Holdings Ltd,Industrials,Specialty Business Services,,SGD,Recieveables Turnover,,2.52,6.94,6.04,5.85,6.14,8.23,6.21,3.91,4.03,4.52,,
BQC,XSES,A-Smart Holdings Ltd,Industrials,Specialty Business Services,,SGD,Inventory Turnover,,2.94,7.66,4.19,1.09,0.33,0.36,0.4,0.26,0.21,0.12,,
BQC,XSES,A-Smart Holdings Ltd,Industrials,Specialty Business Services,,SGD,Fixed Assets Turnover,,1.51,4.18,4.09,4.15,2.65,2.74,4.08,3.61,3.71,5.61,,
BQC,XSES,A-Smart Holdings Ltd,Industrials,Specialty Business Services,,SGD,Asset Turnover,,0.55,0.86,0.6,0.48,0.29,0.27,0.3,0.26,0.23,0.19,,
BQD,XSES,Envictus International Holdings Ltd,Consumer Defensive,Packaged Foods,,SGD,Return on Asset %,,0.6,-10.65,-5.2,-6.3,-15.46,-7.14,-1.03,-5.69,9.07,5.44,,
BQD,XSES,Envictus International Holdings Ltd,Consumer Defensive,Packaged Foods,,SGD,Return on Equity %,,0.79,-15.75,-8.66,-11.85,-39.39,-26.13,-3.99,-20.99,28.72,14.18,,
BQD,XSES,Envictus International Holdings Ltd,Consumer Defensive,Packaged Foods,,SGD,Return on Invested Capital %,,1.44,-10.72,-4.79,-6.15,-14.8,-5.33,2.03,-3.75,14.89,9.11,,
BQD,XSES,Envictus International Holdings Ltd,Consumer Defensive,Packaged Foods,,SGD,Days Sales Outstanding,,46.97,35.47,33.26,29.45,27.67,23.54,22.91,27.11,22.31,20.82,,
BQD,XSES,Envictus International Holdings Ltd,Consumer Defensive,Packaged Foods,,SGD,Days Inventory,,58.81,58.75,58.08,55.48,67.27,65.79,50.83,54.35,53.66,56.18,,
BQD,XSES,Envictus International Holdings Ltd,Consumer Defensive,Packaged Foods,,SGD,Payables Period,,58.34,62.44,48.72,35.68,46.88,47.81,36.6,46.95,56.65,54.43,,
BQD,XSES,Envictus International Holdings Ltd,Consumer Defensive,Packaged Foods,,SGD,Cash Conversion Cycle,,47.45,31.78,42.62,49.24,48.06,41.52,37.14,34.52,19.31,22.57,,
BQD,XSES,Envictus International Holdings Ltd,Consumer Defensive,Packaged Foods,,SGD,Recieveables Turnover,,7.77,10.29,10.97,12.4,13.19,15.5,15.93,13.46,16.36,17.53,,
BQD,XSES,Envictus International Holdings Ltd,Consumer Defensive,Packaged Foods,,SGD,Inventory Turnover,,6.21,6.21,6.28,6.58,5.43,5.55,7.18,6.72,6.8,6.5,,
BQD,XSES,Envictus International Holdings Ltd,Consumer Defensive,Packaged Foods,,SGD,Fixed Assets Turnover,,2.46,1.81,1.46,1.26,0.85,0.8,1.27,1.63,2.3,2.5,,
BQD,XSES,Envictus International Holdings Ltd,Consumer Defensive,Packaged Foods,,SGD,Asset Turnover,,0.76,0.83,0.83,0.82,0.61,0.56,0.83,0.98,1.23,1.34,,
BQF,XSES,XMH Holdings Ltd,Industrials,Specialty Industrial Machinery,,SGD,Return on Asset %,,4.7,-0.6,-2.1,-2.16,-7.72,0.74,2.32,2.75,8.3,14.62,,
BQF,XSES,XMH Holdings Ltd,Industrials,Specialty Industrial Machinery,,SGD,Return on Equity %,,12.5,-1.58,-5.42,-5.62,-20.77,1.98,6.33,8.15,23.22,36.56,,
BQF,XSES,XMH Holdings Ltd,Industrials,Specialty Industrial Machinery,,SGD,Return on Invested Capital %,,7.88,-0.12,-1.82,-1.64,-7.94,1.51,3.26,5.22,14.7,25.58,,
BQF,XSES,XMH Holdings Ltd,Industrials,Specialty Industrial Machinery,,SGD,Days Sales Outstanding,,101.85,108.08,93.53,67.78,66.7,59.05,52.84,22.93,24.89,12.86,,
BQF,XSES,XMH Holdings Ltd,Industrials,Specialty Industrial Machinery,,SGD,Days Inventory,,136.43,157.85,211.49,182.83,251.25,195.46,178.36,110.3,152.88,175.91,,
BQF,XSES,XMH Holdings Ltd,Industrials,Specialty Industrial Machinery,,SGD,Payables Period,,236.57,206.5,164.26,126.06,170.76,109.09,127.69,140.39,149.04,73.75,,
BQF,XSES,XMH Holdings Ltd,Industrials,Specialty Industrial Machinery,,SGD,Cash Conversion Cycle,,1.72,59.42,140.75,124.55,147.19,145.42,103.5,-7.16,28.74,115.02,,
BQF,XSES,XMH Holdings Ltd,Industrials,Specialty Industrial Machinery,,SGD,Recieveables Turnover,,3.58,3.38,3.9,5.39,5.47,6.18,6.91,15.92,14.67,28.39,,
BQF,XSES,XMH Holdings Ltd,Industrials,Specialty Industrial Machinery,,SGD,Inventory Turnover,,2.68,2.31,1.73,2.0,1.45,1.87,2.05,3.31,2.39,2.07,,
BQF,XSES,XMH Holdings Ltd,Industrials,Specialty Industrial Machinery,,SGD,Fixed Assets Turnover,,1.99,1.24,1.1,1.26,0.97,1.31,1.59,3.03,3.05,4.35,,
BQF,XSES,XMH Holdings Ltd,Industrials,Specialty Industrial Machinery,,SGD,Asset Turnover,,0.64,0.51,0.44,0.5,0.38,0.5,0.56,0.89,0.82,0.96,,
BQM,XSES,Tiong Woon Corp Holding Ltd,Industrials,Rental & Leasing Services,,SGD,Return on Asset %,,-2.0,-2.1,0.28,0.68,1.67,2.14,2.44,3.24,3.6,3.66,,
BQM,XSES,Tiong Woon Corp Holding Ltd,Industrials,Rental & Leasing Services,,SGD,Return on Equity %,,-3.66,-3.83,0.48,1.17,2.96,3.72,4.13,5.47,6.04,6.08,,
BQM,XSES,Tiong Woon Corp Holding Ltd,Industrials,Rental & Leasing Services,,SGD,Return on Invested Capital %,,-1.68,-1.85,0.91,1.55,2.61,3.07,3.32,4.42,4.91,5.01,,
BQM,XSES,Tiong Woon Corp Holding Ltd,Industrials,Rental & Leasing Services,,SGD,Days Sales Outstanding,,135.38,121.52,117.35,114.3,106.7,114.99,113.5,99.9,94.92,84.65,,
BQM,XSES,Tiong Woon Corp Holding Ltd,Industrials,Rental & Leasing Services,,SGD,Days Inventory,,5.98,6.08,7.21,9.26,11.07,10.45,10.02,9.96,9.85,8.33,,
BQM,XSES,Tiong Woon Corp Holding Ltd,Industrials,Rental & Leasing Services,,SGD,Payables Period,,136.2,135.65,144.0,88.17,91.41,77.59,89.11,85.37,42.29,14.71,,
BQM,XSES,Tiong Woon Corp Holding Ltd,Industrials,Rental & Leasing Services,,SGD,Cash Conversion Cycle,,5.17,-8.05,-19.44,35.38,26.36,47.84,34.42,24.49,62.48,78.27,,
BQM,XSES,Tiong Woon Corp Holding Ltd,Industrials,Rental & Leasing Services,,SGD,Recieveables Turnover,,2.7,3.0,3.11,3.19,3.42,3.17,3.22,3.65,3.85,4.31,,
BQM,XSES,Tiong Woon Corp Holding Ltd,Industrials,Rental & Leasing Services,,SGD,Inventory Turnover,,61.0,60.07,50.63,39.43,32.96,34.94,36.41,36.65,37.04,43.8,,
BQM,XSES,Tiong Woon Corp Holding Ltd,Industrials,Rental & Leasing Services,,SGD,Fixed Assets Turnover,,0.35,0.3,0.27,0.32,0.34,0.31,0.34,0.38,0.39,0.42,,
BQM,XSES,Tiong Woon Corp Holding Ltd,Industrials,Rental & Leasing Services,,SGD,Asset Turnover,,0.29,0.25,0.23,0.27,0.27,0.25,0.26,0.28,0.28,0.31,,
BQN,XSES,BH Global Corp Ltd,Industrials,Industrial Distribution,,SGD,Return on Asset %,,-11.96,-29.82,-5.98,2.38,3.8,5.8,3.32,3.92,3.03,1.26,,
BQN,XSES,BH Global Corp Ltd,Industrials,Industrial Distribution,,SGD,Return on Equity %,,-16.82,-51.16,-12.18,4.57,6.72,9.68,5.35,6.26,4.74,1.98,,
BQN,XSES,BH Global Corp Ltd,Industrials,Industrial Distribution,,SGD,Return on Invested Capital %,,-13.75,-38.91,-6.39,3.86,5.19,7.59,4.53,5.21,4.09,1.96,,
BQN,XSES,BH Global Corp Ltd,Industrials,Industrial Distribution,,SGD,Days Sales Outstanding,,110.99,117.97,92.52,86.76,74.59,71.91,81.54,94.6,86.59,79.21,,
BQN,XSES,BH Global Corp Ltd,Industrials,Industrial Distribution,,SGD,Days Inventory,,314.71,365.47,321.35,285.65,429.91,426.6,364.51,334.73,325.93,423.29,,
BQN,XSES,BH Global Corp Ltd,Industrials,Industrial Distribution,,SGD,Payables Period,,46.01,35.91,30.23,55.86,77.76,58.75,73.89,66.7,56.2,70.63,,
BQN,XSES,BH Global Corp Ltd,Industrials,Industrial Distribution,,SGD,Cash Conversion Cycle,,379.7,447.53,383.64,316.54,426.74,439.76,372.16,362.62,356.32,431.87,,
BQN,XSES,BH Global Corp Ltd,Industrials,Industrial Distribution,,SGD,Recieveables Turnover,,3.29,3.09,3.95,4.21,4.89,5.08,4.48,3.86,4.22,4.61,,
BQN,XSES,BH Global Corp Ltd,Industrials,Industrial Distribution,,SGD,Inventory Turnover,,1.16,1.0,1.14,1.28,0.85,0.86,1.0,1.09,1.12,0.86,,
BQN,XSES,BH Global Corp Ltd,Industrials,Industrial Distribution,,SGD,Fixed Assets Turnover,,3.1,2.7,3.37,3.21,2.79,2.52,3.07,3.37,3.5,2.92,,
BQN,XSES,BH Global Corp Ltd,Industrials,Industrial Distribution,,SGD,Asset Turnover,,0.53,0.46,0.6,0.68,0.63,0.55,0.64,0.67,0.68,0.56,,
BQP,XSES,Southern Packaging Group Ltd,Consumer Cyclical,Packaging & Containers,,SGD,Return on Asset %,,4.64,2.69,-0.22,0.88,0.43,1.16,-2.82,-1.11,-1.64,-0.51,,
BQP,XSES,Southern Packaging Group Ltd,Consumer Cyclical,Packaging & Containers,,SGD,Return on Equity %,,8.02,4.76,-0.41,1.67,0.85,2.47,-6.54,-2.55,-3.68,-1.13,,
BQP,XSES,Southern Packaging Group Ltd,Consumer Cyclical,Packaging & Containers,,SGD,Return on Invested Capital %,,7.0,4.74,1.7,2.52,1.59,2.65,-2.23,0.77,-0.38,1.18,,
BQP,XSES,Southern Packaging Group Ltd,Consumer Cyclical,Packaging & Containers,,SGD,Days Sales Outstanding,,51.23,43.34,72.16,72.36,81.57,77.54,104.65,78.02,81.11,92.68,,
BQP,XSES,Southern Packaging Group Ltd,Consumer Cyclical,Packaging & Containers,,SGD,Days Inventory,,56.17,48.07,69.17,126.36,214.48,208.02,283.59,243.35,232.9,256.48,,
BQP,XSES,Southern Packaging Group Ltd,Consumer Cyclical,Packaging & Containers,,SGD,Payables Period,,80.47,73.04,71.5,75.9,87.3,119.28,206.51,151.89,119.27,112.48,,
BQP,XSES,Southern Packaging Group Ltd,Consumer Cyclical,Packaging & Containers,,SGD,Cash Conversion Cycle,,26.93,18.37,69.83,122.82,208.76,166.28,181.74,169.48,194.75,236.68,,
BQP,XSES,Southern Packaging Group Ltd,Consumer Cyclical,Packaging & Containers,,SGD,Recieveables Turnover,,7.12,8.42,5.06,5.04,4.47,4.71,3.49,4.68,4.5,3.94,,
BQP,XSES,Southern Packaging Group Ltd,Consumer Cyclical,Packaging & Containers,,SGD,Inventory Turnover,,6.5,7.59,5.28,2.89,1.7,1.75,1.29,1.5,1.57,1.42,,
BQP,XSES,Southern Packaging Group Ltd,Consumer Cyclical,Packaging & Containers,,SGD,Fixed Assets Turnover,,1.48,1.45,1.37,1.38,1.22,1.7,1.37,1.65,1.82,1.74,,
BQP,XSES,Southern Packaging Group Ltd,Consumer Cyclical,Packaging & Containers,,SGD,Asset Turnover,,0.74,0.76,0.73,0.67,0.54,0.64,0.47,0.57,0.6,0.56,,
BRD,XSES,Sapphire Corp Ltd,Industrials,Engineering & Construction,,SGD,Return on Asset %,,2.8,2.39,0.79,1.2,1.9,4.08,4.18,1.54,0.19,0.67,,
BRD,XSES,Sapphire Corp Ltd,Industrials,Engineering & Construction,,SGD,Return on Equity %,,10.48,9.25,3.27,4.86,4.73,4.7,4.7,1.84,0.24,0.84,,
BRD,XSES,Sapphire Corp Ltd,Industrials,Engineering & Construction,,SGD,Return on Invested Capital %,,7.88,10.93,5.04,5.47,3.91,4.19,4.36,1.48,0.42,0.89,,
BRD,XSES,Sapphire Corp Ltd,Industrials,Engineering & Construction,,SGD,Days Sales Outstanding,,208.02,190.52,110.63,99.53,5819.2,109.73,200.56,269.79,41.49,45.6,,
BRD,XSES,Sapphire Corp Ltd,Industrials,Engineering & Construction,,SGD,Days Inventory,,130.61,160.09,69.03,6.75,851.81,3.54,0.5,0.04,0.26,1.17,,
BRD,XSES,Sapphire Corp Ltd,Industrials,Engineering & Construction,,SGD,Payables Period,,158.99,178.71,177.89,229.11,24013.68,68.68,94.69,192.89,30.93,30.6,,
BRD,XSES,Sapphire Corp Ltd,Industrials,Engineering & Construction,,SGD,Cash Conversion Cycle,,179.64,171.9,1.77,-122.83,-17342.68,44.59,106.37,76.94,10.82,16.16,,
BRD,XSES,Sapphire Corp Ltd,Industrials,Engineering & Construction,,SGD,Recieveables Turnover,,1.75,1.92,3.3,3.67,0.06,3.33,1.82,1.35,8.8,8.01,,
BRD,XSES,Sapphire Corp Ltd,Industrials,Engineering & Construction,,SGD,Inventory Turnover,,2.79,2.28,5.29,54.05,0.43,103.13,735.21,8222.67,1397.92,311.02,,
BRD,XSES,Sapphire Corp Ltd,Industrials,Engineering & Construction,,SGD,Fixed Assets Turnover,,6.88,10.97,11.63,9.75,0.17,3.35,2.1,1.1,5.74,6.24,,
BRD,XSES,Sapphire Corp Ltd,Industrials,Engineering & Construction,,SGD,Asset Turnover,,0.65,0.7,0.87,0.79,0.01,0.16,0.13,0.09,0.6,0.66,,
BS6,XSES,Yangzijiang Shipbuilding (Holdings) Ltd,Industrials,Aerospace & Defense,,SGD,Return on Asset %,,4.25,6.93,8.19,6.85,5.55,7.66,6.64,11.11,13.9,15.3,,
BS6,XSES,Yangzijiang Shipbuilding (Holdings) Ltd,Industrials,Aerospace & Defense,,SGD,Return on Equity %,,7.88,12.07,13.2,10.35,7.93,10.84,10.5,21.3,28.1,29.57,,
BS6,XSES,Yangzijiang Shipbuilding (Holdings) Ltd,Industrials,Aerospace & Defense,,SGD,Return on Invested Capital %,,6.07,9.76,11.19,8.84,6.58,9.15,8.36,15.59,20.58,22.74,,
BS6,XSES,Yangzijiang Shipbuilding (Holdings) Ltd,Industrials,Aerospace & Defense,,SGD,Days Sales Outstanding,,151.1,120.37,60.47,13.62,17.53,17.37,19.36,15.0,7.46,4.6,,
BS6,XSES,Yangzijiang Shipbuilding (Holdings) Ltd,Industrials,Aerospace & Defense,,SGD,Days Inventory,,87.36,53.52,49.94,39.81,56.3,46.09,29.93,20.98,26.94,52.91,,
BS6,XSES,Yangzijiang Shipbuilding (Holdings) Ltd,Industrials,Aerospace & Defense,,SGD,Payables Period,,137.83,126.96,92.78,47.51,58.01,39.26,33.21,37.45,49.12,48.76,,
BS6,XSES,Yangzijiang Shipbuilding (Holdings) Ltd,Industrials,Aerospace & Defense,,SGD,Cash Conversion Cycle,,100.63,46.93,17.64,5.92,15.82,24.19,16.07,-1.47,-14.71,8.75,,
BS6,XSES,Yangzijiang Shipbuilding (Holdings) Ltd,Industrials,Aerospace & Defense,,SGD,Recieveables Turnover,,2.42,3.03,6.04,26.81,20.82,21.02,18.86,24.33,48.92,79.35,,
BS6,XSES,Yangzijiang Shipbuilding (Holdings) Ltd,Industrials,Aerospace & Defense,,SGD,Inventory Turnover,,4.18,6.82,7.31,9.17,6.48,7.92,12.2,17.4,13.55,6.9,,
BS6,XSES,Yangzijiang Shipbuilding (Holdings) Ltd,Industrials,Aerospace & Defense,,SGD,Fixed Assets Turnover,,2.54,3.73,4.66,4.35,2.72,3.23,3.33,3.33,3.93,4.17,,
BS6,XSES,Yangzijiang Shipbuilding (Holdings) Ltd,Industrials,Aerospace & Defense,,SGD,Asset Turnover,,0.37,0.45,0.53,0.52,0.33,0.35,0.49,0.65,0.56,0.51,,
BSL,XSES,Raffles Medical Group Ltd,Healthcare,Medical Care Facilities,,SGD,Return on Asset %,,8.19,7.43,6.7,5.02,4.9,5.71,9.43,5.96,4.07,4.77,,
BSL,XSES,Raffles Medical Group Ltd,Healthcare,Medical Care Facilities,,SGD,Return on Equity %,,11.06,10.11,9.26,7.34,7.57,9.05,14.53,8.83,5.99,6.69,,
BSL,XSES,Raffles Medical Group Ltd,Healthcare,Medical Care Facilities,,SGD,Return on Invested Capital %,,10.42,9.29,8.22,6.18,6.43,7.81,12.92,7.77,5.19,5.96,,
BSL,XSES,Raffles Medical Group Ltd,Healthcare,Medical Care Facilities,,SGD,Days Sales Outstanding,,67.98,72.1,63.61,58.44,63.39,69.13,84.46,70.82,44.16,47.11,,
BSL,XSES,Raffles Medical Group Ltd,Healthcare,Medical Care Facilities,,SGD,Days Inventory,,38.97,38.89,35.35,32.18,33.38,35.62,38.17,20.52,15.97,15.0,,
BSL,XSES,Raffles Medical Group Ltd,Healthcare,Medical Care Facilities,,SGD,Payables Period,,524.06,528.31,482.47,492.26,475.71,566.79,688.35,348.79,295.08,274.49,,
BSL,XSES,Raffles Medical Group Ltd,Healthcare,Medical Care Facilities,,SGD,Cash Conversion Cycle,,-417.11,-417.33,-383.52,-401.65,-378.94,-462.04,-565.71,-257.45,-234.95,-212.38,,
BSL,XSES,Raffles Medical Group Ltd,Healthcare,Medical Care Facilities,,SGD,Recieveables Turnover,,5.37,5.06,5.74,6.25,5.76,5.28,4.32,5.15,8.27,7.75,,
BSL,XSES,Raffles Medical Group Ltd,Healthcare,Medical Care Facilities,,SGD,Inventory Turnover,,9.37,9.39,10.33,11.34,10.94,10.25,9.56,17.79,22.86,24.34,,
BSL,XSES,Raffles Medical Group Ltd,Healthcare,Medical Care Facilities,,SGD,Fixed Assets Turnover,,1.77,1.46,1.03,0.83,0.8,0.94,1.0,0.94,0.99,1.03,,
BSL,XSES,Raffles Medical Group Ltd,Healthcare,Medical Care Facilities,,SGD,Asset Turnover,,0.55,0.5,0.46,0.43,0.42,0.49,0.5,0.47,0.49,0.52,,
BTE,XSES,Bund Center Investment Ltd,Real Estate,Real Estate Services,,SGD,Return on Asset %,,5.15,6.0,5.39,5.57,1.96,2.33,0.55,2.63,3.3,1.91,,
BTE,XSES,Bund Center Investment Ltd,Real Estate,Real Estate Services,,SGD,Return on Equity %,,6.24,6.94,6.19,6.34,2.2,2.61,0.62,2.96,3.72,2.15,,
BTE,XSES,Bund Center Investment Ltd,Real Estate,Real Estate Services,,SGD,Return on Invested Capital %,,5.63,6.53,5.48,5.63,1.37,1.7,-0.36,2.03,2.73,0.97,,
BTE,XSES,Bund Center Investment Ltd,Real Estate,Real Estate Services,,SGD,Days Sales Outstanding,,7.17,6.86,5.29,5.54,9.04,8.26,16.1,12.33,7.13,5.92,,
BTE,XSES,Bund Center Investment Ltd,Real Estate,Real Estate Services,,SGD,Days Inventory,,2.82,2.91,2.63,2.69,3.29,2.67,2.77,2.37,2.21,2.1,,
BTE,XSES,Bund Center Investment Ltd,Real Estate,Real Estate Services,,SGD,Payables Period,,21.43,19.6,15.17,20.98,36.16,34.23,35.22,31.1,33.51,27.5,,
BTE,XSES,Bund Center Investment Ltd,Real Estate,Real Estate Services,,SGD,Cash Conversion Cycle,,-11.45,-9.83,-7.26,-12.76,-23.83,-23.31,-16.34,-16.41,-24.17,-19.49,,
BTE,XSES,Bund Center Investment Ltd,Real Estate,Real Estate Services,,SGD,Recieveables Turnover,,50.94,53.17,68.97,65.94,40.38,44.21,22.67,29.6,51.2,61.69,,
BTE,XSES,Bund Center Investment Ltd,Real Estate,Real Estate Services,,SGD,Inventory Turnover,,129.51,125.6,139.0,135.75,111.05,136.58,131.75,154.23,165.21,173.92,,
BTE,XSES,Bund Center Investment Ltd,Real Estate,Real Estate Services,,SGD,Fixed Assets Turnover,,0.69,0.71,0.74,0.74,0.49,0.59,0.52,0.74,0.78,0.8,,
BTE,XSES,Bund Center Investment Ltd,Real Estate,Real Estate Services,,SGD,Asset Turnover,,0.24,0.25,0.24,0.22,0.14,0.17,0.14,0.2,0.21,0.2,,
BTG,XSES,HG Metal Manufacturing Ltd,Basic Materials,Steel,,SGD,Return on Asset %,,0.59,-8.69,-2.95,0.48,0.64,7.56,-0.32,-0.69,4.12,-,,
BTG,XSES,HG Metal Manufacturing Ltd,Basic Materials,Steel,,SGD,Return on Equity %,,0.69,-10.21,-3.86,0.76,1.04,11.47,-0.49,-0.96,4.97,-,,
BTG,XSES,HG Metal Manufacturing Ltd,Basic Materials,Steel,,SGD,Return on Invested Capital %,,0.56,-10.21,-3.95,1.02,1.31,9.5,0.54,-0.4,4.48,-,,
BTG,XSES,HG Metal Manufacturing Ltd,Basic Materials,Steel,,SGD,Days Sales Outstanding,,105.13,84.39,96.07,129.38,168.48,94.41,83.35,93.05,108.76,-,,
BTG,XSES,HG Metal Manufacturing Ltd,Basic Materials,Steel,,SGD,Days Inventory,,34.9,37.96,53.9,108.98,161.29,119.26,139.16,110.7,48.58,-,,
BTG,XSES,HG Metal Manufacturing Ltd,Basic Materials,Steel,,SGD,Payables Period,,33.51,28.65,35.92,65.08,62.09,29.27,23.32,16.83,14.32,-,,
BTG,XSES,HG Metal Manufacturing Ltd,Basic Materials,Steel,,SGD,Cash Conversion Cycle,,106.52,93.7,114.05,173.27,267.67,184.41,199.19,186.92,143.03,-,,
BTG,XSES,HG Metal Manufacturing Ltd,Basic Materials,Steel,,SGD,Recieveables Turnover,,3.47,4.33,3.8,2.82,2.17,3.87,4.38,3.92,3.36,-,,
BTG,XSES,HG Metal Manufacturing Ltd,Basic Materials,Steel,,SGD,Inventory Turnover,,10.46,9.62,6.77,3.35,2.26,3.06,2.62,3.3,7.51,-,,
BTG,XSES,HG Metal Manufacturing Ltd,Basic Materials,Steel,,SGD,Fixed Assets Turnover,,7.54,12.37,9.84,4.13,2.07,3.22,4.32,5.41,6.4,-,,
BTG,XSES,HG Metal Manufacturing Ltd,Basic Materials,Steel,,SGD,Asset Turnover,,0.71,1.18,1.3,0.86,0.57,0.89,0.96,1.01,1.03,-,,
BTJ,XSES,A-Sonic Aerospace Ltd,Industrials,Integrated Freight & Logistics,,SGD,Return on Asset %,,-3.92,-1.75,1.99,3.67,8.83,7.12,4.8,1.07,3.29,3.44,,
BTJ,XSES,A-Sonic Aerospace Ltd,Industrials,Integrated Freight & Logistics,,SGD,Return on Equity %,,-8.77,-4.6,5.49,8.81,19.15,16.85,11.23,2.19,6.25,6.21,,
BTJ,XSES,A-Sonic Aerospace Ltd,Industrials,Integrated Freight & Logistics,,SGD,Return on Invested Capital %,,-8.13,-3.64,4.49,7.18,16.93,16.05,10.59,0.83,4.14,4.69,,
BTJ,XSES,A-Sonic Aerospace Ltd,Industrials,Integrated Freight & Logistics,,SGD,Days Sales Outstanding,,51.01,56.31,57.65,54.41,42.48,32.74,35.85,43.48,34.53,41.76,,
BTJ,XSES,A-Sonic Aerospace Ltd,Industrials,Integrated Freight & Logistics,,SGD,Days Inventory,,5.43,7.44,4.13,2.57,1.54,0.74,0.45,-,-,-,,
BTJ,XSES,A-Sonic Aerospace Ltd,Industrials,Integrated Freight & Logistics,,SGD,Payables Period,,56.05,69.51,50.24,38.22,32.57,27.22,34.25,48.48,35.57,39.70,,
BTJ,XSES,A-Sonic Aerospace Ltd,Industrials,Integrated Freight & Logistics,,SGD,Cash Conversion Cycle,,0.39,-5.76,11.54,18.76,11.45,6.26,2.05,-,-,-,,
BTJ,XSES,A-Sonic Aerospace Ltd,Industrials,Integrated Freight & Logistics,,SGD,Recieveables Turnover,,7.16,6.48,6.33,6.71,8.59,11.15,10.18,8.39,10.57,8.74,,
BTJ,XSES,A-Sonic Aerospace Ltd,Industrials,Integrated Freight & Logistics,,SGD,Inventory Turnover,,67.2,49.06,88.44,142.07,236.37,491.21,816.56,-,-,-,,
BTJ,XSES,A-Sonic Aerospace Ltd,Industrials,Integrated Freight & Logistics,,SGD,Fixed Assets Turnover,,21.69,33.48,36.56,31.18,39.25,73.0,59.94,36.87,50.59,36.50,,
BTJ,XSES,A-Sonic Aerospace Ltd,Industrials,Integrated Freight & Logistics,,SGD,Asset Turnover,,2.94,2.96,2.94,2.97,3.67,4.94,3.73,2.35,3.15,2.59,,
BTM,XSES,Penguin International Ltd,Industrials,Aerospace & Defense,,SGD,Return on Asset %,,-3.28,1.75,7.17,8.88,5.65,5.13,3.67,4.84,9.11,8.13,,
BTM,XSES,Penguin International Ltd,Industrials,Aerospace & Defense,,SGD,Return on Equity %,,-4.32,2.18,9.24,12.14,7.72,6.91,5.41,8.18,15.65,13.34,,
BTM,XSES,Penguin International Ltd,Industrials,Aerospace & Defense,,SGD,Return on Invested Capital %,,-3.89,1.75,8.5,11.47,7.27,6.26,4.52,6.97,12.93,11.16,,
BTM,XSES,Penguin International Ltd,Industrials,Aerospace & Defense,,SGD,Days Sales Outstanding,,69.34,39.36,51.98,45.25,36.26,42.29,56.43,62.58,64.32,51.28,,
BTM,XSES,Penguin International Ltd,Industrials,Aerospace & Defense,,SGD,Days Inventory,,914.69,149.38,83.3,119.69,211.03,198.04,211.04,182.35,158.33,154.23,,
BTM,XSES,Penguin International Ltd,Industrials,Aerospace & Defense,,SGD,Payables Period,,190.65,47.62,65.76,65.23,73.93,58.54,79.97,57.22,24.98,41.96,,
BTM,XSES,Penguin International Ltd,Industrials,Aerospace & Defense,,SGD,Cash Conversion Cycle,,793.38,141.13,69.52,99.71,173.36,181.8,187.5,187.71,197.66,163.54,,
BTM,XSES,Penguin International Ltd,Industrials,Aerospace & Defense,,SGD,Recieveables Turnover,,5.26,9.27,7.02,8.07,10.07,8.63,6.47,5.83,5.68,7.12,,
BTM,XSES,Penguin International Ltd,Industrials,Aerospace & Defense,,SGD,Inventory Turnover,,0.4,2.44,4.38,3.05,1.73,1.84,1.73,2.0,2.31,2.37,,
BTM,XSES,Penguin International Ltd,Industrials,Aerospace & Defense,,SGD,Fixed Assets Turnover,,0.32,0.96,1.34,1.59,1.23,1.17,0.97,1.1,1.33,1.36,,
BTM,XSES,Penguin International Ltd,Industrials,Aerospace & Defense,,SGD,Asset Turnover,,0.17,0.48,0.57,0.62,0.51,0.54,0.47,0.53,0.6,0.61,,
BTOU,XSES,Manulife US REIT Units Real Estate Investment Trust Reg S,Real Estate,REIT - Office,,SGD,Return on Asset %,,6.15,5.17,4.07,2.40,-2.03,1.81,-5.91,-20.52,-12.66,-8.04,,
BTOU,XSES,Manulife US REIT Units Real Estate Investment Trust Reg S,Real Estate,REIT - Office,,SGD,Return on Equity %,,9.96,8.29,6.73,4.10,-3.58,3.36,-11.75,-46.65,-34.26,-22.66,,
BTOU,XSES,Manulife US REIT Units Real Estate Investment Trust Reg S,Real Estate,REIT - Office,,SGD,Return on Invested Capital %,,6.76,6.03,5.01,3.54,-1.24,3.14,-4.84,-18.96,-10.47,-6.24,,
BTOU,XSES,Manulife US REIT Units Real Estate Investment Trust Reg S,Real Estate,REIT - Office,,SGD,Days Sales Outstanding,,4.11,3.99,8.38,8.53,6.57,6.02,3.86,11.94,15.84,5.73,,
BTOU,XSES,Manulife US REIT Units Real Estate Investment Trust Reg S,Real Estate,REIT - Office,,SGD,Days Inventory,,-,-,-,-,-,-,-,-,-,-,,
BTOU,XSES,Manulife US REIT Units Real Estate Investment Trust Reg S,Real Estate,REIT - Office,,SGD,Payables Period,,98.98,2.95,2.23,5.21,5.46,1.76,6.55,10.37,6.50,3.56,,
BTOU,XSES,Manulife US REIT Units Real Estate Investment Trust Reg S,Real Estate,REIT - Office,,SGD,Cash Conversion Cycle,,-,-,-,-,-,-,-,-,-,-,,
BTOU,XSES,Manulife US REIT Units Real Estate Investment Trust Reg S,Real Estate,REIT - Office,,SGD,Recieveables Turnover,,88.80,91.40,43.54,42.77,55.52,60.62,94.46,30.56,23.05,63.67,,
BTOU,XSES,Manulife US REIT Units Real Estate Investment Trust Reg S,Real Estate,REIT - Office,,SGD,Inventory Turnover,,-,-,-,-,-,-,-,-,-,-,,
BTOU,XSES,Manulife US REIT Units Real Estate Investment Trust Reg S,Real Estate,REIT - Office,,SGD,Fixed Assets Turnover,,-,-,-,-,-,-,-,-,-,-,,
BTOU,XSES,Manulife US REIT Units Real Estate Investment Trust Reg S,Real Estate,REIT - Office,,SGD,Asset Turnover,,0.06,0.08,0.09,0.09,0.09,0.08,0.09,0.11,0.12,0.10,,
BTP,XSES,,,,,SGD,Return on Asset %,,-3.54,-4.93,6.86,-3.12,-4.93,2.22,4.98,3.01,6.35,-9.15,,
BTP,XSES,,,,,SGD,Return on Equity %,,-3.75,-5.11,8.33,-4.37,-6.84,2.98,6.47,3.84,8.01,-11.57,,
BTP,XSES,,,,,SGD,Return on Invested Capital %,,-4.02,-5.41,7.94,-4.0,-6.11,2.97,6.08,2.8,6.47,-11.59,,
BTP,XSES,,,,,SGD,Days Sales Outstanding,,103.0,212.86,128.5,113.96,99.38,93.86,86.19,97.26,66.94,63.97,,
BTP,XSES,,,,,SGD,Days Inventory,,1559.81,6591.21,14.16,14.74,16.83,20.83,20.69,31.21,45.24,56.71,,
BTP,XSES,,,,,SGD,Payables Period,,171.62,956.15,90.76,59.3,52.4,60.49,51.71,64.58,76.55,79.63,,
BTP,XSES,,,,,SGD,Cash Conversion Cycle,,1491.19,5847.92,51.9,69.39,63.81,54.2,55.17,63.9,35.63,41.05,,
BTP,XSES,,,,,SGD,Recieveables Turnover,,3.54,1.71,2.84,3.2,3.67,3.89,4.24,3.75,5.45,5.71,,
BTP,XSES,,,,,SGD,Inventory Turnover,,0.23,0.06,25.77,24.77,21.69,17.52,17.64,11.69,8.07,6.44,,
BTP,XSES,,,,,SGD,Fixed Assets Turnover,,1.25,0.08,0.19,0.29,0.32,0.4,0.63,0.62,0.66,0.37,,
BTP,XSES,,,,,SGD,Asset Turnover,,0.09,0.02,0.13,0.21,0.23,0.26,0.37,0.33,0.32,0.17,,
BTX,XSES,Anchun International Holdings Ltd,Basic Materials,Chemicals,,SGD,Return on Asset %,,-4.36,-8.42,2.74,3.05,-3.14,-0.54,7.45,0.59,2.7,3.56,,
BTX,XSES,Anchun International Holdings Ltd,Basic Materials,Chemicals,,SGD,Return on Equity %,,-5.9,-11.36,3.75,4.01,-3.99,-0.74,10.48,0.79,3.59,4.62,,
BTX,XSES,Anchun International Holdings Ltd,Basic Materials,Chemicals,,SGD,Return on Invested Capital %,,-6.44,-11.76,2.9,3.28,-4.59,-1.27,9.04,0.06,2.68,3.91,,
BTX,XSES,Anchun International Holdings Ltd,Basic Materials,Chemicals,,SGD,Days Sales Outstanding,,301.61,311.66,108.49,58.96,99.01,59.06,33.48,49.5,33.88,33.3,,
BTX,XSES,Anchun International Holdings Ltd,Basic Materials,Chemicals,,SGD,Days Inventory,,415.89,402.65,186.1,73.53,132.96,139.34,89.42,99.65,64.11,62.65,,
BTX,XSES,Anchun International Holdings Ltd,Basic Materials,Chemicals,,SGD,Payables Period,,195.72,177.05,32.13,39.16,78.18,72.06,56.29,75.25,74.03,80.21,,
BTX,XSES,Anchun International Holdings Ltd,Basic Materials,Chemicals,,SGD,Cash Conversion Cycle,,521.78,537.27,262.46,93.33,153.79,126.34,66.61,73.9,23.95,15.74,,
BTX,XSES,Anchun International Holdings Ltd,Basic Materials,Chemicals,,SGD,Recieveables Turnover,,1.21,1.17,3.36,6.19,3.69,6.18,10.9,7.37,10.77,10.96,,
BTX,XSES,Anchun International Holdings Ltd,Basic Materials,Chemicals,,SGD,Inventory Turnover,,0.88,0.91,1.96,4.96,2.75,2.62,4.08,3.66,5.69,5.83,,
BTX,XSES,Anchun International Holdings Ltd,Basic Materials,Chemicals,,SGD,Fixed Assets Turnover,,0.73,0.62,1.18,2.07,1.37,1.97,3.77,3.08,4.5,4.23,,
BTX,XSES,Anchun International Holdings Ltd,Basic Materials,Chemicals,,SGD,Asset Turnover,,0.18,0.16,0.29,0.45,0.26,0.29,0.45,0.33,0.44,0.37,,
BUOU,XSES,Frasers Logistics & Commercial Trust,Real Estate,REIT - Industrial,,SGD,Return on Asset %,,-,5.26,6.84,6.45,8.91,10.14,9.66,-1.44,2.10,2.83,,
BUOU,XSES,Frasers Logistics & Commercial Trust,Real Estate,REIT - Industrial,,SGD,Return on Equity %,,-,7.62,10.61,10.38,15.34,17.52,15.48,-2.24,3.41,4.86,,
BUOU,XSES,Frasers Logistics & Commercial Trust,Real Estate,REIT - Industrial,,SGD,Return on Invested Capital %,,-,6.14,7.42,7.32,10.03,11.22,10.72,-0.94,3.03,4.04,,
BUOU,XSES,Frasers Logistics & Commercial Trust,Real Estate,REIT - Industrial,,SGD,Days Sales Outstanding,,-,5.99,1.64,1.63,5.13,7.80,7.9,6.62,5.76,3.69,,
BUOU,XSES,Frasers Logistics & Commercial Trust,Real Estate,REIT - Industrial,,SGD,Days Inventory,,-,-,-,156.94,480.41,-,136.56,65.48,-,-,,
BUOU,XSES,Frasers Logistics & Commercial Trust,Real Estate,REIT - Industrial,,SGD,Payables Period,,-,106.75,19.64,49.63,31.09,14.32,13.64,13.37,14.94,22.69,,
BUOU,XSES,Frasers Logistics & Commercial Trust,Real Estate,REIT - Industrial,,SGD,Cash Conversion Cycle,,-,-,-,108.94,454.46,-,130.82,58.73,-,-,,
BUOU,XSES,Frasers Logistics & Commercial Trust,Real Estate,REIT - Industrial,,SGD,Recieveables Turnover,,-,60.98,223.15,224.27,71.1,46.80,46.22,55.12,63.42,98.80,,
BUOU,XSES,Frasers Logistics & Commercial Trust,Real Estate,REIT - Industrial,,SGD,Inventory Turnover,,-,-,-,2.33,0.76,-,2.67,5.57,-,-,,
BUOU,XSES,Frasers Logistics & Commercial Trust,Real Estate,REIT - Industrial,,SGD,Fixed Assets Turnover,,-,-,-,-,1177.41,1911.72,2655.97,4145.64,10037.62,18134.08,,
BUOU,XSES,Frasers Logistics & Commercial Trust,Real Estate,REIT - Industrial,,SGD,Asset Turnover,,-,0.09,0.07,0.07,0.07,0.07,0.06,0.06,0.06,0.07,,
BVA,XSES,Top Glove Corp Bhd,Healthcare,Medical Instruments & Supplies,,SGD,Return on Asset %,,13.52,11.77,10.58,6.66,24.35,83.41,2.52,-12.19,-0.93,1.59,,
BVA,XSES,Top Glove Corp Bhd,Healthcare,Medical Instruments & Supplies,,SGD,Return on Equity %,,21.06,17.2,19.82,14.84,40.28,115.65,3.24,-14.63,-1.11,2.0,,
BVA,XSES,Top Glove Corp Bhd,Healthcare,Medical Instruments & Supplies,,SGD,Return on Invested Capital %,,15.24,13.89,13.01,8.89,30.17,106.71,2.83,-13.63,-1.05,1.69,,
BVA,XSES,Top Glove Corp Bhd,Healthcare,Medical Instruments & Supplies,,SGD,Days Sales Outstanding,,43.63,38.54,44.13,45.18,33.64,14.64,25.3,32.19,36.89,39.94,,
BVA,XSES,Top Glove Corp Bhd,Healthcare,Medical Instruments & Supplies,,SGD,Days Inventory,,41.05,37.72,44.65,53.02,48.28,58.14,67.96,72.97,55.0,43.93,,
BVA,XSES,Top Glove Corp Bhd,Healthcare,Medical Instruments & Supplies,,SGD,Payables Period,,28.36,26.69,27.6,25.93,26.54,20.31,16.14,21.33,21.97,23.79,,
BVA,XSES,Top Glove Corp Bhd,Healthcare,Medical Instruments & Supplies,,SGD,Cash Conversion Cycle,,56.33,49.57,61.19,72.27,55.38,52.47,77.12,83.83,69.92,60.08,,
BVA,XSES,Top Glove Corp Bhd,Healthcare,Medical Instruments & Supplies,,SGD,Recieveables Turnover,,8.36,9.47,8.27,8.08,10.85,24.93,14.43,11.34,9.9,9.14,,
BVA,XSES,Top Glove Corp Bhd,Healthcare,Medical Instruments & Supplies,,SGD,Inventory Turnover,,8.89,9.68,8.17,6.88,7.56,6.28,5.37,5.0,6.64,8.31,,
BVA,XSES,Top Glove Corp Bhd,Healthcare,Medical Instruments & Supplies,,SGD,Fixed Assets Turnover,,2.65,2.54,2.35,2.11,2.54,4.43,1.25,0.51,0.64,0.96,,
BVA,XSES,Top Glove Corp Bhd,Healthcare,Medical Instruments & Supplies,,SGD,Asset Turnover,,1.08,1.22,1.03,0.88,1.01,1.77,0.62,0.3,0.36,0.53,,
BWM,XSES,Zheneng Jinjiang Environment Holding Co Ltd Shs USD,Utilities,Utilities - Renewable,,SGD,Return on Asset %,,7.16,5.35,4.13,0.98,1.9,2.3,1.55,1.3,2.75,3.06,,
BWM,XSES,Zheneng Jinjiang Environment Holding Co Ltd Shs USD,Utilities,Utilities - Renewable,,SGD,Return on Equity %,,16.22,13.13,11.06,2.74,5.61,7.08,4.96,4.09,8.45,9.24,,
BWM,XSES,Zheneng Jinjiang Environment Holding Co Ltd Shs USD,Utilities,Utilities - Renewable,,SGD,Return on Invested Capital %,,10.58,8.48,6.78,2.75,3.96,4.35,3.39,2.81,4.79,4.84,,
BWM,XSES,Zheneng Jinjiang Environment Holding Co Ltd Shs USD,Utilities,Utilities - Renewable,,SGD,Days Sales Outstanding,,75.45,97.19,109.39,136.32,221.67,205.06,245.09,281.12,312.24,327.35,,
BWM,XSES,Zheneng Jinjiang Environment Holding Co Ltd Shs USD,Utilities,Utilities - Renewable,,SGD,Days Inventory,,8.91,10.96,10.3,5.64,7.82,7.22,10.68,16.36,18.46,16.4,,
BWM,XSES,Zheneng Jinjiang Environment Holding Co Ltd Shs USD,Utilities,Utilities - Renewable,,SGD,Payables Period,,36.44,64.23,81.44,76.81,118.04,86.2,175.7,292.22,287.26,274.77,,
BWM,XSES,Zheneng Jinjiang Environment Holding Co Ltd Shs USD,Utilities,Utilities - Renewable,,SGD,Cash Conversion Cycle,,47.92,43.92,38.25,65.15,111.45,126.08,80.06,5.27,43.44,68.99,,
BWM,XSES,Zheneng Jinjiang Environment Holding Co Ltd Shs USD,Utilities,Utilities - Renewable,,SGD,Recieveables Turnover,,4.84,3.76,3.34,2.68,1.65,1.78,1.49,1.3,1.17,1.12,,
BWM,XSES,Zheneng Jinjiang Environment Holding Co Ltd Shs USD,Utilities,Utilities - Renewable,,SGD,Inventory Turnover,,40.98,33.29,35.45,64.71,46.68,50.55,34.19,22.31,19.78,22.25,,
BWM,XSES,Zheneng Jinjiang Environment Holding Co Ltd Shs USD,Utilities,Utilities - Renewable,,SGD,Fixed Assets Turnover,,0.53,0.48,0.48,0.51,0.35,0.42,0.4,0.35,0.34,0.32,,
BWM,XSES,Zheneng Jinjiang Environment Holding Co Ltd Shs USD,Utilities,Utilities - Renewable,,SGD,Asset Turnover,,0.32,0.24,0.22,0.25,0.18,0.21,0.19,0.17,0.17,0.16,,
BXE,XSES,CDW Holding Ltd,Technology,Semiconductor Equipment & Materials,,SGD,Return on Asset %,,0.47,2.0,1.01,-2.11,1.55,2.23,12.73,-1.0,-4.9,-3.45,,
BXE,XSES,CDW Holding Ltd,Technology,Semiconductor Equipment & Materials,,SGD,Return on Equity %,,0.64,2.84,1.52,-3.46,2.88,4.6,26.16,-1.88,-8.87,-6.2,,
BXE,XSES,CDW Holding Ltd,Technology,Semiconductor Equipment & Materials,,SGD,Return on Invested Capital %,,-0.23,1.78,0.69,-3.07,2.39,3.74,21.27,-1.26,-7.57,-5.16,,
BXE,XSES,CDW Holding Ltd,Technology,Semiconductor Equipment & Materials,,SGD,Days Sales Outstanding,,57.12,72.61,98.03,101.42,110.33,90.9,86.48,98.8,80.62,55.41,,
BXE,XSES,CDW Holding Ltd,Technology,Semiconductor Equipment & Materials,,SGD,Days Inventory,,31.43,31.04,44.07,45.21,47.75,62.87,79.45,85.55,94.37,75.44,,
BXE,XSES,CDW Holding Ltd,Technology,Semiconductor Equipment & Materials,,SGD,Payables Period,,55.65,53.6,72.82,82.05,96.46,99.94,101.67,100.94,90.6,74.24,,
BXE,XSES,CDW Holding Ltd,Technology,Semiconductor Equipment & Materials,,SGD,Cash Conversion Cycle,,32.91,50.05,69.27,64.58,61.61,53.83,64.25,83.41,84.38,56.61,,
BXE,XSES,CDW Holding Ltd,Technology,Semiconductor Equipment & Materials,,SGD,Recieveables Turnover,,6.39,5.03,3.72,3.6,3.31,4.02,4.22,3.69,4.53,6.59,,
BXE,XSES,CDW Holding Ltd,Technology,Semiconductor Equipment & Materials,,SGD,Inventory Turnover,,11.61,11.76,8.28,8.07,7.64,5.81,4.59,4.27,3.87,4.84,,
BXE,XSES,CDW Holding Ltd,Technology,Semiconductor Equipment & Materials,,SGD,Fixed Assets Turnover,,13.38,15.15,14.38,12.78,10.8,14.8,18.03,14.71,13.08,15.49,,
BXE,XSES,CDW Holding Ltd,Technology,Semiconductor Equipment & Materials,,SGD,Asset Turnover,,1.2,1.21,1.02,1.15,1.17,1.36,1.31,1.02,0.95,1.15,,
C04,XSES,Casa Holdings Ltd,Consumer Cyclical,"Furnishings, Fixtures & Appliances",,SGD,Return on Asset %,,0.05,-10.07,2.81,2.47,1.61,2.41,1.8,2.12,8.16,-1.31,,
C04,XSES,Casa Holdings Ltd,Consumer Cyclical,"Furnishings, Fixtures & Appliances",,SGD,Return on Equity %,,0.09,-19.27,5.21,4.23,2.67,4.04,2.97,3.42,12.67,-1.97,,
C04,XSES,Casa Holdings Ltd,Consumer Cyclical,"Furnishings, Fixtures & Appliances",,SGD,Return on Invested Capital %,,1.31,-10.98,6.44,6.5,5.61,5.94,5.08,5.78,14.88,-0.04,,
C04,XSES,Casa Holdings Ltd,Consumer Cyclical,"Furnishings, Fixtures & Appliances",,SGD,Days Sales Outstanding,,69.56,66.61,66.64,69.52,71.69,49.12,45.83,46.75,54.03,48.19,,
C04,XSES,Casa Holdings Ltd,Consumer Cyclical,"Furnishings, Fixtures & Appliances",,SGD,Days Inventory,,152.5,142.24,152.69,178.43,169.36,140.23,169.09,195.03,247.43,222.54,,
C04,XSES,Casa Holdings Ltd,Consumer Cyclical,"Furnishings, Fixtures & Appliances",,SGD,Payables Period,,70.26,86.72,119.3,121.21,88.02,70.48,77.46,81.25,84.07,53.37,,
C04,XSES,Casa Holdings Ltd,Consumer Cyclical,"Furnishings, Fixtures & Appliances",,SGD,Cash Conversion Cycle,,151.8,122.13,100.03,126.75,153.03,118.88,137.45,160.53,217.39,217.36,,
C04,XSES,Casa Holdings Ltd,Consumer Cyclical,"Furnishings, Fixtures & Appliances",,SGD,Recieveables Turnover,,5.25,5.48,5.48,5.25,5.09,7.43,7.96,7.81,6.76,7.57,,
C04,XSES,Casa Holdings Ltd,Consumer Cyclical,"Furnishings, Fixtures & Appliances",,SGD,Inventory Turnover,,2.39,2.57,2.39,2.05,2.16,2.6,2.16,1.87,1.48,1.64,,
C04,XSES,Casa Holdings Ltd,Consumer Cyclical,"Furnishings, Fixtures & Appliances",,SGD,Fixed Assets Turnover,,0.8,0.95,1.1,1.3,1.46,1.76,2.07,2.45,2.32,2.46,,
C04,XSES,Casa Holdings Ltd,Consumer Cyclical,"Furnishings, Fixtures & Appliances",,SGD,Asset Turnover,,0.12,0.15,0.19,0.18,0.15,0.19,0.22,0.25,0.21,0.2,,
C05,XSES,Chemical Industries (Far East) Ltd,Basic Materials,Chemicals,,SGD,Return on Asset %,,8.9,6.89,7.86,8.56,2.48,3.9,4.56,2.38,3.51,-15.04,,
C05,XSES,Chemical Industries (Far East) Ltd,Basic Materials,Chemicals,,SGD,Return on Equity %,,12.46,8.48,8.8,9.43,2.81,4.54,5.33,2.71,3.85,-17.75,,
C05,XSES,Chemical Industries (Far East) Ltd,Basic Materials,Chemicals,,SGD,Return on Invested Capital %,,10.38,7.87,8.79,9.24,2.65,4.31,5.15,2.43,3.45,-17.68,,
C05,XSES,Chemical Industries (Far East) Ltd,Basic Materials,Chemicals,,SGD,Days Sales Outstanding,,43.0,51.25,50.0,52.98,59.2,61.71,58.36,57.47,66.33,62.33,,
C05,XSES,Chemical Industries (Far East) Ltd,Basic Materials,Chemicals,,SGD,Days Inventory,,35.48,47.66,45.35,49.45,43.22,40.93,41.95,36.2,43.47,39.4,,
C05,XSES,Chemical Industries (Far East) Ltd,Basic Materials,Chemicals,,SGD,Payables Period,,31.63,39.06,21.63,14.52,26.25,29.19,29.83,19.81,13.98,37.45,,
C05,XSES,Chemical Industries (Far East) Ltd,Basic Materials,Chemicals,,SGD,Cash Conversion Cycle,,46.85,59.85,73.72,87.9,76.17,73.45,70.48,73.87,95.82,64.28,,
C05,XSES,Chemical Industries (Far East) Ltd,Basic Materials,Chemicals,,SGD,Recieveables Turnover,,8.49,7.12,7.3,6.89,6.17,5.91,6.25,6.35,5.5,5.86,,
C05,XSES,Chemical Industries (Far East) Ltd,Basic Materials,Chemicals,,SGD,Inventory Turnover,,10.29,7.66,8.05,7.38,8.45,8.92,8.7,10.08,8.4,9.26,,
C05,XSES,Chemical Industries (Far East) Ltd,Basic Materials,Chemicals,,SGD,Fixed Assets Turnover,,1.66,1.66,2.36,2.7,2.06,1.9,3.43,4.88,3.04,2.79,,
C05,XSES,Chemical Industries (Far East) Ltd,Basic Materials,Chemicals,,SGD,Asset Turnover,,0.55,0.45,0.6,0.55,0.46,0.44,0.57,0.67,0.5,0.46,,
C06,XSES,CSC Holdings Ltd,Industrials,Engineering & Construction,,SGD,Return on Asset %,,-1.61,-6.65,-4.1,-5.6,1.55,-3.18,0.2,-7.34,-5.34,0.49,,
C06,XSES,CSC Holdings Ltd,Industrials,Engineering & Construction,,SGD,Return on Equity %,,-4.37,-16.59,-10.32,-15.63,4.68,-9.02,0.55,-24.38,-22.49,2.33,,
C06,XSES,CSC Holdings Ltd,Industrials,Engineering & Construction,,SGD,Return on Invested Capital %,,-1.92,-9.44,-5.23,-8.22,3.95,-4.75,0.82,-9.84,-6.5,3.76,,
C06,XSES,CSC Holdings Ltd,Industrials,Engineering & Construction,,SGD,Days Sales Outstanding,,124.96,77.05,85.94,85.42,51.1,102.28,62.46,79.57,83.59,83.26,,
C06,XSES,CSC Holdings Ltd,Industrials,Engineering & Construction,,SGD,Days Inventory,,26.18,37.09,27.27,31.62,37.62,68.99,44.39,36.53,28.07,26.69,,
C06,XSES,CSC Holdings Ltd,Industrials,Engineering & Construction,,SGD,Payables Period,,125.39,147.45,85.03,77.97,85.98,142.09,92.65,99.32,106.74,116.14,,
C06,XSES,CSC Holdings Ltd,Industrials,Engineering & Construction,,SGD,Cash Conversion Cycle,,25.75,-33.32,28.18,39.07,2.74,29.18,14.21,16.78,4.91,-6.19,,
C06,XSES,CSC Holdings Ltd,Industrials,Engineering & Construction,,SGD,Recieveables Turnover,,2.92,4.74,4.25,4.27,7.14,3.57,5.84,4.59,4.37,4.38,,
C06,XSES,CSC Holdings Ltd,Industrials,Engineering & Construction,,SGD,Inventory Turnover,,13.94,9.84,13.38,11.54,9.7,5.29,8.22,9.99,13.0,13.67,,
C06,XSES,CSC Holdings Ltd,Industrials,Engineering & Construction,,SGD,Fixed Assets Turnover,,2.16,1.52,2.12,2.2,2.47,1.32,2.06,1.78,1.91,2.23,,
C06,XSES,CSC Holdings Ltd,Industrials,Engineering & Construction,,SGD,Asset Turnover,,0.9,0.66,0.97,0.94,0.95,0.52,0.8,0.73,0.81,0.88,,
C07,XSES,Jardine Cycle & Carriage Ltd,Industrials,Conglomerates,,SGD,Return on Asset %,,3.37,3.44,1.59,3.13,1.91,2.34,2.54,3.94,2.92,3.04,,
C07,XSES,Jardine Cycle & Carriage Ltd,Industrials,Conglomerates,,SGD,Return on Equity %,,12.73,13.32,6.67,13.55,7.81,9.21,10.2,16.01,11.58,11.82,,
C07,XSES,Jardine Cycle & Carriage Ltd,Industrials,Conglomerates,,SGD,Return on Invested Capital %,,6.34,6.51,3.54,6.87,4.06,4.75,5.52,8.98,6.67,6.7,,
C07,XSES,Jardine Cycle & Carriage Ltd,Industrials,Conglomerates,,SGD,Days Sales Outstanding,,102.67,100.96,103.62,113.08,145.73,101.36,89.12,59.16,27.52,28.27,,
C07,XSES,Jardine Cycle & Carriage Ltd,Industrials,Conglomerates,,SGD,Days Inventory,,43.91,40.97,44.73,48.78,56.53,37.39,39.58,50.23,52.78,51.41,,
C07,XSES,Jardine Cycle & Carriage Ltd,Industrials,Conglomerates,,SGD,Payables Period,,90.82,96.94,110.99,114.44,137.37,105.17,105.55,113.17,109.96,109.59,,
C07,XSES,Jardine Cycle & Carriage Ltd,Industrials,Conglomerates,,SGD,Cash Conversion Cycle,,55.76,44.98,37.36,47.42,64.89,33.58,23.15,-3.78,-29.66,-29.91,,
C07,XSES,Jardine Cycle & Carriage Ltd,Industrials,Conglomerates,,SGD,Recieveables Turnover,,3.56,3.62,3.52,3.23,2.5,3.6,4.1,6.17,13.26,12.91,,
C07,XSES,Jardine Cycle & Carriage Ltd,Industrials,Conglomerates,,SGD,Inventory Turnover,,8.31,8.91,8.16,7.48,6.46,9.76,9.22,7.27,6.92,7.1,,
C07,XSES,Jardine Cycle & Carriage Ltd,Industrials,Conglomerates,,SGD,Fixed Assets Turnover,,5.38,5.54,4.81,3.69,2.48,3.65,4.82,4.34,3.86,3.72,,
C07,XSES,Jardine Cycle & Carriage Ltd,Industrials,Conglomerates,,SGD,Asset Turnover,,0.76,0.75,0.72,0.66,0.47,0.63,0.75,0.72,0.69,0.65,,
C09,XSES,City Developments Ltd,Real Estate,Real Estate - Development,,SGD,Return on Asset %,,3.19,2.67,2.7,2.5,-8.24,0.36,5.43,1.29,0.77,2.36,,
C09,XSES,City Developments Ltd,Real Estate,Real Estate - Development,,SGD,Return on Equity %,,7.0,5.57,5.55,5.37,-20.65,1.02,14.43,3.32,2.09,6.64,,
C09,XSES,City Developments Ltd,Real Estate,Real Estate - Development,,SGD,Return on Invested Capital %,,4.57,3.91,3.86,3.45,-9.08,0.87,7.13,2.79,2.54,3.95,,
C09,XSES,City Developments Ltd,Real Estate,Real Estate - Development,,SGD,Days Sales Outstanding,,36.11,31.98,20.48,18.39,32.96,27.96,25.77,19.86,34.94,32.06,,
C09,XSES,City Developments Ltd,Real Estate,Real Estate - Development,,SGD,Days Inventory,,913.28,833.68,813.41,1110.09,1508.21,1245.92,1053.73,601.54,983.1,1032.08,,
C09,XSES,City Developments Ltd,Real Estate,Real Estate - Development,,SGD,Payables Period,,67.49,93.94,55.15,33.68,38.68,39.58,47.24,28.96,49.8,40.8,,
C09,XSES,City Developments Ltd,Real Estate,Real Estate - Development,,SGD,Cash Conversion Cycle,,881.9,771.72,778.74,1094.79,1502.49,1234.3,1032.26,592.45,968.24,1023.34,,
C09,XSES,City Developments Ltd,Real Estate,Real Estate - Development,,SGD,Recieveables Turnover,,10.11,11.42,17.82,19.85,11.07,13.05,14.16,18.38,10.45,11.39,,
C09,XSES,City Developments Ltd,Real Estate,Real Estate - Development,,SGD,Inventory Turnover,,0.4,0.44,0.45,0.33,0.24,0.29,0.35,0.61,0.37,0.35,,
C09,XSES,City Developments Ltd,Real Estate,Real Estate - Development,,SGD,Fixed Assets Turnover,,0.76,0.75,0.84,0.65,0.38,0.48,0.7,1.19,0.74,0.7,,
C09,XSES,City Developments Ltd,Real Estate,Real Estate - Development,,SGD,Asset Turnover,,0.19,0.19,0.21,0.16,0.09,0.11,0.14,0.21,0.13,0.14,,
C13,XSES,CH Offshore Ltd,Energy,Oil & Gas Equipment & Services,,SGD,Return on Asset %,,2.24,-23.96,-18.4,-13.69,-21.88,-6.79,-5.09,-14.76,2.1,-3.26,,
C13,XSES,CH Offshore Ltd,Energy,Oil & Gas Equipment & Services,,SGD,Return on Equity %,,2.79,-28.37,-22.58,-17.02,-29.06,-9.11,-6.64,-19.49,2.81,-4.19,,
C13,XSES,CH Offshore Ltd,Energy,Oil & Gas Equipment & Services,,SGD,Return on Invested Capital %,,2.67,-26.39,-20.77,-15.25,-24.94,-7.2,-5.37,-16.56,2.97,-3.68,,
C13,XSES,CH Offshore Ltd,Energy,Oil & Gas Equipment & Services,,SGD,Days Sales Outstanding,,68.16,115.27,252.56,114.65,126.42,132.32,107.4,79.06,56.7,38.11,,
C13,XSES,CH Offshore Ltd,Energy,Oil & Gas Equipment & Services,,SGD,Days Inventory,,-,3.19,3.63,5.78,5.18,9.17,14.77,10.7,10.23,7.57,,
C13,XSES,CH Offshore Ltd,Energy,Oil & Gas Equipment & Services,,SGD,Payables Period,,307.81,155.7,117.87,96.87,124.05,105.79,101.0,79.09,112.52,142.39,,
C13,XSES,CH Offshore Ltd,Energy,Oil & Gas Equipment & Services,,SGD,Cash Conversion Cycle,,-,-37.24,138.32,23.56,7.55,35.71,21.17,10.66,-45.59,-96.72,,
C13,XSES,CH Offshore Ltd,Energy,Oil & Gas Equipment & Services,,SGD,Recieveables Turnover,,5.36,3.17,1.45,3.18,2.89,2.76,3.4,4.62,6.44,9.58,,
C13,XSES,CH Offshore Ltd,Energy,Oil & Gas Equipment & Services,,SGD,Inventory Turnover,,-,114.49,100.54,63.12,70.46,39.79,24.71,34.1,35.68,48.24,,
C13,XSES,CH Offshore Ltd,Energy,Oil & Gas Equipment & Services,,SGD,Fixed Assets Turnover,,0.18,0.14,0.11,0.26,0.28,0.28,0.39,0.57,0.67,0.55,,
C13,XSES,CH Offshore Ltd,Energy,Oil & Gas Equipment & Services,,SGD,Asset Turnover,,0.10,0.1,0.07,0.2,0.21,0.21,0.28,0.41,0.48,0.36,,
C2PU,XSES,Parkway Life Real Estate Investment Trust,Real Estate,REIT - Healthcare Facilities,,SGD,Return on Asset %,,5.39,5.78,8.29,6.33,4.29,15.04,1.76,4.30,3.89,5.87,,
C2PU,XSES,Parkway Life Real Estate Investment Trust,Real Estate,REIT - Healthcare Facilities,,SGD,Return on Equity %,,8.92,9.65,13.80,10.65,7.37,25.35,2.89,7.11,6.37,9.43,,
C2PU,XSES,Parkway Life Real Estate Investment Trust,Real Estate,REIT - Healthcare Facilities,,SGD,Return on Invested Capital %,,6.12,6.40,8.94,6.89,4.68,15.83,2.00,4.86,4.43,6.59,,
C2PU,XSES,Parkway Life Real Estate Investment Trust,Real Estate,REIT - Healthcare Facilities,,SGD,Days Sales Outstanding,,31.55,32.53,32.91,33.56,33.27,33.72,32.17,21.09,13.91,11.62,,
C2PU,XSES,Parkway Life Real Estate Investment Trust,Real Estate,REIT - Healthcare Facilities,,SGD,Days Inventory,,-,-,-,-,-,-,-,-,-,-,,
C2PU,XSES,Parkway Life Real Estate Investment Trust,Real Estate,REIT - Healthcare Facilities,,SGD,Payables Period,,204.41,238.15,207.78,220.52,232.24,226.36,229.25,266.71,401.05,399.41,,
C2PU,XSES,Parkway Life Real Estate Investment Trust,Real Estate,REIT - Healthcare Facilities,,SGD,Cash Conversion Cycle,,-,-,-,-,-,-,-,-,-,-,,
C2PU,XSES,Parkway Life Real Estate Investment Trust,Real Estate,REIT - Healthcare Facilities,,SGD,Recieveables Turnover,,11.57,11.22,11.09,10.88,10.97,10.82,11.34,17.31,26.23,31.42,,
C2PU,XSES,Parkway Life Real Estate Investment Trust,Real Estate,REIT - Healthcare Facilities,,SGD,Inventory Turnover,,-,-,-,-,-,-,-,-,-,-,,
C2PU,XSES,Parkway Life Real Estate Investment Trust,Real Estate,REIT - Healthcare Facilities,,SGD,Fixed Assets Turnover,,-,-,-,-,-,-,-,-,-,-,,
C2PU,XSES,Parkway Life Real Estate Investment Trust,Real Estate,REIT - Healthcare Facilities,,SGD,Asset Turnover,,0.06,0.06,0.06,0.06,0.06,0.05,0.06,0.06,0.06,0.06,,
C33,XSES,Chuan Hup Holdings Ltd,Real Estate,Real Estate - Development,,SGD,Return on Asset %,,2.69,4.37,3.12,12.66,-6.14,4.9,0.78,2.41,0.79,2.35,,
C33,XSES,Chuan Hup Holdings Ltd,Real Estate,Real Estate - Development,,SGD,Return on Equity %,,3.52,6.22,4.57,15.84,-6.67,5.31,0.81,2.5,0.87,2.71,,
C33,XSES,Chuan Hup Holdings Ltd,Real Estate,Real Estate - Development,,SGD,Return on Invested Capital %,,3.43,6.12,4.51,15.69,-6.67,5.31,0.81,2.47,0.84,2.56,,
C33,XSES,Chuan Hup Holdings Ltd,Real Estate,Real Estate - Development,,SGD,Days Sales Outstanding,,55.62,50.74,47.91,551.32,43.47,43.52,41.25,31.72,2.65,61.89,,
C33,XSES,Chuan Hup Holdings Ltd,Real Estate,Real Estate - Development,,SGD,Days Inventory,,51.83,51.37,62.37,1160.76,384.17,420.7,186.43,2584.44,-,832.22,,
C33,XSES,Chuan Hup Holdings Ltd,Real Estate,Real Estate - Development,,SGD,Payables Period,,79.6,131.38,97.86,644.39,4.29,7.17,2.55,86.88,-,5.87,,
C33,XSES,Chuan Hup Holdings Ltd,Real Estate,Real Estate - Development,,SGD,Cash Conversion Cycle,,27.85,-29.26,12.43,1067.69,423.35,457.06,225.13,2529.28,-,888.24,,
C33,XSES,Chuan Hup Holdings Ltd,Real Estate,Real Estate - Development,,SGD,Recieveables Turnover,,6.56,7.19,7.62,0.66,8.4,8.39,8.85,11.51,137.94,5.9,,
C33,XSES,Chuan Hup Holdings Ltd,Real Estate,Real Estate - Development,,SGD,Inventory Turnover,,7.04,7.1,5.85,0.31,0.95,0.87,1.96,0.14,-,0.44,,
C33,XSES,Chuan Hup Holdings Ltd,Real Estate,Real Estate - Development,,SGD,Fixed Assets Turnover,,33.96,30.5,18.42,1.25,32.64,23.44,23.89,5.31,9.39,19.36,,
C33,XSES,Chuan Hup Holdings Ltd,Real Estate,Real Estate - Development,,SGD,Asset Turnover,,0.62,0.69,0.81,0.05,0.09,0.07,0.06,0.02,0.03,0.07,,
C38U,XSES,CapitaLand Integrated Commercial Trust,Real Estate,REIT - Retail,,SGD,Return on Asset %,,4.54,6.31,6.15,6.00,2.05,4.80,3.05,3.49,3.72,3.54,,
C38U,XSES,CapitaLand Integrated Commercial Trust,Real Estate,REIT - Retail,,SGD,Return on Equity %,,7.01,9.66,9.43,9.17,3.36,8.11,5.22,6.10,6.28,5.89,,
C38U,XSES,CapitaLand Integrated Commercial Trust,Real Estate,REIT - Retail,,SGD,Return on Invested Capital %,,5.55,7.47,7.07,7.20,2.76,5.77,4.17,5.04,5.06,4.76,,
C38U,XSES,CapitaLand Integrated Commercial Trust,Real Estate,REIT - Retail,,SGD,Days Sales Outstanding,,3.63,4.38,4.48,3.70,16.46,11.68,7.04,6.03,4.74,4.66,,
C38U,XSES,CapitaLand Integrated Commercial Trust,Real Estate,REIT - Retail,,SGD,Days Inventory,,-,-,-,-,-,-,-,-,-,-,,
C38U,XSES,CapitaLand Integrated Commercial Trust,Real Estate,REIT - Retail,,SGD,Payables Period,,195.50,211.03,248.37,228.99,274.52,205.67,192.90,207.05,233.73,239.01,,
C38U,XSES,CapitaLand Integrated Commercial Trust,Real Estate,REIT - Retail,,SGD,Cash Conversion Cycle,,-,-,-,-,-,-,-,-,-,-,,
C38U,XSES,CapitaLand Integrated Commercial Trust,Real Estate,REIT - Retail,,SGD,Recieveables Turnover,,100.46,83.28,81.43,98.53,22.18,31.26,51.82,60.52,76.98,78.27,,
C38U,XSES,CapitaLand Integrated Commercial Trust,Real Estate,REIT - Retail,,SGD,Inventory Turnover,,-,-,-,-,-,-,-,-,-,-,,
C38U,XSES,CapitaLand Integrated Commercial Trust,Real Estate,REIT - Retail,,SGD,Fixed Assets Turnover,,257.17,301.38,282.80,257.82,143.95,197.96,252.23,304.11,331.35,334.37,,
C38U,XSES,CapitaLand Integrated Commercial Trust,Real Estate,REIT - Retail,,SGD,Asset Turnover,,0.07,0.07,0.06,0.07,0.04,0.06,0.06,0.06,0.06,0.06,,
C41,XSES,Cortina Holdings Ltd,Consumer Cyclical,Luxury Goods,,SGD,Return on Asset %,,3.03,4.45,8.57,10.67,12.6,9.46,12.58,12.37,9.09,8.76,,
C41,XSES,Cortina Holdings Ltd,Consumer Cyclical,Luxury Goods,,SGD,Return on Equity %,,5.48,7.53,13.23,15.34,18.23,16.14,24.0,22.57,16.15,15.37,,
C41,XSES,Cortina Holdings Ltd,Consumer Cyclical,Luxury Goods,,SGD,Return on Invested Capital %,,4.8,5.83,10.52,13.34,15.96,12.0,16.72,16.65,12.45,11.75,,
C41,XSES,Cortina Holdings Ltd,Consumer Cyclical,Luxury Goods,,SGD,Days Sales Outstanding,,9.91,8.04,6.42,4.74,2.7,4.78,3.56,2.58,5.4,6.8,,
C41,XSES,Cortina Holdings Ltd,Consumer Cyclical,Luxury Goods,,SGD,Days Inventory,,277.74,254.63,196.24,182.36,149.29,210.88,161.41,145.75,182.35,205.37,,
C41,XSES,Cortina Holdings Ltd,Consumer Cyclical,Luxury Goods,,SGD,Payables Period,,57.83,18.95,17.7,26.02,28.77,49.96,53.42,61.11,74.72,61.92,,
C41,XSES,Cortina Holdings Ltd,Consumer Cyclical,Luxury Goods,,SGD,Cash Conversion Cycle,,229.82,243.72,184.95,161.08,123.23,165.7,111.55,87.23,113.03,150.24,,
C41,XSES,Cortina Holdings Ltd,Consumer Cyclical,Luxury Goods,,SGD,Recieveables Turnover,,36.83,45.38,56.9,77.01,135.09,76.29,102.45,141.33,67.57,53.7,,
C41,XSES,Cortina Holdings Ltd,Consumer Cyclical,Luxury Goods,,SGD,Inventory Turnover,,1.31,1.43,1.86,2.0,2.44,1.73,2.26,2.5,2.0,1.78,,
C41,XSES,Cortina Holdings Ltd,Consumer Cyclical,Luxury Goods,,SGD,Fixed Assets Turnover,,23.46,23.71,26.8,27.88,14.24,5.2,6.22,6.3,5.26,5.4,,
C41,XSES,Cortina Holdings Ltd,Consumer Cyclical,Luxury Goods,,SGD,Asset Turnover,,1.33,1.47,1.79,1.7,1.65,1.04,1.31,1.34,1.21,1.19,,
C52,XSES,ComfortDelGro Corp Ltd,Industrials,Railroads,,SGD,Return on Asset %,,6.13,6.06,6.09,5.04,1.16,2.54,3.59,3.84,4.04,3.88,,
C52,XSES,ComfortDelGro Corp Ltd,Industrials,Railroads,,SGD,Return on Equity %,,13.18,11.84,11.59,10.18,2.38,4.9,6.56,6.99,8.1,8.87,,
C52,XSES,ComfortDelGro Corp Ltd,Industrials,Railroads,,SGD,Return on Invested Capital %,,11.51,10.77,10.21,8.51,2.17,4.16,5.75,6.42,6.83,6.51,,
C52,XSES,ComfortDelGro Corp Ltd,Industrials,Railroads,,SGD,Days Sales Outstanding,,16.9,22.43,25.23,27.76,34.51,42.74,52.46,50.92,51.3,54.12,,
C52,XSES,ComfortDelGro Corp Ltd,Industrials,Railroads,,SGD,Days Inventory,,9.03,11.21,15.13,16.73,18.51,14.86,13.22,14.34,14.67,13.43,,
C52,XSES,ComfortDelGro Corp Ltd,Industrials,Railroads,,SGD,Payables Period,,30.96,26.49,27.84,27.26,29.31,26.88,26.91,28.85,33.79,32.01,,
C52,XSES,ComfortDelGro Corp Ltd,Industrials,Railroads,,SGD,Cash Conversion Cycle,,-5.03,7.14,12.52,17.22,23.7,30.72,38.78,36.4,32.19,35.53,,
C52,XSES,ComfortDelGro Corp Ltd,Industrials,Railroads,,SGD,Recieveables Turnover,,21.6,16.27,14.47,13.15,10.58,8.54,6.96,7.17,7.11,6.74,,
C52,XSES,ComfortDelGro Corp Ltd,Industrials,Railroads,,SGD,Inventory Turnover,,40.43,32.57,24.12,21.82,19.72,24.56,27.6,25.46,24.88,27.18,,
C52,XSES,ComfortDelGro Corp Ltd,Industrials,Railroads,,SGD,Fixed Assets Turnover,,1.4,1.42,1.41,1.4,1.17,1.4,1.69,1.92,2.16,2.26,,
C52,XSES,ComfortDelGro Corp Ltd,Industrials,Railroads,,SGD,Asset Turnover,,0.79,0.8,0.76,0.74,0.6,0.69,0.78,0.83,0.86,0.85,,
C6L,XSES,Singapore Airlines Ltd,Industrials,Airlines,,SGD,Return on Asset %,,3.37,1.49,3.42,2.35,-0.66,-11.98,-2.23,4.41,5.73,6.36,,
C6L,XSES,Singapore Airlines Ltd,Industrials,Airlines,,SGD,Return on Equity %,,6.38,2.79,6.53,4.96,-1.88,-33.87,-5.02,10.2,14.78,17.37,,
C6L,XSES,Singapore Airlines Ltd,Industrials,Airlines,,SGD,Return on Invested Capital %,,5.55,2.34,5.72,3.98,-0.38,-15.82,-1.96,5.83,7.59,9.11,,
C6L,XSES,Singapore Airlines Ltd,Industrials,Airlines,,SGD,Days Sales Outstanding,,30.13,27.16,27.09,29.79,23.6,75.27,58.14,27.21,24.14,24.46,,
C6L,XSES,Singapore Airlines Ltd,Industrials,Airlines,,SGD,Days Inventory,,5.94,5.82,5.64,6.14,7.08,16.28,10.59,6.3,6.92,8.02,,
C6L,XSES,Singapore Airlines Ltd,Industrials,Airlines,,SGD,Payables Period,,89.66,99.06,94.5,87.68,90.65,185.18,128.65,99.84,114.56,114.69,,
C6L,XSES,Singapore Airlines Ltd,Industrials,Airlines,,SGD,Cash Conversion Cycle,,-53.59,-66.08,-61.77,-51.76,-59.97,-93.63,-59.92,-66.32,-83.5,-82.21,,
C6L,XSES,Singapore Airlines Ltd,Industrials,Airlines,,SGD,Recieveables Turnover,,12.12,13.44,13.47,12.25,15.47,4.85,6.28,13.41,15.12,14.92,,
C6L,XSES,Singapore Airlines Ltd,Industrials,Airlines,,SGD,Inventory Turnover,,61.49,62.68,64.75,59.45,51.54,22.42,34.47,57.89,52.72,45.53,,
C6L,XSES,Singapore Airlines Ltd,Industrials,Airlines,,SGD,Fixed Assets Turnover,,1.1,0.97,0.87,0.78,0.65,0.14,0.28,0.64,0.7,0.73,,
C6L,XSES,Singapore Airlines Ltd,Industrials,Airlines,,SGD,Asset Turnover,,0.64,0.61,0.6,0.56,0.5,0.11,0.18,0.36,0.41,0.45,,
C76,XSES,Creative Technology Ltd,Technology,Computer Hardware,,SGD,Return on Asset %,,1.74,-17.91,31.1,-2.7,-13.11,-6.07,-9.53,-16.78,-12.64,-14.45,,
C76,XSES,Creative Technology Ltd,Technology,Computer Hardware,,SGD,Return on Equity %,,2.62,-26.59,43.27,-3.45,-17.42,-8.54,-13.36,-24.51,-19.73,-23.01,,
C76,XSES,Creative Technology Ltd,Technology,Computer Hardware,,SGD,Return on Invested Capital %,,2.33,-27.0,41.95,-4.56,-17.38,-8.04,-12.93,-25.17,-20.25,-22.85,,
C76,XSES,Creative Technology Ltd,Technology,Computer Hardware,,SGD,Days Sales Outstanding,,37.44,35.04,30.4,31.89,28.82,17.96,17.6,18.88,19.63,23.21,,
C76,XSES,Creative Technology Ltd,Technology,Computer Hardware,,SGD,Days Inventory,,159.77,164.96,141.94,149.31,114.35,95.04,164.88,169.02,165.02,141.43,,
C76,XSES,Creative Technology Ltd,Technology,Computer Hardware,,SGD,Payables Period,,74.92,68.76,58.0,45.57,42.81,39.73,51.92,54.49,56.88,40.56,,
C76,XSES,Creative Technology Ltd,Technology,Computer Hardware,,SGD,Cash Conversion Cycle,,122.29,131.24,114.35,135.63,100.36,73.27,130.56,133.41,127.76,124.08,,
C76,XSES,Creative Technology Ltd,Technology,Computer Hardware,,SGD,Recieveables Turnover,,9.75,10.42,12.01,11.45,12.67,20.32,20.74,19.33,18.6,15.72,,
C76,XSES,Creative Technology Ltd,Technology,Computer Hardware,,SGD,Inventory Turnover,,2.28,2.21,2.57,2.44,3.19,3.84,2.21,2.16,2.21,2.58,,
C76,XSES,Creative Technology Ltd,Technology,Computer Hardware,,SGD,Fixed Assets Turnover,,75.82,80.52,81.87,77.09,17.58,16.65,19.18,19.57,23.75,44.26,,
C76,XSES,Creative Technology Ltd,Technology,Computer Hardware,,SGD,Asset Turnover,,0.56,0.55,0.51,0.39,0.46,0.67,0.53,0.56,0.73,0.93,,
C8R,XSES,Jiutian Chemical Group Ltd,Basic Materials,Chemicals,,SGD,Return on Asset %,,0.05,5.18,1.49,-18.75,13.22,19.53,25.3,-21.05,-12.67,-28.66,,
C8R,XSES,Jiutian Chemical Group Ltd,Basic Materials,Chemicals,,SGD,Return on Equity %,,0.13,14.36,4.09,-58.25,42.01,48.46,48.12,-34.67,-21.38,-48.11,,
C8R,XSES,Jiutian Chemical Group Ltd,Basic Materials,Chemicals,,SGD,Return on Invested Capital %,,0.66,11.35,3.19,-30.6,21.69,33.0,40.08,-29.98,-15.47,-33.51,,
C8R,XSES,Jiutian Chemical Group Ltd,Basic Materials,Chemicals,,SGD,Days Sales Outstanding,,168.55,64.6,2.4,3.06,10.31,5.36,0.92,0.57,3.66,0.61,,
C8R,XSES,Jiutian Chemical Group Ltd,Basic Materials,Chemicals,,SGD,Days Inventory,,12.76,10.88,12.28,12.39,13.17,12.19,10.98,15.85,74.19,36.71,,
C8R,XSES,Jiutian Chemical Group Ltd,Basic Materials,Chemicals,,SGD,Payables Period,,63.28,132.16,178.12,160.68,172.7,127.92,112.35,133.65,278.55,61.13,,
C8R,XSES,Jiutian Chemical Group Ltd,Basic Materials,Chemicals,,SGD,Cash Conversion Cycle,,118.03,-56.68,-163.44,-145.24,-149.22,-110.37,-100.45,-117.24,-200.71,-23.81,,
C8R,XSES,Jiutian Chemical Group Ltd,Basic Materials,Chemicals,,SGD,Recieveables Turnover,,2.17,5.65,151.89,119.42,35.4,68.05,397.79,639.15,99.84,601.16,,
C8R,XSES,Jiutian Chemical Group Ltd,Basic Materials,Chemicals,,SGD,Inventory Turnover,,28.6,33.55,29.73,29.47,27.7,29.94,33.23,23.03,4.92,9.94,,
C8R,XSES,Jiutian Chemical Group Ltd,Basic Materials,Chemicals,,SGD,Fixed Assets Turnover,,2.42,3.67,4.4,4.24,5.49,10.68,12.79,2.4,0.14,0.31,,
C8R,XSES,Jiutian Chemical Group Ltd,Basic Materials,Chemicals,,SGD,Asset Turnover,,0.61,0.82,0.88,0.8,0.87,1.31,1.26,0.37,0.04,0.13,,
C9Q,XSES,Sinostar Pec Holdings Ltd,Energy,Oil & Gas E&P,,SGD,Return on Asset %,,13.57,9.72,5.22,4.99,6.63,8.45,1.42,8.53,7.35,1.26,,
C9Q,XSES,Sinostar Pec Holdings Ltd,Energy,Oil & Gas E&P,,SGD,Return on Equity %,,15.51,10.62,11.78,14.49,17.05,20.87,3.17,16.06,12.21,1.76,,
C9Q,XSES,Sinostar Pec Holdings Ltd,Energy,Oil & Gas E&P,,SGD,Return on Invested Capital %,,13.96,9.62,3.96,7.73,8.96,11.65,2.87,11.38,9.59,1.81,,
C9Q,XSES,Sinostar Pec Holdings Ltd,Energy,Oil & Gas E&P,,SGD,Days Sales Outstanding,,5.42,2.96,1.46,0.92,0.83,1.08,1.31,0.51,0.29,1.25,,
C9Q,XSES,Sinostar Pec Holdings Ltd,Energy,Oil & Gas E&P,,SGD,Days Inventory,,6.78,6.41,10.93,10.5,15.09,17.47,19.66,21.36,21.54,20.39,,
C9Q,XSES,Sinostar Pec Holdings Ltd,Energy,Oil & Gas E&P,,SGD,Payables Period,,4.8,1.75,5.8,5.76,6.41,11.93,12.16,4.81,4.15,8.38,,
C9Q,XSES,Sinostar Pec Holdings Ltd,Energy,Oil & Gas E&P,,SGD,Cash Conversion Cycle,,7.4,7.61,6.59,5.66,9.51,6.61,8.81,17.05,17.68,13.26,,
C9Q,XSES,Sinostar Pec Holdings Ltd,Energy,Oil & Gas E&P,,SGD,Recieveables Turnover,,67.38,123.49,250.73,397.14,439.19,338.81,279.64,720.93,1250.67,291.74,,
C9Q,XSES,Sinostar Pec Holdings Ltd,Energy,Oil & Gas E&P,,SGD,Inventory Turnover,,53.83,56.97,33.38,34.76,24.19,20.9,18.56,17.09,16.95,17.9,,
C9Q,XSES,Sinostar Pec Holdings Ltd,Energy,Oil & Gas E&P,,SGD,Fixed Assets Turnover,,16.68,19.62,2.81,2.32,1.78,2.57,2.87,3.45,3.95,3.71,,
C9Q,XSES,Sinostar Pec Holdings Ltd,Energy,Oil & Gas E&P,,SGD,Asset Turnover,,2.36,2.57,1.43,1.61,1.33,1.68,1.75,2.09,2.36,2.22,,
CC3,XSES,StarHub Ltd,Communication Services,Telecom Services,,SGD,Return on Asset %,,16.63,10.76,7.77,6.65,5.3,4.58,1.7,4.59,4.96,2.3,,
CC3,XSES,StarHub Ltd,Communication Services,Telecom Services,,SGD,Return on Equity %,,178.51,91.41,44.62,34.1,28.4,25.08,9.7,25.78,25.95,13.96,,
CC3,XSES,StarHub Ltd,Communication Services,Telecom Services,,SGD,Return on Invested Capital %,,35.02,21.29,15.02,12.71,10.04,8.8,4.13,8.74,9.29,4.81,,
CC3,XSES,StarHub Ltd,Communication Services,Telecom Services,,SGD,Days Sales Outstanding,,24.79,28.41,37.42,41.62,41.45,36.12,34.11,40.07,43.76,46.68,,
CC3,XSES,StarHub Ltd,Communication Services,Telecom Services,,SGD,Days Inventory,,22.12,23.59,27.81,32.03,36.26,26.18,19.14,18.76,15.47,13.08,,
CC3,XSES,StarHub Ltd,Communication Services,Telecom Services,,SGD,Payables Period,,31.27,38.13,42.4,52.93,58.76,67.64,78.88,71.59,56.39,60.56,,
CC3,XSES,StarHub Ltd,Communication Services,Telecom Services,,SGD,Cash Conversion Cycle,,15.63,13.87,22.83,20.72,18.95,-5.34,-25.62,-12.76,2.83,-0.8,,
CC3,XSES,StarHub Ltd,Communication Services,Telecom Services,,SGD,Recieveables Turnover,,14.73,12.85,9.75,8.77,8.81,10.1,10.7,9.11,8.34,7.82,,
CC3,XSES,StarHub Ltd,Communication Services,Telecom Services,,SGD,Inventory Turnover,,16.5,15.47,13.13,11.4,10.07,13.94,19.07,19.46,23.6,27.91,,
CC3,XSES,StarHub Ltd,Communication Services,Telecom Services,,SGD,Fixed Assets Turnover,,2.65,2.69,2.68,2.5,2.16,2.37,2.99,3.29,3.25,3.17,,
CC3,XSES,StarHub Ltd,Communication Services,Telecom Services,,SGD,Asset Turnover,,1.17,1.06,0.95,0.87,0.72,0.66,0.73,0.77,0.77,0.7,,
CEDU,XSES,Dasin Retail Trust Registered Units Reg S,Real Estate,Real Estate - Development,,SGD,Return on Asset %,0.24,2.49,1.41,-0.71,-0.42,-3.23,-1.94,,,,,,
CEDU,XSES,Dasin Retail Trust Registered Units Reg S,Real Estate,Real Estate - Development,,SGD,Return on Equity %,0.41,4.91,2.89,-1.41,-0.90,-7.26,-4.41,,,,,,
CEDU,XSES,Dasin Retail Trust Registered Units Reg S,Real Estate,Real Estate - Development,,SGD,Return on Invested Capital %,1.50,4.26,3.99,0.75,1.19,-2.25,-0.87,,,,,,
CEDU,XSES,Dasin Retail Trust Registered Units Reg S,Real Estate,Real Estate - Development,,SGD,Days Sales Outstanding,27.79,34.15,16.95,7.04,9.07,14.27,25.44,,,,,,
CEDU,XSES,Dasin Retail Trust Registered Units Reg S,Real Estate,Real Estate - Development,,SGD,Days Inventory,-,-,-,-,-,-,-,,,,,,
CEDU,XSES,Dasin Retail Trust Registered Units Reg S,Real Estate,Real Estate - Development,,SGD,Payables Period,102.72,132.88,13.73,115.58,267.71,385.97,281.61,,,,,,
CEDU,XSES,Dasin Retail Trust Registered Units Reg S,Real Estate,Real Estate - Development,,SGD,Cash Conversion Cycle,-,-,-,-,-,-,-,,,,,,
CEDU,XSES,Dasin Retail Trust Registered Units Reg S,Real Estate,Real Estate - Development,,SGD,Recieveables Turnover,13.13,10.69,21.53,51.84,40.24,25.58,14.35,,,,,,
CEDU,XSES,Dasin Retail Trust Registered Units Reg S,Real Estate,Real Estate - Development,,SGD,Inventory Turnover,-,-,-,-,-,-,-,,,,,,
CEDU,XSES,Dasin Retail Trust Registered Units Reg S,Real Estate,Real Estate - Development,,SGD,Fixed Assets Turnover,32.43,55.43,202.80,231.72,281.68,275.37,295.25,,,,,,
CEDU,XSES,Dasin Retail Trust Registered Units Reg S,Real Estate,Real Estate - Development,,SGD,Asset Turnover,0.03,0.03,0.04,0.04,0.04,0.03,0.04,,,,,,
CHJ,XSES,Uni-Asia Group Ltd,Industrials,Marine Shipping,,SGD,Return on Asset %,,-4.41,1.78,0.35,1.26,-1.83,7.58,11.89,2.23,-14.99,0.47,,
CHJ,XSES,Uni-Asia Group Ltd,Industrials,Marine Shipping,,SGD,Return on Equity %,,-10.91,4.98,0.97,4.63,-6.34,14.53,19.65,3.35,-21.39,0.79,,
CHJ,XSES,Uni-Asia Group Ltd,Industrials,Marine Shipping,,SGD,Return on Invested Capital %,,-3.26,3.50,1.98,3.32,-1.01,9.13,13.68,3.71,-14.12,1.98,,
CHJ,XSES,Uni-Asia Group Ltd,Industrials,Marine Shipping,,SGD,Days Sales Outstanding,,16.12,15.08,16.68,18.62,34.97,4.77,2.39,5.06,11.69,5.3,,
CHJ,XSES,Uni-Asia Group Ltd,Industrials,Marine Shipping,,SGD,Days Inventory,,-,-,-,-,66.71,41.79,36.13,23.23,11.24,75.45,,
CHJ,XSES,Uni-Asia Group Ltd,Industrials,Marine Shipping,,SGD,Payables Period,,-,15.50,14.47,12.93,21.53,1.85,2.32,4.09,4.76,4.91,,
CHJ,XSES,Uni-Asia Group Ltd,Industrials,Marine Shipping,,SGD,Cash Conversion Cycle,,-,-,-,-,80.15,44.71,36.2,24.21,18.17,75.84,,
CHJ,XSES,Uni-Asia Group Ltd,Industrials,Marine Shipping,,SGD,Recieveables Turnover,,22.65,24.20,21.88,19.60,10.44,76.58,152.46,72.09,31.23,68.92,,
CHJ,XSES,Uni-Asia Group Ltd,Industrials,Marine Shipping,,SGD,Inventory Turnover,,-,-,-,-,5.47,8.73,10.1,15.71,32.47,4.84,,
CHJ,XSES,Uni-Asia Group Ltd,Industrials,Marine Shipping,,SGD,Fixed Assets Turnover,,0.47,0.49,0.61,0.42,0.15,0.48,0.63,0.47,0.24,0.41,,
CHJ,XSES,Uni-Asia Group Ltd,Industrials,Marine Shipping,,SGD,Asset Turnover,,0.27,0.30,0.35,0.29,0.11,0.28,0.37,0.26,0.13,0.25,,
CHZ,XSES,HRnetGroup Ltd,Industrials,Staffing & Employment Services,,SGD,Return on Asset %,,22.32,14.93,12.19,12.37,10.75,13.33,13.32,13.19,9.25,10.38,,
CHZ,XSES,HRnetGroup Ltd,Industrials,Staffing & Employment Services,,SGD,Return on Equity %,,40.77,20.85,14.92,15.51,14.12,18.66,18.45,17.22,11.79,13.11,,
CHZ,XSES,HRnetGroup Ltd,Industrials,Staffing & Employment Services,,SGD,Return on Invested Capital %,,40.31,20.21,14.06,13.94,13.22,17.92,17.39,15.31,9.85,11.70,,
CHZ,XSES,HRnetGroup Ltd,Industrials,Staffing & Employment Services,,SGD,Days Sales Outstanding,,63.44,65.38,66.37,67.27,59.40,55.77,63.85,61.31,60.44,58.49,,
CHZ,XSES,HRnetGroup Ltd,Industrials,Staffing & Employment Services,,SGD,Days Inventory,,-,-,-,-,-,-,-,-,-,-,,
CHZ,XSES,HRnetGroup Ltd,Industrials,Staffing & Employment Services,,SGD,Payables Period,,8.61,8.45,8.44,8.23,7.52,7.00,7.37,7.05,7.55,7.51,,
CHZ,XSES,HRnetGroup Ltd,Industrials,Staffing & Employment Services,,SGD,Cash Conversion Cycle,,-,-,-,-,-,-,-,-,-,-,,
CHZ,XSES,HRnetGroup Ltd,Industrials,Staffing & Employment Services,,SGD,Recieveables Turnover,,5.75,5.58,5.50,5.43,6.14,6.55,5.72,5.95,6.04,6.24,,
CHZ,XSES,HRnetGroup Ltd,Industrials,Staffing & Employment Services,,SGD,Inventory Turnover,,-,-,-,-,-,-,-,-,-,-,,
CHZ,XSES,HRnetGroup Ltd,Industrials,Staffing & Employment Services,,SGD,Fixed Assets Turnover,,471.02,516.70,364.52,49.02,34.09,49.61,48.43,49.45,36.74,30.69,,
CHZ,XSES,HRnetGroup Ltd,Industrials,Staffing & Employment Services,,SGD,Asset Turnover,,1.98,1.42,1.08,1.01,0.99,1.20,1.21,1.20,1.18,1.18,,
CIN,XSES,Courage Investment Group Ltd,Industrials,Marine Shipping,,SGD,Return on Asset %,-47.22,-36.1,21.04,2.16,0.29,-5.27,15.05,1.62,-6.33,2.87,,,
CIN,XSES,Courage Investment Group Ltd,Industrials,Marine Shipping,,SGD,Return on Equity %,-81.11,-72.68,37.26,3.1,0.41,-7.43,18.90,1.83,-6.72,2.94,,,
CIN,XSES,Courage Investment Group Ltd,Industrials,Marine Shipping,,SGD,Return on Invested Capital %,-47.87,-35.99,23.35,3.62,2.03,-4.27,15.95,2.17,-6.21,2.96,,,
CIN,XSES,Courage Investment Group Ltd,Industrials,Marine Shipping,,SGD,Days Sales Outstanding,118.08,177.56,14.64,14.28,7.52,5.97,1.76,-,6.93,6.42,,,
CIN,XSES,Courage Investment Group Ltd,Industrials,Marine Shipping,,SGD,Days Inventory,-,9.47,17.81,22.41,11.28,-,-,-,-,-,,,
CIN,XSES,Courage Investment Group Ltd,Industrials,Marine Shipping,,SGD,Payables Period,36.14,51.82,64.35,16.57,5.67,30.95,32.65,-,-,-,,,
CIN,XSES,Courage Investment Group Ltd,Industrials,Marine Shipping,,SGD,Cash Conversion Cycle,-,135.22,-31.9,20.12,13.13,-,-,-,-,-,,,
CIN,XSES,Courage Investment Group Ltd,Industrials,Marine Shipping,,SGD,Recieveables Turnover,3.09,2.06,24.93,25.56,48.54,61.16,207.19,-,52.71,56.86,,,
CIN,XSES,Courage Investment Group Ltd,Industrials,Marine Shipping,,SGD,Inventory Turnover,-,38.52,20.49,16.29,32.37,-,-,-,-,-,,,
CIN,XSES,Courage Investment Group Ltd,Industrials,Marine Shipping,,SGD,Fixed Assets Turnover,0.13,0.19,0.58,0.55,0.5,0.25,0.27,0.29,0.21,0.23,,,
CIN,XSES,Courage Investment Group Ltd,Industrials,Marine Shipping,,SGD,Asset Turnover,0.09,0.09,0.21,0.21,0.24,0.12,0.14,0.18,0.14,0.15,,,
CJLU,XSES,NetLink NBN Trust Registered Units Reg S,Communication Services,Telecom Services,,SGD,Return on Asset %,,0.96,1.88,1.16,1.79,1.84,2.28,2.24,2.72,2.6,2.45,,
CJLU,XSES,NetLink NBN Trust Registered Units Reg S,Communication Services,Telecom Services,,SGD,Return on Equity %,,1.31,2.59,1.6,2.49,2.63,3.32,3.31,4.09,4.0,3.88,,
CJLU,XSES,NetLink NBN Trust Registered Units Reg S,Communication Services,Telecom Services,,SGD,Return on Invested Capital %,,1.42,2.45,1.52,2.41,2.36,2.9,2.82,3.7,3.83,3.61,,
CJLU,XSES,NetLink NBN Trust Registered Units Reg S,Communication Services,Telecom Services,,SGD,Days Sales Outstanding,,66.68,59.6,84.54,49.85,36.82,32.72,36.45,41.3,37.18,29.28,,
CJLU,XSES,NetLink NBN Trust Registered Units Reg S,Communication Services,Telecom Services,,SGD,Days Inventory,,129.06,119.98,151.09,66.92,97.29,106.65,100.35,70.11,68.75,50.39,,
CJLU,XSES,NetLink NBN Trust Registered Units Reg S,Communication Services,Telecom Services,,SGD,Payables Period,,587.48,471.53,545.17,257.21,311.73,286.01,367.69,295.11,293.29,339.37,,
CJLU,XSES,NetLink NBN Trust Registered Units Reg S,Communication Services,Telecom Services,,SGD,Cash Conversion Cycle,,-391.74,-291.95,-309.54,-140.45,-177.61,-146.64,-230.9,-183.7,-187.35,-259.7,,
CJLU,XSES,NetLink NBN Trust Registered Units Reg S,Communication Services,Telecom Services,,SGD,Recieveables Turnover,,5.47,6.12,4.32,7.32,9.91,11.16,10.02,8.84,9.82,12.46,,
CJLU,XSES,NetLink NBN Trust Registered Units Reg S,Communication Services,Telecom Services,,SGD,Inventory Turnover,,2.83,3.04,2.42,5.45,3.75,3.42,3.64,5.21,5.31,7.24,,
CJLU,XSES,NetLink NBN Trust Registered Units Reg S,Communication Services,Telecom Services,,SGD,Fixed Assets Turnover,,0.09,0.1,0.07,0.11,0.12,0.12,0.13,0.14,0.15,0.15,,
CJLU,XSES,NetLink NBN Trust Registered Units Reg S,Communication Services,Telecom Services,,SGD,Asset Turnover,,0.06,0.07,0.05,0.08,0.09,0.09,0.09,0.1,0.1,0.1,,
CJN,XSES,British and Malayan Holdings Ltd,Financial Services,Asset Management,,SGD,Return on Asset %,,-10.55,-11.71,5.16,-7.45,-7.89,-17.75,-10.51,58.21,-13.35,-13.53,,
CJN,XSES,British and Malayan Holdings Ltd,Financial Services,Asset Management,,SGD,Return on Equity %,,-11.45,-12.86,5.60,-7.94,-8.44,-19.20,-11.61,66.86,-16.52,-16.99,,
CJN,XSES,British and Malayan Holdings Ltd,Financial Services,Asset Management,,SGD,Return on Invested Capital %,,-11.45,-13.13,5.09,-8.72,-9.11,-19.11,-11.61,62.00,-17.91,-17.79,,
CJN,XSES,British and Malayan Holdings Ltd,Financial Services,Asset Management,,SGD,Days Sales Outstanding,,83.81,52.62,55.41,70.29,45.49,17.87,10.75,40.60,39.26,42.00,,
CJN,XSES,British and Malayan Holdings Ltd,Financial Services,Asset Management,,SGD,Days Inventory,,-,-,-,-,-,-,-,-,-,-,,
CJN,XSES,British and Malayan Holdings Ltd,Financial Services,Asset Management,,SGD,Payables Period,,-,26.36,-,-,-,-,-,82.33,117.30,115.75,,
CJN,XSES,British and Malayan Holdings Ltd,Financial Services,Asset Management,,SGD,Cash Conversion Cycle,,-,-,-,-,-,-,-,-,-,-,,
CJN,XSES,British and Malayan Holdings Ltd,Financial Services,Asset Management,,SGD,Recieveables Turnover,,4.35,6.94,6.59,5.19,8.02,20.42,33.96,8.99,9.30,8.69,,
CJN,XSES,British and Malayan Holdings Ltd,Financial Services,Asset Management,,SGD,Inventory Turnover,,-,-,-,-,-,-,-,-,-,-,,
CJN,XSES,British and Malayan Holdings Ltd,Financial Services,Asset Management,,SGD,Fixed Assets Turnover,,0.81,0.66,0.70,0.65,0.65,0.49,2.07,2.70,1.85,2.96,,
CJN,XSES,British and Malayan Holdings Ltd,Financial Services,Asset Management,,SGD,Asset Turnover,,0.17,0.16,0.19,0.19,0.21,0.18,0.44,0.14,0.12,0.16,,
CLN,XSES,APAC Realty Ltd,Real Estate,Real Estate Services,,SGD,Return on Asset %,,9.77,12.75,9.34,4.85,5.33,10.01,6.86,3.22,2.17,6.03,,
CLN,XSES,APAC Realty Ltd,Real Estate,Real Estate Services,,SGD,Return on Equity %,,22.39,24.45,17.56,9.71,10.95,22.42,16.54,7.39,4.56,12.78,,
CLN,XSES,APAC Realty Ltd,Real Estate,Real Estate Services,,SGD,Return on Invested Capital %,,17.06,22.69,14.76,7.61,8.14,16.89,12.90,6.45,4.11,10.61,,
CLN,XSES,APAC Realty Ltd,Real Estate,Real Estate Services,,SGD,Days Sales Outstanding,,52.25,54.01,52.53,53.94,63.59,49.49,70.50,82.10,61.57,55.51,,
CLN,XSES,APAC Realty Ltd,Real Estate,Real Estate Services,,SGD,Days Inventory,,-,-,-,-,-,-,-,-,-,-,,
CLN,XSES,APAC Realty Ltd,Real Estate,Real Estate Services,,SGD,Payables Period,,78.81,76.33,71.53,76.38,85.40,65.52,87.72,76.53,31.64,29.58,,
CLN,XSES,APAC Realty Ltd,Real Estate,Real Estate Services,,SGD,Cash Conversion Cycle,,-,-,-,-,-,-,-,-,-,-,,
CLN,XSES,APAC Realty Ltd,Real Estate,Real Estate Services,,SGD,Recieveables Turnover,,6.99,6.76,6.95,6.77,5.74,7.37,5.18,4.45,5.93,6.58,,
CLN,XSES,APAC Realty Ltd,Real Estate,Real Estate Services,,SGD,Inventory Turnover,,-,-,-,-,-,-,-,-,-,-,,
CLN,XSES,APAC Realty Ltd,Real Estate,Real Estate Services,,SGD,Fixed Assets Turnover,,158.94,299.57,368.90,94.68,9.31,9.69,9.45,7.54,7.70,9.58,,
CLN,XSES,APAC Realty Ltd,Real Estate,Real Estate Services,,SGD,Asset Turnover,,1.75,1.96,1.63,1.28,1.27,2.09,1.82,1.52,1.68,1.98,,
CMOU,XSES,Kore Us Reit Unit,Real Estate,REIT - Office,,SGD,Return on Asset %,,2.20,-,-,5.88,4.23,5.37,3.20,-4.65,-0.50,-0.29,,
CMOU,XSES,Kore Us Reit Unit,Real Estate,REIT - Office,,SGD,Return on Equity %,,3.48,-,-,9.91,7.42,9.51,5.70,-8.63,-0.96,-0.57,,
CMOU,XSES,Kore Us Reit Unit,Real Estate,REIT - Office,,SGD,Return on Invested Capital %,,3.28,-,-,7.26,5.52,6.67,4.49,-3.75,0.73,1.14,,
CMOU,XSES,Kore Us Reit Unit,Real Estate,REIT - Office,,SGD,Days Sales Outstanding,,-,-,-,9.59,11.65,9.50,8.44,8.05,9.02,8.95,,
CMOU,XSES,Kore Us Reit Unit,Real Estate,REIT - Office,,SGD,Days Inventory,,-,-,-,-,-,-,-,-,-,-,,
CMOU,XSES,Kore Us Reit Unit,Real Estate,REIT - Office,,SGD,Payables Period,,127.37,-,-,0.43,0.20,0.18,0.15,0.07,0.02,0.01,,
CMOU,XSES,Kore Us Reit Unit,Real Estate,REIT - Office,,SGD,Cash Conversion Cycle,,-,-,-,-,-,-,-,-,-,-,,
CMOU,XSES,Kore Us Reit Unit,Real Estate,REIT - Office,,SGD,Recieveables Turnover,,-,-,-,38.07,31.33,38.41,43.24,45.34,40.45,40.76,,
CMOU,XSES,Kore Us Reit Unit,Real Estate,REIT - Office,,SGD,Inventory Turnover,,-,-,-,-,-,-,-,-,-,-,,
CMOU,XSES,Kore Us Reit Unit,Real Estate,REIT - Office,,SGD,Fixed Assets Turnover,,-,-,-,-,-,-,-,-,-,-,,
CMOU,XSES,Kore Us Reit Unit,Real Estate,REIT - Office,,SGD,Asset Turnover,,0.10,-,-,0.10,0.10,0.10,0.10,0.10,0.10,0.10,,
CNE,XSES,MindChamps PreSchool Ltd Ordinary Shares,Consumer Defensive,Education & Training Services,,SGD,Return on Asset %,,39.92,10.48,7.74,5.55,2.01,1.54,2.07,3.9,0.01,1.64,,
CNE,XSES,MindChamps PreSchool Ltd Ordinary Shares,Consumer Defensive,Education & Training Services,,SGD,Return on Equity %,,151.63,15.11,10.87,11.21,4.71,3.37,4.34,7.69,0.02,3.07,,
CNE,XSES,MindChamps PreSchool Ltd Ordinary Shares,Consumer Defensive,Education & Training Services,,SGD,Return on Invested Capital %,,146.39,13.51,8.91,8.23,3.83,2.86,3.66,6.01,1.19,3.35,,
CNE,XSES,MindChamps PreSchool Ltd Ordinary Shares,Consumer Defensive,Education & Training Services,,SGD,Days Sales Outstanding,,57.18,69.32,58.2,46.26,50.35,43.99,47.36,34.65,32.8,29.22,,
CNE,XSES,MindChamps PreSchool Ltd Ordinary Shares,Consumer Defensive,Education & Training Services,,SGD,Days Inventory,,4.11,4.06,2.84,2.01,3.18,5.13,6.36,6.81,5.65,5.3,,
CNE,XSES,MindChamps PreSchool Ltd Ordinary Shares,Consumer Defensive,Education & Training Services,,SGD,Payables Period,,304.73,127.94,4.45,7.29,12.77,15.8,22.86,24.03,18.29,23.52,,
CNE,XSES,MindChamps PreSchool Ltd Ordinary Shares,Consumer Defensive,Education & Training Services,,SGD,Cash Conversion Cycle,,-243.44,-54.55,56.59,40.99,40.75,33.32,30.86,17.43,20.16,11.0,,
CNE,XSES,MindChamps PreSchool Ltd Ordinary Shares,Consumer Defensive,Education & Training Services,,SGD,Recieveables Turnover,,6.38,5.27,6.27,7.89,7.25,8.3,7.71,10.53,11.13,12.49,,
CNE,XSES,MindChamps PreSchool Ltd Ordinary Shares,Consumer Defensive,Education & Training Services,,SGD,Inventory Turnover,,88.7,89.81,128.41,181.17,114.85,71.16,57.37,53.58,64.59,68.92,,
CNE,XSES,MindChamps PreSchool Ltd Ordinary Shares,Consumer Defensive,Education & Training Services,,SGD,Fixed Assets Turnover,,21.37,15.87,20.17,2.94,1.57,2.14,2.35,2.9,2.48,2.31,,
CNE,XSES,MindChamps PreSchool Ltd Ordinary Shares,Consumer Defensive,Education & Training Services,,SGD,Asset Turnover,,1.36,0.52,0.45,0.43,0.33,0.4,0.42,0.52,0.47,0.47,,
CRPU,XSES,Sasseur REIT,Real Estate,REIT - Retail,,SGD,Return on Asset %,,-,-,-,7.13,2.59,6.39,3.31,3.55,3.18,3.60,,
CRPU,XSES,Sasseur REIT,Real Estate,REIT - Retail,,SGD,Return on Equity %,,-,-,-,11.77,-,-,5.82,5.98,5.45,6.19,,
CRPU,XSES,Sasseur REIT,Real Estate,REIT - Retail,,SGD,Return on Invested Capital %,,-,-,-,9.13,-,-,4.92,5.20,4.87,5.34,,
CRPU,XSES,Sasseur REIT,Real Estate,REIT - Retail,,SGD,Days Sales Outstanding,,-,-,-,17.12,21.39,20.38,32.50,32.05,23.18,26.06,,
CRPU,XSES,Sasseur REIT,Real Estate,REIT - Retail,,SGD,Days Inventory,,-,-,-,-,-,-,-,-,-,-,,
CRPU,XSES,Sasseur REIT,Real Estate,REIT - Retail,,SGD,Payables Period,,-,-,-,-,-,-,-,4366.80,5837.05,5464.88,,
CRPU,XSES,Sasseur REIT,Real Estate,REIT - Retail,,SGD,Cash Conversion Cycle,,-,-,-,-,-,-,-,-,-,-,,
CRPU,XSES,Sasseur REIT,Real Estate,REIT - Retail,,SGD,Recieveables Turnover,,-,-,-,21.32,17.06,17.91,11.23,11.39,15.74,14.01,,
CRPU,XSES,Sasseur REIT,Real Estate,REIT - Retail,,SGD,Inventory Turnover,,-,-,-,-,-,-,-,-,-,-,,
CRPU,XSES,Sasseur REIT,Real Estate,REIT - Retail,,SGD,Fixed Assets Turnover,,-,-,-,-,-,-,-,-,250.97,283.99,,
CRPU,XSES,Sasseur REIT,Real Estate,REIT - Retail,,SGD,Asset Turnover,,-,-,-,0.07,0.07,0.07,0.07,0.07,0.07,0.07,,
CTO,XSES,Hong Lai Huat Group Ltd,Real Estate,Real Estate - Development,,SGD,Return on Asset %,,3.06,1.28,4.86,1.20,-5.43,2.07,-6.26,-16.31,-10.64,12.89,,
CTO,XSES,Hong Lai Huat Group Ltd,Real Estate,Real Estate - Development,,SGD,Return on Equity %,,3.95,1.61,5.92,1.41,-6.94,2.6,-7.22,-19.15,-12.0,13.35,,
CTO,XSES,Hong Lai Huat Group Ltd,Real Estate,Real Estate - Development,,SGD,Return on Invested Capital %,,4.13,1.78,5.87,1.30,-6.21,2.34,-7.13,-17.42,-10.89,12.43,,
CTO,XSES,Hong Lai Huat Group Ltd,Real Estate,Real Estate - Development,,SGD,Days Sales Outstanding,,333.05,121.61,2.97,-,140.2,132.91,723.1,408.75,409.73,17.13,,
CTO,XSES,Hong Lai Huat Group Ltd,Real Estate,Real Estate - Development,,SGD,Days Inventory,,4375.05,617.46,284.06,670.31,2396.43,2328.11,19442.31,65393.78,183299.22,8914.2,,
CTO,XSES,Hong Lai Huat Group Ltd,Real Estate,Real Estate - Development,,SGD,Payables Period,,1015.4,257.56,144.95,136.15,329.74,96.73,316.35,751.19,1634.11,55.88,,
CTO,XSES,Hong Lai Huat Group Ltd,Real Estate,Real Estate - Development,,SGD,Cash Conversion Cycle,,3692.7,481.51,142.08,-,2206.88,2364.29,19849.07,65051.34,182074.85,8875.45,,
CTO,XSES,Hong Lai Huat Group Ltd,Real Estate,Real Estate - Development,,SGD,Recieveables Turnover,,1.1,3.0,123.03,-,2.6,2.75,0.5,0.89,0.89,21.31,,
CTO,XSES,Hong Lai Huat Group Ltd,Real Estate,Real Estate - Development,,SGD,Inventory Turnover,,0.08,0.59,1.28,0.54,0.15,0.16,0.02,0.01,0.0,0.04,,
CTO,XSES,Hong Lai Huat Group Ltd,Real Estate,Real Estate - Development,,SGD,Fixed Assets Turnover,,0.27,0.19,0.39,0.36,0.1,0.22,0.02,0.0,0.0,1.38,,
CTO,XSES,Hong Lai Huat Group Ltd,Real Estate,Real Estate - Development,,SGD,Asset Turnover,,0.05,0.08,0.22,0.19,0.05,0.1,0.01,0.0,0.0,0.02,,
CWBU,XSES,Stoneweg Europe Stapled Trust Unit,Real Estate,REIT - Diversified,,SGD,Return on Asset %,,-,-,-,5.36,3.52,4.04,1.55,-3.08,1.41,3.27,,
CWBU,XSES,Stoneweg Europe Stapled Trust Unit,Real Estate,REIT - Diversified,,SGD,Return on Equity %,,-,-,-,8.96,6.07,6.95,2.73,-5.69,2.70,6.39,,
CWBU,XSES,Stoneweg Europe Stapled Trust Unit,Real Estate,REIT - Diversified,,SGD,Return on Invested Capital %,,-,-,-,6.16,4.24,4.85,2.25,-2.29,2.49,5.17,,
CWBU,XSES,Stoneweg Europe Stapled Trust Unit,Real Estate,REIT - Diversified,,SGD,Days Sales Outstanding,,-,-,-,35.70,24.27,8.99,8.36,9.45,10.23,9.30,,
CWBU,XSES,Stoneweg Europe Stapled Trust Unit,Real Estate,REIT - Diversified,,SGD,Days Inventory,,-,-,-,-,-,-,-,-,-,-,,
CWBU,XSES,Stoneweg Europe Stapled Trust Unit,Real Estate,REIT - Diversified,,SGD,Payables Period,,-,-,-,148.85,124.95,135.79,134.23,136.91,113.39,100.68,,
CWBU,XSES,Stoneweg Europe Stapled Trust Unit,Real Estate,REIT - Diversified,,SGD,Cash Conversion Cycle,,-,-,-,-,-,-,-,-,-,-,,
CWBU,XSES,Stoneweg Europe Stapled Trust Unit,Real Estate,REIT - Diversified,,SGD,Recieveables Turnover,,-,-,-,10.22,15.04,40.58,43.68,38.64,35.68,39.27,,
CWBU,XSES,Stoneweg Europe Stapled Trust Unit,Real Estate,REIT - Diversified,,SGD,Inventory Turnover,,-,-,-,-,-,-,-,-,-,-,,
CWBU,XSES,Stoneweg Europe Stapled Trust Unit,Real Estate,REIT - Diversified,,SGD,Fixed Assets Turnover,,-,-,-,-,-,-,-,-,-,-,,
CWBU,XSES,Stoneweg Europe Stapled Trust Unit,Real Estate,REIT - Diversified,,SGD,Asset Turnover,,-,-,-,0.09,0.08,0.08,0.09,0.09,0.09,0.09,,
CWCU,XSES,Stoneweg Europe Stapled Trust Unit,Real Estate,REIT - Diversified,,SGD,Return on Asset %,,-,-,-,5.36,3.52,4.04,1.55,-3.08,1.41,3.27,,
CWCU,XSES,Stoneweg Europe Stapled Trust Unit,Real Estate,REIT - Diversified,,SGD,Return on Equity %,,-,-,-,8.96,6.07,6.95,2.73,-5.69,2.70,6.39,,
CWCU,XSES,Stoneweg Europe Stapled Trust Unit,Real Estate,REIT - Diversified,,SGD,Return on Invested Capital %,,-,-,-,6.16,4.24,4.85,2.25,-2.29,2.49,5.17,,
CWCU,XSES,Stoneweg Europe Stapled Trust Unit,Real Estate,REIT - Diversified,,SGD,Days Sales Outstanding,,-,-,-,35.70,24.27,8.99,8.36,9.45,10.23,9.30,,
CWCU,XSES,Stoneweg Europe Stapled Trust Unit,Real Estate,REIT - Diversified,,SGD,Days Inventory,,-,-,-,-,-,-,-,-,-,-,,
CWCU,XSES,Stoneweg Europe Stapled Trust Unit,Real Estate,REIT - Diversified,,SGD,Payables Period,,-,-,-,148.85,124.95,135.79,134.23,136.91,113.39,100.68,,
CWCU,XSES,Stoneweg Europe Stapled Trust Unit,Real Estate,REIT - Diversified,,SGD,Cash Conversion Cycle,,-,-,-,-,-,-,-,-,-,-,,
CWCU,XSES,Stoneweg Europe Stapled Trust Unit,Real Estate,REIT - Diversified,,SGD,Recieveables Turnover,,-,-,-,10.22,15.04,40.58,43.68,38.64,35.68,39.27,,
CWCU,XSES,Stoneweg Europe Stapled Trust Unit,Real Estate,REIT - Diversified,,SGD,Inventory Turnover,,-,-,-,-,-,-,-,-,-,-,,
CWCU,XSES,Stoneweg Europe Stapled Trust Unit,Real Estate,REIT - Diversified,,SGD,Fixed Assets Turnover,,-,-,-,-,-,-,-,-,-,-,,
CWCU,XSES,Stoneweg Europe Stapled Trust Unit,Real Estate,REIT - Diversified,,SGD,Asset Turnover,,-,-,-,0.09,0.08,0.08,0.09,0.09,0.09,0.09,,
CY6U,XSES,CapitaLand India Trust Units Real Estate Investment Trust,Real Estate,Real Estate Services,,SGD,Return on Asset %,,8.04,9.39,10.83,9.07,5.0,6.64,4.32,4.24,10.69,7.06,,
CY6U,XSES,CapitaLand India Trust Units Real Estate Investment Trust,Real Estate,Real Estate Services,,SGD,Return on Equity %,,16.55,19.99,22.66,19.3,10.54,14.83,10.38,10.4,25.81,16.85,,
CY6U,XSES,CapitaLand India Trust Units Real Estate Investment Trust,Real Estate,Real Estate Services,,SGD,Return on Invested Capital %,,11.43,13.75,15.88,12.27,6.19,8.47,5.83,6.02,14.28,9.57,,
CY6U,XSES,CapitaLand India Trust Units Real Estate Investment Trust,Real Estate,Real Estate Services,,SGD,Days Sales Outstanding,,14.2,12.33,10.72,12.99,11.8,11.77,13.63,13.11,13.14,12.01,,
CY6U,XSES,CapitaLand India Trust Units Real Estate Investment Trust,Real Estate,Real Estate Services,,SGD,Days Inventory,,4.41,5.9,4.53,2.68,2.86,3.3,3.07,3.26,2.72,2.45,,
CY6U,XSES,CapitaLand India Trust Units Real Estate Investment Trust,Real Estate,Real Estate Services,,SGD,Payables Period,,7.33,10.1,7.69,8.09,12.72,19.62,19.63,23.36,33.35,28.69,,
CY6U,XSES,CapitaLand India Trust Units Real Estate Investment Trust,Real Estate,Real Estate Services,,SGD,Cash Conversion Cycle,,11.28,8.12,7.56,7.58,1.93,-4.55,-2.94,-6.98,-17.49,-14.24,,
CY6U,XSES,CapitaLand India Trust Units Real Estate Investment Trust,Real Estate,Real Estate Services,,SGD,Recieveables Turnover,,25.7,29.61,34.04,28.1,30.94,31.01,26.79,27.84,27.78,30.4,,
CY6U,XSES,CapitaLand India Trust Units Real Estate Investment Trust,Real Estate,Real Estate Services,,SGD,Inventory Turnover,,82.79,61.87,80.49,136.13,127.5,110.66,119.03,111.91,134.13,149.22,,
CY6U,XSES,CapitaLand India Trust Units Real Estate Investment Trust,Real Estate,Real Estate Services,,SGD,Fixed Assets Turnover,,509.59,574.92,602.09,392.6,56.36,10.27,6.55,5.95,5.77,6.31,,
CY6U,XSES,CapitaLand India Trust Units Real Estate Investment Trust,Real Estate,Real Estate Services,,SGD,Asset Turnover,,0.11,0.11,0.11,0.09,0.07,0.07,0.07,0.07,0.07,0.06,,
CYW,XSES,TrickleStar Ltd,Technology,Electronic Components,,SGD,Return on Asset %,,-3.16,8.1,20.66,1.62,6.52,-23.29,1.83,-3.24,-8.46,-2.34,,
CYW,XSES,TrickleStar Ltd,Technology,Electronic Components,,SGD,Return on Equity %,,-6.3,15.78,42.48,2.88,9.55,-36.96,3.17,-5.4,-13.74,-3.2,,
CYW,XSES,TrickleStar Ltd,Technology,Electronic Components,,SGD,Return on Invested Capital %,,-6.37,15.76,42.45,2.92,9.48,-35.19,3.41,-5.2,-13.4,-3.1,,
CYW,XSES,TrickleStar Ltd,Technology,Electronic Components,,SGD,Days Sales Outstanding,,76.03,47.62,37.31,55.19,62.79,58.21,49.32,55.3,55.49,106.94,,
CYW,XSES,TrickleStar Ltd,Technology,Electronic Components,,SGD,Days Inventory,,183.3,187.93,244.13,192.13,165.36,140.75,108.91,153.67,130.06,310.1,,
CYW,XSES,TrickleStar Ltd,Technology,Electronic Components,,SGD,Payables Period,,228.6,168.34,174.97,136.76,107.66,101.71,87.89,131.0,98.92,128.18,,
CYW,XSES,TrickleStar Ltd,Technology,Electronic Components,,SGD,Cash Conversion Cycle,,30.73,67.21,106.48,110.56,120.48,97.24,70.34,77.98,86.63,288.86,,
CYW,XSES,TrickleStar Ltd,Technology,Electronic Components,,SGD,Recieveables Turnover,,4.8,7.66,9.78,6.61,5.81,6.27,7.4,6.6,6.58,3.41,,
CYW,XSES,TrickleStar Ltd,Technology,Electronic Components,,SGD,Inventory Turnover,,1.99,1.94,1.5,1.9,2.21,2.59,3.35,2.38,2.81,1.18,,
CYW,XSES,TrickleStar Ltd,Technology,Electronic Components,,SGD,Fixed Assets Turnover,,61.84,71.81,109.16,127.72,90.25,81.98,78.04,54.1,94.9,53.6,,
CYW,XSES,TrickleStar Ltd,Technology,Electronic Components,,SGD,Asset Turnover,,1.1,1.29,1.35,1.34,1.18,1.1,1.54,1.18,1.46,0.88,,
D01,XSES,DFI Retail Group Holdings Ltd,Consumer Defensive,Grocery Stores,,SGD,Return on Asset %,,9.43,7.62,1.69,4.71,3.39,1.33,-1.54,0.45,-3.4,3.94,,
D01,XSES,DFI Retail Group Holdings Ltd,Consumer Defensive,Grocery Stores,,SGD,Return on Equity %,,32.56,25.26,5.87,24.38,21.78,7.95,-10.35,3.34,-31.31,54.61,,
D01,XSES,DFI Retail Group Holdings Ltd,Consumer Defensive,Grocery Stores,,SGD,Return on Invested Capital %,,21.1,16.54,4.52,11.11,6.9,3.18,-0.36,3.04,-2.79,9.82,,
D01,XSES,DFI Retail Group Holdings Ltd,Consumer Defensive,Grocery Stores,,SGD,Days Sales Outstanding,,8.54,10.37,11.23,10.65,10.4,10.84,6.47,4.12,4.06,5.48,,
D01,XSES,DFI Retail Group Holdings Ltd,Consumer Defensive,Grocery Stores,,SGD,Days Inventory,,44.83,44.91,41.97,43.11,43.19,46.34,49.4,50.09,46.91,43.31,,
D01,XSES,DFI Retail Group Holdings Ltd,Consumer Defensive,Grocery Stores,,SGD,Payables Period,,109.34,111.45,109.68,112.33,112.83,122.99,127.01,130.68,163.28,153.5,,
D01,XSES,DFI Retail Group Holdings Ltd,Consumer Defensive,Grocery Stores,,SGD,Cash Conversion Cycle,,-55.97,-56.17,-56.48,-58.57,-59.25,-65.81,-71.14,-76.47,-112.31,-104.72,,
D01,XSES,DFI Retail Group Holdings Ltd,Consumer Defensive,Grocery Stores,,SGD,Recieveables Turnover,,42.73,35.21,32.52,34.26,35.11,33.66,56.39,88.56,89.99,66.66,,
D01,XSES,DFI Retail Group Holdings Ltd,Consumer Defensive,Grocery Stores,,SGD,Inventory Turnover,,8.14,8.13,8.7,8.47,8.45,7.88,7.39,7.29,7.78,8.43,,
D01,XSES,DFI Retail Group Holdings Ltd,Consumer Defensive,Grocery Stores,,SGD,Fixed Assets Turnover,,10.0,9.89,11.56,4.61,2.68,2.51,2.61,2.68,2.72,3.05,,
D01,XSES,DFI Retail Group Holdings Ltd,Consumer Defensive,Grocery Stores,,SGD,Asset Turnover,,2.25,2.13,2.16,1.63,1.26,1.16,1.23,1.27,1.23,1.49,,
D03,XSES,Del Monte Pacific Ltd,Consumer Defensive,Packaged Foods,,SGD,Return on Asset %,,1.94,0.86,-1.99,0.02,-4.08,1.75,3.24,0.45,-4.13,-29.64,,
D03,XSES,Del Monte Pacific Ltd,Consumer Defensive,Packaged Foods,,SGD,Return on Equity %,,17.86,5.73,-10.03,0.11,-20.05,8.43,16.61,3.46,-57.57,-,,
D03,XSES,Del Monte Pacific Ltd,Consumer Defensive,Packaged Foods,,SGD,Return on Invested Capital %,,6.24,5.53,1.12,3.66,-1.25,5.99,7.49,5.02,1.91,-,,
D03,XSES,Del Monte Pacific Ltd,Consumer Defensive,Packaged Foods,,SGD,Days Sales Outstanding,,26.25,23.59,23.52,25.1,25.69,28.03,27.0,28.38,28.42,57.78,,
D03,XSES,Del Monte Pacific Ltd,Consumer Defensive,Packaged Foods,,SGD,Days Inventory,,186.46,196.68,182.43,177.86,137.28,130.18,141.78,186.58,201.21,396.85,,
D03,XSES,Del Monte Pacific Ltd,Consumer Defensive,Packaged Foods,,SGD,Payables Period,,40.22,34.23,32.98,31.55,26.76,31.21,35.98,41.6,39.97,125.46,,
D03,XSES,Del Monte Pacific Ltd,Consumer Defensive,Packaged Foods,,SGD,Cash Conversion Cycle,,172.49,186.04,172.97,171.41,136.21,127.0,132.8,173.37,189.66,329.17,,
D03,XSES,Del Monte Pacific Ltd,Consumer Defensive,Packaged Foods,,SGD,Recieveables Turnover,,13.91,15.48,15.52,14.54,14.21,13.02,13.52,12.86,12.84,6.32,,
D03,XSES,Del Monte Pacific Ltd,Consumer Defensive,Packaged Foods,,SGD,Inventory Turnover,,1.96,1.86,2.0,2.05,2.66,2.8,2.57,1.96,1.81,0.92,,
D03,XSES,Del Monte Pacific Ltd,Consumer Defensive,Packaged Foods,,SGD,Fixed Assets Turnover,,3.97,3.69,3.47,3.28,3.39,3.2,3.39,3.32,3.19,1.31,,
D03,XSES,Del Monte Pacific Ltd,Consumer Defensive,Packaged Foods,,SGD,Asset Turnover,,0.85,0.83,0.83,0.8,0.86,0.87,0.94,0.85,0.78,0.29,,
D05,XSES,DBS Group Holdings Ltd,Financial Services,Banks - Regional,,SGD,Return on Asset %,,0.89,0.86,1.03,1.12,0.75,1.00,1.13,1.35,1.43,1.26,,
D05,XSES,DBS Group Holdings Ltd,Financial Services,Banks - Regional,,SGD,Return on Equity %,,9.86,9.33,11.38,12.59,8.72,11.94,14.17,16.78,17.13,15.83,,
D05,XSES,DBS Group Holdings Ltd,Financial Services,Banks - Regional,,SGD,Return on Invested Capital %,,-,-,-,-,-,-,-,-,-,-,,
D05,XSES,DBS Group Holdings Ltd,Financial Services,Banks - Regional,,SGD,Days Sales Outstanding,,-,-,-,-,-,-,-,-,-,-,,
D05,XSES,DBS Group Holdings Ltd,Financial Services,Banks - Regional,,SGD,Days Inventory,,-,-,-,-,-,-,-,-,-,-,,
D05,XSES,DBS Group Holdings Ltd,Financial Services,Banks - Regional,,SGD,Payables Period,,-,-,-,-,-,-,-,-,-,-,,
D05,XSES,DBS Group Holdings Ltd,Financial Services,Banks - Regional,,SGD,Cash Conversion Cycle,,-,-,-,-,-,-,-,-,-,-,,
D05,XSES,DBS Group Holdings Ltd,Financial Services,Banks - Regional,,SGD,Recieveables Turnover,,-,-,-,-,-,-,-,-,-,-,,
D05,XSES,DBS Group Holdings Ltd,Financial Services,Banks - Regional,,SGD,Inventory Turnover,,-,-,-,-,-,-,-,-,-,-,,
D05,XSES,DBS Group Holdings Ltd,Financial Services,Banks - Regional,,SGD,Fixed Assets Turnover,,10.27,10.50,9.98,6.31,4.50,4.35,5.14,5.88,6.13,6.73,,
D05,XSES,DBS Group Holdings Ltd,Financial Services,Banks - Regional,,SGD,Asset Turnover,,0.02,0.02,0.02,0.03,0.02,0.02,0.02,0.03,0.03,0.03,,
D5IU,XSES,Landmark REIT Units Real Estate Investment Trust,Real Estate,REIT - Retail,,SGD,Return on Asset %,,1.30,2.36,2.14,-0.21,-13.59,-2.73,-0.66,-7.08,-2.16,2.04,,
D5IU,XSES,Landmark REIT Units Real Estate Investment Trust,Real Estate,REIT - Retail,,SGD,Return on Equity %,,2.28,4.05,3.85,-0.39,-26.82,-5.68,-1.44,-17.09,-5.23,4.80,,
D5IU,XSES,Landmark REIT Units Real Estate Investment Trust,Real Estate,REIT - Retail,,SGD,Return on Invested Capital %,,3.40,3.77,3.56,1.66,-13.07,-0.09,2.21,-4.41,1.82,5.78,,
D5IU,XSES,Landmark REIT Units Real Estate Investment Trust,Real Estate,REIT - Retail,,SGD,Days Sales Outstanding,,17.03,33.02,41.63,32.49,61.83,68.87,63.73,52.71,45.22,39.77,,
D5IU,XSES,Landmark REIT Units Real Estate Investment Trust,Real Estate,REIT - Retail,,SGD,Days Inventory,,-,-,-,465.85,311.86,-,-,-,-,-,,
D5IU,XSES,Landmark REIT Units Real Estate Investment Trust,Real Estate,REIT - Retail,,SGD,Payables Period,,728.07,506.58,132.84,105.74,135.16,137.57,158.42,187.68,197.27,175.22,,
D5IU,XSES,Landmark REIT Units Real Estate Investment Trust,Real Estate,REIT - Retail,,SGD,Cash Conversion Cycle,,-,-,-,392.6,238.53,-,-,-,-,-,,
D5IU,XSES,Landmark REIT Units Real Estate Investment Trust,Real Estate,REIT - Retail,,SGD,Recieveables Turnover,,21.43,11.05,8.77,11.23,5.9,5.30,5.73,6.92,8.07,9.18,,
D5IU,XSES,Landmark REIT Units Real Estate Investment Trust,Real Estate,REIT - Retail,,SGD,Inventory Turnover,,-,-,-,0.78,1.17,-,-,-,-,-,,
D5IU,XSES,Landmark REIT Units Real Estate Investment Trust,Real Estate,REIT - Retail,,SGD,Fixed Assets Turnover,,29.28,22.64,22.44,26.19,16.6,24.19,32.97,34.42,39.95,65.38,,
D5IU,XSES,Landmark REIT Units Real Estate Investment Trust,Real Estate,REIT - Retail,,SGD,Asset Turnover,,0.09,0.10,0.11,0.14,0.08,0.10,0.11,0.11,0.12,0.13,,
D8DU,XSES,First Ship Lease Trust Units Shipping Business Trust,Industrials,Rental & Leasing Services,,SGD,Return on Asset %,,-5.99,-18.35,-6.39,3.76,2.86,-1.24,17.80,5.59,15.24,15.84,,
D8DU,XSES,First Ship Lease Trust Units Shipping Business Trust,Industrials,Rental & Leasing Services,,SGD,Return on Equity %,,-11.79,-35.09,-11.54,5.66,3.76,-1.56,22.63,6.93,18.08,17.15,,
D8DU,XSES,First Ship Lease Trust Units Shipping Business Trust,Industrials,Rental & Leasing Services,,SGD,Return on Invested Capital %,,-4.18,-16.91,-3.36,5.94,3.76,-0.86,19.03,5.54,16.17,15.11,,
D8DU,XSES,First Ship Lease Trust Units Shipping Business Trust,Industrials,Rental & Leasing Services,,SGD,Days Sales Outstanding,,5.69,10.09,19.94,25.06,28.15,20.04,8.94,9.07,10.60,4.46,,
D8DU,XSES,First Ship Lease Trust Units Shipping Business Trust,Industrials,Rental & Leasing Services,,SGD,Days Inventory,,1.26,0.9,-,-,-,-,-,-,-,-,,
D8DU,XSES,First Ship Lease Trust Units Shipping Business Trust,Industrials,Rental & Leasing Services,,SGD,Payables Period,,7.1,5.44,4.44,1.75,5.29,6.32,2.94,-,-,-,,
D8DU,XSES,First Ship Lease Trust Units Shipping Business Trust,Industrials,Rental & Leasing Services,,SGD,Cash Conversion Cycle,,-0.14,5.55,-,-,-,-,-,-,-,-,,
D8DU,XSES,First Ship Lease Trust Units Shipping Business Trust,Industrials,Rental & Leasing Services,,SGD,Recieveables Turnover,,64.1,36.18,18.31,14.57,12.97,18.22,40.85,40.24,34.44,81.77,,
D8DU,XSES,First Ship Lease Trust Units Shipping Business Trust,Industrials,Rental & Leasing Services,,SGD,Inventory Turnover,,289.44,405.82,-,-,-,-,-,-,-,-,,
D8DU,XSES,First Ship Lease Trust Units Shipping Business Trust,Industrials,Rental & Leasing Services,,SGD,Fixed Assets Turnover,,0.21,0.23,0.26,0.36,0.31,0.25,0.48,0.26,0.29,0.25,,
D8DU,XSES,First Ship Lease Trust Units Shipping Business Trust,Industrials,Rental & Leasing Services,,SGD,Asset Turnover,,0.19,0.2,0.23,0.27,0.22,0.20,0.32,0.13,0.16,0.14,,
DCRU,XSES,Digital Core REIT Units,Real Estate,REIT - Specialty,,SGD,Return on Asset %,,-,-,-,-,2.04,-,-,-6.96,11.66,2.24,,
DCRU,XSES,Digital Core REIT Units,Real Estate,REIT - Specialty,,SGD,Return on Equity %,,-,-,-,-,3.11,-,-,-12.59,22.39,4.50,,
DCRU,XSES,Digital Core REIT Units,Real Estate,REIT - Specialty,,SGD,Return on Invested Capital %,,-,-,-,-,2.67,-,-,-6.59,14.10,3.93,,
DCRU,XSES,Digital Core REIT Units,Real Estate,REIT - Specialty,,SGD,Days Sales Outstanding,,-,-,-,-,8.38,-,-,22.37,38.11,40.17,,
DCRU,XSES,Digital Core REIT Units,Real Estate,REIT - Specialty,,SGD,Days Inventory,,-,-,-,-,-,-,-,1318.57,692.53,-,,
DCRU,XSES,Digital Core REIT Units,Real Estate,REIT - Specialty,,SGD,Payables Period,,-,-,-,-,0.82,-,-,7.06,18.73,27.43,,
DCRU,XSES,Digital Core REIT Units,Real Estate,REIT - Specialty,,SGD,Cash Conversion Cycle,,-,-,-,-,-,-,-,1333.88,711.91,-,,
DCRU,XSES,Digital Core REIT Units,Real Estate,REIT - Specialty,,SGD,Recieveables Turnover,,-,-,-,-,43.53,-,-,16.32,9.58,9.09,,
DCRU,XSES,Digital Core REIT Units,Real Estate,REIT - Specialty,,SGD,Inventory Turnover,,-,-,-,-,-,-,-,0.28,0.53,-,,
DCRU,XSES,Digital Core REIT Units,Real Estate,REIT - Specialty,,SGD,Fixed Assets Turnover,,-,-,-,-,-,-,-,-,-,-,,
DCRU,XSES,Digital Core REIT Units,Real Estate,REIT - Specialty,,SGD,Asset Turnover,,-,-,-,-,0.05,-,-,0.07,0.06,0.08,,
DHLU,XSES,Daiwa House Logistics Trust Units,Real Estate,REIT - Industrial,,SGD,Return on Asset %,,-,-,-,-,2.14,-,-,3.73,3.10,3.25,,
DHLU,XSES,Daiwa House Logistics Trust Units,Real Estate,REIT - Industrial,,SGD,Return on Equity %,,-,-,-,-,4.73,-,-,7.44,6.33,6.90,,
DHLU,XSES,Daiwa House Logistics Trust Units,Real Estate,REIT - Industrial,,SGD,Return on Invested Capital %,,-,-,-,-,2.93,-,-,4.38,3.76,4.15,,
DHLU,XSES,Daiwa House Logistics Trust Units,Real Estate,REIT - Industrial,,SGD,Days Sales Outstanding,,-,-,-,-,-,-,-,3.09,4.66,4.77,,
DHLU,XSES,Daiwa House Logistics Trust Units,Real Estate,REIT - Industrial,,SGD,Days Inventory,,-,-,-,-,-,-,-,-,-,-,,
DHLU,XSES,Daiwa House Logistics Trust Units,Real Estate,REIT - Industrial,,SGD,Payables Period,,-,-,-,-,-,-,-,2.85,0.91,2.80,,
DHLU,XSES,Daiwa House Logistics Trust Units,Real Estate,REIT - Industrial,,SGD,Cash Conversion Cycle,,-,-,-,-,-,-,-,-,-,-,,
DHLU,XSES,Daiwa House Logistics Trust Units,Real Estate,REIT - Industrial,,SGD,Recieveables Turnover,,-,-,-,-,-,-,-,118.17,78.27,76.60,,
DHLU,XSES,Daiwa House Logistics Trust Units,Real Estate,REIT - Industrial,,SGD,Inventory Turnover,,-,-,-,-,-,-,-,-,-,-,,
DHLU,XSES,Daiwa House Logistics Trust Units,Real Estate,REIT - Industrial,,SGD,Fixed Assets Turnover,,-,-,-,-,-,-,-,-,-,-,,
DHLU,XSES,Daiwa House Logistics Trust Units,Real Estate,REIT - Industrial,,SGD,Asset Turnover,,-,-,-,-,0.06,-,-,0.05,0.05,0.05,,
DM0,XSES,PSC Corp Ltd,Consumer Cyclical,Packaging & Containers,,SGD,Return on Asset %,,2.18,2.17,2.42,1.14,4.37,3.53,3.44,3.87,3.89,3.58,,
DM0,XSES,PSC Corp Ltd,Consumer Cyclical,Packaging & Containers,,SGD,Return on Equity %,,3.85,4.05,4.75,2.19,8.02,6.54,6.26,6.85,6.91,6.3,,
DM0,XSES,PSC Corp Ltd,Consumer Cyclical,Packaging & Containers,,SGD,Return on Invested Capital %,,3.32,3.51,3.79,1.76,6.31,5.13,4.86,4.48,4.48,4.46,,
DM0,XSES,PSC Corp Ltd,Consumer Cyclical,Packaging & Containers,,SGD,Days Sales Outstanding,,114.9,111.89,112.69,111.28,101.57,95.32,92.49,83.28,64.86,68.06,,
DM0,XSES,PSC Corp Ltd,Consumer Cyclical,Packaging & Containers,,SGD,Days Inventory,,46.42,44.12,44.79,47.56,49.49,50.62,48.62,50.18,50.64,56.89,,
DM0,XSES,PSC Corp Ltd,Consumer Cyclical,Packaging & Containers,,SGD,Payables Period,,161.34,127.34,79.88,55.62,45.12,36.36,32.46,49.41,65.97,55.41,,
DM0,XSES,PSC Corp Ltd,Consumer Cyclical,Packaging & Containers,,SGD,Cash Conversion Cycle,,-0.02,28.66,77.59,103.22,105.95,109.58,108.66,84.06,49.53,69.54,,
DM0,XSES,PSC Corp Ltd,Consumer Cyclical,Packaging & Containers,,SGD,Recieveables Turnover,,3.18,3.26,3.24,3.28,3.59,3.83,3.95,4.38,5.63,5.36,,
DM0,XSES,PSC Corp Ltd,Consumer Cyclical,Packaging & Containers,,SGD,Inventory Turnover,,7.86,8.27,8.15,7.67,7.38,7.21,7.51,7.27,7.21,6.42,,
DM0,XSES,PSC Corp Ltd,Consumer Cyclical,Packaging & Containers,,SGD,Fixed Assets Turnover,,5.28,4.86,3.82,2.97,2.9,3.32,3.41,2.94,3.0,3.0,,
DM0,XSES,PSC Corp Ltd,Consumer Cyclical,Packaging & Containers,,SGD,Asset Turnover,,0.85,0.91,0.9,0.87,0.93,0.96,0.98,0.86,0.84,0.79,,
DRX,XSES,ST Group Food Industries Holdings Ltd,Consumer Cyclical,Restaurants,,SGD,Return on Asset %,,10.67,17.87,12.38,6.29,1.78,1.82,0.61,3.42,1.49,0.85,,
DRX,XSES,ST Group Food Industries Holdings Ltd,Consumer Cyclical,Restaurants,,SGD,Return on Equity %,,141.25,185.29,45.9,17.23,5.23,5.64,1.83,9.58,3.96,2.35,,
DRX,XSES,ST Group Food Industries Holdings Ltd,Consumer Cyclical,Restaurants,,SGD,Return on Invested Capital %,,50.53,74.41,30.56,13.15,5.68,4.1,2.51,5.88,3.74,2.97,,
DRX,XSES,ST Group Food Industries Holdings Ltd,Consumer Cyclical,Restaurants,,SGD,Days Sales Outstanding,,13.5,20.06,24.84,21.92,24.69,19.04,21.86,17.84,16.94,18.52,,
DRX,XSES,ST Group Food Industries Holdings Ltd,Consumer Cyclical,Restaurants,,SGD,Days Inventory,,26.83,22.71,21.4,18.63,26.73,30.25,30.78,27.0,27.45,27.44,,
DRX,XSES,ST Group Food Industries Holdings Ltd,Consumer Cyclical,Restaurants,,SGD,Payables Period,,23.39,35.01,37.2,21.85,17.95,17.67,21.12,16.25,16.24,18.88,,
DRX,XSES,ST Group Food Industries Holdings Ltd,Consumer Cyclical,Restaurants,,SGD,Cash Conversion Cycle,,16.94,7.76,9.04,18.7,33.47,31.62,31.52,28.59,28.15,27.08,,
DRX,XSES,ST Group Food Industries Holdings Ltd,Consumer Cyclical,Restaurants,,SGD,Recieveables Turnover,,27.04,18.2,14.69,16.65,14.78,19.17,16.7,20.46,21.55,19.7,,
DRX,XSES,ST Group Food Industries Holdings Ltd,Consumer Cyclical,Restaurants,,SGD,Inventory Turnover,,13.6,16.07,17.06,19.59,13.66,12.07,11.86,13.52,13.3,13.3,,
DRX,XSES,ST Group Food Industries Holdings Ltd,Consumer Cyclical,Restaurants,,SGD,Fixed Assets Turnover,,6.03,5.53,4.32,4.41,1.79,1.26,1.38,2.11,2.3,2.03,,
DRX,XSES,ST Group Food Industries Holdings Ltd,Consumer Cyclical,Restaurants,,SGD,Asset Turnover,,2.5,2.34,1.66,1.68,0.92,0.72,0.78,1.14,1.2,1.07,,
DU4,XSES,Mermaid Maritime PCL,Energy,Oil & Gas Equipment & Services,,SGD,Return on Asset %,,3.52,0.91,-6.32,-6.19,-34.56,-6.06,-0.07,2.96,3.57,1.66,,
DU4,XSES,Mermaid Maritime PCL,Energy,Oil & Gas Equipment & Services,,SGD,Return on Equity %,,5.18,1.24,-8.27,-8.05,-47.17,-9.29,-0.12,5.8,7.77,3.44,,
DU4,XSES,Mermaid Maritime PCL,Energy,Oil & Gas Equipment & Services,,SGD,Return on Invested Capital %,,4.53,1.62,-6.14,-6.07,-37.3,-6.44,1.06,5.66,7.34,4.62,,
DU4,XSES,Mermaid Maritime PCL,Energy,Oil & Gas Equipment & Services,,SGD,Days Sales Outstanding,,165.73,153.36,179.41,120.14,156.15,181.52,94.79,74.13,58.69,74.87,,
DU4,XSES,Mermaid Maritime PCL,Energy,Oil & Gas Equipment & Services,,SGD,Days Inventory,,5.24,5.66,5.78,3.32,1.85,1.12,1.14,1.41,0.48,0.29,,
DU4,XSES,Mermaid Maritime PCL,Energy,Oil & Gas Equipment & Services,,SGD,Payables Period,,21.25,15.7,17.45,22.31,58.33,104.54,85.08,98.42,71.69,84.98,,
DU4,XSES,Mermaid Maritime PCL,Energy,Oil & Gas Equipment & Services,,SGD,Cash Conversion Cycle,,149.71,143.32,167.74,101.15,99.67,78.1,10.84,-22.88,-12.52,-9.81,,
DU4,XSES,Mermaid Maritime PCL,Energy,Oil & Gas Equipment & Services,,SGD,Recieveables Turnover,,2.2,2.38,2.03,3.04,2.34,2.01,3.85,4.92,6.22,4.87,,
DU4,XSES,Mermaid Maritime PCL,Energy,Oil & Gas Equipment & Services,,SGD,Inventory Turnover,,69.69,64.51,63.1,109.87,197.4,325.24,321.4,258.7,756.95,1240.1,,
DU4,XSES,Mermaid Maritime PCL,Energy,Oil & Gas Equipment & Services,,SGD,Fixed Assets Turnover,,0.9,0.76,0.54,0.67,0.58,0.81,1.51,1.76,3.32,3.06,,
DU4,XSES,Mermaid Maritime PCL,Energy,Oil & Gas Equipment & Services,,SGD,Asset Turnover,,0.38,0.31,0.22,0.27,0.26,0.43,0.81,0.85,1.33,1.13,,
E27,XSES,The Place Holdings Ltd,Communication Services,Advertising Agencies,,SGD,Return on Asset %,-23.6,-9.53,0.27,2.06,0.08,0.6,-1.48,-4.91,1.71,,,,
E27,XSES,The Place Holdings Ltd,Communication Services,Advertising Agencies,,SGD,Return on Equity %,-164.77,-45.11,0.43,2.07,0.09,0.74,-3.06,-14.55,3.75,,,,
E27,XSES,The Place Holdings Ltd,Communication Services,Advertising Agencies,,SGD,Return on Invested Capital %,-61.37,-30.54,-0.18,0.58,-1.89,0.1,-2.21,-6.62,10.37,,,,
E27,XSES,The Place Holdings Ltd,Communication Services,Advertising Agencies,,SGD,Days Sales Outstanding,114.72,-,13.74,19.39,1.03,0.97,98.52,334.43,308.62,,,,
E27,XSES,The Place Holdings Ltd,Communication Services,Advertising Agencies,,SGD,Days Inventory,32.92,-,-,-,-,92035.09,893629.5,1085280.71,88425.77,,,,
E27,XSES,The Place Holdings Ltd,Communication Services,Advertising Agencies,,SGD,Payables Period,155.86,-,137.36,19.41,2677.96,100409.43,99937.0,15105.38,5440.67,,,,
E27,XSES,The Place Holdings Ltd,Communication Services,Advertising Agencies,,SGD,Cash Conversion Cycle,-8.23,-,-,-,-,-8373.37,793791.02,1070509.75,83293.72,,,,
E27,XSES,The Place Holdings Ltd,Communication Services,Advertising Agencies,,SGD,Recieveables Turnover,3.18,-,26.57,18.83,352.77,377.0,3.7,1.09,1.18,,,,
E27,XSES,The Place Holdings Ltd,Communication Services,Advertising Agencies,,SGD,Inventory Turnover,11.09,-,-,-,-,0.0,0.0,0.0,0.0,,,,
E27,XSES,The Place Holdings Ltd,Communication Services,Advertising Agencies,,SGD,Fixed Assets Turnover,1.96,-,407.33,57.08,2.14,0.63,1.03,1.02,1.41,,,,
E27,XSES,The Place Holdings Ltd,Communication Services,Advertising Agencies,,SGD,Asset Turnover,0.65,-,0.02,0.02,0.02,0.01,0.01,0.0,0.01,,,,
E28,XSES,Frencken Group Ltd,Technology,Scientific & Technical Instruments,,SGD,Return on Asset %,,4.53,8.46,6.79,8.74,7.96,9.38,7.34,4.45,5.05,5.3,,
E28,XSES,Frencken Group Ltd,Technology,Scientific & Technical Instruments,,SGD,Return on Equity %,,7.64,14.4,11.73,15.13,13.53,16.54,13.51,8.19,8.89,8.6,,
E28,XSES,Frencken Group Ltd,Technology,Scientific & Technical Instruments,,SGD,Return on Invested Capital %,,6.44,11.47,9.55,12.44,11.09,13.14,10.56,6.66,7.47,7.48,,
E28,XSES,Frencken Group Ltd,Technology,Scientific & Technical Instruments,,SGD,Days Sales Outstanding,,69.68,67.67,63.05,59.12,57.73,52.81,57.23,72.33,70.99,58.37,,
E28,XSES,Frencken Group Ltd,Technology,Scientific & Technical Instruments,,SGD,Days Inventory,,96.03,93.71,89.42,95.06,100.56,99.03,118.15,122.32,115.54,104.57,,
E28,XSES,Frencken Group Ltd,Technology,Scientific & Technical Instruments,,SGD,Payables Period,,44.52,48.0,49.14,55.65,59.48,57.76,62.97,65.97,58.94,48.33,,
E28,XSES,Frencken Group Ltd,Technology,Scientific & Technical Instruments,,SGD,Cash Conversion Cycle,,121.19,113.38,103.33,98.53,98.81,94.08,112.41,128.67,127.58,114.61,,
E28,XSES,Frencken Group Ltd,Technology,Scientific & Technical Instruments,,SGD,Recieveables Turnover,,5.24,5.39,5.79,6.17,6.32,6.91,6.38,5.05,5.14,6.25,,
E28,XSES,Frencken Group Ltd,Technology,Scientific & Technical Instruments,,SGD,Inventory Turnover,,3.8,3.9,4.08,3.84,3.63,3.69,3.09,2.98,3.16,3.49,,
E28,XSES,Frencken Group Ltd,Technology,Scientific & Technical Instruments,,SGD,Fixed Assets Turnover,,4.72,5.31,6.54,6.45,5.55,6.27,5.34,4.3,4.59,4.9,,
E28,XSES,Frencken Group Ltd,Technology,Scientific & Technical Instruments,,SGD,Asset Turnover,,1.33,1.32,1.42,1.36,1.16,1.23,1.11,1.02,1.08,1.17,,
E3B,XSES,Wee Hur Holdings Ltd,Industrials,Engineering & Construction,,SGD,Return on Asset %,,2.46,2.4,3.09,4.02,2.6,0.05,4.92,8.33,5.39,6.09,,
E3B,XSES,Wee Hur Holdings Ltd,Industrials,Engineering & Construction,,SGD,Return on Equity %,,5.14,5.38,6.96,9.11,7.02,0.15,14.47,17.98,8.58,10.51,,
E3B,XSES,Wee Hur Holdings Ltd,Industrials,Engineering & Construction,,SGD,Return on Invested Capital %,,3.56,3.19,4.23,4.98,3.4,0.87,8.09,14.11,6.59,6.68,,
E3B,XSES,Wee Hur Holdings Ltd,Industrials,Engineering & Construction,,SGD,Days Sales Outstanding,,103.19,121.79,44.5,51.16,35.21,29.27,31.51,31.87,33.74,14.67,,
E3B,XSES,Wee Hur Holdings Ltd,Industrials,Engineering & Construction,,SGD,Days Inventory,,841.79,714.77,340.87,321.13,351.58,387.23,349.72,323.57,378.2,196.76,,
E3B,XSES,Wee Hur Holdings Ltd,Industrials,Engineering & Construction,,SGD,Payables Period,,291.93,236.66,95.21,104.36,79.57,66.48,69.54,74.53,116.01,92.0,,
E3B,XSES,Wee Hur Holdings Ltd,Industrials,Engineering & Construction,,SGD,Cash Conversion Cycle,,653.06,599.9,290.16,267.93,307.22,350.03,311.68,280.91,295.93,119.43,,
E3B,XSES,Wee Hur Holdings Ltd,Industrials,Engineering & Construction,,SGD,Recieveables Turnover,,3.54,3.0,8.2,7.13,10.37,12.47,11.58,11.45,10.82,24.87,,
E3B,XSES,Wee Hur Holdings Ltd,Industrials,Engineering & Construction,,SGD,Inventory Turnover,,0.43,0.51,1.07,1.14,1.04,0.94,1.04,1.13,0.97,1.86,,
E3B,XSES,Wee Hur Holdings Ltd,Industrials,Engineering & Construction,,SGD,Fixed Assets Turnover,,16.95,10.67,12.74,6.65,5.71,6.09,6.8,7.4,6.87,10.5,,
E3B,XSES,Wee Hur Holdings Ltd,Industrials,Engineering & Construction,,SGD,Asset Turnover,,0.23,0.21,0.36,0.22,0.17,0.15,0.16,0.19,0.2,0.26,,
E5H,XSES,Golden Agri-Resources Ltd,Consumer Defensive,Farm Products,,SGD,Return on Asset %,,3.49,0.9,-0.02,2.24,0.35,5.08,8.02,2.01,3.57,3.75,,
E5H,XSES,Golden Agri-Resources Ltd,Consumer Defensive,Farm Products,,SGD,Return on Equity %,,6.29,1.84,-0.04,4.55,0.74,10.67,16.16,3.98,7.27,7.61,,
E5H,XSES,Golden Agri-Resources Ltd,Consumer Defensive,Farm Products,,SGD,Return on Invested Capital %,,5.11,2.01,1.38,4.22,1.75,7.59,11.24,4.03,5.81,5.74,,
E5H,XSES,Golden Agri-Resources Ltd,Consumer Defensive,Farm Products,,SGD,Days Sales Outstanding,,25.91,25.46,25.97,29.35,31.92,27.25,25.11,27.02,25.75,24.84,,
E5H,XSES,Golden Agri-Resources Ltd,Consumer Defensive,Farm Products,,SGD,Days Inventory,,50.32,55.79,59.09,65.73,62.7,58.23,67.71,74.25,74.31,65.6,,
E5H,XSES,Golden Agri-Resources Ltd,Consumer Defensive,Farm Products,,SGD,Payables Period,,35.0,31.9,36.37,40.44,35.78,29.94,27.41,25.27,23.02,20.6,,
E5H,XSES,Golden Agri-Resources Ltd,Consumer Defensive,Farm Products,,SGD,Cash Conversion Cycle,,41.24,49.35,48.69,54.63,58.84,55.53,65.41,76.01,77.04,69.83,,
E5H,XSES,Golden Agri-Resources Ltd,Consumer Defensive,Farm Products,,SGD,Recieveables Turnover,,14.09,14.33,14.06,12.44,11.44,13.4,14.54,13.51,14.17,14.7,,
E5H,XSES,Golden Agri-Resources Ltd,Consumer Defensive,Farm Products,,SGD,Inventory Turnover,,7.25,6.54,6.18,5.55,5.82,6.27,5.39,4.92,4.91,5.56,,
E5H,XSES,Golden Agri-Resources Ltd,Consumer Defensive,Farm Products,,SGD,Fixed Assets Turnover,,2.93,3.23,3.2,2.81,2.33,2.76,3.23,2.83,3.17,3.72,,
E5H,XSES,Golden Agri-Resources Ltd,Consumer Defensive,Farm Products,,SGD,Asset Turnover,,0.63,0.91,0.86,0.74,0.79,1.09,1.17,0.99,1.07,1.21,,
E6R,XSES,Le Tree Holdings Ltd,Basic Materials,Lumber & Wood Production,,SGD,Return on Asset %,,-23.32,1.86,3.49,0.2,-3.51,-0.4,-7.69,-18.94,-22.65,88.69,,
E6R,XSES,Le Tree Holdings Ltd,Basic Materials,Lumber & Wood Production,,SGD,Return on Equity %,,-389.34,41.73,46.09,2.31,-68.45,-19.38,-,-,-,-,,
E6R,XSES,Le Tree Holdings Ltd,Basic Materials,Lumber & Wood Production,,SGD,Return on Invested Capital %,,-31.58,11.23,11.83,5.99,-0.43,5.24,-,-,-,-,,
E6R,XSES,Le Tree Holdings Ltd,Basic Materials,Lumber & Wood Production,,SGD,Days Sales Outstanding,,22.75,22.42,22.25,26.98,37.8,33.45,36.28,43.24,-,-,,
E6R,XSES,Le Tree Holdings Ltd,Basic Materials,Lumber & Wood Production,,SGD,Days Inventory,,68.92,61.97,63.09,94.35,126.01,97.56,116.39,159.49,-,-,,
E6R,XSES,Le Tree Holdings Ltd,Basic Materials,Lumber & Wood Production,,SGD,Payables Period,,39.44,32.34,30.42,43.79,55.24,49.82,68.88,105.49,-,0.50,,
E6R,XSES,Le Tree Holdings Ltd,Basic Materials,Lumber & Wood Production,,SGD,Cash Conversion Cycle,,52.23,52.05,54.91,77.54,108.57,81.19,83.79,97.24,-,-,,
E6R,XSES,Le Tree Holdings Ltd,Basic Materials,Lumber & Wood Production,,SGD,Recieveables Turnover,,16.04,16.28,16.41,13.53,9.66,10.91,10.06,8.44,-,-,,
E6R,XSES,Le Tree Holdings Ltd,Basic Materials,Lumber & Wood Production,,SGD,Inventory Turnover,,5.3,5.89,5.79,3.87,2.9,3.74,3.14,2.29,-,-,,
E6R,XSES,Le Tree Holdings Ltd,Basic Materials,Lumber & Wood Production,,SGD,Fixed Assets Turnover,,5.1,6.51,8.29,6.67,5.03,6.14,4.41,1.54,-,566050.00,,
E6R,XSES,Le Tree Holdings Ltd,Basic Materials,Lumber & Wood Production,,SGD,Asset Turnover,,1.8,2.14,2.32,1.74,1.22,1.39,1.10,0.57,-,0.12,,
E9L,XSES,Joyas International Holdings Ltd,Financial Services,Credit Services,,SGD,Return on Asset %,,-11.17,-6.46,-4.71,-47.84,-8.94,-6.04,2.16,-2.19,-1.76,-3.22,,
E9L,XSES,Joyas International Holdings Ltd,Financial Services,Credit Services,,SGD,Return on Equity %,,-32.3,-15.44,-10.04,-115.36,-22.97,-14.46,6.08,-5.52,-4.67,-7.41,,
E9L,XSES,Joyas International Holdings Ltd,Financial Services,Credit Services,,SGD,Return on Invested Capital %,,-13.38,-6.97,-6.13,-58.33,-9.74,-6.46,2.90,-1.84,-1.41,-3.08,,
E9L,XSES,Joyas International Holdings Ltd,Financial Services,Credit Services,,SGD,Days Sales Outstanding,,97.08,2705.62,-,-,14.89,16.90,13.91,15.43,15.21,15.43,,
E9L,XSES,Joyas International Holdings Ltd,Financial Services,Credit Services,,SGD,Days Inventory,,48.98,-,-,-,-,-,-,-,-,-,,
E9L,XSES,Joyas International Holdings Ltd,Financial Services,Credit Services,,SGD,Payables Period,,128.16,-,2552.33,1171.49,10.65,-,101.11,188.34,125.56,115.11,,
E9L,XSES,Joyas International Holdings Ltd,Financial Services,Credit Services,,SGD,Cash Conversion Cycle,,17.9,-,-,-,-,-,-,-,-,-,,
E9L,XSES,Joyas International Holdings Ltd,Financial Services,Credit Services,,SGD,Recieveables Turnover,,3.76,0.13,-,-,24.51,21.60,26.24,23.66,23.99,23.66,,
E9L,XSES,Joyas International Holdings Ltd,Financial Services,Credit Services,,SGD,Inventory Turnover,,7.45,-,-,-,-,-,-,-,-,-,,
E9L,XSES,Joyas International Holdings Ltd,Financial Services,Credit Services,,SGD,Fixed Assets Turnover,,9.68,0.46,76.57,716.00,3676.00,-,-,-,-,-,,
E9L,XSES,Joyas International Holdings Ltd,Financial Services,Credit Services,,SGD,Asset Turnover,,0.82,0.02,0.03,0.04,0.07,0.12,0.13,0.13,0.13,0.16,,
EB5,XSES,First Resources Ltd,Consumer Defensive,Packaged Foods,,SGD,Return on Asset %,,6.91,8.03,7.27,5.43,5.7,8.8,17.55,8.06,13.19,14.61,,
EB5,XSES,First Resources Ltd,Consumer Defensive,Packaged Foods,,SGD,Return on Equity %,,13.36,14.86,12.6,9.02,9.46,14.25,25.95,11.13,18.32,24.27,,
EB5,XSES,First Resources Ltd,Consumer Defensive,Packaged Foods,,SGD,Return on Invested Capital %,,8.91,9.86,8.88,6.64,7.1,10.78,20.63,9.12,15.76,18.2,,
EB5,XSES,First Resources Ltd,Consumer Defensive,Packaged Foods,,SGD,Days Sales Outstanding,,16.79,15.63,19.93,23.68,33.28,24.8,20.79,20.09,12.88,18.38,,
EB5,XSES,First Resources Ltd,Consumer Defensive,Packaged Foods,,SGD,Days Inventory,,101.13,102.79,104.78,104.69,119.05,88.82,95.68,93.58,110.86,101.12,,
EB5,XSES,First Resources Ltd,Consumer Defensive,Packaged Foods,,SGD,Payables Period,,30.23,29.22,29.27,22.42,21.39,19.77,21.26,21.01,28.78,22.53,,
EB5,XSES,First Resources Ltd,Consumer Defensive,Packaged Foods,,SGD,Cash Conversion Cycle,,87.69,89.2,95.44,105.95,130.93,93.85,95.21,92.66,94.96,96.97,,
EB5,XSES,First Resources Ltd,Consumer Defensive,Packaged Foods,,SGD,Recieveables Turnover,,21.74,23.35,18.31,15.42,10.97,14.72,17.56,18.17,28.34,19.86,,
EB5,XSES,First Resources Ltd,Consumer Defensive,Packaged Foods,,SGD,Inventory Turnover,,3.61,3.55,3.48,3.49,3.07,4.11,3.81,3.9,3.29,3.61,,
EB5,XSES,First Resources Ltd,Consumer Defensive,Packaged Foods,,SGD,Fixed Assets Turnover,,0.51,0.68,0.67,0.63,0.66,1.07,1.38,1.0,0.89,1.18,,
EB5,XSES,First Resources Ltd,Consumer Defensive,Packaged Foods,,SGD,Asset Turnover,,0.32,0.38,0.38,0.37,0.38,0.56,0.66,0.54,0.56,0.69,,
EH5,XSES,,,,,SGD,Return on Asset %,,5.76,3.63,3.12,2.74,3.17,2.56,2.05,2.64,2.86,4.19,,
EH5,XSES,,,,,SGD,Return on Equity %,,15.39,9.24,7.46,6.05,6.29,5.07,3.96,4.61,4.96,7.22,,
EH5,XSES,,,,,SGD,Return on Invested Capital %,,12.75,7.83,6.67,5.26,5.31,4.22,3.32,3.66,3.96,5.92,,
EH5,XSES,,,,,SGD,Days Sales Outstanding,,208.74,219.62,164.52,120.24,94.65,173.75,170.29,80.67,45.5,43.14,,
EH5,XSES,,,,,SGD,Days Inventory,,1657.28,1969.14,1545.76,1457.39,1399.64,1943.02,2290.96,1444.64,1143.23,904.5,,
EH5,XSES,,,,,SGD,Payables Period,,531.16,482.88,300.85,272.88,251.43,411.68,456.96,202.85,154.04,227.07,,
EH5,XSES,,,,,SGD,Cash Conversion Cycle,,1334.87,1705.88,1409.43,1304.75,1242.87,1705.09,2004.29,1322.46,1034.68,720.56,,
EH5,XSES,,,,,SGD,Recieveables Turnover,,1.75,1.66,2.22,3.04,3.86,2.1,2.14,4.52,8.02,8.46,,
EH5,XSES,,,,,SGD,Inventory Turnover,,0.22,0.19,0.24,0.25,0.26,0.19,0.16,0.25,0.32,0.4,,
EH5,XSES,,,,,SGD,Fixed Assets Turnover,,2.94,3.57,3.57,2.0,1.85,1.56,1.6,2.11,2.37,2.97,,
EH5,XSES,,,,,SGD,Asset Turnover,,0.13,0.13,0.16,0.15,0.12,0.08,0.08,0.09,0.1,0.13,,
EMI,XSES,Emperador Inc,Consumer Defensive,Beverages - Wineries & Distilleries,,SGD,Return on Asset %,7.04,7.99,6.14,5.81,5.52,6.41,7.95,7.46,6.01,4.1,,,
EMI,XSES,Emperador Inc,Consumer Defensive,Beverages - Wineries & Distilleries,,SGD,Return on Equity %,14.5,15.04,11.5,11.27,10.82,12.22,13.82,12.19,9.6,6.54,,,
EMI,XSES,Emperador Inc,Consumer Defensive,Beverages - Wineries & Distilleries,,SGD,Return on Invested Capital %,9.59,10.37,8.42,7.19,6.98,8.08,10.24,9.72,8.18,5.86,,,
EMI,XSES,Emperador Inc,Consumer Defensive,Beverages - Wineries & Distilleries,,SGD,Days Sales Outstanding,85.76,98.21,100.13,108.46,109.43,108.31,95.9,88.63,83.69,97.09,,,
EMI,XSES,Emperador Inc,Consumer Defensive,Beverages - Wineries & Distilleries,,SGD,Days Inventory,193.32,264.13,302.45,322.68,321.96,316.53,340.18,321.6,360.23,412.81,,,
EMI,XSES,Emperador Inc,Consumer Defensive,Beverages - Wineries & Distilleries,,SGD,Payables Period,70.48,107.7,100.12,91.08,110.64,104.03,100.64,107.25,89.69,75.45,,,
EMI,XSES,Emperador Inc,Consumer Defensive,Beverages - Wineries & Distilleries,,SGD,Cash Conversion Cycle,208.59,254.63,302.47,340.06,320.76,320.81,335.45,302.98,354.23,434.45,,,
EMI,XSES,Emperador Inc,Consumer Defensive,Beverages - Wineries & Distilleries,,SGD,Recieveables Turnover,4.26,3.72,3.65,3.37,3.34,3.37,3.81,4.12,4.36,3.76,,,
EMI,XSES,Emperador Inc,Consumer Defensive,Beverages - Wineries & Distilleries,,SGD,Inventory Turnover,1.89,1.38,1.21,1.13,1.13,1.15,1.07,1.13,1.01,0.88,,,
EMI,XSES,Emperador Inc,Consumer Defensive,Beverages - Wineries & Distilleries,,SGD,Fixed Assets Turnover,3.36,2.3,1.79,1.73,1.79,1.85,2.02,2.12,2.03,1.62,,,
EMI,XSES,Emperador Inc,Consumer Defensive,Beverages - Wineries & Distilleries,,SGD,Asset Turnover,0.44,0.42,0.41,0.4,0.41,0.41,0.44,0.45,0.44,0.39,,,
ENV,XSES,LS 2 Holdings Ltd,Industrials,Specialty Business Services,,SGD,Return on Asset %,,-,-,4.14,4.50,25.52,6.95,2.12,4.85,7.69,8.47,,
ENV,XSES,LS 2 Holdings Ltd,Industrials,Specialty Business Services,,SGD,Return on Equity %,,-,-,13.04,16.72,72.79,17.72,5.00,9.1,13.55,14.0,,
ENV,XSES,LS 2 Holdings Ltd,Industrials,Specialty Business Services,,SGD,Return on Invested Capital %,,-,-,8.19,9.01,39.17,10.95,3.78,7.45,11.7,12.49,,
ENV,XSES,LS 2 Holdings Ltd,Industrials,Specialty Business Services,,SGD,Days Sales Outstanding,,-,-,84.71,90.03,90.58,109.80,109.08,94.81,96.64,105.92,,
ENV,XSES,LS 2 Holdings Ltd,Industrials,Specialty Business Services,,SGD,Days Inventory,,-,-,-,-,-,-,-,1.43,2.97,4.07,,
ENV,XSES,LS 2 Holdings Ltd,Industrials,Specialty Business Services,,SGD,Payables Period,,-,-,70.89,103.14,108.97,100.58,85.37,92.11,86.19,76.58,,
ENV,XSES,LS 2 Holdings Ltd,Industrials,Specialty Business Services,,SGD,Cash Conversion Cycle,,-,-,-,-,-,-,-,4.13,13.42,33.4,,
ENV,XSES,LS 2 Holdings Ltd,Industrials,Specialty Business Services,,SGD,Recieveables Turnover,,-,-,4.31,4.05,4.03,3.32,3.35,3.85,3.78,3.45,,
ENV,XSES,LS 2 Holdings Ltd,Industrials,Specialty Business Services,,SGD,Inventory Turnover,,-,-,-,-,-,-,-,255.96,123.1,89.71,,
ENV,XSES,LS 2 Holdings Ltd,Industrials,Specialty Business Services,,SGD,Fixed Assets Turnover,,-,-,27.70,13.95,10.48,10.21,9.85,8.89,9.26,10.45,,
ENV,XSES,LS 2 Holdings Ltd,Industrials,Specialty Business Services,,SGD,Asset Turnover,,-,-,2.55,2.23,1.90,1.75,1.90,1.9,2.01,1.95,,
ER0,XSES,KSH Holdings Ltd,Industrials,Engineering & Construction,,SGD,Return on Asset %,,11.17,7.33,5.37,1.29,2.59,-0.62,3.94,3.32,-4.82,-1.09,,
ER0,XSES,KSH Holdings Ltd,Industrials,Engineering & Construction,,SGD,Return on Equity %,,22.50,13.35,8.94,2.29,4.82,-1.17,7.36,6.56,-9.82,-2.07,,
ER0,XSES,KSH Holdings Ltd,Industrials,Engineering & Construction,,SGD,Return on Invested Capital %,,15.63,9.35,5.94,1.11,2.51,-1.44,4.48,3.74,-6.67,-2.26,,
ER0,XSES,KSH Holdings Ltd,Industrials,Engineering & Construction,,SGD,Days Sales Outstanding,,59.29,39.61,54.84,48.43,34.17,39.70,17.96,20.50,28.55,14.84,,
ER0,XSES,KSH Holdings Ltd,Industrials,Engineering & Construction,,SGD,Days Inventory,,-,-,-,-,-,-,-,-,-,-,,
ER0,XSES,KSH Holdings Ltd,Industrials,Engineering & Construction,,SGD,Payables Period,,41.22,45.82,63.29,33.39,28.38,43.08,37.21,38.62,43.85,55.44,,
ER0,XSES,KSH Holdings Ltd,Industrials,Engineering & Construction,,SGD,Cash Conversion Cycle,,-,-,-,-,-,-,-,-,-,-,,
ER0,XSES,KSH Holdings Ltd,Industrials,Engineering & Construction,,SGD,Recieveables Turnover,,6.16,9.22,6.66,7.54,10.68,9.19,20.32,17.80,12.79,24.60,,
ER0,XSES,KSH Holdings Ltd,Industrials,Engineering & Construction,,SGD,Inventory Turnover,,-,-,-,-,-,-,-,-,-,-,,
ER0,XSES,KSH Holdings Ltd,Industrials,Engineering & Construction,,SGD,Fixed Assets Turnover,,26.81,26.05,12.01,11.81,11.41,7.38,12.37,16.67,13.02,11.69,,
ER0,XSES,KSH Holdings Ltd,Industrials,Engineering & Construction,,SGD,Asset Turnover,,0.45,0.36,0.24,0.34,0.37,0.25,0.39,0.45,0.33,0.33,,
F03,XSES,Food Empire Holdings Ltd,Consumer Defensive,Beverages - Non-Alcoholic,,SGD,Return on Asset %,,6.54,5.94,7.36,9.46,8.64,5.98,16.66,14.41,12.17,7.01,,
F03,XSES,Food Empire Holdings Ltd,Consumer Defensive,Beverages - Non-Alcoholic,,SGD,Return on Equity %,,9.98,8.79,10.51,13.63,12.61,8.75,23.83,19.75,17.82,10.88,,
F03,XSES,Food Empire Holdings Ltd,Consumer Defensive,Beverages - Non-Alcoholic,,SGD,Return on Invested Capital %,,8.25,7.46,9.07,11.5,10.1,7.31,20.3,16.99,14.79,8.82,,
F03,XSES,Food Empire Holdings Ltd,Consumer Defensive,Beverages - Non-Alcoholic,,SGD,Days Sales Outstanding,,57.53,53.36,47.33,43.67,45.12,40.79,32.89,30.05,33.8,33.49,,
F03,XSES,Food Empire Holdings Ltd,Consumer Defensive,Beverages - Non-Alcoholic,,SGD,Days Inventory,,98.67,99.97,103.14,109.81,114.91,99.67,96.34,96.78,103.1,113.05,,
F03,XSES,Food Empire Holdings Ltd,Consumer Defensive,Beverages - Non-Alcoholic,,SGD,Payables Period,,64.09,58.02,37.46,38.6,43.57,40.28,38.61,36.08,46.88,46.7,,
F03,XSES,Food Empire Holdings Ltd,Consumer Defensive,Beverages - Non-Alcoholic,,SGD,Cash Conversion Cycle,,92.11,95.31,113.01,114.87,116.45,100.17,90.61,90.75,90.01,99.83,,
F03,XSES,Food Empire Holdings Ltd,Consumer Defensive,Beverages - Non-Alcoholic,,SGD,Recieveables Turnover,,6.34,6.84,7.71,8.36,8.09,8.95,11.1,12.15,10.8,10.9,,
F03,XSES,Food Empire Holdings Ltd,Consumer Defensive,Beverages - Non-Alcoholic,,SGD,Inventory Turnover,,3.7,3.65,3.54,3.32,3.18,3.66,3.79,3.77,3.54,3.23,,
F03,XSES,Food Empire Holdings Ltd,Consumer Defensive,Beverages - Non-Alcoholic,,SGD,Fixed Assets Turnover,,3.7,4.18,4.26,3.23,2.43,2.8,3.5,3.71,3.87,4.07,,
F03,XSES,Food Empire Holdings Ltd,Consumer Defensive,Beverages - Non-Alcoholic,,SGD,Asset Turnover,,1.09,1.13,1.16,1.05,0.88,0.98,1.1,1.09,1.1,1.12,,
F10,XSES,F J Benjamin Holdings Ltd,Consumer Cyclical,Apparel Retail,,SGD,Return on Asset %,,-13.62,-13.14,-1.08,0.17,-14.34,-10.92,3.45,4.32,-7.59,-24.01,,
F10,XSES,F J Benjamin Holdings Ltd,Consumer Cyclical,Apparel Retail,,SGD,Return on Equity %,,-31.35,-33.47,-2.59,0.34,-32.99,-30.56,8.29,8.94,-16.3,-61.57,,
F10,XSES,F J Benjamin Holdings Ltd,Consumer Cyclical,Apparel Retail,,SGD,Return on Invested Capital %,,-18.11,-21.98,-0.43,0.98,-17.15,-12.31,5.59,6.47,-8.03,-31.61,,
F10,XSES,F J Benjamin Holdings Ltd,Consumer Cyclical,Apparel Retail,,SGD,Days Sales Outstanding,,8.05,17.14,34.87,44.05,47.87,57.96,46.94,41.29,45.46,52.21,,
F10,XSES,F J Benjamin Holdings Ltd,Consumer Cyclical,Apparel Retail,,SGD,Days Inventory,,151.21,144.62,147.05,174.89,242.44,307.16,208.49,192.73,207.83,256.41,,
F10,XSES,F J Benjamin Holdings Ltd,Consumer Cyclical,Apparel Retail,,SGD,Payables Period,,118.5,178.76,176.25,90.4,104.54,114.21,71.9,69.64,67.55,69.09,,
F10,XSES,F J Benjamin Holdings Ltd,Consumer Cyclical,Apparel Retail,,SGD,Cash Conversion Cycle,,40.75,-16.99,5.67,128.54,185.77,250.91,183.53,164.38,185.74,239.53,,
F10,XSES,F J Benjamin Holdings Ltd,Consumer Cyclical,Apparel Retail,,SGD,Recieveables Turnover,,45.35,21.29,10.47,8.29,7.62,6.3,7.78,8.84,8.03,6.99,,
F10,XSES,F J Benjamin Holdings Ltd,Consumer Cyclical,Apparel Retail,,SGD,Inventory Turnover,,2.41,2.52,2.48,2.09,1.51,1.19,1.75,1.89,1.76,1.42,,
F10,XSES,F J Benjamin Holdings Ltd,Consumer Cyclical,Apparel Retail,,SGD,Fixed Assets Turnover,,18.18,18.08,16.93,14.85,5.42,2.95,5.41,6.76,5.61,5.61,,
F10,XSES,F J Benjamin Holdings Ltd,Consumer Cyclical,Apparel Retail,,SGD,Asset Turnover,,1.5,1.57,1.46,1.24,0.89,0.67,0.94,1.06,0.97,0.87,,
F13,XSES,Fu Yu Corp Ltd,Industrials,Specialty Industrial Machinery,,SGD,Return on Asset %,,4.3,1.87,5.31,5.89,7.65,8.07,6.88,-5.29,-2.56,-4.8,,
F13,XSES,Fu Yu Corp Ltd,Industrials,Specialty Industrial Machinery,,SGD,Return on Equity %,,5.99,2.64,7.22,7.74,10.07,10.78,9.46,-7.0,-3.27,-6.16,,
F13,XSES,Fu Yu Corp Ltd,Industrials,Specialty Industrial Machinery,,SGD,Return on Invested Capital %,,5.14,1.96,6.47,6.76,9.25,10.05,8.44,-7.07,-3.1,-6.52,,
F13,XSES,Fu Yu Corp Ltd,Industrials,Specialty Industrial Machinery,,SGD,Days Sales Outstanding,,95.41,98.22,97.81,91.19,100.49,66.39,47.34,52.26,87.99,87.18,,
F13,XSES,Fu Yu Corp Ltd,Industrials,Specialty Industrial Machinery,,SGD,Days Inventory,,34.04,37.95,38.87,39.0,46.36,34.81,31.97,32.74,52.26,55.78,,
F13,XSES,Fu Yu Corp Ltd,Industrials,Specialty Industrial Machinery,,SGD,Payables Period,,101.83,77.98,49.99,46.46,54.89,58.92,62.97,45.73,39.94,43.71,,
F13,XSES,Fu Yu Corp Ltd,Industrials,Specialty Industrial Machinery,,SGD,Cash Conversion Cycle,,27.63,58.19,86.68,83.73,91.97,42.27,16.34,39.26,100.31,99.25,,
F13,XSES,Fu Yu Corp Ltd,Industrials,Specialty Industrial Machinery,,SGD,Recieveables Turnover,,3.83,3.72,3.73,4.0,3.63,5.5,7.71,6.98,4.15,4.19,,
F13,XSES,Fu Yu Corp Ltd,Industrials,Specialty Industrial Machinery,,SGD,Inventory Turnover,,10.72,9.62,9.39,9.36,7.87,10.49,11.42,11.15,6.98,6.54,,
F13,XSES,Fu Yu Corp Ltd,Industrials,Specialty Industrial Machinery,,SGD,Fixed Assets Turnover,,3.97,4.16,4.36,3.93,2.9,3.5,3.95,3.18,1.97,2.23,,
F13,XSES,Fu Yu Corp Ltd,Industrials,Specialty Industrial Machinery,,SGD,Asset Turnover,,0.81,0.82,0.88,0.9,0.69,0.9,1.15,1.0,0.66,0.72,,
F17,XSES,GuocoLand Ltd,Real Estate,Real Estate - Development,,SGD,Return on Asset %,,6.86,4.24,3.84,2.3,1.08,1.34,3.32,1.7,0.91,0.76,,
F17,XSES,GuocoLand Ltd,Real Estate,Real Estate - Development,,SGD,Return on Equity %,,18.64,10.5,9.62,5.59,2.69,3.46,8.63,4.42,2.35,2.03,,
F17,XSES,GuocoLand Ltd,Real Estate,Real Estate - Development,,SGD,Return on Invested Capital %,,8.1,5.48,5.27,3.56,2.07,2.27,4.63,3.06,2.82,2.38,,
F17,XSES,GuocoLand Ltd,Real Estate,Real Estate - Development,,SGD,Days Sales Outstanding,,31.89,30.67,58.11,63.71,32.34,32.72,33.17,24.78,26.47,42.34,,
F17,XSES,GuocoLand Ltd,Real Estate,Real Estate - Development,,SGD,Days Inventory,,1703.12,1104.77,1193.67,1717.74,1963.58,2330.33,2261.33,1101.73,825.99,761.89,,
F17,XSES,GuocoLand Ltd,Real Estate,Real Estate - Development,,SGD,Payables Period,,127.84,112.86,89.86,83.17,66.2,93.02,146.46,89.52,73.8,77.06,,
F17,XSES,GuocoLand Ltd,Real Estate,Real Estate - Development,,SGD,Cash Conversion Cycle,,1607.16,1022.58,1161.91,1698.28,1929.71,2270.04,2148.04,1036.99,778.66,727.17,,
F17,XSES,GuocoLand Ltd,Real Estate,Real Estate - Development,,SGD,Recieveables Turnover,,11.45,11.9,6.28,5.73,11.29,11.15,11.0,14.73,13.79,8.62,,
F17,XSES,GuocoLand Ltd,Real Estate,Real Estate - Development,,SGD,Inventory Turnover,,0.21,0.33,0.31,0.21,0.19,0.16,0.16,0.33,0.44,0.48,,
F17,XSES,GuocoLand Ltd,Real Estate,Real Estate - Development,,SGD,Fixed Assets Turnover,,2.28,1.99,1.87,1.53,1.74,1.76,2.06,3.44,4.15,4.38,,
F17,XSES,GuocoLand Ltd,Real Estate,Real Estate - Development,,SGD,Asset Turnover,,0.12,0.13,0.12,0.09,0.09,0.08,0.08,0.13,0.15,0.16,,
F34,XSES,Wilmar International Ltd,Consumer Defensive,Packaged Foods,,SGD,Return on Asset %,,2.59,3.13,2.6,2.79,3.13,3.45,4.03,2.5,1.93,2.25,,
F34,XSES,Wilmar International Ltd,Consumer Defensive,Packaged Foods,,SGD,Return on Equity %,,6.58,8.02,7.05,7.88,8.61,9.74,12.04,7.59,5.84,6.76,,
F34,XSES,Wilmar International Ltd,Consumer Defensive,Packaged Foods,,SGD,Return on Invested Capital %,,3.51,4.13,3.8,4.1,4.12,4.56,5.59,4.32,3.55,3.96,,
F34,XSES,Wilmar International Ltd,Consumer Defensive,Packaged Foods,,SGD,Days Sales Outstanding,,27.33,26.61,26.56,27.9,26.9,27.89,28.39,29.78,30.82,30.48,,
F34,XSES,Wilmar International Ltd,Consumer Defensive,Packaged Foods,,SGD,Days Inventory,,65.08,69.08,73.67,76.24,71.01,66.31,69.43,74.11,73.12,78.42,,
F34,XSES,Wilmar International Ltd,Consumer Defensive,Packaged Foods,,SGD,Payables Period,,13.17,11.57,11.31,14.75,13.25,11.13,11.83,15.22,20.1,24.9,,
F34,XSES,Wilmar International Ltd,Consumer Defensive,Packaged Foods,,SGD,Cash Conversion Cycle,,79.25,84.13,88.92,89.39,84.66,83.07,86.0,88.67,83.84,83.99,,
F34,XSES,Wilmar International Ltd,Consumer Defensive,Packaged Foods,,SGD,Recieveables Turnover,,13.35,13.72,13.74,13.08,13.57,13.09,12.85,12.26,11.84,11.98,,
F34,XSES,Wilmar International Ltd,Consumer Defensive,Packaged Foods,,SGD,Inventory Turnover,,5.61,5.28,4.95,4.79,5.14,5.5,5.26,4.93,4.99,4.65,,
F34,XSES,Wilmar International Ltd,Consumer Defensive,Packaged Foods,,SGD,Fixed Assets Turnover,,4.79,5.14,4.93,4.15,4.21,4.88,5.06,4.39,4.29,4.41,,
F34,XSES,Wilmar International Ltd,Consumer Defensive,Packaged Foods,,SGD,Asset Turnover,,1.1,1.12,1.03,0.92,1.03,1.2,1.23,1.1,1.11,1.12,,
F83,XSES,COSCO Shipping International (Singapore) Co Ltd,Industrials,Integrated Freight & Logistics,,SGD,Return on Asset %,,-4.63,5.1,1.87,0.83,0.85,2.88,-8.86,0.21,0.64,0.87,,
F83,XSES,COSCO Shipping International (Singapore) Co Ltd,Industrials,Integrated Freight & Logistics,,SGD,Return on Equity %,,-80.56,62.0,2.48,1.38,1.56,5.43,-16.67,0.39,1.11,1.25,,
F83,XSES,COSCO Shipping International (Singapore) Co Ltd,Industrials,Integrated Freight & Logistics,,SGD,Return on Invested Capital %,,-4.04,6.44,3.09,1.73,1.63,4.05,-9.27,1.49,1.72,1.43,,
F83,XSES,COSCO Shipping International (Singapore) Co Ltd,Industrials,Integrated Freight & Logistics,,SGD,Days Sales Outstanding,,56.46,2492.94,41.81,66.96,68.63,68.66,72.78,76.63,81.03,71.32,,
F83,XSES,COSCO Shipping International (Singapore) Co Ltd,Industrials,Integrated Freight & Logistics,,SGD,Days Inventory,,102.58,5951.23,1.29,2.11,1.96,1.37,1.17,1.32,1.22,1.16,,
F83,XSES,COSCO Shipping International (Singapore) Co Ltd,Industrials,Integrated Freight & Logistics,,SGD,Payables Period,,80.56,3866.43,15.44,26.33,28.64,30.36,27.86,33.15,35.05,27.9,,
F83,XSES,COSCO Shipping International (Singapore) Co Ltd,Industrials,Integrated Freight & Logistics,,SGD,Cash Conversion Cycle,,78.48,4577.74,27.66,42.74,41.95,39.67,46.09,44.8,47.2,44.58,,
F83,XSES,COSCO Shipping International (Singapore) Co Ltd,Industrials,Integrated Freight & Logistics,,SGD,Recieveables Turnover,,6.47,0.15,8.73,5.45,5.32,5.32,5.02,4.76,4.5,5.12,,
F83,XSES,COSCO Shipping International (Singapore) Co Ltd,Industrials,Integrated Freight & Logistics,,SGD,Inventory Turnover,,3.56,0.06,283.93,173.29,186.56,266.12,312.56,276.45,298.82,314.76,,
F83,XSES,COSCO Shipping International (Singapore) Co Ltd,Industrials,Integrated Freight & Logistics,,SGD,Fixed Assets Turnover,,1.06,0.03,0.55,0.28,0.27,0.28,0.27,0.27,0.26,0.29,,
F83,XSES,COSCO Shipping International (Singapore) Co Ltd,Industrials,Integrated Freight & Logistics,,SGD,Asset Turnover,,0.25,0.01,0.24,0.19,0.19,0.19,0.19,0.2,0.2,0.21,,
F86,XSES,MYP Ltd,Real Estate,Real Estate Services,,SGD,Return on Asset %,,-0.26,-1.69,0.37,-0.20,-0.23,-8.74,0.55,0.26,-1.28,-0.37,,
F86,XSES,MYP Ltd,Real Estate,Real Estate Services,,SGD,Return on Equity %,,-0.52,-4.47,1.14,-0.57,-0.60,-21.87,1.32,0.62,-3.02,-0.87,,
F86,XSES,MYP Ltd,Real Estate,Real Estate Services,,SGD,Return on Invested Capital %,,0.75,-0.97,1.86,1.39,1.47,-6.51,1.87,1.74,0.46,1.84,,
F86,XSES,MYP Ltd,Real Estate,Real Estate Services,,SGD,Days Sales Outstanding,,3.71,2.23,0.93,2.35,1.68,1.58,3.03,2.72,3.73,3.67,,
F86,XSES,MYP Ltd,Real Estate,Real Estate Services,,SGD,Days Inventory,,-,-,-,-,-,-,-,-,-,-,,
F86,XSES,MYP Ltd,Real Estate,Real Estate Services,,SGD,Payables Period,,-,-,5088.78,10525.11,4776.07,10.68,6.13,11.73,0.39,1.54,,
F86,XSES,MYP Ltd,Real Estate,Real Estate Services,,SGD,Cash Conversion Cycle,,-,-,-,-,-,-,-,-,-,-,,
F86,XSES,MYP Ltd,Real Estate,Real Estate Services,,SGD,Recieveables Turnover,,98.46,163.81,393.14,155.31,217.02,230.42,120.29,134.35,97.86,99.40,,
F86,XSES,MYP Ltd,Real Estate,Real Estate Services,,SGD,Inventory Turnover,,-,-,-,-,-,-,-,-,-,-,,
F86,XSES,MYP Ltd,Real Estate,Real Estate Services,,SGD,Fixed Assets Turnover,,3.54,4.88,8.59,7.03,13.64,106.10,126.02,197.99,234.36,147.49,,
F86,XSES,MYP Ltd,Real Estate,Real Estate Services,,SGD,Asset Turnover,,0.02,0.02,0.03,0.02,0.03,0.02,0.02,0.03,0.03,0.03,,
F99,XSES,Fraser and Neave Ltd,Consumer Defensive,Packaged Foods,,SGD,Return on Asset %,,3.13,29.61,2.6,3.31,3.14,2.9,2.52,2.64,2.92,2.76,,
F99,XSES,Fraser and Neave Ltd,Consumer Defensive,Packaged Foods,,SGD,Return on Equity %,,4.23,45.32,4.33,5.3,5.06,4.69,4.1,4.43,5.19,5.01,,
F99,XSES,Fraser and Neave Ltd,Consumer Defensive,Packaged Foods,,SGD,Return on Invested Capital %,,3.78,36.34,3.54,4.44,4.41,4.08,3.64,3.98,4.29,4.19,,
F99,XSES,Fraser and Neave Ltd,Consumer Defensive,Packaged Foods,,SGD,Days Sales Outstanding,,50.36,52.58,52.28,52.69,54.63,51.15,49.31,50.34,51.3,50.02,,
F99,XSES,Fraser and Neave Ltd,Consumer Defensive,Packaged Foods,,SGD,Days Inventory,,73.17,72.96,71.24,72.03,82.41,83.67,87.43,88.02,81.38,74.12,,
F99,XSES,Fraser and Neave Ltd,Consumer Defensive,Packaged Foods,,SGD,Payables Period,,55.71,49.52,45.98,49.02,50.67,47.5,50.84,54.24,54.99,50.44,,
F99,XSES,Fraser and Neave Ltd,Consumer Defensive,Packaged Foods,,SGD,Cash Conversion Cycle,,67.81,76.02,77.54,75.7,86.37,87.32,85.91,84.12,77.69,73.7,,
F99,XSES,Fraser and Neave Ltd,Consumer Defensive,Packaged Foods,,SGD,Recieveables Turnover,,7.25,6.94,6.98,6.93,6.68,7.14,7.4,7.25,7.11,7.3,,
F99,XSES,Fraser and Neave Ltd,Consumer Defensive,Packaged Foods,,SGD,Inventory Turnover,,4.99,5.0,5.12,5.07,4.43,4.36,4.17,4.15,4.49,4.92,,
F99,XSES,Fraser and Neave Ltd,Consumer Defensive,Packaged Foods,,SGD,Fixed Assets Turnover,,4.14,3.81,3.61,3.05,2.51,2.45,2.55,2.39,2.21,2.15,,
F99,XSES,Fraser and Neave Ltd,Consumer Defensive,Packaged Foods,,SGD,Asset Turnover,,0.57,0.44,0.41,0.41,0.39,0.39,0.4,0.42,0.42,0.45,,
F9D,XSES,Boustead Singapore Ltd,Industrials,Conglomerates,,SGD,Return on Asset %,,3.57,4.47,3.42,4.04,3.23,10.33,2.72,4.08,5.7,8.63,,
F9D,XSES,Boustead Singapore Ltd,Industrials,Conglomerates,,SGD,Return on Equity %,,8.25,10.62,7.99,10.01,9.1,28.64,6.95,10.22,13.4,17.49,,
F9D,XSES,Boustead Singapore Ltd,Industrials,Conglomerates,,SGD,Return on Invested Capital %,,5.56,7.78,5.85,6.62,5.86,21.11,5.18,7.55,9.93,13.83,,
F9D,XSES,Boustead Singapore Ltd,Industrials,Conglomerates,,SGD,Days Sales Outstanding,,81.77,85.54,87.75,71.21,46.96,53.64,58.78,81.61,62.54,70.95,,
F9D,XSES,Boustead Singapore Ltd,Industrials,Conglomerates,,SGD,Days Inventory,,6.34,6.24,3.83,2.71,2.33,3.74,3.86,3.46,5.0,11.11,,
F9D,XSES,Boustead Singapore Ltd,Industrials,Conglomerates,,SGD,Payables Period,,69.22,68.57,73.46,63.11,45.38,60.09,58.22,61.13,40.29,73.25,,
F9D,XSES,Boustead Singapore Ltd,Industrials,Conglomerates,,SGD,Cash Conversion Cycle,,18.89,23.21,18.12,10.81,3.91,-2.71,4.41,23.94,27.25,8.81,,
F9D,XSES,Boustead Singapore Ltd,Industrials,Conglomerates,,SGD,Recieveables Turnover,,4.46,4.27,4.16,5.13,7.77,6.8,6.21,4.47,5.84,5.14,,
F9D,XSES,Boustead Singapore Ltd,Industrials,Conglomerates,,SGD,Inventory Turnover,,57.58,58.52,95.32,134.52,156.68,97.52,94.66,105.48,73.0,32.86,,
F9D,XSES,Boustead Singapore Ltd,Industrials,Conglomerates,,SGD,Fixed Assets Turnover,,31.1,33.04,35.2,32.4,23.78,15.82,17.25,18.14,24.69,16.47,,
F9D,XSES,Boustead Singapore Ltd,Industrials,Conglomerates,,SGD,Asset Turnover,,0.62,0.58,0.56,0.59,0.76,0.63,0.56,0.51,0.68,0.48,,
FQ7,XSES,,,,,SGD,Return on Asset %,,-49.60,32.39,-2.40,-116.30,-192.36,-433.23,-320.84,-496.14,-456.59,-50.93,,
FQ7,XSES,,,,,SGD,Return on Equity %,,-,-,-43.30,-853.66,-,-,-,-,-,-66.53,,
FQ7,XSES,,,,,SGD,Return on Invested Capital %,,-,-,47.26,-839.71,-,-,-,-,-,-65.36,,
FQ7,XSES,,,,,SGD,Days Sales Outstanding,,25.41,44.75,102.18,-,-,-,-,-,-,310.24,,
FQ7,XSES,,,,,SGD,Days Inventory,,-,-,-,-,-,-,-,-,-,-,,
FQ7,XSES,,,,,SGD,Payables Period,,-,14955.27,6971.11,12671.54,-,-,-,-,-,176.09,,
FQ7,XSES,,,,,SGD,Cash Conversion Cycle,,-,-,-,-,-,-,-,-,-,-,,
FQ7,XSES,,,,,SGD,Recieveables Turnover,,14.36,8.16,3.57,-,-,-,-,-,-,1.18,,
FQ7,XSES,,,,,SGD,Inventory Turnover,,-,-,-,-,-,-,-,-,-,-,,
FQ7,XSES,,,,,SGD,Fixed Assets Turnover,,-,-,-,-,-,-,-,-,-,34.40,,
FQ7,XSES,,,,,SGD,Asset Turnover,,1.03,0.86,0.25,-,-,-,-,-,-,0.18,,
FRQ,XSES,Singapore Paincare Holdings Ltd Ordinary Shares,Healthcare,Medical Care Facilities,,SGD,Return on Asset %,,-,35.46,42.98,46.6,18.97,9.11,11.16,-1.27,4.86,-10.71,,
FRQ,XSES,Singapore Paincare Holdings Ltd Ordinary Shares,Healthcare,Medical Care Facilities,,SGD,Return on Equity %,,-,87.6,121.86,236.53,34.45,12.88,15.71,-2.1,8.89,-19.7,,
FRQ,XSES,Singapore Paincare Holdings Ltd Ordinary Shares,Healthcare,Medical Care Facilities,,SGD,Return on Invested Capital %,,-,47.75,58.14,59.05,23.03,10.74,12.72,-0.96,6.94,-11.52,,
FRQ,XSES,Singapore Paincare Holdings Ltd Ordinary Shares,Healthcare,Medical Care Facilities,,SGD,Days Sales Outstanding,,-,25.95,24.06,31.27,22.99,33.05,28.97,32.9,32.44,35.89,,
FRQ,XSES,Singapore Paincare Holdings Ltd Ordinary Shares,Healthcare,Medical Care Facilities,,SGD,Days Inventory,,-,59.69,58.23,64.75,81.71,130.1,103.7,110.28,100.0,121.32,,
FRQ,XSES,Singapore Paincare Holdings Ltd Ordinary Shares,Healthcare,Medical Care Facilities,,SGD,Payables Period,,-,32.58,25.39,10.5,8.68,14.69,22.17,22.81,13.94,19.35,,
FRQ,XSES,Singapore Paincare Holdings Ltd Ordinary Shares,Healthcare,Medical Care Facilities,,SGD,Cash Conversion Cycle,,-,53.05,56.9,85.51,96.02,148.46,110.5,120.37,118.5,137.87,,
FRQ,XSES,Singapore Paincare Holdings Ltd Ordinary Shares,Healthcare,Medical Care Facilities,,SGD,Recieveables Turnover,,-,14.06,15.17,11.67,15.88,11.04,12.6,11.09,11.25,10.17,,
FRQ,XSES,Singapore Paincare Holdings Ltd Ordinary Shares,Healthcare,Medical Care Facilities,,SGD,Inventory Turnover,,-,6.12,6.27,5.64,4.47,2.81,3.52,3.31,3.65,3.01,,
FRQ,XSES,Singapore Paincare Holdings Ltd Ordinary Shares,Healthcare,Medical Care Facilities,,SGD,Fixed Assets Turnover,,-,77.3,96.92,151.3,9.43,5.2,4.89,3.33,3.28,3.26,,
FRQ,XSES,Singapore Paincare Holdings Ltd Ordinary Shares,Healthcare,Medical Care Facilities,,SGD,Asset Turnover,,-,1.08,1.24,1.44,0.97,0.45,0.54,0.56,0.67,0.69,,
G07,XSES,Great Eastern Holdings Ltd,Financial Services,Insurance - Life,,SGD,Return on Asset %,,0.86,1.49,0.87,1.11,0.94,1.02,0.72,0.71,0.89,1.02,,
G07,XSES,Great Eastern Holdings Ltd,Financial Services,Insurance - Life,,SGD,Return on Equity %,,9.19,16.37,9.89,12.51,10.69,11.48,8.06,8.95,12.01,12.66,,
G07,XSES,Great Eastern Holdings Ltd,Financial Services,Insurance - Life,,SGD,Return on Invested Capital %,,-,-,-,-,-,-,-,-,-,-,,
G07,XSES,Great Eastern Holdings Ltd,Financial Services,Insurance - Life,,SGD,Days Sales Outstanding,,-,-,-,-,-,-,-,-,-,-,,
G07,XSES,Great Eastern Holdings Ltd,Financial Services,Insurance - Life,,SGD,Days Inventory,,-,-,-,-,-,-,-,-,-,-,,
G07,XSES,Great Eastern Holdings Ltd,Financial Services,Insurance - Life,,SGD,Payables Period,,-,-,-,-,-,-,-,-,-,-,,
G07,XSES,Great Eastern Holdings Ltd,Financial Services,Insurance - Life,,SGD,Cash Conversion Cycle,,-,-,-,-,-,-,-,-,-,-,,
G07,XSES,Great Eastern Holdings Ltd,Financial Services,Insurance - Life,,SGD,Recieveables Turnover,,-,-,-,-,-,-,-,-,-,-,,
G07,XSES,Great Eastern Holdings Ltd,Financial Services,Insurance - Life,,SGD,Inventory Turnover,,-,-,-,-,-,-,-,-,-,-,,
G07,XSES,Great Eastern Holdings Ltd,Financial Services,Insurance - Life,,SGD,Fixed Assets Turnover,,1.38,2.41,20.46,28.68,29.81,31.22,23.85,21.45,25.06,28.48,,
G07,XSES,Great Eastern Holdings Ltd,Financial Services,Insurance - Life,,SGD,Asset Turnover,,0.01,0.02,0.14,0.21,0.21,0.18,0.12,0.10,0.11,0.12,,
G0I,XSES,Nam Lee Pressed Metal Industries Ltd,Industrials,Metal Fabrication,,SGD,Return on Asset %,,5.79,6.46,7.17,5.77,3.52,7.54,4.32,-0.43,5.44,10.25,,
G0I,XSES,Nam Lee Pressed Metal Industries Ltd,Industrials,Metal Fabrication,,SGD,Return on Equity %,,7.24,7.83,8.77,6.89,4.39,10.32,6.36,-0.64,7.64,13.98,,
G0I,XSES,Nam Lee Pressed Metal Industries Ltd,Industrials,Metal Fabrication,,SGD,Return on Invested Capital %,,6.86,7.37,8.39,6.58,4.0,9.21,5.69,0.33,7.04,12.69,,
G0I,XSES,Nam Lee Pressed Metal Industries Ltd,Industrials,Metal Fabrication,,SGD,Days Sales Outstanding,,97.76,86.94,85.34,81.64,85.42,59.55,70.7,97.66,86.73,100.33,,
G0I,XSES,Nam Lee Pressed Metal Industries Ltd,Industrials,Metal Fabrication,,SGD,Days Inventory,,128.86,103.0,103.15,121.08,173.43,136.57,135.77,179.33,157.84,146.89,,
G0I,XSES,Nam Lee Pressed Metal Industries Ltd,Industrials,Metal Fabrication,,SGD,Payables Period,,33.94,23.4,21.11,23.75,27.45,18.21,15.85,18.23,16.14,15.42,,
G0I,XSES,Nam Lee Pressed Metal Industries Ltd,Industrials,Metal Fabrication,,SGD,Cash Conversion Cycle,,192.69,166.55,167.38,178.97,231.4,177.91,190.61,258.77,228.43,231.81,,
G0I,XSES,Nam Lee Pressed Metal Industries Ltd,Industrials,Metal Fabrication,,SGD,Recieveables Turnover,,3.73,4.2,4.28,4.47,4.27,6.13,5.16,3.74,4.21,3.64,,
G0I,XSES,Nam Lee Pressed Metal Industries Ltd,Industrials,Metal Fabrication,,SGD,Inventory Turnover,,2.83,3.54,3.54,3.01,2.1,2.67,2.69,2.04,2.31,2.48,,
G0I,XSES,Nam Lee Pressed Metal Industries Ltd,Industrials,Metal Fabrication,,SGD,Fixed Assets Turnover,,3.69,3.88,4.05,3.31,1.97,2.65,3.12,2.39,2.9,3.37,,
G0I,XSES,Nam Lee Pressed Metal Industries Ltd,Industrials,Metal Fabrication,,SGD,Asset Turnover,,0.82,0.9,0.94,0.84,0.65,0.95,0.97,0.69,0.8,0.86,,
G13,XSES,Genting Singapore Ltd,Consumer Cyclical,Resorts & Casinos,,SGD,Return on Asset %,,2.27,5.71,7.8,7.24,0.77,2.09,3.87,6.82,6.3,4.24,,
G13,XSES,Genting Singapore Ltd,Consumer Cyclical,Resorts & Casinos,,SGD,Return on Equity %,,2.78,7.08,9.92,8.7,0.87,2.33,4.28,7.55,7.02,4.73,,
G13,XSES,Genting Singapore Ltd,Consumer Cyclical,Resorts & Casinos,,SGD,Return on Invested Capital %,,2.64,6.4,8.21,7.37,0.52,2.1,3.75,6.21,5.69,3.97,,
G13,XSES,Genting Singapore Ltd,Consumer Cyclical,Resorts & Casinos,,SGD,Days Sales Outstanding,,59.78,19.27,13.69,14.19,20.28,9.41,9.89,19.1,30.47,32.52,,
G13,XSES,Genting Singapore Ltd,Consumer Cyclical,Resorts & Casinos,,SGD,Days Inventory,,14.08,15.25,12.83,12.26,20.29,21.44,14.03,10.79,10.55,11.37,,
G13,XSES,Genting Singapore Ltd,Consumer Cyclical,Resorts & Casinos,,SGD,Payables Period,,7.29,6.14,3.66,1.48,2.38,2.61,2.07,3.4,12.38,21.59,,
G13,XSES,Genting Singapore Ltd,Consumer Cyclical,Resorts & Casinos,,SGD,Cash Conversion Cycle,,66.57,28.37,22.86,24.97,38.19,28.24,21.86,26.49,28.64,22.31,,
G13,XSES,Genting Singapore Ltd,Consumer Cyclical,Resorts & Casinos,,SGD,Recieveables Turnover,,6.11,18.95,26.66,25.73,18.0,38.78,36.89,19.11,11.98,11.22,,
G13,XSES,Genting Singapore Ltd,Consumer Cyclical,Resorts & Casinos,,SGD,Inventory Turnover,,25.92,23.93,28.45,29.77,17.99,17.03,26.01,33.82,34.61,32.09,,
G13,XSES,Genting Singapore Ltd,Consumer Cyclical,Resorts & Casinos,,SGD,Fixed Assets Turnover,,0.42,0.47,0.51,0.52,0.23,0.22,0.34,0.49,0.5,0.47,,
G13,XSES,Genting Singapore Ltd,Consumer Cyclical,Resorts & Casinos,,SGD,Asset Turnover,,0.19,0.23,0.26,0.26,0.12,0.12,0.2,0.27,0.28,0.27,,
G20,XSES,GP Industries Ltd,Industrials,Electrical Equipment & Parts,,SGD,Return on Asset %,,2.32,1.79,2.06,2.42,1.53,2.27,2.33,1.52,-4.5,1.93,,
G20,XSES,GP Industries Ltd,Industrials,Electrical Equipment & Parts,,SGD,Return on Equity %,,6.61,5.49,6.46,7.82,5.24,7.99,7.95,4.99,-16.28,7.93,,
G20,XSES,GP Industries Ltd,Industrials,Electrical Equipment & Parts,,SGD,Return on Invested Capital %,,4.75,4.59,4.44,5.48,4.26,4.54,4.75,4.57,-3.62,5.48,,
G20,XSES,GP Industries Ltd,Industrials,Electrical Equipment & Parts,,SGD,Days Sales Outstanding,,48.61,52.11,52.55,48.86,53.14,55.33,59.52,55.45,54.75,55.48,,
G20,XSES,GP Industries Ltd,Industrials,Electrical Equipment & Parts,,SGD,Days Inventory,,70.18,72.65,72.54,76.03,81.64,78.91,92.9,100.11,89.63,89.29,,
G20,XSES,GP Industries Ltd,Industrials,Electrical Equipment & Parts,,SGD,Payables Period,,80.55,101.25,88.81,68.45,69.37,75.67,84.24,84.02,85.02,88.72,,
G20,XSES,GP Industries Ltd,Industrials,Electrical Equipment & Parts,,SGD,Cash Conversion Cycle,,38.24,23.51,36.29,56.44,65.42,58.57,68.18,71.54,59.36,56.05,,
G20,XSES,GP Industries Ltd,Industrials,Electrical Equipment & Parts,,SGD,Recieveables Turnover,,7.51,7.0,6.95,7.47,6.87,6.6,6.13,6.58,6.67,6.58,,
G20,XSES,GP Industries Ltd,Industrials,Electrical Equipment & Parts,,SGD,Inventory Turnover,,5.2,5.02,5.03,4.8,4.47,4.63,3.93,3.65,4.07,4.09,,
G20,XSES,GP Industries Ltd,Industrials,Electrical Equipment & Parts,,SGD,Fixed Assets Turnover,,4.83,4.27,4.08,4.13,3.34,2.98,2.75,2.57,2.66,2.99,,
G20,XSES,GP Industries Ltd,Industrials,Electrical Equipment & Parts,,SGD,Asset Turnover,,1.06,1.0,0.98,0.97,0.84,0.84,0.81,0.79,0.85,0.9,,
G50,XSES,Grand Banks Yachts Ltd,Consumer Cyclical,Leisure,,SGD,Return on Asset %,,3.11,0.79,12.64,1.71,1.15,4.3,3.64,8.34,15.61,11.25,,
G50,XSES,Grand Banks Yachts Ltd,Consumer Cyclical,Leisure,,SGD,Return on Equity %,,4.36,1.15,18.69,2.7,1.88,7.17,6.46,15.24,27.35,19.24,,
G50,XSES,Grand Banks Yachts Ltd,Consumer Cyclical,Leisure,,SGD,Return on Invested Capital %,,4.04,1.32,18.03,3.15,2.55,6.94,6.34,14.2,25.5,17.74,,
G50,XSES,Grand Banks Yachts Ltd,Consumer Cyclical,Leisure,,SGD,Days Sales Outstanding,,5.03,4.43,12.26,13.51,1.92,2.4,20.61,23.68,25.07,21.89,,
G50,XSES,Grand Banks Yachts Ltd,Consumer Cyclical,Leisure,,SGD,Days Inventory,,114.28,108.49,112.46,146.9,107.02,87.61,97.27,77.33,105.86,94.33,,
G50,XSES,Grand Banks Yachts Ltd,Consumer Cyclical,Leisure,,SGD,Payables Period,,11.72,19.15,23.86,27.38,15.73,10.84,21.26,25.26,25.05,14.62,,
G50,XSES,Grand Banks Yachts Ltd,Consumer Cyclical,Leisure,,SGD,Cash Conversion Cycle,,107.59,93.76,100.86,133.02,93.21,79.17,96.62,75.75,105.88,101.6,,
G50,XSES,Grand Banks Yachts Ltd,Consumer Cyclical,Leisure,,SGD,Recieveables Turnover,,72.52,82.45,29.76,27.02,190.12,152.12,17.71,15.42,14.56,16.68,,
G50,XSES,Grand Banks Yachts Ltd,Consumer Cyclical,Leisure,,SGD,Inventory Turnover,,3.19,3.36,3.25,2.48,3.41,4.17,3.75,4.72,3.45,3.87,,
G50,XSES,Grand Banks Yachts Ltd,Consumer Cyclical,Leisure,,SGD,Fixed Assets Turnover,,3.91,2.92,3.27,2.56,3.23,3.02,2.28,3.26,3.51,2.83,,
G50,XSES,Grand Banks Yachts Ltd,Consumer Cyclical,Leisure,,SGD,Asset Turnover,,0.93,0.89,1.12,0.9,1.13,0.98,0.68,0.94,0.98,1.0,,
G92,XSES,China Aviation Oil (Singapore) Corp Ltd,Energy,Oil & Gas Refining & Marketing,,SGD,Return on Asset %,,8.12,5.24,5.26,5.66,2.99,2.36,2.21,3.58,4.15,5.19,,
G92,XSES,China Aviation Oil (Singapore) Corp Ltd,Energy,Oil & Gas Refining & Marketing,,SGD,Return on Equity %,,14.31,12.43,12.58,12.45,6.57,4.54,3.72,6.36,8.1,10.71,,
G92,XSES,China Aviation Oil (Singapore) Corp Ltd,Energy,Oil & Gas Refining & Marketing,,SGD,Return on Invested Capital %,,13.06,10.47,11.48,11.72,6.03,4.35,3.37,4.64,6.51,9.41,,
G92,XSES,China Aviation Oil (Singapore) Corp Ltd,Energy,Oil & Gas Refining & Marketing,,SGD,Days Sales Outstanding,,12.21,16.42,15.56,14.19,32.38,18.07,13.81,19.0,22.75,22.65,,
G92,XSES,China Aviation Oil (Singapore) Corp Ltd,Energy,Oil & Gas Refining & Marketing,,SGD,Days Inventory,,3.56,4.28,2.84,1.52,2.62,1.39,2.5,3.43,1.88,2.32,,
G92,XSES,China Aviation Oil (Singapore) Corp Ltd,Energy,Oil & Gas Refining & Marketing,,SGD,Payables Period,,10.1,15.85,15.26,13.89,28.92,14.88,11.05,15.08,19.34,22.2,,
G92,XSES,China Aviation Oil (Singapore) Corp Ltd,Energy,Oil & Gas Refining & Marketing,,SGD,Cash Conversion Cycle,,5.67,4.85,3.15,1.82,6.08,4.58,5.27,7.35,5.29,2.77,,
G92,XSES,China Aviation Oil (Singapore) Corp Ltd,Energy,Oil & Gas Refining & Marketing,,SGD,Recieveables Turnover,,29.91,22.22,23.45,25.73,11.27,20.2,26.42,19.21,16.04,16.11,,
G92,XSES,China Aviation Oil (Singapore) Corp Ltd,Energy,Oil & Gas Refining & Marketing,,SGD,Inventory Turnover,,102.47,85.34,128.36,239.43,139.57,262.19,146.02,106.37,194.39,157.66,,
G92,XSES,China Aviation Oil (Singapore) Corp Ltd,Energy,Oil & Gas Refining & Marketing,,SGD,Fixed Assets Turnover,,1972.23,2999.19,3948.65,1633.82,733.27,1310.16,937.33,753.94,814.26,944.91,,
G92,XSES,China Aviation Oil (Singapore) Corp Ltd,Energy,Oil & Gas Refining & Marketing,,SGD,Asset Turnover,,10.69,9.99,11.56,11.54,5.59,10.3,10.85,8.78,8.21,7.72,,
GEH,XSES,Goodwill Entertainment Holding Ltd,Communication Services,Entertainment,,SGD,Return on Asset %,,-,-,-,-,-,-37.71,9.71,10.79,9.49,3.04,,
GEH,XSES,Goodwill Entertainment Holding Ltd,Communication Services,Entertainment,,SGD,Return on Equity %,,-,-,-,-,-,-,-,58.46,31.71,8.87,,
GEH,XSES,Goodwill Entertainment Holding Ltd,Communication Services,Entertainment,,SGD,Return on Invested Capital %,,-,-,-,-,-,-,-,17.59,15.02,5.95,,
GEH,XSES,Goodwill Entertainment Holding Ltd,Communication Services,Entertainment,,SGD,Days Sales Outstanding,,-,-,-,-,-,32.18,4.86,8.46,4.69,4.81,,
GEH,XSES,Goodwill Entertainment Holding Ltd,Communication Services,Entertainment,,SGD,Days Inventory,,-,-,-,-,-,99.80,17.99,30.88,34.78,50.23,,
GEH,XSES,Goodwill Entertainment Holding Ltd,Communication Services,Entertainment,,SGD,Payables Period,,-,-,-,-,-,47.99,21.58,63.7,49.53,59.18,,
GEH,XSES,Goodwill Entertainment Holding Ltd,Communication Services,Entertainment,,SGD,Cash Conversion Cycle,,-,-,-,-,-,83.99,1.28,-24.37,-10.05,-4.13,,
GEH,XSES,Goodwill Entertainment Holding Ltd,Communication Services,Entertainment,,SGD,Recieveables Turnover,,-,-,-,-,-,11.34,75.04,43.15,77.76,75.81,,
GEH,XSES,Goodwill Entertainment Holding Ltd,Communication Services,Entertainment,,SGD,Inventory Turnover,,-,-,-,-,-,3.66,20.29,11.82,10.49,7.27,,
GEH,XSES,Goodwill Entertainment Holding Ltd,Communication Services,Entertainment,,SGD,Fixed Assets Turnover,,-,-,-,-,-,0.15,1.99,1.18,1.79,1.48,,
GEH,XSES,Goodwill Entertainment Holding Ltd,Communication Services,Entertainment,,SGD,Asset Turnover,,-,-,-,-,-,0.11,1.40,0.89,1.14,0.91,,
GOOG,XNAS,,,,,USD,Return on Asset %,,12.37,6.94,14.29,13.5,13.52,22.4,16.55,19.23,23.48,25.28,,
GOOG,XNAS,,,,,USD,Return on Equity %,,15.02,8.69,18.62,18.12,19.0,32.07,23.62,27.36,32.91,35.70,,
GOOG,XNAS,,,,,USD,Return on Invested Capital %,,14.02,7.98,17.26,16.15,16.63,28.36,20.66,23.67,29.16,31.42,,
GOOG,XNAS,,,,,USD,Days Sales Outstanding,,51.94,53.46,52.25,52.05,56.25,49.75,51.34,52.38,52.30,52.20,,
GOOG,XNAS,,,,,USD,Days Inventory,,2.78,4.07,5.69,5.35,3.72,3.12,5.55,-,-,-,,
GOOG,XNAS,,,,,USD,Payables Period,,20.63,20.73,23.03,25.23,24.02,19.13,16.15,17.28,19.31,22.67,,
GOOG,XNAS,,,,,USD,Cash Conversion Cycle,,34.1,36.8,34.91,32.17,35.95,33.75,40.74,-,-,-,,
GOOG,XNAS,,,,,USD,Recieveables Turnover,,7.03,6.83,6.99,7.01,6.49,7.34,7.11,6.97,6.98,6.99,,
GOOG,XNAS,,,,,USD,Inventory Turnover,,131.11,89.64,64.17,68.28,98.13,116.9,65.73,-,-,-,,
GOOG,XNAS,,,,,USD,Fixed Assets Turnover,,2.85,2.89,2.68,2.24,2.01,2.48,2.38,2.23,2.10,1.80,,
GOOG,XNAS,,,,,USD,Asset Turnover,,0.57,0.61,0.64,0.64,0.61,0.76,0.78,0.80,0.82,0.77,,
GOOGL,XNAS,,,,,USD,Return on Asset %,,12.37,6.94,14.29,13.5,13.52,22.4,16.55,19.23,23.48,25.28,,
GOOGL,XNAS,,,,,USD,Return on Equity %,,15.02,8.69,18.62,18.12,19.0,32.07,23.62,27.36,32.91,35.70,,
GOOGL,XNAS,,,,,USD,Return on Invested Capital %,,14.02,7.98,17.26,16.15,16.63,28.36,20.66,23.67,29.16,31.42,,
GOOGL,XNAS,,,,,USD,Days Sales Outstanding,,51.94,53.46,52.25,52.05,56.25,49.75,51.34,52.38,52.30,52.20,,
GOOGL,XNAS,,,,,USD,Days Inventory,,2.78,4.07,5.69,5.35,3.72,3.12,5.55,-,-,-,,
GOOGL,XNAS,,,,,USD,Payables Period,,20.63,20.73,23.03,25.23,24.02,19.13,16.15,17.28,19.31,22.67,,
GOOGL,XNAS,,,,,USD,Cash Conversion Cycle,,34.1,36.8,34.91,32.17,35.95,33.75,40.74,-,-,-,,
GOOGL,XNAS,,,,,USD,Recieveables Turnover,,7.03,6.83,6.99,7.01,6.49,7.34,7.11,6.97,6.98,6.99,,
GOOGL,XNAS,,,,,USD,Inventory Turnover,,131.11,89.64,64.17,68.28,98.13,116.9,65.73,-,-,-,,
GOOGL,XNAS,,,,,USD,Fixed Assets Turnover,,2.85,2.89,2.68,2.24,2.01,2.48,2.38,2.23,2.10,1.80,,
GOOGL,XNAS,,,,,USD,Asset Turnover,,0.57,0.61,0.64,0.64,0.61,0.76,0.78,0.80,0.82,0.77,,
GRQ,XSES,UpHealth Group Ltd Ordinary Shares,Healthcare,Medical Care Facilities,,SGD,Return on Asset %,,12.84,10.71,15.85,11.55,15.53,13.78,-2.12,-4.82,-34.38,-2.24,,
GRQ,XSES,UpHealth Group Ltd Ordinary Shares,Healthcare,Medical Care Facilities,,SGD,Return on Equity %,,26.65,17.4,22.46,15.58,21.52,18.6,-2.83,-6.57,-41.68,-2.30,,
GRQ,XSES,UpHealth Group Ltd Ordinary Shares,Healthcare,Medical Care Facilities,,SGD,Return on Invested Capital %,,20.53,13.83,18.6,14.79,18.56,16.69,-0.94,-4.53,-43.79,-9.32,,
GRQ,XSES,UpHealth Group Ltd Ordinary Shares,Healthcare,Medical Care Facilities,,SGD,Days Sales Outstanding,,9.77,8.6,2.0,6.82,8.1,1.36,0.77,1.49,-,-,,
GRQ,XSES,UpHealth Group Ltd Ordinary Shares,Healthcare,Medical Care Facilities,,SGD,Days Inventory,,165.35,285.55,389.27,212.89,341.42,427.12,290.69,291.65,-,-,,
GRQ,XSES,UpHealth Group Ltd Ordinary Shares,Healthcare,Medical Care Facilities,,SGD,Payables Period,,3.52,4.65,7.0,3.42,4.76,7.04,4.33,7.76,-,-,,
GRQ,XSES,UpHealth Group Ltd Ordinary Shares,Healthcare,Medical Care Facilities,,SGD,Cash Conversion Cycle,,171.6,289.5,384.27,216.3,344.76,421.43,287.14,285.38,-,-,,
GRQ,XSES,UpHealth Group Ltd Ordinary Shares,Healthcare,Medical Care Facilities,,SGD,Recieveables Turnover,,37.35,42.44,182.58,53.48,45.05,269.08,471.25,244.89,-,-,,
GRQ,XSES,UpHealth Group Ltd Ordinary Shares,Healthcare,Medical Care Facilities,,SGD,Inventory Turnover,,2.21,1.28,0.94,1.71,1.07,0.85,1.26,1.25,-,-,,
GRQ,XSES,UpHealth Group Ltd Ordinary Shares,Healthcare,Medical Care Facilities,,SGD,Fixed Assets Turnover,,2.64,1.86,2.12,2.6,1.82,1.01,0.8,0.65,-,-,,
GRQ,XSES,UpHealth Group Ltd Ordinary Shares,Healthcare,Medical Care Facilities,,SGD,Asset Turnover,,0.94,0.61,0.6,0.79,0.55,0.41,0.41,0.35,-,-,,
GU5,XSES,China Kunda Technology Holdings Ltd,Industrials,Electrical Equipment & Parts,,SGD,Return on Asset %,,4.99,2.88,8.05,-4.25,-10.11,-16.34,-30.06,-29.99,-29.42,-40.07,,
GU5,XSES,China Kunda Technology Holdings Ltd,Industrials,Electrical Equipment & Parts,,SGD,Return on Equity %,,13.99,7.38,16.74,-6.5,-12.5,-21.24,-40.24,-46.55,-73.45,-547.02,,
GU5,XSES,China Kunda Technology Holdings Ltd,Industrials,Electrical Equipment & Parts,,SGD,Return on Invested Capital %,,13.44,6.46,16.28,-7.4,-13.68,-21.45,-40.75,-46.91,-73.67,-547.54,,
GU5,XSES,China Kunda Technology Holdings Ltd,Industrials,Electrical Equipment & Parts,,SGD,Days Sales Outstanding,,72.73,76.15,189.41,110.64,79.77,151.03,214.29,96.79,113.24,91.43,,
GU5,XSES,China Kunda Technology Holdings Ltd,Industrials,Electrical Equipment & Parts,,SGD,Days Inventory,,60.96,61.69,144.56,36.97,54.76,55.15,46.77,23.65,44.98,44.24,,
GU5,XSES,China Kunda Technology Holdings Ltd,Industrials,Electrical Equipment & Parts,,SGD,Payables Period,,112.3,109.62,263.17,81.89,53.56,46.94,66.69,76.71,119.4,106.09,,
GU5,XSES,China Kunda Technology Holdings Ltd,Industrials,Electrical Equipment & Parts,,SGD,Cash Conversion Cycle,,21.4,28.22,70.8,65.71,80.96,159.24,194.37,43.74,38.82,29.58,,
GU5,XSES,China Kunda Technology Holdings Ltd,Industrials,Electrical Equipment & Parts,,SGD,Recieveables Turnover,,5.02,4.79,1.93,3.3,4.58,2.42,1.7,3.77,3.22,3.99,,
GU5,XSES,China Kunda Technology Holdings Ltd,Industrials,Electrical Equipment & Parts,,SGD,Inventory Turnover,,5.99,5.92,2.53,9.87,6.67,6.62,7.8,15.43,8.11,8.25,,
GU5,XSES,China Kunda Technology Holdings Ltd,Industrials,Electrical Equipment & Parts,,SGD,Fixed Assets Turnover,,15.64,12.74,5.42,8.69,7.71,9.67,10.32,6.49,4.16,6.8,,
GU5,XSES,China Kunda Technology Holdings Ltd,Industrials,Electrical Equipment & Parts,,SGD,Asset Turnover,,1.46,1.4,0.39,0.4,0.63,0.76,0.6,0.8,0.95,1.48,,
H02,XSES,Haw Par Corp Ltd,Healthcare,Drug Manufacturers - General,,SGD,Return on Asset %,,4.69,4.15,5.55,5.81,3.87,3.53,4.28,5.98,5.8,6.11,,
H02,XSES,Haw Par Corp Ltd,Healthcare,Drug Manufacturers - General,,SGD,Return on Equity %,,4.99,4.4,5.81,5.99,3.96,3.61,4.39,6.17,5.99,6.29,,
H02,XSES,Haw Par Corp Ltd,Healthcare,Drug Manufacturers - General,,SGD,Return on Invested Capital %,,4.8,4.23,5.54,5.71,3.82,3.61,4.38,6.16,5.99,6.26,,
H02,XSES,Haw Par Corp Ltd,Healthcare,Drug Manufacturers - General,,SGD,Days Sales Outstanding,,46.66,45.78,48.65,44.41,58.65,47.9,44.73,44.56,55.99,56.55,,
H02,XSES,Haw Par Corp Ltd,Healthcare,Drug Manufacturers - General,,SGD,Days Inventory,,57.27,64.85,82.46,77.89,104.03,77.01,70.84,71.84,69.72,81.42,,
H02,XSES,Haw Par Corp Ltd,Healthcare,Drug Manufacturers - General,,SGD,Payables Period,,20.53,21.07,21.26,15.87,18.05,16.61,15.03,13.99,13.79,13.75,,
H02,XSES,Haw Par Corp Ltd,Healthcare,Drug Manufacturers - General,,SGD,Cash Conversion Cycle,,83.4,89.56,109.85,106.44,144.63,108.3,100.54,102.41,111.92,124.22,,
H02,XSES,Haw Par Corp Ltd,Healthcare,Drug Manufacturers - General,,SGD,Recieveables Turnover,,7.82,7.97,7.5,8.22,6.22,7.62,8.16,8.19,6.52,6.45,,
H02,XSES,Haw Par Corp Ltd,Healthcare,Drug Manufacturers - General,,SGD,Inventory Turnover,,6.37,5.63,4.43,4.69,3.51,4.74,5.15,5.08,5.24,4.48,,
H02,XSES,Haw Par Corp Ltd,Healthcare,Drug Manufacturers - General,,SGD,Fixed Assets Turnover,,8.43,8.57,8.56,9.07,3.84,4.48,4.42,4.64,4.91,4.6,,
H02,XSES,Haw Par Corp Ltd,Healthcare,Drug Manufacturers - General,,SGD,Asset Turnover,,0.08,0.07,0.07,0.08,0.04,0.05,0.05,0.06,0.06,0.05,,
H07,XSES,Stamford Land Corp Ltd,Consumer Cyclical,Lodging,,SGD,Return on Asset %,,2.66,3.88,6.62,6.56,2.92,0.76,2.55,12.09,0.53,3.0,,
H07,XSES,Stamford Land Corp Ltd,Consumer Cyclical,Lodging,,SGD,Return on Equity %,,4.93,7.31,11.13,9.22,5.02,1.64,4.85,18.19,0.68,3.78,,
H07,XSES,Stamford Land Corp Ltd,Consumer Cyclical,Lodging,,SGD,Return on Invested Capital %,,3.89,4.97,7.6,6.69,4.42,1.76,3.56,14.41,-0.17,2.62,,
H07,XSES,Stamford Land Corp Ltd,Consumer Cyclical,Lodging,,SGD,Days Sales Outstanding,,10.09,6.43,5.88,10.33,14.16,20.06,17.14,25.88,26.45,17.47,,
H07,XSES,Stamford Land Corp Ltd,Consumer Cyclical,Lodging,,SGD,Days Inventory,,14.38,4.18,100.92,274.24,503.1,600.13,533.7,400.72,91.9,36.83,,
H07,XSES,Stamford Land Corp Ltd,Consumer Cyclical,Lodging,,SGD,Payables Period,,235.66,94.78,39.22,12.34,65.87,103.13,92.98,75.36,63.1,125.46,,
H07,XSES,Stamford Land Corp Ltd,Consumer Cyclical,Lodging,,SGD,Cash Conversion Cycle,,-211.2,-84.16,67.58,272.23,451.4,517.06,457.86,351.24,55.25,-71.15,,
H07,XSES,Stamford Land Corp Ltd,Consumer Cyclical,Lodging,,SGD,Recieveables Turnover,,36.18,56.73,62.03,35.32,25.78,18.19,21.3,14.1,13.8,20.89,,
H07,XSES,Stamford Land Corp Ltd,Consumer Cyclical,Lodging,,SGD,Inventory Turnover,,25.38,87.29,3.62,1.33,0.73,0.61,0.68,0.91,3.97,9.91,,
H07,XSES,Stamford Land Corp Ltd,Consumer Cyclical,Lodging,,SGD,Fixed Assets Turnover,,0.62,0.86,1.25,0.89,0.56,0.29,0.4,0.48,0.65,0.66,,
H07,XSES,Stamford Land Corp Ltd,Consumer Cyclical,Lodging,,SGD,Asset Turnover,,0.27,0.35,0.53,0.42,0.23,0.11,0.13,0.12,0.14,0.14,,
H12,XSES,Hotel Royal Ltd,Consumer Cyclical,Lodging,,SGD,Return on Asset %,,1.07,1.03,0.89,0.59,-2.57,-1.39,-0.42,0.31,0.77,1.09,,
H12,XSES,Hotel Royal Ltd,Consumer Cyclical,Lodging,,SGD,Return on Equity %,,1.43,1.38,1.13,0.72,-3.18,-1.85,-0.58,0.4,0.99,1.38,,
H12,XSES,Hotel Royal Ltd,Consumer Cyclical,Lodging,,SGD,Return on Invested Capital %,,1.59,1.51,1.32,1.04,-2.36,-0.99,0.18,1.09,1.39,1.61,,
H12,XSES,Hotel Royal Ltd,Consumer Cyclical,Lodging,,SGD,Days Sales Outstanding,,23.6,21.78,20.71,18.47,28.59,37.65,23.12,13.89,13.19,12.35,,
H12,XSES,Hotel Royal Ltd,Consumer Cyclical,Lodging,,SGD,Days Inventory,,10.12,9.82,11.95,13.21,17.99,16.88,12.05,10.46,10.95,8.42,,
H12,XSES,Hotel Royal Ltd,Consumer Cyclical,Lodging,,SGD,Payables Period,,55.86,41.29,44.41,59.04,75.75,65.12,62.16,51.91,54.95,35.23,,
H12,XSES,Hotel Royal Ltd,Consumer Cyclical,Lodging,,SGD,Cash Conversion Cycle,,-22.15,-9.7,-11.76,-27.37,-29.17,-10.58,-26.99,-27.56,-30.81,-14.46,,
H12,XSES,Hotel Royal Ltd,Consumer Cyclical,Lodging,,SGD,Recieveables Turnover,,15.47,16.76,17.62,19.76,12.77,9.69,15.79,26.27,27.68,29.55,,
H12,XSES,Hotel Royal Ltd,Consumer Cyclical,Lodging,,SGD,Inventory Turnover,,36.08,37.19,30.55,27.63,20.28,21.62,30.29,34.88,33.33,43.36,,
H12,XSES,Hotel Royal Ltd,Consumer Cyclical,Lodging,,SGD,Fixed Assets Turnover,,0.1,0.1,0.1,0.09,0.05,0.04,0.07,0.09,0.1,0.1,,
H12,XSES,Hotel Royal Ltd,Consumer Cyclical,Lodging,,SGD,Asset Turnover,,0.08,0.08,0.08,0.07,0.04,0.03,0.05,0.07,0.08,0.08,,
H13,XSES,Ho Bee Land Ltd,Real Estate,Real Estate - Diversified,,SGD,Return on Asset %,,4.84,5.53,5.1,5.46,2.19,5.06,2.31,-3.57,1.62,1.53,,
H13,XSES,Ho Bee Land Ltd,Real Estate,Real Estate - Diversified,,SGD,Return on Equity %,,7.55,8.24,8.42,9.74,3.83,8.75,4.23,-6.92,3.01,2.69,,
H13,XSES,Ho Bee Land Ltd,Real Estate,Real Estate - Diversified,,SGD,Return on Invested Capital %,,5.63,6.22,5.96,6.48,2.87,5.88,3.6,-1.84,3.39,2.99,,
H13,XSES,Ho Bee Land Ltd,Real Estate,Real Estate - Diversified,,SGD,Days Sales Outstanding,,1.81,6.86,8.76,10.55,23.4,17.37,12.27,21.31,23.36,31.11,,
H13,XSES,Ho Bee Land Ltd,Real Estate,Real Estate - Diversified,,SGD,Days Inventory,,737.89,2771.62,2837.6,3656.56,5112.7,877.2,1112.3,1236.5,726.79,883.11,,
H13,XSES,Ho Bee Land Ltd,Real Estate,Real Estate - Diversified,,SGD,Payables Period,,46.08,219.41,321.18,437.76,586.66,114.21,100.51,93.53,65.44,71.98,,
H13,XSES,Ho Bee Land Ltd,Real Estate,Real Estate - Diversified,,SGD,Cash Conversion Cycle,,693.62,2559.07,2525.18,3229.35,4549.44,780.36,1024.07,1164.28,684.71,842.23,,
H13,XSES,Ho Bee Land Ltd,Real Estate,Real Estate - Diversified,,SGD,Recieveables Turnover,,201.76,53.19,41.67,34.6,15.6,21.01,29.74,17.13,15.62,11.73,,
H13,XSES,Ho Bee Land Ltd,Real Estate,Real Estate - Diversified,,SGD,Inventory Turnover,,0.49,0.13,0.13,0.1,0.07,0.42,0.33,0.3,0.5,0.41,,
H13,XSES,Ho Bee Land Ltd,Real Estate,Real Estate - Diversified,,SGD,Fixed Assets Turnover,,13.34,6.7,6.91,6.52,3.21,4.83,8.87,8.12,10.13,8.94,,
H13,XSES,Ho Bee Land Ltd,Real Estate,Real Estate - Diversified,,SGD,Asset Turnover,,0.07,0.04,0.04,0.03,0.03,0.05,0.06,0.06,0.08,0.07,,
H15,XSES,Hotel Properties Ltd,Consumer Cyclical,Lodging,,SGD,Return on Asset %,,2.96,5.06,3.51,1.46,-5.54,-0.63,1.78,13.78,0.46,-1.22,,
H15,XSES,Hotel Properties Ltd,Consumer Cyclical,Lodging,,SGD,Return on Equity %,,4.94,8.24,5.41,2.19,-8.79,-1.07,3.46,26.89,0.87,-2.4,,
H15,XSES,Hotel Properties Ltd,Consumer Cyclical,Lodging,,SGD,Return on Invested Capital %,,4.03,6.3,4.6,2.42,-5.0,0.22,3.2,17.47,2.32,0.8,,
H15,XSES,Hotel Properties Ltd,Consumer Cyclical,Lodging,,SGD,Days Sales Outstanding,,27.15,31.73,22.46,14.77,30.12,49.87,54.05,29.32,12.6,12.64,,
H15,XSES,Hotel Properties Ltd,Consumer Cyclical,Lodging,,SGD,Days Inventory,,155.44,76.87,30.48,18.75,27.85,23.13,18.2,16.44,15.81,15.12,,
H15,XSES,Hotel Properties Ltd,Consumer Cyclical,Lodging,,SGD,Payables Period,,56.09,48.9,57.05,62.65,87.91,75.1,72.61,71.59,65.57,62.77,,
H15,XSES,Hotel Properties Ltd,Consumer Cyclical,Lodging,,SGD,Cash Conversion Cycle,,126.5,59.7,-4.11,-29.13,-29.94,-2.1,-0.36,-25.82,-37.16,-35.01,,
H15,XSES,Hotel Properties Ltd,Consumer Cyclical,Lodging,,SGD,Recieveables Turnover,,13.45,11.5,16.25,24.71,12.12,7.32,6.75,12.45,28.96,28.88,,
H15,XSES,Hotel Properties Ltd,Consumer Cyclical,Lodging,,SGD,Inventory Turnover,,2.35,4.75,11.97,19.46,13.1,15.78,20.06,22.2,23.09,24.14,,
H15,XSES,Hotel Properties Ltd,Consumer Cyclical,Lodging,,SGD,Fixed Assets Turnover,,0.47,0.5,0.41,0.36,0.16,0.22,0.33,0.39,0.39,0.41,,
H15,XSES,Hotel Properties Ltd,Consumer Cyclical,Lodging,,SGD,Asset Turnover,,0.18,0.2,0.18,0.17,0.07,0.1,0.14,0.16,0.16,0.16,,
H18,XSES,Hotel Grand Central Ltd,Consumer Cyclical,Lodging,,SGD,Return on Asset %,,3.23,2.36,1.61,1.65,2.4,0.92,0.06,0.76,-0.91,-1.84,,
H18,XSES,Hotel Grand Central Ltd,Consumer Cyclical,Lodging,,SGD,Return on Equity %,,4.1,2.92,1.93,1.94,2.78,1.05,0.06,0.89,-1.08,-2.2,,
H18,XSES,Hotel Grand Central Ltd,Consumer Cyclical,Lodging,,SGD,Return on Invested Capital %,,3.59,2.68,1.76,1.81,2.69,1.02,-0.14,0.28,-1.57,-2.45,,
H18,XSES,Hotel Grand Central Ltd,Consumer Cyclical,Lodging,,SGD,Days Sales Outstanding,,17.16,14.29,12.25,10.52,21.76,24.31,17.47,10.98,10.08,7.78,,
H18,XSES,Hotel Grand Central Ltd,Consumer Cyclical,Lodging,,SGD,Days Inventory,,3.77,3.51,3.18,2.14,4.4,4.02,4.03,3.79,3.82,3.87,,
H18,XSES,Hotel Grand Central Ltd,Consumer Cyclical,Lodging,,SGD,Payables Period,,32.96,33.33,23.4,17.12,35.65,26.35,31.82,29.27,23.25,26.11,,
H18,XSES,Hotel Grand Central Ltd,Consumer Cyclical,Lodging,,SGD,Cash Conversion Cycle,,-12.04,-15.53,-7.98,-4.46,-9.49,1.99,-10.32,-14.49,-9.34,-14.45,,
H18,XSES,Hotel Grand Central Ltd,Consumer Cyclical,Lodging,,SGD,Recieveables Turnover,,21.28,25.54,29.81,34.69,16.77,15.01,20.9,33.24,36.2,46.91,,
H18,XSES,Hotel Grand Central Ltd,Consumer Cyclical,Lodging,,SGD,Inventory Turnover,,96.91,103.92,114.73,170.53,82.89,90.78,90.6,96.22,95.46,94.2,,
H18,XSES,Hotel Grand Central Ltd,Consumer Cyclical,Lodging,,SGD,Fixed Assets Turnover,,0.14,0.16,0.15,0.14,0.09,0.12,0.14,0.14,0.13,0.14,,
H18,XSES,Hotel Grand Central Ltd,Consumer Cyclical,Lodging,,SGD,Asset Turnover,,0.09,0.1,0.1,0.1,0.06,0.08,0.09,0.1,0.09,0.1,,
H20,XSES,Hoe Leong Corp Ltd,Industrials,Industrial Distribution,,SGD,Return on Asset %,,-31.75,-48.98,12.40,-26.92,4.41,4.69,1.75,0.56,1.62,1.1,,
H20,XSES,Hoe Leong Corp Ltd,Industrials,Industrial Distribution,,SGD,Return on Equity %,,-108.38,-,-,-108.19,24.33,17.2,4.16,1.01,2.86,1.85,,
H20,XSES,Hoe Leong Corp Ltd,Industrials,Industrial Distribution,,SGD,Return on Invested Capital %,,-35.06,-,-,-33.23,7.65,7.93,3.38,1.9,3.16,2.27,,
H20,XSES,Hoe Leong Corp Ltd,Industrials,Industrial Distribution,,SGD,Days Sales Outstanding,,175.01,116.41,83.54,83.33,78.16,82.76,96.53,92.63,97.38,108.6,,
H20,XSES,Hoe Leong Corp Ltd,Industrials,Industrial Distribution,,SGD,Days Inventory,,200.42,168.26,144.76,130.2,189.74,170.28,171.64,208.88,208.33,241.47,,
H20,XSES,Hoe Leong Corp Ltd,Industrials,Industrial Distribution,,SGD,Payables Period,,139.8,90.47,41.68,42.16,55.78,37.72,29.91,31.79,32.13,37.64,,
H20,XSES,Hoe Leong Corp Ltd,Industrials,Industrial Distribution,,SGD,Cash Conversion Cycle,,235.64,194.20,186.62,171.37,212.12,215.33,238.25,269.72,273.58,312.44,,
H20,XSES,Hoe Leong Corp Ltd,Industrials,Industrial Distribution,,SGD,Recieveables Turnover,,2.09,3.14,4.37,4.38,4.67,4.41,3.78,3.94,3.75,3.36,,
H20,XSES,Hoe Leong Corp Ltd,Industrials,Industrial Distribution,,SGD,Inventory Turnover,,1.82,2.17,2.52,2.8,1.92,2.14,2.13,1.75,1.75,1.51,,
H20,XSES,Hoe Leong Corp Ltd,Industrials,Industrial Distribution,,SGD,Fixed Assets Turnover,,0.79,1.29,2.55,3.2,3.83,4.71,4.74,4.76,5.59,4.91,,
H20,XSES,Hoe Leong Corp Ltd,Industrials,Industrial Distribution,,SGD,Asset Turnover,,0.39,0.64,1.00,1.0,0.91,1.03,0.92,0.89,0.98,0.89,,
H22,XSES,Hong Leong Asia Ltd,Consumer Cyclical,Auto Manufacturers,,SGD,Return on Asset %,,-1.44,-1.35,-0.12,0.69,0.85,1.01,0.96,1.2,1.55,1.81,,
H22,XSES,Hong Leong Asia Ltd,Consumer Cyclical,Auto Manufacturers,,SGD,Return on Equity %,,-9.62,-10.1,-0.88,4.56,5.68,6.55,5.87,7.11,9.07,10.72,,
H22,XSES,Hong Leong Asia Ltd,Consumer Cyclical,Auto Manufacturers,,SGD,Return on Invested Capital %,,-2.77,-2.55,1.5,4.2,4.61,4.75,4.26,5.05,6.01,6.72,,
H22,XSES,Hong Leong Asia Ltd,Consumer Cyclical,Auto Manufacturers,,SGD,Days Sales Outstanding,,29.38,21.04,18.85,21.25,19.19,16.1,34.51,37.57,36.38,40.1,,
H22,XSES,Hong Leong Asia Ltd,Consumer Cyclical,Auto Manufacturers,,SGD,Days Inventory,,61.63,62.93,71.19,62.72,75.82,93.86,126.77,108.21,98.96,90.65,,
H22,XSES,Hong Leong Asia Ltd,Consumer Cyclical,Auto Manufacturers,,SGD,Payables Period,,140.5,141.37,136.91,122.98,136.5,138.69,171.46,156.86,162.34,167.01,,
H22,XSES,Hong Leong Asia Ltd,Consumer Cyclical,Auto Manufacturers,,SGD,Cash Conversion Cycle,,-49.48,-57.4,-46.86,-39.01,-41.5,-28.73,-10.18,-11.07,-27.0,-36.26,,
H22,XSES,Hong Leong Asia Ltd,Consumer Cyclical,Auto Manufacturers,,SGD,Recieveables Turnover,,12.42,17.35,19.36,17.18,19.02,22.67,10.58,9.71,10.03,9.1,,
H22,XSES,Hong Leong Asia Ltd,Consumer Cyclical,Auto Manufacturers,,SGD,Inventory Turnover,,5.92,5.8,5.13,5.82,4.81,3.89,2.88,3.37,3.69,4.03,,
H22,XSES,Hong Leong Asia Ltd,Consumer Cyclical,Auto Manufacturers,,SGD,Fixed Assets Turnover,,3.2,3.8,3.99,4.16,4.11,4.36,3.58,4.27,4.78,5.81,,
H22,XSES,Hong Leong Asia Ltd,Consumer Cyclical,Auto Manufacturers,,SGD,Asset Turnover,,0.75,0.82,0.76,0.83,0.82,0.83,0.69,0.76,0.75,0.83,,
H30,XSES,Hong Fok Corp Ltd,Real Estate,Real Estate Services,,SGD,Return on Asset %,,2.56,5.9,5.8,3.29,-0.25,1.13,6.25,2.43,0.65,0.78,,
H30,XSES,Hong Fok Corp Ltd,Real Estate,Real Estate Services,,SGD,Return on Equity %,,4.81,10.91,10.48,5.79,-0.44,1.96,10.45,3.91,1.03,1.23,,
H30,XSES,Hong Fok Corp Ltd,Real Estate,Real Estate Services,,SGD,Return on Invested Capital %,,4.09,8.31,8.22,5.08,0.27,1.94,8.55,4.12,1.84,1.64,,
H30,XSES,Hong Fok Corp Ltd,Real Estate,Real Estate Services,,SGD,Days Sales Outstanding,,8.44,8.5,3.92,3.26,6.73,5.55,1.78,2.01,2.2,3.43,,
H30,XSES,Hong Fok Corp Ltd,Real Estate,Real Estate Services,,SGD,Days Inventory,,12467.24,5847.73,2022.52,2559.97,4421.84,2546.14,1104.96,1946.05,1784.9,2351.87,,
H30,XSES,Hong Fok Corp Ltd,Real Estate,Real Estate Services,,SGD,Payables Period,,667.23,314.43,84.24,93.96,152.83,69.33,20.5,57.09,75.37,93.9,,
H30,XSES,Hong Fok Corp Ltd,Real Estate,Real Estate Services,,SGD,Cash Conversion Cycle,,11808.45,5541.8,1942.19,2469.27,4275.74,2482.36,1086.23,1890.97,1711.73,2261.4,,
H30,XSES,Hong Fok Corp Ltd,Real Estate,Real Estate Services,,SGD,Recieveables Turnover,,43.27,42.94,93.16,112.01,54.21,65.72,205.64,181.76,165.85,106.38,,
H30,XSES,Hong Fok Corp Ltd,Real Estate,Real Estate Services,,SGD,Inventory Turnover,,0.03,0.06,0.18,0.14,0.08,0.14,0.33,0.19,0.2,0.16,,
H30,XSES,Hong Fok Corp Ltd,Real Estate,Real Estate Services,,SGD,Fixed Assets Turnover,,25.82,32.62,51.75,27.17,17.43,24.16,51.73,56.86,45.81,35.89,,
H30,XSES,Hong Fok Corp Ltd,Real Estate,Real Estate Services,,SGD,Asset Turnover,,0.02,0.02,0.04,0.03,0.02,0.03,0.04,0.03,0.03,0.03,,
H78,XSES,Hongkong Land Holdings Ltd,Real Estate,Real Estate - Development,,SGD,Return on Asset %,,9.38,13.98,5.59,0.44,-5.91,-0.79,0.47,-1.4,-3.47,3.19,,
H78,XSES,Hongkong Land Holdings Ltd,Real Estate,Real Estate - Development,,SGD,Return on Equity %,,11.16,16.41,6.54,0.52,-7.16,-0.99,0.6,-1.78,-4.47,4.16,,
H78,XSES,Hongkong Land Holdings Ltd,Real Estate,Real Estate - Development,,SGD,Return on Invested Capital %,,10.0,14.79,6.07,0.67,-5.99,-0.57,0.72,-1.14,-3.38,3.85,,
H78,XSES,Hongkong Land Holdings Ltd,Real Estate,Real Estate - Development,,SGD,Days Sales Outstanding,,76.52,91.14,95.21,159.98,193.72,161.59,102.28,59.63,65.91,88.58,,
H78,XSES,Hongkong Land Holdings Ltd,Real Estate,Real Estate - Development,,SGD,Days Inventory,,975.04,929.02,576.79,742.28,741.22,699.25,877.11,1165.95,762.33,645.82,,
H78,XSES,Hongkong Land Holdings Ltd,Real Estate,Real Estate - Development,,SGD,Payables Period,,588.05,622.71,387.14,516.02,563.29,535.4,575.91,673.77,482.9,586.16,,
H78,XSES,Hongkong Land Holdings Ltd,Real Estate,Real Estate - Development,,SGD,Cash Conversion Cycle,,463.51,397.45,284.86,386.25,371.66,325.44,403.48,551.82,345.35,148.24,,
H78,XSES,Hongkong Land Holdings Ltd,Real Estate,Real Estate - Development,,SGD,Recieveables Turnover,,4.77,4.0,3.83,2.28,1.88,2.26,3.57,6.12,5.54,4.12,,
H78,XSES,Hongkong Land Holdings Ltd,Real Estate,Real Estate - Development,,SGD,Inventory Turnover,,0.37,0.39,0.63,0.49,0.49,0.52,0.42,0.31,0.48,0.57,,
H78,XSES,Hongkong Land Holdings Ltd,Real Estate,Real Estate - Development,,SGD,Fixed Assets Turnover,,50.54,25.82,22.16,16.95,15.09,17.17,16.94,15.59,9.55,4.28,,
H78,XSES,Hongkong Land Holdings Ltd,Real Estate,Real Estate - Development,,SGD,Asset Turnover,,0.06,0.05,0.06,0.05,0.05,0.05,0.05,0.04,0.05,0.04,,
HBBD,XSES,Alibaba Group Holding Ltd SGDR,Consumer Cyclical,Internet Retail,,SGD,Return on Asset %,,23.06,10.03,10.46,10.41,13.1,10.01,3.66,4.21,4.53,7.26,,
HBBD,XSES,Alibaba Group Holding Ltd SGDR,Consumer Cyclical,Internet Retail,,SGD,Return on Equity %,,39.43,17.62,19.85,20.42,23.93,17.76,6.57,7.48,8.07,12.97,,
HBBD,XSES,Alibaba Group Holding Ltd SGDR,Consumer Cyclical,Internet Retail,,SGD,Return on Invested Capital %,,11.08,12.13,9.72,9.89,11.72,9.33,6.97,7.5,7.88,9.87,,
HBBD,XSES,Alibaba Group Holding Ltd SGDR,Consumer Cyclical,Internet Retail,,SGD,Days Sales Outstanding,,4.11,6.45,8.51,10.2,12.02,11.92,12.81,13.64,12.18,11.33,,
HBBD,XSES,Alibaba Group Holding Ltd SGDR,Consumer Cyclical,Internet Retail,,SGD,Days Inventory,,-,-,15.46,11.53,15.12,18.51,19.6,19.47,16.81,13.53,,
HBBD,XSES,Alibaba Group Holding Ltd SGDR,Consumer Cyclical,Internet Retail,,SGD,Payables Period,,71.64,87.42,103.19,81.42,97.2,102.02,100.15,106.22,106.26,115.5,,
HBBD,XSES,Alibaba Group Holding Ltd SGDR,Consumer Cyclical,Internet Retail,,SGD,Cash Conversion Cycle,,-,-,-79.22,-59.7,-70.07,-71.59,-67.74,-73.11,-77.27,-90.64,,
HBBD,XSES,Alibaba Group Holding Ltd SGDR,Consumer Cyclical,Internet Retail,,SGD,Recieveables Turnover,,88.88,56.56,42.88,35.8,30.38,30.61,28.49,26.75,29.96,32.21,,
HBBD,XSES,Alibaba Group Holding Ltd SGDR,Consumer Cyclical,Internet Retail,,SGD,Inventory Turnover,,-,-,23.6,31.67,24.14,19.72,18.62,18.75,21.71,26.98,,
HBBD,XSES,Alibaba Group Holding Ltd SGDR,Consumer Cyclical,Internet Retail,,SGD,Fixed Assets Turnover,,8.88,9.36,5.77,4.75,4.43,4.01,3.61,3.4,3.55,3.81,,
HBBD,XSES,Alibaba Group Holding Ltd SGDR,Consumer Cyclical,Internet Retail,,SGD,Asset Turnover,,0.33,0.36,0.41,0.45,0.45,0.48,0.5,0.5,0.54,0.56,,
HBND,XSES,Bank Of China Ltd SGDR,Financial Services,Banks - Diversified,,SGD,Return on Asset %,,0.94,0.92,0.88,0.85,0.82,0.85,0.82,0.76,0.70,0.66,,
HBND,XSES,Bank Of China Ltd SGDR,Financial Services,Banks - Diversified,,SGD,Return on Equity %,,13.08,12.73,12.38,11.69,10.77,10.84,10.31,9.63,9.14,8.59,,
HBND,XSES,Bank Of China Ltd SGDR,Financial Services,Banks - Diversified,,SGD,Return on Invested Capital %,,-,-,-,-,-,-,-,-,-,-,,
HBND,XSES,Bank Of China Ltd SGDR,Financial Services,Banks - Diversified,,SGD,Days Sales Outstanding,,-,-,-,-,-,-,-,-,-,-,,
HBND,XSES,Bank Of China Ltd SGDR,Financial Services,Banks - Diversified,,SGD,Days Inventory,,-,-,-,-,-,-,-,-,-,-,,
HBND,XSES,Bank Of China Ltd SGDR,Financial Services,Banks - Diversified,,SGD,Payables Period,,-,-,-,-,-,-,-,-,-,-,,
HBND,XSES,Bank Of China Ltd SGDR,Financial Services,Banks - Diversified,,SGD,Cash Conversion Cycle,,-,-,-,-,-,-,-,-,-,-,,
HBND,XSES,Bank Of China Ltd SGDR,Financial Services,Banks - Diversified,,SGD,Recieveables Turnover,,-,-,-,-,-,-,-,-,-,-,,
HBND,XSES,Bank Of China Ltd SGDR,Financial Services,Banks - Diversified,,SGD,Inventory Turnover,,-,-,-,-,-,-,-,-,-,-,,
HBND,XSES,Bank Of China Ltd SGDR,Financial Services,Banks - Diversified,,SGD,Fixed Assets Turnover,,2.56,2.41,2.32,2.22,2.10,2.25,2.32,2.34,2.37,2.43,,
HBND,XSES,Bank Of China Ltd SGDR,Financial Services,Banks - Diversified,,SGD,Asset Turnover,,0.03,0.03,0.02,0.02,0.02,0.02,0.02,0.02,0.02,0.02,,
HHZD,XSES,Horizon Robotics SGDR,Technology,Software - Application,,SGD,Return on Asset %,,-,-,-,-,-,-19.45,-85.10,-52.30,12.95,-41.06,,
HHZD,XSES,Horizon Robotics SGDR,Technology,Software - Application,,SGD,Return on Equity %,,-,-,-,-,-,-,-,-,-,-85.28,,
HHZD,XSES,Horizon Robotics SGDR,Technology,Software - Application,,SGD,Return on Invested Capital %,,-,-,-,-,-,-,-,-,-,-48.23,,
HHZD,XSES,Horizon Robotics SGDR,Technology,Software - Application,,SGD,Days Sales Outstanding,,-,-,-,-,-,130.61,104.58,104.64,93.14,118.43,,
HHZD,XSES,Horizon Robotics SGDR,Technology,Software - Application,,SGD,Days Inventory,,-,-,-,-,-,305.89,312.26,459.46,456.00,213.65,,
HHZD,XSES,Horizon Robotics SGDR,Technology,Software - Application,,SGD,Payables Period,,-,-,-,-,-,21.62,7.79,5.98,8.66,34.09,,
HHZD,XSES,Horizon Robotics SGDR,Technology,Software - Application,,SGD,Cash Conversion Cycle,,-,-,-,-,-,414.88,409.06,558.12,540.48,297.98,,
HHZD,XSES,Horizon Robotics SGDR,Technology,Software - Application,,SGD,Recieveables Turnover,,-,-,-,-,-,2.79,3.49,3.49,3.92,3.08,,
HHZD,XSES,Horizon Robotics SGDR,Technology,Software - Application,,SGD,Inventory Turnover,,-,-,-,-,-,1.19,1.17,0.79,0.80,1.71,,
HHZD,XSES,Horizon Robotics SGDR,Technology,Software - Application,,SGD,Fixed Assets Turnover,,-,-,-,-,-,1.93,2.62,2.96,3.10,3.54,,
HHZD,XSES,Horizon Robotics SGDR,Technology,Software - Application,,SGD,Asset Turnover,,-,-,-,-,-,0.04,0.09,0.12,0.13,0.15,,
HJDD,XSES,JD.com Inc SGDR,Consumer Cyclical,Internet Retail,,SGD,Return on Asset %,,-3.1,-0.09,-1.27,5.2,14.49,-0.77,1.9,3.95,6.23,2.82,,
HJDD,XSES,JD.com Inc SGDR,Consumer Cyclical,Internet Retail,,SGD,Return on Equity %,,-11.82,-0.35,-4.46,17.21,36.68,-1.8,4.92,10.86,17.55,8.45,,
HJDD,XSES,JD.com Inc SGDR,Consumer Cyclical,Internet Retail,,SGD,Return on Invested Capital %,,-7.99,-1.92,-4.58,12.89,29.92,-2.51,3.01,6.65,11.36,4.21,,
HJDD,XSES,JD.com Inc SGDR,Consumer Cyclical,Internet Retail,,SGD,Days Sales Outstanding,,18.75,16.97,10.94,5.53,3.26,3.65,5.66,6.88,7.23,7.38,,
HJDD,XSES,JD.com Inc SGDR,Consumer Cyclical,Internet Retail,,SGD,Days Inventory,,40.89,41.37,39.5,37.79,33.5,29.85,31.17,28.81,29.46,30.68,,
HJDD,XSES,JD.com Inc SGDR,Consumer Cyclical,Internet Retail,,SGD,Payables Period,,61.03,69.32,71.11,63.15,56.54,54.87,61.11,64.47,67.21,63.31,,
HJDD,XSES,JD.com Inc SGDR,Consumer Cyclical,Internet Retail,,SGD,Cash Conversion Cycle,,-1.39,-10.98,-20.66,-19.84,-19.79,-21.37,-24.28,-28.79,-30.52,-25.25,,
HJDD,XSES,JD.com Inc SGDR,Consumer Cyclical,Internet Retail,,SGD,Recieveables Turnover,,19.46,21.5,33.36,66.01,112.13,100.1,64.43,53.07,50.5,49.47,,
HJDD,XSES,JD.com Inc SGDR,Consumer Cyclical,Internet Retail,,SGD,Inventory Turnover,,8.93,8.82,9.24,9.66,10.9,12.23,11.71,12.67,12.39,11.9,,
HJDD,XSES,JD.com Inc SGDR,Consumer Cyclical,Internet Retail,,SGD,Fixed Assets Turnover,,24.4,20.91,15.16,13.72,16.22,18.17,14.21,11.46,10.82,10.8,,
HJDD,XSES,JD.com Inc SGDR,Consumer Cyclical,Internet Retail,,SGD,Asset Turnover,,2.12,2.1,2.35,2.46,2.19,2.07,1.92,1.77,1.75,1.88,,
HKB,XSES,AMTD IDEA Group Ordinary Shares Class A,Financial Services,Asset Management,,SGD,Return on Asset %,,-,12.78,7.11,12.23,11.30,12.69,14.83,10.56,2.63,1.90,,
HKB,XSES,AMTD IDEA Group Ordinary Shares Class A,Financial Services,Asset Management,,SGD,Return on Equity %,,-,45.06,19.34,19.83,12.83,14.10,16.62,11.92,3.25,2.49,,
HKB,XSES,AMTD IDEA Group Ordinary Shares Class A,Financial Services,Asset Management,,SGD,Return on Invested Capital %,,-,33.67,17.26,18.37,11.61,12.22,14.93,10.80,2.54,1.08,,
HKB,XSES,AMTD IDEA Group Ordinary Shares Class A,Financial Services,Asset Management,,SGD,Days Sales Outstanding,,-,33.00,63.57,2361.28,98.98,35.10,45.53,30.40,42.37,45.11,,
HKB,XSES,AMTD IDEA Group Ordinary Shares Class A,Financial Services,Asset Management,,SGD,Days Inventory,,-,-,-,-,-,-,-,-,-,-,,
HKB,XSES,AMTD IDEA Group Ordinary Shares Class A,Financial Services,Asset Management,,SGD,Payables Period,,-,17.07,60.25,978.52,1337.16,387.92,108.41,167.70,67.86,19.81,,
HKB,XSES,AMTD IDEA Group Ordinary Shares Class A,Financial Services,Asset Management,,SGD,Cash Conversion Cycle,,-,-,-,-,-,-,-,-,-,-,,
HKB,XSES,AMTD IDEA Group Ordinary Shares Class A,Financial Services,Asset Management,,SGD,Recieveables Turnover,,-,11.06,5.74,0.15,3.69,10.40,8.02,12.00,8.61,8.09,,
HKB,XSES,AMTD IDEA Group Ordinary Shares Class A,Financial Services,Asset Management,,SGD,Inventory Turnover,,-,-,-,-,-,-,-,-,-,-,,
HKB,XSES,AMTD IDEA Group Ordinary Shares Class A,Financial Services,Asset Management,,SGD,Fixed Assets Turnover,,-,1798.52,2476.10,482.50,10945.66,9537.56,13980.15,5.06,0.30,0.19,,
HKB,XSES,AMTD IDEA Group Ordinary Shares Class A,Financial Services,Asset Management,,SGD,Asset Turnover,,-,0.23,0.11,0.01,0.08,0.10,0.15,0.14,0.03,0.03,,
HLPD,XSES,Laopu Gold Co Ltd SGDR,Consumer Cyclical,Luxury Goods,,SGD,Return on Asset %,,-,-,-,-,-,9.74,7.68,24.14,34.68,35.29,,
HLPD,XSES,Laopu Gold Co Ltd SGDR,Consumer Cyclical,Luxury Goods,,SGD,Return on Equity %,,-,-,-,-,-,14.78,11.53,34.91,54.2,64.84,,
HLPD,XSES,Laopu Gold Co Ltd SGDR,Consumer Cyclical,Luxury Goods,,SGD,Return on Invested Capital %,,-,-,-,-,-,11.31,9.36,27.59,39.73,42.54,,
HLPD,XSES,Laopu Gold Co Ltd SGDR,Consumer Cyclical,Luxury Goods,,SGD,Days Sales Outstanding,,-,-,-,-,-,30.14,28.86,27.36,25.27,13.91,,
HLPD,XSES,Laopu Gold Co Ltd SGDR,Consumer Cyclical,Luxury Goods,,SGD,Days Inventory,,-,-,-,-,-,378.13,382.72,204.94,195.32,215.75,,
HLPD,XSES,Laopu Gold Co Ltd SGDR,Consumer Cyclical,Luxury Goods,,SGD,Payables Period,,-,-,-,-,-,3.48,2.96,6.2,10.42,9.26,,
HLPD,XSES,Laopu Gold Co Ltd SGDR,Consumer Cyclical,Luxury Goods,,SGD,Cash Conversion Cycle,,-,-,-,-,-,404.79,408.62,226.09,210.16,220.4,,
HLPD,XSES,Laopu Gold Co Ltd SGDR,Consumer Cyclical,Luxury Goods,,SGD,Recieveables Turnover,,-,-,-,-,-,12.11,12.65,13.34,14.45,26.23,,
HLPD,XSES,Laopu Gold Co Ltd SGDR,Consumer Cyclical,Luxury Goods,,SGD,Inventory Turnover,,-,-,-,-,-,0.97,0.95,1.78,1.87,1.69,,
HLPD,XSES,Laopu Gold Co Ltd SGDR,Consumer Cyclical,Luxury Goods,,SGD,Fixed Assets Turnover,,-,-,-,-,-,5.73,5.52,11.39,23.48,55.92,,
HLPD,XSES,Laopu Gold Co Ltd SGDR,Consumer Cyclical,Luxury Goods,,SGD,Asset Turnover,,-,-,-,-,-,1.08,1.05,1.84,2.0,1.98,,
HLS,XSES,Helens International Holdings Co Ltd,Consumer Cyclical,Restaurants,,SGD,Return on Asset %,,-,-,4.35,19.82,9.77,-8.94,-45.99,7.46,-4.4,2.71,,
HLS,XSES,Helens International Holdings Co Ltd,Consumer Cyclical,Restaurants,,SGD,Return on Equity %,,-,-,94.63,159.07,56.18,-15.15,-68.14,9.91,-5.3,3.41,,
HLS,XSES,Helens International Holdings Co Ltd,Consumer Cyclical,Restaurants,,SGD,Return on Invested Capital %,,-,-,8.07,28.98,15.31,-7.74,-46.79,6.46,-6.34,1.84,,
HLS,XSES,Helens International Holdings Co Ltd,Consumer Cyclical,Restaurants,,SGD,Days Sales Outstanding,,-,-,-,-,-,-,-,14.47,18.52,18.5,,
HLS,XSES,Helens International Holdings Co Ltd,Consumer Cyclical,Restaurants,,SGD,Days Inventory,,-,-,46.76,19.44,24.42,17.36,17.20,16.07,15.4,19.82,,
HLS,XSES,Helens International Holdings Co Ltd,Consumer Cyclical,Restaurants,,SGD,Payables Period,,-,-,43.19,15.81,22.17,19.69,24.34,26.74,22.71,28.06,,
HLS,XSES,Helens International Holdings Co Ltd,Consumer Cyclical,Restaurants,,SGD,Cash Conversion Cycle,,-,-,-,-,-,-,-,3.81,11.22,10.26,,
HLS,XSES,Helens International Holdings Co Ltd,Consumer Cyclical,Restaurants,,SGD,Recieveables Turnover,,-,-,-,-,-,-,-,25.22,19.71,19.73,,
HLS,XSES,Helens International Holdings Co Ltd,Consumer Cyclical,Restaurants,,SGD,Inventory Turnover,,-,-,7.81,18.78,14.95,21.03,21.22,22.71,23.69,18.41,,
HLS,XSES,Helens International Holdings Co Ltd,Consumer Cyclical,Restaurants,,SGD,Fixed Assets Turnover,,-,-,0.60,1.63,1.31,1.15,0.85,1.31,1.54,1.89,,
HLS,XSES,Helens International Holdings Co Ltd,Consumer Cyclical,Restaurants,,SGD,Asset Turnover,,-,-,0.51,1.41,1.14,0.71,0.45,0.5,0.42,0.43,,
HMN,XSES,CapitaLand Ascott Trust Stapled Units,Real Estate,REIT - Diversified,,SGD,Return on Asset %,,2.61,3.79,2.38,3.09,-3.26,3.97,2.66,2.6,2.58,3.49,,
HMN,XSES,CapitaLand Ascott Trust Stapled Units,Real Estate,REIT - Diversified,,SGD,Return on Equity %,,4.79,6.87,4.19,5.39,-5.79,7.17,4.85,4.78,4.76,6.43,,
HMN,XSES,CapitaLand Ascott Trust Stapled Units,Real Estate,REIT - Diversified,,SGD,Return on Invested Capital %,,3.74,4.92,3.34,4.11,-2.73,4.89,3.81,3.98,4.17,4.85,,
HMN,XSES,CapitaLand Ascott Trust Stapled Units,Real Estate,REIT - Diversified,,SGD,Days Sales Outstanding,,14.43,16.1,19.97,22.79,43.58,59.43,39.5,29.1,25.75,27.75,,
HMN,XSES,CapitaLand Ascott Trust Stapled Units,Real Estate,REIT - Diversified,,SGD,Days Inventory,,0.36,0.28,0.36,0.69,0.83,0.55,0.34,0.38,0.51,0.51,,
HMN,XSES,CapitaLand Ascott Trust Stapled Units,Real Estate,REIT - Diversified,,SGD,Payables Period,,98.85,94.08,102.84,133.54,174.55,171.15,133.94,131.0,117.11,107.52,,
HMN,XSES,CapitaLand Ascott Trust Stapled Units,Real Estate,REIT - Diversified,,SGD,Cash Conversion Cycle,,-84.06,-77.7,-82.51,-110.06,-130.14,-111.16,-94.1,-101.52,-90.85,-79.25,,
HMN,XSES,CapitaLand Ascott Trust Stapled Units,Real Estate,REIT - Diversified,,SGD,Recieveables Turnover,,25.3,22.67,18.28,16.02,8.38,6.14,9.24,12.54,14.17,13.15,,
HMN,XSES,CapitaLand Ascott Trust Stapled Units,Real Estate,REIT - Diversified,,SGD,Inventory Turnover,,1019.84,1298.17,1014.44,526.27,437.48,658.1,1076.07,965.1,711.97,708.91,,
HMN,XSES,CapitaLand Ascott Trust Stapled Units,Real Estate,REIT - Diversified,,SGD,Fixed Assets Turnover,,9.12,9.77,10.46,1.52,0.6,0.64,0.79,0.76,0.81,0.84,,
HMN,XSES,CapitaLand Ascott Trust Stapled Units,Real Estate,REIT - Diversified,,SGD,Asset Turnover,,0.1,0.1,0.1,0.08,0.05,0.05,0.08,0.09,0.09,0.09,,
HPAD,XSES,Ping An Insurance (Group) Co. of China Ltd SGDR,Financial Services,Insurance - Life,,SGD,Return on Asset %,,1.21,1.48,1.58,1.94,1.61,1.03,0.79,0.75,1.03,1.00,,
HPAD,XSES,Ping An Insurance (Group) Co. of China Ltd SGDR,Financial Services,Insurance - Life,,SGD,Return on Equity %,,17.39,20.80,20.86,24.30,19.93,12.90,10.03,9.75,13.85,13.97,,
HPAD,XSES,Ping An Insurance (Group) Co. of China Ltd SGDR,Financial Services,Insurance - Life,,SGD,Return on Invested Capital %,,-,-,-,-,-,-,-,-,-,-,,
HPAD,XSES,Ping An Insurance (Group) Co. of China Ltd SGDR,Financial Services,Insurance - Life,,SGD,Days Sales Outstanding,,-,-,-,-,-,-,-,-,-,-,,
HPAD,XSES,Ping An Insurance (Group) Co. of China Ltd SGDR,Financial Services,Insurance - Life,,SGD,Days Inventory,,-,-,-,-,-,-,-,-,-,-,,
HPAD,XSES,Ping An Insurance (Group) Co. of China Ltd SGDR,Financial Services,Insurance - Life,,SGD,Payables Period,,-,-,-,-,-,-,-,-,-,-,,
HPAD,XSES,Ping An Insurance (Group) Co. of China Ltd SGDR,Financial Services,Insurance - Life,,SGD,Cash Conversion Cycle,,-,-,-,-,-,-,-,-,-,-,,
HPAD,XSES,Ping An Insurance (Group) Co. of China Ltd SGDR,Financial Services,Insurance - Life,,SGD,Recieveables Turnover,,-,-,-,-,-,-,-,-,-,-,,
HPAD,XSES,Ping An Insurance (Group) Co. of China Ltd SGDR,Financial Services,Insurance - Life,,SGD,Inventory Turnover,,-,-,-,-,-,-,-,-,-,-,,
HPAD,XSES,Ping An Insurance (Group) Co. of China Ltd SGDR,Financial Services,Insurance - Life,,SGD,Fixed Assets Turnover,,20.95,22.67,19.89,20.20,18.68,17.92,16.09,13.40,16.37,17.22,,
HPAD,XSES,Ping An Insurance (Group) Co. of China Ltd SGDR,Financial Services,Insurance - Life,,SGD,Asset Turnover,,0.14,0.15,0.13,0.14,0.12,0.11,0.09,0.07,0.07,0.07,,
HPCD,XSES,PetroChina Co Ltd SGDR,Energy,Oil & Gas Integrated,,SGD,Return on Asset %,,0.33,0.95,2.17,1.77,0.73,3.69,5.77,5.94,5.98,5.64,,
HPCD,XSES,PetroChina Co Ltd SGDR,Energy,Oil & Gas Integrated,,SGD,Return on Equity %,,0.67,1.91,4.37,3.74,1.55,7.43,11.34,11.44,11.12,10.14,,
HPCD,XSES,PetroChina Co Ltd SGDR,Energy,Oil & Gas Integrated,,SGD,Return on Invested Capital %,,1.25,2.16,3.92,3.63,2.06,6.05,9.14,9.41,9.31,8.65,,
HPCD,XSES,PetroChina Co Ltd SGDR,Energy,Oil & Gas Integrated,,SGD,Days Sales Outstanding,,11.24,9.09,8.66,8.9,11.0,7.61,7.25,8.53,8.72,9.53,,
HPCD,XSES,PetroChina Co Ltd SGDR,Energy,Oil & Gas Integrated,,SGD,Days Inventory,,40.43,33.58,31.94,32.49,36.63,24.0,22.5,27.61,27.98,25.91,,
HPCD,XSES,PetroChina Co Ltd SGDR,Energy,Oil & Gas Integrated,,SGD,Payables Period,,61.81,51.12,53.23,51.96,60.52,43.77,40.57,48.72,47.93,45.27,,
HPCD,XSES,PetroChina Co Ltd SGDR,Energy,Oil & Gas Integrated,,SGD,Cash Conversion Cycle,,-10.14,-8.44,-12.63,-10.57,-12.89,-12.16,-10.82,-12.58,-11.23,-9.84,,
HPCD,XSES,PetroChina Co Ltd SGDR,Energy,Oil & Gas Integrated,,SGD,Recieveables Turnover,,32.48,40.13,42.16,41.03,33.2,47.98,50.34,42.77,41.86,38.31,,
HPCD,XSES,PetroChina Co Ltd SGDR,Energy,Oil & Gas Integrated,,SGD,Inventory Turnover,,9.03,10.87,11.43,11.23,9.96,15.21,16.23,13.22,13.04,14.09,,
HPCD,XSES,PetroChina Co Ltd SGDR,Energy,Oil & Gas Integrated,,SGD,Fixed Assets Turnover,,0.92,1.17,1.38,1.37,1.08,1.64,2.01,1.84,1.76,1.67,,
HPCD,XSES,PetroChina Co Ltd SGDR,Energy,Oil & Gas Integrated,,SGD,Asset Turnover,,0.68,0.84,0.97,0.97,0.74,1.05,1.25,1.11,1.07,1.03,,
HQU,XSES,Oiltek International Ltd,Industrials,Specialty Industrial Machinery,,SGD,Return on Asset %,,-,-,5.87,10.86,16.49,12.96,12.38,12.43,14.76,15.82,,
HQU,XSES,Oiltek International Ltd,Industrials,Specialty Industrial Machinery,,SGD,Return on Equity %,,-,-,9.57,20.12,33.96,28.36,28.85,31.55,39.0,34.73,,
HQU,XSES,Oiltek International Ltd,Industrials,Specialty Industrial Machinery,,SGD,Return on Invested Capital %,,-,-,9.3,19.56,33.52,28.25,28.32,29.94,35.83,32.08,,
HQU,XSES,Oiltek International Ltd,Industrials,Specialty Industrial Machinery,,SGD,Days Sales Outstanding,,-,-,111.92,89.55,42.33,38.62,26.76,31.18,88.6,97.04,,
HQU,XSES,Oiltek International Ltd,Industrials,Specialty Industrial Machinery,,SGD,Days Inventory,,-,-,1.93,3.04,5.28,4.67,2.05,1.32,1.58,2.08,,
HQU,XSES,Oiltek International Ltd,Industrials,Specialty Industrial Machinery,,SGD,Payables Period,,-,-,101.17,88.33,70.54,93.78,89.29,79.43,85.91,122.67,,
HQU,XSES,Oiltek International Ltd,Industrials,Specialty Industrial Machinery,,SGD,Cash Conversion Cycle,,-,-,12.68,4.26,-22.93,-50.49,-60.47,-46.93,4.26,-23.55,,
HQU,XSES,Oiltek International Ltd,Industrials,Specialty Industrial Machinery,,SGD,Recieveables Turnover,,-,-,3.26,4.08,8.62,9.45,13.64,11.71,4.12,3.76,,
HQU,XSES,Oiltek International Ltd,Industrials,Specialty Industrial Machinery,,SGD,Inventory Turnover,,-,-,189.35,119.94,69.11,78.09,177.87,275.53,231.74,175.19,,
HQU,XSES,Oiltek International Ltd,Industrials,Specialty Industrial Machinery,,SGD,Fixed Assets Turnover,,-,-,24.02,24.02,27.97,33.54,53.63,62.36,66.57,60.62,,
HQU,XSES,Oiltek International Ltd,Industrials,Specialty Industrial Machinery,,SGD,Asset Turnover,,-,-,1.1,1.04,1.2,1.34,1.6,1.31,1.15,1.05,,
HSHD,XSES,HSBC Holdings PLC SGDR,Financial Services,Banks - Diversified,,SGD,Return on Asset %,,0.05,0.40,0.50,0.23,0.14,0.42,0.50,0.75,0.76,0.68,,
HSHD,XSES,HSBC Holdings PLC SGDR,Financial Services,Banks - Diversified,,SGD,Return on Equity %,,0.71,5.30,6.70,3.22,2.05,6.39,7.69,12.03,12.38,11.01,,
HSHD,XSES,HSBC Holdings PLC SGDR,Financial Services,Banks - Diversified,,SGD,Return on Invested Capital %,,-,-,-,-,-,-,-,-,-,-,,
HSHD,XSES,HSBC Holdings PLC SGDR,Financial Services,Banks - Diversified,,SGD,Days Sales Outstanding,,-,-,-,-,-,-,-,-,-,-,,
HSHD,XSES,HSBC Holdings PLC SGDR,Financial Services,Banks - Diversified,,SGD,Days Inventory,,-,-,-,-,-,-,-,-,-,-,,
HSHD,XSES,HSBC Holdings PLC SGDR,Financial Services,Banks - Diversified,,SGD,Payables Period,,-,-,-,-,-,-,-,-,-,-,,
HSHD,XSES,HSBC Holdings PLC SGDR,Financial Services,Banks - Diversified,,SGD,Cash Conversion Cycle,,-,-,-,-,-,-,-,-,-,-,,
HSHD,XSES,HSBC Holdings PLC SGDR,Financial Services,Banks - Diversified,,SGD,Recieveables Turnover,,-,-,-,-,-,-,-,-,-,-,,
HSHD,XSES,HSBC Holdings PLC SGDR,Financial Services,Banks - Diversified,,SGD,Inventory Turnover,,-,-,-,-,-,-,-,-,-,-,,
HSHD,XSES,HSBC Holdings PLC SGDR,Financial Services,Banks - Diversified,,SGD,Fixed Assets Turnover,,6.45,6.60,6.35,5.72,4.32,4.60,5.19,4.94,5.49,5.47,,
HSHD,XSES,HSBC Holdings PLC SGDR,Financial Services,Banks - Diversified,,SGD,Asset Turnover,,0.03,0.03,0.03,0.03,0.02,0.02,0.02,0.02,0.02,0.02,,
HTCD,XSES,Tencent Holdings Ltd ADR,Communication Services,Internet Content & Information,,SGD,Return on Asset %,,11.7,15.05,12.32,11.12,13.98,15.26,11.8,7.3,11.56,11.77,,
HTCD,XSES,Tencent Holdings Ltd ADR,Communication Services,Internet Content & Information,,SGD,Return on Equity %,,27.89,33.21,27.16,24.68,28.13,29.77,24.64,15.06,21.78,21.13,,
HTCD,XSES,Tencent Holdings Ltd ADR,Communication Services,Internet Content & Information,,SGD,Return on Invested Capital %,,17.33,21.06,17.74,16.18,19.65,21.56,17.15,10.07,15.22,15.35,,
HTCD,XSES,Tencent Holdings Ltd ADR,Communication Services,Internet Content & Information,,SGD,Days Sales Outstanding,,20.68,20.5,26.25,31.09,30.6,30.73,31.2,27.59,26.21,23.82,,
HTCD,XSES,Tencent Holdings Ltd ADR,Communication Services,Internet Content & Information,,SGD,Days Inventory,,1.31,0.84,0.66,0.91,1.07,1.09,1.96,1.61,0.53,0.54,,
HTCD,XSES,Tencent Holdings Ltd ADR,Communication Services,Internet Content & Information,,SGD,Payables Period,,116.67,117.05,132.48,134.36,122.39,118.21,116.65,111.69,128.9,132.97,,
HTCD,XSES,Tencent Holdings Ltd ADR,Communication Services,Internet Content & Information,,SGD,Cash Conversion Cycle,,-94.68,-95.71,-105.57,-102.37,-90.72,-86.39,-83.49,-82.48,-102.16,-108.61,,
HTCD,XSES,Tencent Holdings Ltd ADR,Communication Services,Internet Content & Information,,SGD,Recieveables Turnover,,17.65,17.81,13.9,11.74,11.93,11.88,11.7,13.23,13.93,15.32,,
HTCD,XSES,Tencent Holdings Ltd ADR,Communication Services,Internet Content & Information,,SGD,Inventory Turnover,,278.1,433.1,551.13,402.6,340.12,334.76,185.99,226.54,694.22,678.71,,
HTCD,XSES,Tencent Holdings Ltd ADR,Communication Services,Internet Content & Information,,SGD,Fixed Assets Turnover,,9.27,10.49,9.37,7.43,6.92,6.75,6.37,7.04,6.07,4.83,,
HTCD,XSES,Tencent Holdings Ltd ADR,Communication Services,Internet Content & Information,,SGD,Asset Turnover,,0.43,0.5,0.49,0.45,0.42,0.38,0.35,0.39,0.39,0.39,,
HYDD,XSES,BYD Co Ltd SGDR,Consumer Cyclical,Auto Manufacturers,,SGD,Return on Asset %,,3.88,2.52,1.49,0.83,2.14,1.23,4.21,5.12,5.5,3.91,,
HYDD,XSES,BYD Co Ltd SGDR,Consumer Cyclical,Auto Manufacturers,,SGD,Return on Equity %,,12.09,7.65,5.05,2.88,7.45,4.01,16.13,24.05,24.84,15.12,,
HYDD,XSES,BYD Co Ltd SGDR,Consumer Cyclical,Auto Manufacturers,,SGD,Return on Invested Capital %,,7.86,5.88,4.57,3.58,5.71,3.48,12.3,18.35,19.41,11.07,,
HYDD,XSES,BYD Co Ltd SGDR,Consumer Cyclical,Auto Manufacturers,,SGD,Days Sales Outstanding,,111.63,161.36,141.96,133.18,99.23,65.41,32.31,30.51,29.16,22.54,,
HYDD,XSES,BYD Co Ltd SGDR,Consumer Cyclical,Auto Manufacturers,,SGD,Days Inventory,,73.37,79.26,77.55,88.59,82.35,72.57,63.53,63.34,59.38,70.22,,
HYDD,XSES,BYD Co Ltd SGDR,Consumer Cyclical,Auto Manufacturers,,SGD,Payables Period,,147.78,160.67,145.29,140.73,127.32,128.53,116.33,129.97,129.0,125.08,,
HYDD,XSES,BYD Co Ltd SGDR,Consumer Cyclical,Auto Manufacturers,,SGD,Cash Conversion Cycle,,37.22,79.95,74.22,81.04,54.27,9.45,-20.49,-36.13,-40.45,-32.31,,
HYDD,XSES,BYD Co Ltd SGDR,Consumer Cyclical,Auto Manufacturers,,SGD,Recieveables Turnover,,3.27,2.26,2.57,2.74,3.68,5.58,11.3,11.96,12.52,16.19,,
HYDD,XSES,BYD Co Ltd SGDR,Consumer Cyclical,Auto Manufacturers,,SGD,Inventory Turnover,,4.97,4.61,4.71,4.12,4.43,5.03,5.75,5.76,6.15,5.2,,
HYDD,XSES,BYD Co Ltd SGDR,Consumer Cyclical,Auto Manufacturers,,SGD,Fixed Assets Turnover,,2.34,2.17,2.49,2.24,2.56,2.99,3.23,2.65,2.74,2.5,,
HYDD,XSES,BYD Co Ltd SGDR,Consumer Cyclical,Auto Manufacturers,,SGD,Asset Turnover,,0.79,0.66,0.7,0.65,0.79,0.87,1.07,1.03,1.06,0.96,,
I06,XSES,Intraco Ltd,Industrials,Industrial Distribution,,SGD,Return on Asset %,,0.74,2.05,2.55,1.01,-13.83,-1.14,-1.6,3.98,2.0,1.31,,
I06,XSES,Intraco Ltd,Industrials,Industrial Distribution,,SGD,Return on Equity %,,1.18,3.12,3.73,1.46,-20.51,-1.77,-2.3,5.27,3.28,2.76,,
I06,XSES,Intraco Ltd,Industrials,Industrial Distribution,,SGD,Return on Invested Capital %,,0.51,2.06,3.02,1.1,-17.58,-1.24,-2.21,3.3,1.84,1.11,,
I06,XSES,Intraco Ltd,Industrials,Industrial Distribution,,SGD,Days Sales Outstanding,,39.47,31.27,28.43,37.55,37.43,24.05,26.6,37.36,45.46,59.85,,
I06,XSES,Intraco Ltd,Industrials,Industrial Distribution,,SGD,Days Inventory,,5.51,4.9,3.76,3.78,3.7,2.99,3.81,5.06,2.53,0.73,,
I06,XSES,Intraco Ltd,Industrials,Industrial Distribution,,SGD,Payables Period,,23.66,29.69,24.31,18.12,15.44,8.08,6.12,10.81,15.0,16.05,,
I06,XSES,Intraco Ltd,Industrials,Industrial Distribution,,SGD,Cash Conversion Cycle,,21.31,6.47,7.89,23.21,25.69,18.96,24.29,31.61,32.99,44.53,,
I06,XSES,Intraco Ltd,Industrials,Industrial Distribution,,SGD,Recieveables Turnover,,9.25,11.67,12.84,9.72,9.75,15.18,13.72,9.77,8.03,6.1,,
I06,XSES,Intraco Ltd,Industrials,Industrial Distribution,,SGD,Inventory Turnover,,66.28,74.51,96.98,96.56,98.56,122.01,95.74,72.15,144.35,498.67,,
I06,XSES,Intraco Ltd,Industrials,Industrial Distribution,,SGD,Fixed Assets Turnover,,13.7,12.93,11.61,9.08,9.18,14.8,15.9,15.0,28.33,66.88,,
I06,XSES,Intraco Ltd,Industrials,Industrial Distribution,,SGD,Asset Turnover,,1.01,1.2,1.56,1.38,1.46,2.34,2.33,1.98,1.8,1.25,,
I07,XSES,ISDN Holdings Ltd,Industrials,Engineering & Construction,,SGD,Return on Asset %,,2.43,4.21,4.21,2.41,4.59,6.59,3.58,1.24,2.09,1.54,,
I07,XSES,ISDN Holdings Ltd,Industrials,Engineering & Construction,,SGD,Return on Equity %,,4.28,7.4,7.81,4.75,9.38,13.88,7.4,2.5,4.2,3.24,,
I07,XSES,ISDN Holdings Ltd,Industrials,Engineering & Construction,,SGD,Return on Invested Capital %,,4.07,7.03,7.1,4.68,8.34,11.74,6.99,3.21,4.31,3.45,,
I07,XSES,ISDN Holdings Ltd,Industrials,Engineering & Construction,,SGD,Days Sales Outstanding,,88.52,86.12,85.49,92.07,80.28,77.99,93.11,93.04,88.96,76.66,,
I07,XSES,ISDN Holdings Ltd,Industrials,Engineering & Construction,,SGD,Days Inventory,,75.22,74.31,86.69,92.56,74.51,75.98,109.35,112.28,92.34,72.47,,
I07,XSES,ISDN Holdings Ltd,Industrials,Engineering & Construction,,SGD,Payables Period,,57.93,60.98,57.65,59.18,51.28,47.69,60.12,57.61,51.33,48.2,,
I07,XSES,ISDN Holdings Ltd,Industrials,Engineering & Construction,,SGD,Cash Conversion Cycle,,105.82,99.45,114.53,125.45,103.51,106.28,142.34,147.7,129.97,100.93,,
I07,XSES,ISDN Holdings Ltd,Industrials,Engineering & Construction,,SGD,Recieveables Turnover,,4.12,4.24,4.27,3.96,4.55,4.68,3.92,3.92,4.1,4.76,,
I07,XSES,ISDN Holdings Ltd,Industrials,Engineering & Construction,,SGD,Inventory Turnover,,4.85,4.91,4.21,3.94,4.9,4.8,3.34,3.25,3.95,5.04,,
I07,XSES,ISDN Holdings Ltd,Industrials,Engineering & Construction,,SGD,Fixed Assets Turnover,,8.27,10.77,9.2,7.1,6.94,7.02,5.81,5.41,5.78,6.68,,
I07,XSES,ISDN Holdings Ltd,Industrials,Engineering & Construction,,SGD,Asset Turnover,,1.22,1.29,1.16,1.0,1.1,1.14,0.91,0.85,0.91,1.01,,
I11,XSES,Renaissance United Ltd,Utilities,Utilities - Regulated Gas,,SGD,Return on Asset %,,1.8,-0.14,-19.85,-27.58,-0.11,-4.08,-9.87,-5.57,-7.13,-12.17,,
I11,XSES,Renaissance United Ltd,Utilities,Utilities - Regulated Gas,,SGD,Return on Equity %,,2.83,-0.21,-33.11,-60.19,-0.27,-9.47,-23.58,-14.18,-19.07,-36.61,,
I11,XSES,Renaissance United Ltd,Utilities,Utilities - Regulated Gas,,SGD,Return on Invested Capital %,,2.51,0.16,-26.12,-43.67,1.36,-5.23,-15.04,-7.72,-9.58,-16.89,,
I11,XSES,Renaissance United Ltd,Utilities,Utilities - Regulated Gas,,SGD,Days Sales Outstanding,,28.42,26.4,25.87,28.71,28.07,29.91,39.62,30.77,17.75,24.83,,
I11,XSES,Renaissance United Ltd,Utilities,Utilities - Regulated Gas,,SGD,Days Inventory,,110.22,153.96,129.25,98.13,124.43,77.92,38.17,40.9,21.49,6.74,,
I11,XSES,Renaissance United Ltd,Utilities,Utilities - Regulated Gas,,SGD,Payables Period,,324.11,290.12,141.93,17.43,15.49,19.79,40.58,56.93,43.03,48.6,,
I11,XSES,Renaissance United Ltd,Utilities,Utilities - Regulated Gas,,SGD,Cash Conversion Cycle,,-185.47,-109.75,13.2,109.42,137.0,88.04,37.21,14.74,-3.79,-17.03,,
I11,XSES,Renaissance United Ltd,Utilities,Utilities - Regulated Gas,,SGD,Recieveables Turnover,,12.84,13.82,14.11,12.71,13.0,12.2,9.21,11.86,20.57,14.7,,
I11,XSES,Renaissance United Ltd,Utilities,Utilities - Regulated Gas,,SGD,Inventory Turnover,,3.31,2.37,2.82,3.72,2.93,4.68,9.56,8.93,16.99,54.17,,
I11,XSES,Renaissance United Ltd,Utilities,Utilities - Regulated Gas,,SGD,Fixed Assets Turnover,,0.88,0.74,0.84,0.84,0.7,0.96,1.74,7.76,10.5,9.5,,
I11,XSES,Renaissance United Ltd,Utilities,Utilities - Regulated Gas,,SGD,Asset Turnover,,0.34,0.31,0.41,0.51,0.43,0.55,0.61,0.68,0.98,0.95,,
I49,XSES,IFS Capital Ltd,Financial Services,Credit Services,,SGD,Return on Asset %,,-0.64,0.48,3.92,1.86,0.16,1.80,0.77,0.77,0.37,0.88,,
I49,XSES,IFS Capital Ltd,Financial Services,Credit Services,,SGD,Return on Equity %,,-2.03,1.29,11.19,5.39,0.45,4.48,1.73,1.96,1.06,2.62,,
I49,XSES,IFS Capital Ltd,Financial Services,Credit Services,,SGD,Return on Invested Capital %,,-,-,-,-,-,-,-,-,-,-,,
I49,XSES,IFS Capital Ltd,Financial Services,Credit Services,,SGD,Days Sales Outstanding,,-,-,-,-,-,-,-,-,-,-,,
I49,XSES,IFS Capital Ltd,Financial Services,Credit Services,,SGD,Days Inventory,,-,-,-,-,-,-,-,-,-,-,,
I49,XSES,IFS Capital Ltd,Financial Services,Credit Services,,SGD,Payables Period,,-,-,-,-,-,-,-,-,-,-,,
I49,XSES,IFS Capital Ltd,Financial Services,Credit Services,,SGD,Cash Conversion Cycle,,-,-,-,-,-,-,-,-,-,-,,
I49,XSES,IFS Capital Ltd,Financial Services,Credit Services,,SGD,Recieveables Turnover,,-,-,-,-,-,-,-,-,-,-,,
I49,XSES,IFS Capital Ltd,Financial Services,Credit Services,,SGD,Inventory Turnover,,-,-,-,-,-,-,-,-,-,-,,
I49,XSES,IFS Capital Ltd,Financial Services,Credit Services,,SGD,Fixed Assets Turnover,,2.37,3.15,4.92,12.71,8.25,11.21,8.58,10.03,14.20,20.51,,
I49,XSES,IFS Capital Ltd,Financial Services,Credit Services,,SGD,Asset Turnover,,0.10,0.12,0.10,0.10,0.08,0.10,0.09,0.10,0.10,0.12,,
IBKD,XSES,PT Bank Central Asia Tbk SGDR,Financial Services,Banks - Regional,,SGD,Return on Asset %,,3.24,3.27,3.28,3.28,2.72,2.73,3.20,3.57,3.84,3.79,,
IBKD,XSES,PT Bank Central Asia Tbk SGDR,Financial Services,Banks - Regional,,SGD,Return on Equity %,,20.42,19.13,18.27,17.54,15.13,16.23,19.23,20.99,21.72,21.15,,
IBKD,XSES,PT Bank Central Asia Tbk SGDR,Financial Services,Banks - Regional,,SGD,Return on Invested Capital %,,-,-,-,-,-,-,-,-,-,-,,
IBKD,XSES,PT Bank Central Asia Tbk SGDR,Financial Services,Banks - Regional,,SGD,Days Sales Outstanding,,-,-,-,-,-,-,-,-,-,-,,
IBKD,XSES,PT Bank Central Asia Tbk SGDR,Financial Services,Banks - Regional,,SGD,Days Inventory,,-,-,-,-,-,-,-,-,-,-,,
IBKD,XSES,PT Bank Central Asia Tbk SGDR,Financial Services,Banks - Regional,,SGD,Payables Period,,-,-,-,-,-,-,-,-,-,-,,
IBKD,XSES,PT Bank Central Asia Tbk SGDR,Financial Services,Banks - Regional,,SGD,Cash Conversion Cycle,,-,-,-,-,-,-,-,-,-,-,,
IBKD,XSES,PT Bank Central Asia Tbk SGDR,Financial Services,Banks - Regional,,SGD,Recieveables Turnover,,-,-,-,-,-,-,-,-,-,-,,
IBKD,XSES,PT Bank Central Asia Tbk SGDR,Financial Services,Banks - Regional,,SGD,Inventory Turnover,,-,-,-,-,-,-,-,-,-,-,,
IBKD,XSES,PT Bank Central Asia Tbk SGDR,Financial Services,Banks - Regional,,SGD,Fixed Assets Turnover,,4.10,3.42,3.56,3.63,3.59,3.64,3.82,3.96,4.01,4.03,,
IBKD,XSES,PT Bank Central Asia Tbk SGDR,Financial Services,Banks - Regional,,SGD,Asset Turnover,,0.09,0.08,0.08,0.08,0.08,0.07,0.07,0.07,0.08,0.08,,
IICD,XSES,PT Indofood CBP Sukses Makmur Tbk SGDR,Consumer Defensive,Packaged Foods,,SGD,Return on Asset %,,12.98,12.55,13.87,13.79,9.26,5.76,3.93,5.96,5.77,7.05,,
IICD,XSES,PT Indofood CBP Sukses Makmur Tbk SGDR,Consumer Defensive,Packaged Foods,,SGD,Return on Equity %,,21.81,20.45,22.22,21.48,24.07,20.18,13.03,18.09,16.47,19.07,,
IICD,XSES,PT Indofood CBP Sukses Makmur Tbk SGDR,Consumer Defensive,Packaged Foods,,SGD,Return on Invested Capital %,,17.75,17.38,19.47,19.23,15.38,11.27,7.64,9.6,9.09,10.83,,
IICD,XSES,PT Indofood CBP Sukses Makmur Tbk SGDR,Consumer Defensive,Packaged Foods,,SGD,Days Sales Outstanding,,36.64,38.91,38.0,35.28,36.48,37.51,37.39,37.82,39.24,44.57,,
IICD,XSES,PT Indofood CBP Sukses Makmur Tbk SGDR,Consumer Defensive,Packaged Foods,,SGD,Days Inventory,,43.73,47.37,50.69,51.31,52.28,52.18,55.12,57.42,53.46,56.67,,
IICD,XSES,PT Indofood CBP Sukses Makmur Tbk SGDR,Consumer Defensive,Packaged Foods,,SGD,Payables Period,,37.75,41.61,40.9,36.59,35.24,33.13,30.93,31.89,31.45,32.63,,
IICD,XSES,PT Indofood CBP Sukses Makmur Tbk SGDR,Consumer Defensive,Packaged Foods,,SGD,Cash Conversion Cycle,,42.62,44.68,47.79,50.01,53.52,56.56,61.58,63.35,61.26,68.62,,
IICD,XSES,PT Indofood CBP Sukses Makmur Tbk SGDR,Consumer Defensive,Packaged Foods,,SGD,Recieveables Turnover,,9.96,9.38,9.6,10.34,10.01,9.73,9.76,9.65,9.3,8.19,,
IICD,XSES,PT Indofood CBP Sukses Makmur Tbk SGDR,Consumer Defensive,Packaged Foods,,SGD,Inventory Turnover,,8.35,7.71,7.2,7.11,6.98,6.99,6.62,6.36,6.83,6.44,,
IICD,XSES,PT Indofood CBP Sukses Makmur Tbk SGDR,Consumer Defensive,Packaged Foods,,SGD,Fixed Assets Turnover,,5.04,4.67,4.07,3.83,3.97,4.53,4.95,5.1,5.39,5.11,,
IICD,XSES,PT Indofood CBP Sukses Makmur Tbk SGDR,Consumer Defensive,Packaged Foods,,SGD,Asset Turnover,,1.24,1.18,1.16,1.16,0.66,0.51,0.56,0.58,0.59,0.57,,
ITS,XSES,Info-Tech Systems Ltd,Technology,Software - Application,,SGD,Return on Asset %,,-,-,-,-,-,-,24.81,32.24,33.69,24.81,,
ITS,XSES,Info-Tech Systems Ltd,Technology,Software - Application,,SGD,Return on Equity %,,-,-,-,-,-,-,895.89,406.71,422.79,72.62,,
ITS,XSES,Info-Tech Systems Ltd,Technology,Software - Application,,SGD,Return on Invested Capital %,,-,-,-,-,-,-,197.99,196.93,201.73,60.51,,
ITS,XSES,Info-Tech Systems Ltd,Technology,Software - Application,,SGD,Days Sales Outstanding,,-,-,-,-,-,-,11.58,13.27,15.13,31.42,,
ITS,XSES,Info-Tech Systems Ltd,Technology,Software - Application,,SGD,Days Inventory,,-,-,-,-,-,-,7.09,8.39,6.58,3.97,,
ITS,XSES,Info-Tech Systems Ltd,Technology,Software - Application,,SGD,Payables Period,,-,-,-,-,-,-,37.83,31.26,19.59,25.64,,
ITS,XSES,Info-Tech Systems Ltd,Technology,Software - Application,,SGD,Cash Conversion Cycle,,-,-,-,-,-,-,-19.15,-9.6,2.11,9.75,,
ITS,XSES,Info-Tech Systems Ltd,Technology,Software - Application,,SGD,Recieveables Turnover,,-,-,-,-,-,-,31.51,27.5,24.13,11.62,,
ITS,XSES,Info-Tech Systems Ltd,Technology,Software - Application,,SGD,Inventory Turnover,,-,-,-,-,-,-,51.46,43.52,55.48,91.9,,
ITS,XSES,Info-Tech Systems Ltd,Technology,Software - Application,,SGD,Fixed Assets Turnover,,-,-,-,-,-,-,8.7,10.36,10.84,12.14,,
ITS,XSES,Info-Tech Systems Ltd,Technology,Software - Application,,SGD,Asset Turnover,,-,-,-,-,-,-,1.07,1.17,1.19,0.93,,
J03,XSES,Jadason Enterprises Ltd,Technology,Electronic Components,,SGD,Return on Asset %,,2.19,3.78,-1.97,-23.84,-6.71,-19.48,-17.42,-30.5,-5.86,9.33,,
J03,XSES,Jadason Enterprises Ltd,Technology,Electronic Components,,SGD,Return on Equity %,,3.57,5.49,-2.67,-36.68,-12.97,-41.87,-41.46,-93.92,-27.12,33.24,,
J03,XSES,Jadason Enterprises Ltd,Technology,Electronic Components,,SGD,Return on Invested Capital %,,2.9,5.04,-2.23,-27.97,-7.0,-24.61,-24.26,-60.23,-18.45,27.74,,
J03,XSES,Jadason Enterprises Ltd,Technology,Electronic Components,,SGD,Days Sales Outstanding,,152.62,156.05,159.59,153.64,134.25,101.56,95.74,112.02,89.32,74.28,,
J03,XSES,Jadason Enterprises Ltd,Technology,Electronic Components,,SGD,Days Inventory,,39.67,41.85,54.59,45.94,37.44,27.04,23.96,18.19,9.62,8.83,,
J03,XSES,Jadason Enterprises Ltd,Technology,Electronic Components,,SGD,Payables Period,,101.77,90.17,88.02,72.29,85.15,70.18,82.79,142.91,140.5,104.88,,
J03,XSES,Jadason Enterprises Ltd,Technology,Electronic Components,,SGD,Cash Conversion Cycle,,90.53,107.73,126.15,127.29,86.54,58.42,36.91,-12.7,-41.56,-21.77,,
J03,XSES,Jadason Enterprises Ltd,Technology,Electronic Components,,SGD,Recieveables Turnover,,2.39,2.34,2.29,2.38,2.72,3.59,3.81,3.26,4.09,4.91,,
J03,XSES,Jadason Enterprises Ltd,Technology,Electronic Components,,SGD,Inventory Turnover,,9.2,8.72,6.69,7.94,9.75,13.5,15.24,20.06,37.93,41.33,,
J03,XSES,Jadason Enterprises Ltd,Technology,Electronic Components,,SGD,Fixed Assets Turnover,,2.86,3.27,3.01,2.15,1.9,2.46,2.73,3.46,7.31,11.41,,
J03,XSES,Jadason Enterprises Ltd,Technology,Electronic Components,,SGD,Asset Turnover,,0.68,0.84,0.8,0.7,0.68,0.78,0.81,0.84,1.35,1.91,,
J2T,XSES,Hock Lian Seng Holdings Ltd,Industrials,Engineering & Construction,,SGD,Return on Asset %,,10.08,5.52,4.08,3.77,1.37,7.91,4.8,7.74,9.22,4.52,,
J2T,XSES,Hock Lian Seng Holdings Ltd,Industrials,Engineering & Construction,,SGD,Return on Equity %,,15.4,8.86,6.96,6.16,2.07,11.65,7.1,10.71,11.79,5.9,,
J2T,XSES,Hock Lian Seng Holdings Ltd,Industrials,Engineering & Construction,,SGD,Return on Invested Capital %,,12.89,7.14,5.63,4.92,1.11,10.68,5.97,8.84,9.82,4.24,,
J2T,XSES,Hock Lian Seng Holdings Ltd,Industrials,Engineering & Construction,,SGD,Days Sales Outstanding,,31.04,40.0,35.01,37.3,98.57,44.58,58.78,30.28,26.52,19.56,,
J2T,XSES,Hock Lian Seng Holdings Ltd,Industrials,Engineering & Construction,,SGD,Days Inventory,,246.34,252.65,208.97,217.12,673.98,234.58,257.76,166.1,145.44,194.12,,
J2T,XSES,Hock Lian Seng Holdings Ltd,Industrials,Engineering & Construction,,SGD,Payables Period,,22.37,23.14,15.79,11.21,20.28,10.31,12.94,11.56,26.91,31.72,,
J2T,XSES,Hock Lian Seng Holdings Ltd,Industrials,Engineering & Construction,,SGD,Cash Conversion Cycle,,255.02,269.52,228.19,243.2,752.27,268.85,303.6,184.83,145.05,181.96,,
J2T,XSES,Hock Lian Seng Holdings Ltd,Industrials,Engineering & Construction,,SGD,Recieveables Turnover,,11.76,9.12,10.43,9.79,3.7,8.19,6.21,12.05,13.76,18.66,,
J2T,XSES,Hock Lian Seng Holdings Ltd,Industrials,Engineering & Construction,,SGD,Inventory Turnover,,1.48,1.44,1.75,1.68,0.54,1.56,1.42,2.2,2.51,1.88,,
J2T,XSES,Hock Lian Seng Holdings Ltd,Industrials,Engineering & Construction,,SGD,Fixed Assets Turnover,,9.63,5.96,5.44,5.55,2.05,6.8,6.66,10.44,9.64,9.19,,
J2T,XSES,Hock Lian Seng Holdings Ltd,Industrials,Engineering & Construction,,SGD,Asset Turnover,,0.33,0.42,0.57,0.58,0.2,0.53,0.41,0.59,0.53,0.5,,
J36,XSES,Jardine Matheson Holdings Ltd,Industrials,Conglomerates,,SGD,Return on Asset %,,3.62,2.03,2.01,3.1,-0.41,2.03,0.39,0.77,-0.53,-,,
J36,XSES,Jardine Matheson Holdings Ltd,Industrials,Conglomerates,,SGD,Return on Equity %,,11.99,6.61,6.55,10.01,-1.32,6.36,1.21,2.37,-1.65,-,,
J36,XSES,Jardine Matheson Holdings Ltd,Industrials,Conglomerates,,SGD,Return on Invested Capital %,,7.98,4.51,4.73,6.92,-0.28,4.25,1.25,2.11,-0.23,-,,
J36,XSES,Jardine Matheson Holdings Ltd,Industrials,Conglomerates,,SGD,Days Sales Outstanding,,60.87,62.99,63.34,71.51,83.57,69.62,66.77,68.67,44.99,-,,
J36,XSES,Jardine Matheson Holdings Ltd,Industrials,Conglomerates,,SGD,Days Inventory,,75.57,72.96,71.13,73.49,85.84,77.26,85.9,98.9,94.12,-,,
J36,XSES,Jardine Matheson Holdings Ltd,Industrials,Conglomerates,,SGD,Payables Period,,109.73,115.79,117.34,120.01,138.95,127.69,136.08,147.04,149.0,-,,
J36,XSES,Jardine Matheson Holdings Ltd,Industrials,Conglomerates,,SGD,Cash Conversion Cycle,,26.71,20.15,17.13,25.0,30.46,19.19,16.59,20.53,-9.89,-,,
J36,XSES,Jardine Matheson Holdings Ltd,Industrials,Conglomerates,,SGD,Recieveables Turnover,,6.0,5.79,5.76,5.1,4.37,5.24,5.47,5.32,8.11,-,,
J36,XSES,Jardine Matheson Holdings Ltd,Industrials,Conglomerates,,SGD,Inventory Turnover,,4.83,5.0,5.13,4.97,4.25,4.72,4.25,3.69,3.88,-,,
J36,XSES,Jardine Matheson Holdings Ltd,Industrials,Conglomerates,,SGD,Fixed Assets Turnover,,5.42,5.54,5.22,3.66,2.49,2.97,3.36,3.19,3.09,-,,
J36,XSES,Jardine Matheson Holdings Ltd,Industrials,Conglomerates,,SGD,Asset Turnover,,0.54,0.51,0.5,0.45,0.34,0.39,0.42,0.4,0.41,-,,
J69U,XSES,Frasers Centrepoint Trust,Real Estate,REIT - Retail,,SGD,Return on Asset %,,4.80,7.26,5.97,6.38,4.05,3.45,3.50,3.44,3.10,2.86,,
J69U,XSES,Frasers Centrepoint Trust,Real Estate,REIT - Retail,,SGD,Return on Equity %,,6.99,10.63,8.77,9.35,6.06,5.22,5.26,5.34,4.86,4.49,,
J69U,XSES,Frasers Centrepoint Trust,Real Estate,REIT - Retail,,SGD,Return on Invested Capital %,,5.61,8.14,6.87,7.32,4.81,4.40,4.24,4.85,4.28,3.95,,
J69U,XSES,Frasers Centrepoint Trust,Real Estate,REIT - Retail,,SGD,Days Sales Outstanding,,5.82,6.33,3.81,2.82,6.74,6.16,6.61,5.63,5.58,4.59,,
J69U,XSES,Frasers Centrepoint Trust,Real Estate,REIT - Retail,,SGD,Days Inventory,,-,-,-,-,-,-,-,-,-,-,,
J69U,XSES,Frasers Centrepoint Trust,Real Estate,REIT - Retail,,SGD,Payables Period,,144.88,146.01,135.87,158.25,159.51,124.57,106.55,102.42,99.99,78.38,,
J69U,XSES,Frasers Centrepoint Trust,Real Estate,REIT - Retail,,SGD,Cash Conversion Cycle,,-,-,-,-,-,-,-,-,-,-,,
J69U,XSES,Frasers Centrepoint Trust,Real Estate,REIT - Retail,,SGD,Recieveables Turnover,,62.74,57.63,95.91,129.24,54.13,59.27,55.23,64.81,65.39,79.45,,
J69U,XSES,Frasers Centrepoint Trust,Real Estate,REIT - Retail,,SGD,Inventory Turnover,,-,-,-,-,-,-,-,-,-,-,,
J69U,XSES,Frasers Centrepoint Trust,Real Estate,REIT - Retail,,SGD,Fixed Assets Turnover,,1924.77,2187.89,1688.62,1678.51,1046.99,1688.86,2371.63,4249.69,7993.93,14702.00,,
J69U,XSES,Frasers Centrepoint Trust,Real Estate,REIT - Retail,,SGD,Asset Turnover,,0.07,0.07,0.07,0.06,0.04,0.07,0.06,0.06,0.06,0.06,,
J85,XSES,CDL Hospitality Trusts Stapled Security Real Estate Investment Trust,Real Estate,REIT - Hotel & Motel,,SGD,Return on Asset %,,1.94,4.78,3.79,3.74,-6.36,2.35,7.15,3.85,0.43,-0.85,,
J85,XSES,CDL Hospitality Trusts Stapled Security Real Estate Investment Trust,Real Estate,REIT - Hotel & Motel,,SGD,Return on Equity %,,3.16,7.62,5.98,6.09,-10.82,4.17,12.58,6.72,0.77,-1.56,,
J85,XSES,CDL Hospitality Trusts Stapled Security Real Estate Investment Trust,Real Estate,REIT - Hotel & Motel,,SGD,Return on Invested Capital %,,2.85,5.63,4.52,4.63,-5.93,3.24,8.41,5.32,1.62,0.39,,
J85,XSES,CDL Hospitality Trusts Stapled Security Real Estate Investment Trust,Real Estate,REIT - Hotel & Motel,,SGD,Days Sales Outstanding,,24.21,29.62,48.46,57.24,87.94,65.5,43.85,38.03,41.19,41.57,,
J85,XSES,CDL Hospitality Trusts Stapled Security Real Estate Investment Trust,Real Estate,REIT - Hotel & Motel,,SGD,Days Inventory,,12.41,7.69,6.71,8.7,14.05,11.09,8.28,7.41,7.23,5.65,,
J85,XSES,CDL Hospitality Trusts Stapled Security Real Estate Investment Trust,Real Estate,REIT - Hotel & Motel,,SGD,Payables Period,,76.92,43.21,150.15,279.71,331.47,227.25,164.2,168.51,179.45,162.11,,
J85,XSES,CDL Hospitality Trusts Stapled Security Real Estate Investment Trust,Real Estate,REIT - Hotel & Motel,,SGD,Cash Conversion Cycle,,-40.3,-5.9,-94.98,-213.77,-229.47,-150.66,-112.07,-123.06,-131.03,-114.89,,
J85,XSES,CDL Hospitality Trusts Stapled Security Real Estate Investment Trust,Real Estate,REIT - Hotel & Motel,,SGD,Recieveables Turnover,,15.08,12.32,7.53,6.38,4.15,5.57,8.32,9.6,8.86,8.78,,
J85,XSES,CDL Hospitality Trusts Stapled Security Real Estate Investment Trust,Real Estate,REIT - Hotel & Motel,,SGD,Inventory Turnover,,29.4,47.48,54.39,41.95,25.97,32.93,44.07,49.26,50.5,64.64,,
J85,XSES,CDL Hospitality Trusts Stapled Security Real Estate Investment Trust,Real Estate,REIT - Hotel & Motel,,SGD,Fixed Assets Turnover,,0.7,0.71,0.59,0.55,0.22,0.21,0.29,0.32,0.31,0.31,,
J85,XSES,CDL Hospitality Trusts Stapled Security Real Estate Investment Trust,Real Estate,REIT - Hotel & Motel,,SGD,Asset Turnover,,0.07,0.08,0.07,0.07,0.04,0.05,0.08,0.08,0.08,0.08,,
JYEU,XSES,Lendlease Global Commercial REIT,Real Estate,REIT - Diversified,,SGD,Return on Asset %,,-,-,-,-,-,-0.12,5.16,2.65,1.52,1.36,,
JYEU,XSES,Lendlease Global Commercial REIT,Real Estate,REIT - Diversified,,SGD,Return on Equity %,,-,-,-,-,-,-0.18,8.43,4.54,2.62,2.41,,
JYEU,XSES,Lendlease Global Commercial REIT,Real Estate,REIT - Diversified,,SGD,Return on Invested Capital %,,-,-,-,-,-,0.17,5.59,3.74,3.01,2.81,,
JYEU,XSES,Lendlease Global Commercial REIT,Real Estate,REIT - Diversified,,SGD,Days Sales Outstanding,,-,-,-,-,-,5.59,6.46,4.02,4.36,4.27,,
JYEU,XSES,Lendlease Global Commercial REIT,Real Estate,REIT - Diversified,,SGD,Days Inventory,,-,-,-,-,-,-,-,-,-,-,,
JYEU,XSES,Lendlease Global Commercial REIT,Real Estate,REIT - Diversified,,SGD,Payables Period,,-,-,-,-,-,77.40,88.28,79.93,94.60,93.98,,
JYEU,XSES,Lendlease Global Commercial REIT,Real Estate,REIT - Diversified,,SGD,Cash Conversion Cycle,,-,-,-,-,-,-,-,-,-,-,,
JYEU,XSES,Lendlease Global Commercial REIT,Real Estate,REIT - Diversified,,SGD,Recieveables Turnover,,-,-,-,-,-,65.29,56.51,90.87,83.71,85.54,,
JYEU,XSES,Lendlease Global Commercial REIT,Real Estate,REIT - Diversified,,SGD,Inventory Turnover,,-,-,-,-,-,-,-,-,-,-,,
JYEU,XSES,Lendlease Global Commercial REIT,Real Estate,REIT - Diversified,,SGD,Fixed Assets Turnover,,-,-,-,-,-,-,-,-,-,-,,
JYEU,XSES,Lendlease Global Commercial REIT,Real Estate,REIT - Diversified,,SGD,Asset Turnover,,-,-,-,-,-,0.05,0.04,0.05,0.06,0.05,,
K03,XSES,Khong Guan Ltd,Consumer Defensive,Food Distribution,,SGD,Return on Asset %,,0.08,1.81,1.42,-0.94,0.07,-0.5,0.53,-0.42,-2.05,-0.59,,
K03,XSES,Khong Guan Ltd,Consumer Defensive,Food Distribution,,SGD,Return on Equity %,,0.09,2.08,1.64,-1.1,0.08,-0.59,0.63,-0.5,-2.49,-0.73,,
K03,XSES,Khong Guan Ltd,Consumer Defensive,Food Distribution,,SGD,Return on Invested Capital %,,-0.11,1.92,1.48,-1.24,0.0,-0.62,0.59,-0.65,-2.66,-0.86,,
K03,XSES,Khong Guan Ltd,Consumer Defensive,Food Distribution,,SGD,Days Sales Outstanding,,68.28,68.82,63.97,65.09,60.63,57.77,57.16,60.06,60.64,61.66,,
K03,XSES,Khong Guan Ltd,Consumer Defensive,Food Distribution,,SGD,Days Inventory,,43.61,48.67,49.1,49.2,46.49,47.02,47.52,47.4,47.32,48.52,,
K03,XSES,Khong Guan Ltd,Consumer Defensive,Food Distribution,,SGD,Payables Period,,35.57,36.6,35.61,35.07,36.07,36.38,37.91,43.45,42.53,44.04,,
K03,XSES,Khong Guan Ltd,Consumer Defensive,Food Distribution,,SGD,Cash Conversion Cycle,,76.32,80.9,77.46,79.22,71.05,68.41,66.77,64.02,65.43,66.14,,
K03,XSES,Khong Guan Ltd,Consumer Defensive,Food Distribution,,SGD,Recieveables Turnover,,5.35,5.3,5.71,5.61,6.02,6.32,6.39,6.08,6.02,5.92,,
K03,XSES,Khong Guan Ltd,Consumer Defensive,Food Distribution,,SGD,Inventory Turnover,,8.37,7.5,7.43,7.42,7.85,7.76,7.68,7.7,7.71,7.52,,
K03,XSES,Khong Guan Ltd,Consumer Defensive,Food Distribution,,SGD,Fixed Assets Turnover,,15.84,16.4,18.56,14.07,9.72,8.85,10.75,11.95,10.21,9.28,,
K03,XSES,Khong Guan Ltd,Consumer Defensive,Food Distribution,,SGD,Asset Turnover,,0.8,0.8,0.83,0.8,0.84,0.89,1.0,1.04,1.06,1.1,,
K29,XSES,Karin Technology Holdings Ltd,Technology,Information Technology Services,,SGD,Return on Asset %,,1.12,0.7,2.72,3.47,0.52,3.28,1.78,4.07,1.68,1.72,,
K29,XSES,Karin Technology Holdings Ltd,Technology,Information Technology Services,,SGD,Return on Equity %,,2.06,1.21,4.96,7.24,1.09,7.33,4.62,10.94,4.53,4.69,,
K29,XSES,Karin Technology Holdings Ltd,Technology,Information Technology Services,,SGD,Return on Invested Capital %,,1.85,1.28,4.44,6.2,1.16,5.96,3.54,8.55,4.89,4.2,,
K29,XSES,Karin Technology Holdings Ltd,Technology,Information Technology Services,,SGD,Days Sales Outstanding,,30.35,74.51,74.68,83.61,74.28,73.8,79.81,75.51,71.67,79.24,,
K29,XSES,Karin Technology Holdings Ltd,Technology,Information Technology Services,,SGD,Days Inventory,,36.09,35.27,32.08,41.27,38.98,43.33,49.47,50.46,45.9,52.14,,
K29,XSES,Karin Technology Holdings Ltd,Technology,Information Technology Services,,SGD,Payables Period,,38.36,42.78,41.32,48.6,46.13,51.8,56.3,51.47,52.59,60.36,,
K29,XSES,Karin Technology Holdings Ltd,Technology,Information Technology Services,,SGD,Cash Conversion Cycle,,28.09,67.0,65.44,76.28,67.13,65.33,72.98,74.5,64.98,71.01,,
K29,XSES,Karin Technology Holdings Ltd,Technology,Information Technology Services,,SGD,Recieveables Turnover,,12.03,4.9,4.89,4.37,4.91,4.95,4.57,4.83,5.09,4.61,,
K29,XSES,Karin Technology Holdings Ltd,Technology,Information Technology Services,,SGD,Inventory Turnover,,10.11,10.35,11.38,8.84,9.36,8.42,7.38,7.23,7.95,7.0,,
K29,XSES,Karin Technology Holdings Ltd,Technology,Information Technology Services,,SGD,Fixed Assets Turnover,,5.2,4.02,7.06,19.12,18.42,23.32,29.93,37.84,103.07,113.93,,
K29,XSES,Karin Technology Holdings Ltd,Technology,Information Technology Services,,SGD,Asset Turnover,,1.83,1.58,1.95,1.93,1.9,1.9,1.73,1.77,1.95,1.73,,
K6S,XSES,Prudential PLC,Financial Services,Insurance - Life,,SGD,Return on Asset %,,0.41,0.52,0.58,0.14,0.44,-0.57,0.55,1.00,1.28,2.02,,
K6S,XSES,Prudential PLC,Financial Services,Insurance - Life,,SGD,Return on Equity %,,12.71,16.21,17.51,3.79,10.50,-10.76,5.86,9.78,12.94,21.15,,
K6S,XSES,Prudential PLC,Financial Services,Insurance - Life,,SGD,Return on Invested Capital %,,-,-,-,-,-,-,-,-,-,-,,
K6S,XSES,Prudential PLC,Financial Services,Insurance - Life,,SGD,Days Sales Outstanding,,-,-,-,-,-,-,-,-,-,-,,
K6S,XSES,Prudential PLC,Financial Services,Insurance - Life,,SGD,Days Inventory,,-,-,-,-,-,-,-,-,-,-,,
K6S,XSES,Prudential PLC,Financial Services,Insurance - Life,,SGD,Payables Period,,-,-,-,-,-,-,-,-,-,-,,
K6S,XSES,Prudential PLC,Financial Services,Insurance - Life,,SGD,Cash Conversion Cycle,,-,-,-,-,-,-,-,-,-,-,,
K6S,XSES,Prudential PLC,Financial Services,Insurance - Life,,SGD,Recieveables Turnover,,-,-,-,-,-,-,-,-,-,-,,
K6S,XSES,Prudential PLC,Financial Services,Insurance - Life,,SGD,Inventory Turnover,,-,-,-,-,-,-,-,-,-,-,,
K6S,XSES,Prudential PLC,Financial Services,Insurance - Life,,SGD,Fixed Assets Turnover,,65.90,117.98,22.17,65.71,59.19,38.66,-,48.29,40.99,57.85,,
K6S,XSES,Prudential PLC,Financial Services,Insurance - Life,,SGD,Asset Turnover,,0.15,0.19,0.05,0.17,0.12,0.07,-,0.11,0.09,0.14,,
K71U,XSES,Keppel REIT,Real Estate,REIT - Office,,SGD,Return on Asset %,,3.34,2.28,1.90,1.57,-0.20,2.85,4.67,1.97,1.18,4.81,,
K71U,XSES,Keppel REIT,Real Estate,REIT - Office,,SGD,Return on Equity %,,5.17,3.52,2.98,2.49,-0.32,4.65,7.66,3.14,1.89,8.27,,
K71U,XSES,Keppel REIT,Real Estate,REIT - Office,,SGD,Return on Invested Capital %,,3.83,2.83,2.53,2.16,0.15,3.49,5.39,2.80,2.29,6.13,,
K71U,XSES,Keppel REIT,Real Estate,REIT - Office,,SGD,Days Sales Outstanding,,25.74,14.34,18.85,27.13,28.43,36.80,39.64,21.08,12.74,11.15,,
K71U,XSES,Keppel REIT,Real Estate,REIT - Office,,SGD,Days Inventory,,-,-,-,-,-,-,-,-,-,-,,
K71U,XSES,Keppel REIT,Real Estate,REIT - Office,,SGD,Payables Period,,244.85,261.81,275.36,267.89,258.90,210.65,132.56,116.03,173.23,193.78,,
K71U,XSES,Keppel REIT,Real Estate,REIT - Office,,SGD,Cash Conversion Cycle,,-,-,-,-,-,-,-,-,-,-,,
K71U,XSES,Keppel REIT,Real Estate,REIT - Office,,SGD,Recieveables Turnover,,14.18,25.45,19.37,13.45,12.84,9.92,9.21,17.32,28.65,32.73,,
K71U,XSES,Keppel REIT,Real Estate,REIT - Office,,SGD,Inventory Turnover,,-,-,-,-,-,-,-,-,-,-,,
K71U,XSES,Keppel REIT,Real Estate,REIT - Office,,SGD,Fixed Assets Turnover,,829.06,970.60,1270.94,1717.83,2225.14,2102.97,1768.44,1064.25,1282.25,3229.15,,
K71U,XSES,Keppel REIT,Real Estate,REIT - Office,,SGD,Asset Turnover,,0.02,0.02,0.02,0.02,0.02,0.03,0.03,0.03,0.03,0.03,,
K75,XSES,Koh Brothers Group Ltd,Industrials,Engineering & Construction,,SGD,Return on Asset %,,2.06,3.0,0.88,0.7,-1.76,0.84,0.74,-2.88,-0.81,2.84,,
K75,XSES,Koh Brothers Group Ltd,Industrials,Engineering & Construction,,SGD,Return on Equity %,,5.11,7.25,2.34,1.97,-5.02,2.4,2.09,-7.93,-2.08,6.84,,
K75,XSES,Koh Brothers Group Ltd,Industrials,Engineering & Construction,,SGD,Return on Invested Capital %,,3.36,4.89,1.56,1.97,-1.15,2.23,2.43,-2.07,0.73,5.25,,
K75,XSES,Koh Brothers Group Ltd,Industrials,Engineering & Construction,,SGD,Days Sales Outstanding,,114.43,97.08,67.94,57.82,54.21,49.56,39.69,35.85,68.66,63.69,,
K75,XSES,Koh Brothers Group Ltd,Industrials,Engineering & Construction,,SGD,Days Inventory,,11.41,9.12,70.25,155.09,210.71,216.58,139.52,61.76,14.25,7.27,,
K75,XSES,Koh Brothers Group Ltd,Industrials,Engineering & Construction,,SGD,Payables Period,,103.13,94.28,95.67,117.11,133.2,101.6,67.7,69.34,101.66,95.7,,
K75,XSES,Koh Brothers Group Ltd,Industrials,Engineering & Construction,,SGD,Cash Conversion Cycle,,22.71,11.92,42.51,95.8,131.71,164.55,111.5,28.27,-18.75,-24.74,,
K75,XSES,Koh Brothers Group Ltd,Industrials,Engineering & Construction,,SGD,Recieveables Turnover,,3.19,3.76,5.37,6.31,6.73,7.36,9.2,10.18,5.32,5.73,,
K75,XSES,Koh Brothers Group Ltd,Industrials,Engineering & Construction,,SGD,Inventory Turnover,,31.99,40.03,5.2,2.35,1.73,1.69,2.62,5.91,25.61,50.21,,
K75,XSES,Koh Brothers Group Ltd,Industrials,Engineering & Construction,,SGD,Fixed Assets Turnover,,3.28,3.41,3.65,2.68,1.71,2.07,3.27,3.5,2.47,3.53,,
K75,XSES,Koh Brothers Group Ltd,Industrials,Engineering & Construction,,SGD,Asset Turnover,,0.54,0.56,0.54,0.43,0.29,0.31,0.43,0.47,0.35,0.5,,
KIN,XSES,Kin Global Ltd,Industrials,Specialty Business Services,,SGD,Return on Asset %,,-,-,-,-,-,-,12.27,10.17,13.28,26.58,,
KIN,XSES,Kin Global Ltd,Industrials,Specialty Business Services,,SGD,Return on Equity %,,-,-,-,-,-,-,19.80,18.81,30.82,57.19,,
KIN,XSES,Kin Global Ltd,Industrials,Specialty Business Services,,SGD,Return on Invested Capital %,,-,-,-,-,-,-,16.50,16.55,25.23,49.56,,
KIN,XSES,Kin Global Ltd,Industrials,Specialty Business Services,,SGD,Days Sales Outstanding,,-,-,-,-,-,-,39.61,53.20,78.08,17.31,,
KIN,XSES,Kin Global Ltd,Industrials,Specialty Business Services,,SGD,Days Inventory,,-,-,-,-,-,-,-,-,-,-,,
KIN,XSES,Kin Global Ltd,Industrials,Specialty Business Services,,SGD,Payables Period,,-,-,-,-,-,-,56.49,49.67,114.96,28.40,,
KIN,XSES,Kin Global Ltd,Industrials,Specialty Business Services,,SGD,Cash Conversion Cycle,,-,-,-,-,-,-,-,-,-,-,,
KIN,XSES,Kin Global Ltd,Industrials,Specialty Business Services,,SGD,Recieveables Turnover,,-,-,-,-,-,-,9.21,6.86,4.67,21.08,,
KIN,XSES,Kin Global Ltd,Industrials,Specialty Business Services,,SGD,Inventory Turnover,,-,-,-,-,-,-,-,-,-,-,,
KIN,XSES,Kin Global Ltd,Industrials,Specialty Business Services,,SGD,Fixed Assets Turnover,,-,-,-,-,-,-,8.90,23.11,29.75,92.32,,
KIN,XSES,Kin Global Ltd,Industrials,Specialty Business Services,,SGD,Asset Turnover,,-,-,-,-,-,-,1.33,2.43,1.61,4.34,,
KJ5,XSES,BBR Holdings (S) Ltd,Industrials,Engineering & Construction,,SGD,Return on Asset %,,0.37,2.23,-1.13,-4.34,-8.27,0.49,1.78,1.94,5.65,1.17,,
KJ5,XSES,BBR Holdings (S) Ltd,Industrials,Engineering & Construction,,SGD,Return on Equity %,,0.86,5.27,-2.47,-10.02,-24.46,1.67,5.78,6.2,18.31,3.51,,
KJ5,XSES,BBR Holdings (S) Ltd,Industrials,Engineering & Construction,,SGD,Return on Invested Capital %,,0.25,3.61,-0.66,-4.3,-9.32,1.93,4.1,4.56,9.91,2.59,,
KJ5,XSES,BBR Holdings (S) Ltd,Industrials,Engineering & Construction,,SGD,Days Sales Outstanding,,135.93,122.88,98.84,41.24,86.3,51.0,25.78,25.63,35.17,34.86,,
KJ5,XSES,BBR Holdings (S) Ltd,Industrials,Engineering & Construction,,SGD,Days Inventory,,12.13,16.83,212.64,395.83,306.9,182.09,203.96,157.9,68.59,5.12,,
KJ5,XSES,BBR Holdings (S) Ltd,Industrials,Engineering & Construction,,SGD,Payables Period,,43.38,111.71,144.07,104.58,119.3,97.39,115.33,98.59,89.19,114.56,,
KJ5,XSES,BBR Holdings (S) Ltd,Industrials,Engineering & Construction,,SGD,Cash Conversion Cycle,,104.67,28.0,167.41,332.49,273.91,135.7,114.41,84.95,14.57,-74.58,,
KJ5,XSES,BBR Holdings (S) Ltd,Industrials,Engineering & Construction,,SGD,Recieveables Turnover,,2.69,2.97,3.69,8.85,4.23,7.16,14.16,14.24,10.38,10.47,,
KJ5,XSES,BBR Holdings (S) Ltd,Industrials,Engineering & Construction,,SGD,Inventory Turnover,,30.1,21.69,1.72,0.92,1.19,2.0,1.79,2.31,5.32,71.22,,
KJ5,XSES,BBR Holdings (S) Ltd,Industrials,Engineering & Construction,,SGD,Fixed Assets Turnover,,6.35,4.21,3.23,3.69,3.57,5.64,5.3,7.01,8.68,8.04,,
KJ5,XSES,BBR Holdings (S) Ltd,Industrials,Engineering & Construction,,SGD,Asset Turnover,,0.9,0.54,0.4,0.43,0.38,0.55,0.53,0.72,0.77,0.64,,
KUH,XSES,TSH Corp Ltd,Consumer Cyclical,Restaurants,,SGD,Return on Asset %,,12.63,-9.01,-13.75,6.52,-16.89,-2.92,6.55,2.64,5.84,8.36,,
KUH,XSES,TSH Corp Ltd,Consumer Cyclical,Restaurants,,SGD,Return on Equity %,,16.72,-9.55,-14.79,8.74,-25.04,-4.75,12.31,5.19,10.46,13.22,,
KUH,XSES,TSH Corp Ltd,Consumer Cyclical,Restaurants,,SGD,Return on Invested Capital %,,14.87,-9.55,-14.79,6.9,-20.07,-2.89,8.89,5.0,8.46,10.96,,
KUH,XSES,TSH Corp Ltd,Consumer Cyclical,Restaurants,,SGD,Days Sales Outstanding,,-,-,-,2.68,8.25,8.19,4.13,8.15,8.86,5.75,,
KUH,XSES,TSH Corp Ltd,Consumer Cyclical,Restaurants,,SGD,Days Inventory,,-,-,-,594.36,1195.41,1183.72,1079.87,1071.16,1109.88,1015.59,,
KUH,XSES,TSH Corp Ltd,Consumer Cyclical,Restaurants,,SGD,Payables Period,,-,-,-,42.67,122.04,74.54,60.3,72.28,61.38,44.15,,
KUH,XSES,TSH Corp Ltd,Consumer Cyclical,Restaurants,,SGD,Cash Conversion Cycle,,-,-,-,554.36,1081.61,1117.37,1023.7,1007.03,1057.36,977.19,,
KUH,XSES,TSH Corp Ltd,Consumer Cyclical,Restaurants,,SGD,Recieveables Turnover,,-,-,-,136.38,44.27,44.59,88.45,44.81,41.19,63.44,,
KUH,XSES,TSH Corp Ltd,Consumer Cyclical,Restaurants,,SGD,Inventory Turnover,,-,-,-,0.61,0.31,0.31,0.34,0.34,0.33,0.36,,
KUH,XSES,TSH Corp Ltd,Consumer Cyclical,Restaurants,,SGD,Fixed Assets Turnover,,-,-,-,2.52,2.06,7.15,5.76,3.86,5.09,6.52,,
KUH,XSES,TSH Corp Ltd,Consumer Cyclical,Restaurants,,SGD,Asset Turnover,,-,-,-,0.85,0.36,0.48,0.68,0.74,0.8,0.84,,
KUO,XSES,International Cement Group Ltd Ordinary Shares,Basic Materials,Building Materials,,SGD,Return on Asset %,,-,-0.86,5.69,4.76,2.49,7.21,6.57,3.09,0.02,9.85,,
KUO,XSES,International Cement Group Ltd Ordinary Shares,Basic Materials,Building Materials,,SGD,Return on Equity %,,-,-1.2,8.53,7.87,4.42,12.64,12.63,6.75,0.06,22.09,,
KUO,XSES,International Cement Group Ltd Ordinary Shares,Basic Materials,Building Materials,,SGD,Return on Invested Capital %,,-,-0.83,8.51,7.77,5.41,12.9,11.66,6.51,4.01,23.54,,
KUO,XSES,International Cement Group Ltd Ordinary Shares,Basic Materials,Building Materials,,SGD,Days Sales Outstanding,,-,148.15,70.67,53.83,27.81,31.64,43.95,37.41,46.82,37.11,,
KUO,XSES,International Cement Group Ltd Ordinary Shares,Basic Materials,Building Materials,,SGD,Days Inventory,,-,309.02,202.34,164.82,87.86,82.7,91.84,85.44,76.91,59.36,,
KUO,XSES,International Cement Group Ltd Ordinary Shares,Basic Materials,Building Materials,,SGD,Payables Period,,-,14.76,37.62,269.64,215.94,148.56,148.65,127.34,127.25,88.98,,
KUO,XSES,International Cement Group Ltd Ordinary Shares,Basic Materials,Building Materials,,SGD,Cash Conversion Cycle,,-,442.41,235.38,-51.0,-100.27,-34.22,-12.86,-4.49,-3.51,7.48,,
KUO,XSES,International Cement Group Ltd Ordinary Shares,Basic Materials,Building Materials,,SGD,Recieveables Turnover,,-,2.46,5.17,6.78,13.13,11.54,8.31,9.76,7.8,9.84,,
KUO,XSES,International Cement Group Ltd Ordinary Shares,Basic Materials,Building Materials,,SGD,Inventory Turnover,,-,1.18,1.8,2.21,4.15,4.41,3.97,4.27,4.75,6.15,,
KUO,XSES,International Cement Group Ltd Ordinary Shares,Basic Materials,Building Materials,,SGD,Fixed Assets Turnover,,-,0.57,0.77,0.62,0.57,0.7,0.71,0.65,0.57,0.78,,
KUO,XSES,International Cement Group Ltd Ordinary Shares,Basic Materials,Building Materials,,SGD,Asset Turnover,,-,0.23,0.4,0.4,0.4,0.5,0.51,0.49,0.45,0.62,,
KUX,XSES,OIO Holdings Ltd Ordinary Shares,Technology,Software - Application,,SGD,Return on Asset %,,-,34.00,-12.89,-53.81,-47.69,-10.86,-92.06,-15.66,-120.54,-193.72,,
KUX,XSES,OIO Holdings Ltd Ordinary Shares,Technology,Software - Application,,SGD,Return on Equity %,,-,141.66,-27.80,-226.53,-,-38.61,-365.85,-,-,-,,
KUX,XSES,OIO Holdings Ltd Ordinary Shares,Technology,Software - Application,,SGD,Return on Invested Capital %,,-,86.45,-19.74,-108.61,-,-19.57,-152.89,-,-,-,,
KUX,XSES,OIO Holdings Ltd Ordinary Shares,Technology,Software - Application,,SGD,Days Sales Outstanding,,-,90.09,100.19,897.50,22.37,2.37,2.98,-,-,-,,
KUX,XSES,OIO Holdings Ltd Ordinary Shares,Technology,Software - Application,,SGD,Days Inventory,,-,-,-,-,-,-,-,-,-,-,,
KUX,XSES,OIO Holdings Ltd Ordinary Shares,Technology,Software - Application,,SGD,Payables Period,,-,91.41,45.87,508.31,113.70,98.30,86.87,140.74,46.78,64.30,,
KUX,XSES,OIO Holdings Ltd Ordinary Shares,Technology,Software - Application,,SGD,Cash Conversion Cycle,,-,-,-,-,-,-,-,-,-,-,,
KUX,XSES,OIO Holdings Ltd Ordinary Shares,Technology,Software - Application,,SGD,Recieveables Turnover,,-,4.05,3.64,0.41,16.31,154.21,122.37,-,-,-,,
KUX,XSES,OIO Holdings Ltd Ordinary Shares,Technology,Software - Application,,SGD,Inventory Turnover,,-,-,-,-,-,-,-,-,-,-,,
KUX,XSES,OIO Holdings Ltd Ordinary Shares,Technology,Software - Application,,SGD,Fixed Assets Turnover,,-,10.96,9.44,0.57,1.75,104.72,64.71,18.79,12.32,11.72,,
KUX,XSES,OIO Holdings Ltd Ordinary Shares,Technology,Software - Application,,SGD,Asset Turnover,,-,2.17,1.89,0.15,0.83,0.49,0.26,0.21,0.17,0.32,,
L02,XSES,Metis Energy Ltd,Utilities,Utilities - Renewable,,SGD,Return on Asset %,,-5.22,-5.63,1.5,-13.01,4.18,-1.03,3.22,-7.39,-7.54,-5.37,,
L02,XSES,Metis Energy Ltd,Utilities,Utilities - Renewable,,SGD,Return on Equity %,,-11.55,-15.8,4.25,-35.71,9.89,-1.8,4.86,-11.26,-15.57,-17.37,,
L02,XSES,Metis Energy Ltd,Utilities,Utilities - Renewable,,SGD,Return on Invested Capital %,,-7.42,-8.84,5.36,-31.53,9.5,-1.71,4.95,-9.03,-7.64,-5.43,,
L02,XSES,Metis Energy Ltd,Utilities,Utilities - Renewable,,SGD,Days Sales Outstanding,,105.93,45.32,45.44,65.41,53.98,62.73,49.72,99.43,34.75,34.63,,
L02,XSES,Metis Energy Ltd,Utilities,Utilities - Renewable,,SGD,Days Inventory,,65.01,14.63,2.58,4.16,13.12,20.06,25.22,1364.12,852.19,75.85,,
L02,XSES,Metis Energy Ltd,Utilities,Utilities - Renewable,,SGD,Payables Period,,891.17,577.36,735.44,1086.52,685.2,717.09,327.79,11341.91,12406.08,2022.02,,
L02,XSES,Metis Energy Ltd,Utilities,Utilities - Renewable,,SGD,Cash Conversion Cycle,,-720.23,-517.41,-687.42,-1016.94,-618.09,-634.3,-252.85,-9878.36,-11519.15,-1911.53,,
L02,XSES,Metis Energy Ltd,Utilities,Utilities - Renewable,,SGD,Recieveables Turnover,,3.45,8.05,8.03,5.58,6.76,5.82,7.34,3.67,10.5,10.54,,
L02,XSES,Metis Energy Ltd,Utilities,Utilities - Renewable,,SGD,Inventory Turnover,,5.61,24.95,141.26,87.64,27.81,18.2,14.47,0.27,0.43,4.81,,
L02,XSES,Metis Energy Ltd,Utilities,Utilities - Renewable,,SGD,Fixed Assets Turnover,,0.38,0.45,0.51,0.27,0.22,0.3,0.32,0.06,0.04,0.02,,
L02,XSES,Metis Energy Ltd,Utilities,Utilities - Renewable,,SGD,Asset Turnover,,0.06,0.11,0.11,0.06,0.05,0.06,0.09,0.03,0.03,0.02,,
L19,XSES,Lum Chang Holdings Ltd,Industrials,Engineering & Construction,,SGD,Return on Asset %,,5.47,3.30,4.17,3.6,-0.34,0.5,-2.01,-6.36,1.67,3.69,,
L19,XSES,Lum Chang Holdings Ltd,Industrials,Engineering & Construction,,SGD,Return on Equity %,,13.96,8.63,10.68,9.29,-0.82,1.2,-4.85,-15.31,4.48,9.47,,
L19,XSES,Lum Chang Holdings Ltd,Industrials,Engineering & Construction,,SGD,Return on Invested Capital %,,9.93,6.33,7.25,6.65,0.66,1.32,-2.12,-10.31,3.5,7.06,,
L19,XSES,Lum Chang Holdings Ltd,Industrials,Engineering & Construction,,SGD,Days Sales Outstanding,,54.87,53.13,110.07,102.19,40.33,33.4,38.6,38.22,34.24,48.37,,
L19,XSES,Lum Chang Holdings Ltd,Industrials,Engineering & Construction,,SGD,Days Inventory,,-,-,244.13,228.82,153.64,136.16,60.83,28.33,18.05,23.05,,
L19,XSES,Lum Chang Holdings Ltd,Industrials,Engineering & Construction,,SGD,Payables Period,,178.31,185.17,261.67,215.25,115.63,89.21,74.53,44.3,14.97,21.95,,
L19,XSES,Lum Chang Holdings Ltd,Industrials,Engineering & Construction,,SGD,Cash Conversion Cycle,,-,-,92.53,115.76,78.34,80.34,24.9,22.26,37.32,49.47,,
L19,XSES,Lum Chang Holdings Ltd,Industrials,Engineering & Construction,,SGD,Recieveables Turnover,,6.65,6.87,3.32,3.57,9.05,10.93,9.46,9.55,10.66,7.55,,
L19,XSES,Lum Chang Holdings Ltd,Industrials,Engineering & Construction,,SGD,Inventory Turnover,,-,-,1.5,1.6,2.38,2.68,6.0,12.88,20.22,15.83,,
L19,XSES,Lum Chang Holdings Ltd,Industrials,Engineering & Construction,,SGD,Fixed Assets Turnover,,12.81,12.74,9.99,9.41,12.25,10.26,11.43,11.37,15.5,13.67,,
L19,XSES,Lum Chang Holdings Ltd,Industrials,Engineering & Construction,,SGD,Asset Turnover,,0.79,0.65,0.44,0.37,0.51,0.55,0.78,0.87,1.14,1.1,,
L23,XSES,Enviro-Hub Holdings Ltd,Industrials,Waste Management,,SGD,Return on Asset %,,-0.86,-2.59,0.29,0.17,-0.55,1.61,1.41,0.74,-20.05,-0.55,,
L23,XSES,Enviro-Hub Holdings Ltd,Industrials,Waste Management,,SGD,Return on Equity %,,-7.93,-17.39,1.02,0.62,-1.9,3.94,2.72,1.34,-37.04,-1.19,,
L23,XSES,Enviro-Hub Holdings Ltd,Industrials,Waste Management,,SGD,Return on Invested Capital %,,1.18,0.06,2.16,2.25,1.51,3.43,2.72,2.35,-20.66,0.92,,
L23,XSES,Enviro-Hub Holdings Ltd,Industrials,Waste Management,,SGD,Days Sales Outstanding,,75.98,79.3,129.01,89.24,72.13,47.98,63.46,58.94,31.17,9.26,,
L23,XSES,Enviro-Hub Holdings Ltd,Industrials,Waste Management,,SGD,Days Inventory,,17.82,16.73,30.19,29.88,39.98,59.04,70.48,67.75,75.03,53.26,,
L23,XSES,Enviro-Hub Holdings Ltd,Industrials,Waste Management,,SGD,Payables Period,,137.4,164.73,232.62,138.25,145.38,173.37,157.84,128.14,145.95,109.64,,
L23,XSES,Enviro-Hub Holdings Ltd,Industrials,Waste Management,,SGD,Cash Conversion Cycle,,-43.61,-68.7,-73.42,-19.12,-33.27,-66.35,-23.9,-1.44,-39.75,-47.13,,
L23,XSES,Enviro-Hub Holdings Ltd,Industrials,Waste Management,,SGD,Recieveables Turnover,,4.8,4.6,2.83,4.09,5.06,7.61,5.75,6.19,11.71,39.43,,
L23,XSES,Enviro-Hub Holdings Ltd,Industrials,Waste Management,,SGD,Inventory Turnover,,20.49,21.82,12.09,12.21,9.13,6.18,5.18,5.39,4.86,6.85,,
L23,XSES,Enviro-Hub Holdings Ltd,Industrials,Waste Management,,SGD,Fixed Assets Turnover,,4.69,3.32,1.61,1.46,1.03,1.25,1.25,1.24,1.11,1.56,,
L23,XSES,Enviro-Hub Holdings Ltd,Industrials,Waste Management,,SGD,Asset Turnover,,0.17,0.16,0.15,0.2,0.17,0.24,0.28,0.27,0.23,0.33,,
LCC,XSES,Lum Chang Creations Ltd,Industrials,Engineering & Construction,,SGD,Return on Asset %,,-,-,-,-,-,-,5.42,31.26,21.47,28.25,,
LCC,XSES,Lum Chang Creations Ltd,Industrials,Engineering & Construction,,SGD,Return on Equity %,,-,-,-,-,-,-,9.37,59.46,51.78,87.13,,
LCC,XSES,Lum Chang Creations Ltd,Industrials,Engineering & Construction,,SGD,Return on Invested Capital %,,-,-,-,-,-,-,9.01,56.26,47.42,79.97,,
LCC,XSES,Lum Chang Creations Ltd,Industrials,Engineering & Construction,,SGD,Days Sales Outstanding,,-,-,-,-,-,-,102.72,48.67,45.32,46.40,,
LCC,XSES,Lum Chang Creations Ltd,Industrials,Engineering & Construction,,SGD,Days Inventory,,-,-,-,-,-,-,-,-,-,-,,
LCC,XSES,Lum Chang Creations Ltd,Industrials,Engineering & Construction,,SGD,Payables Period,,-,-,-,-,-,-,23.03,12.27,12.35,8.99,,
LCC,XSES,Lum Chang Creations Ltd,Industrials,Engineering & Construction,,SGD,Cash Conversion Cycle,,-,-,-,-,-,-,-,-,-,-,,
LCC,XSES,Lum Chang Creations Ltd,Industrials,Engineering & Construction,,SGD,Recieveables Turnover,,-,-,-,-,-,-,3.55,7.50,8.05,7.87,,
LCC,XSES,Lum Chang Creations Ltd,Industrials,Engineering & Construction,,SGD,Inventory Turnover,,-,-,-,-,-,-,-,-,-,-,,
LCC,XSES,Lum Chang Creations Ltd,Industrials,Engineering & Construction,,SGD,Fixed Assets Turnover,,-,-,-,-,-,-,27.79,52.93,54.78,39.92,,
LCC,XSES,Lum Chang Creations Ltd,Industrials,Engineering & Construction,,SGD,Asset Turnover,,-,-,-,-,-,-,1.51,2.72,2.68,2.48,,
LGH,XSES,Leong Guan Holdings Ltd,Consumer Defensive,Packaged Foods,,SGD,Return on Asset %,,-,-,-,-,-,-,7.12,6.55,9.77,2.18,,
LGH,XSES,Leong Guan Holdings Ltd,Consumer Defensive,Packaged Foods,,SGD,Return on Equity %,,-,-,-,-,-,-,19.64,19.31,30.31,6.08,,
LGH,XSES,Leong Guan Holdings Ltd,Consumer Defensive,Packaged Foods,,SGD,Return on Invested Capital %,,-,-,-,-,-,-,13.22,13.05,19.65,4.54,,
LGH,XSES,Leong Guan Holdings Ltd,Consumer Defensive,Packaged Foods,,SGD,Days Sales Outstanding,,-,-,-,-,-,-,43.87,38.59,35.56,37.07,,
LGH,XSES,Leong Guan Holdings Ltd,Consumer Defensive,Packaged Foods,,SGD,Days Inventory,,-,-,-,-,-,-,19.27,18.28,18.0,18.35,,
LGH,XSES,Leong Guan Holdings Ltd,Consumer Defensive,Packaged Foods,,SGD,Payables Period,,-,-,-,-,-,-,111.89,105.77,92.32,66.67,,
LGH,XSES,Leong Guan Holdings Ltd,Consumer Defensive,Packaged Foods,,SGD,Cash Conversion Cycle,,-,-,-,-,-,-,-48.76,-48.9,-38.75,-11.25,,
LGH,XSES,Leong Guan Holdings Ltd,Consumer Defensive,Packaged Foods,,SGD,Recieveables Turnover,,-,-,-,-,-,-,8.32,9.46,10.26,9.85,,
LGH,XSES,Leong Guan Holdings Ltd,Consumer Defensive,Packaged Foods,,SGD,Inventory Turnover,,-,-,-,-,-,-,18.95,19.96,20.27,19.89,,
LGH,XSES,Leong Guan Holdings Ltd,Consumer Defensive,Packaged Foods,,SGD,Fixed Assets Turnover,,-,-,-,-,-,-,12.51,12.68,10.57,4.3,,
LGH,XSES,Leong Guan Holdings Ltd,Consumer Defensive,Packaged Foods,,SGD,Asset Turnover,,-,-,-,-,-,-,1.71,1.9,2.11,1.75,,
LJ3,XSES,OUE Ltd,Real Estate,Real Estate - Diversified,,SGD,Return on Asset %,,1.78,1.16,0.11,2.55,-3.37,0.87,2.05,0.86,-3.16,-2.56,,
LJ3,XSES,OUE Ltd,Real Estate,Real Estate - Diversified,,SGD,Return on Equity %,,3.64,2.46,0.25,6.37,-8.79,2.13,5.01,2.19,-8.3,-7.1,,
LJ3,XSES,OUE Ltd,Real Estate,Real Estate - Diversified,,SGD,Return on Invested Capital %,,3.43,2.66,1.52,4.91,-3.21,2.03,4.01,2.67,-2.77,-2.12,,
LJ3,XSES,OUE Ltd,Real Estate,Real Estate - Diversified,,SGD,Days Sales Outstanding,,9.67,11.3,16.96,12.3,20.5,36.0,23.25,20.26,17.94,17.35,,
LJ3,XSES,OUE Ltd,Real Estate,Real Estate - Diversified,,SGD,Days Inventory,,512.61,471.37,500.73,189.99,113.01,73.4,60.63,49.39,33.14,26.56,,
LJ3,XSES,OUE Ltd,Real Estate,Real Estate - Diversified,,SGD,Payables Period,,33.38,38.97,41.72,24.49,38.43,45.16,50.21,47.39,32.62,29.95,,
LJ3,XSES,OUE Ltd,Real Estate,Real Estate - Diversified,,SGD,Cash Conversion Cycle,,488.9,443.71,475.98,177.8,95.08,64.25,33.67,22.27,18.46,13.96,,
LJ3,XSES,OUE Ltd,Real Estate,Real Estate - Diversified,,SGD,Recieveables Turnover,,37.74,32.3,21.52,29.68,17.81,10.14,15.7,18.02,20.35,21.04,,
LJ3,XSES,OUE Ltd,Real Estate,Real Estate - Diversified,,SGD,Inventory Turnover,,0.71,0.77,0.73,1.92,3.23,4.97,6.02,7.39,11.01,13.74,,
LJ3,XSES,OUE Ltd,Real Estate,Real Estate - Diversified,,SGD,Fixed Assets Turnover,,43.37,29.61,14.79,1.02,0.31,0.18,0.29,0.35,0.37,0.34,,
LJ3,XSES,OUE Ltd,Real Estate,Real Estate - Diversified,,SGD,Asset Turnover,,0.11,0.09,0.07,0.09,0.05,0.03,0.05,0.07,0.07,0.07,,
LMS,XSES,Lms Compliance Ltd,Industrials,Specialty Business Services,,SGD,Return on Asset %,,-,-,-,22.95,23.30,22.46,2.74,15.97,13.74,13.17,,
LMS,XSES,Lms Compliance Ltd,Industrials,Specialty Business Services,,SGD,Return on Equity %,,-,-,-,35.60,34.81,32.81,3.56,19.12,16.38,16.26,,
LMS,XSES,Lms Compliance Ltd,Industrials,Specialty Business Services,,SGD,Return on Invested Capital %,,-,-,-,25.38,26.40,25.44,3.58,17.32,15.13,15.33,,
LMS,XSES,Lms Compliance Ltd,Industrials,Specialty Business Services,,SGD,Days Sales Outstanding,,-,-,-,64.47,58.64,54.18,53.01,52.19,53.62,57.79,,
LMS,XSES,Lms Compliance Ltd,Industrials,Specialty Business Services,,SGD,Days Inventory,,-,-,-,-,-,-,-,-,-,-,,
LMS,XSES,Lms Compliance Ltd,Industrials,Specialty Business Services,,SGD,Payables Period,,-,-,-,19.23,35.05,41.87,22.43,27.03,24.07,17.38,,
LMS,XSES,Lms Compliance Ltd,Industrials,Specialty Business Services,,SGD,Cash Conversion Cycle,,-,-,-,-,-,-,-,-,-,-,,
LMS,XSES,Lms Compliance Ltd,Industrials,Specialty Business Services,,SGD,Recieveables Turnover,,-,-,-,5.66,6.22,6.74,6.88,6.99,6.81,6.32,,
LMS,XSES,Lms Compliance Ltd,Industrials,Specialty Business Services,,SGD,Inventory Turnover,,-,-,-,-,-,-,-,-,-,-,,
LMS,XSES,Lms Compliance Ltd,Industrials,Specialty Business Services,,SGD,Fixed Assets Turnover,,-,-,-,1.62,1.72,1.81,2.05,2.33,2.58,3.11,,
LMS,XSES,Lms Compliance Ltd,Industrials,Specialty Business Services,,SGD,Asset Turnover,,-,-,-,0.84,0.79,0.77,0.71,0.61,0.67,0.68,,
LS9,XSES,Leader Environmental Technologies Ltd,Industrials,Pollution & Treatment Controls,,SGD,Return on Asset %,,1.14,6.26,-4.61,-12.7,-48.0,3.77,-7.02,-16.7,-25.0,104.06,,
LS9,XSES,Leader Environmental Technologies Ltd,Industrials,Pollution & Treatment Controls,,SGD,Return on Equity %,,3.89,19.21,-14.63,-45.97,-190.85,7.35,-12.79,-42.59,-115.2,7582.38,,
LS9,XSES,Leader Environmental Technologies Ltd,Industrials,Pollution & Treatment Controls,,SGD,Return on Invested Capital %,,3.95,12.9,-4.47,-17.41,-83.36,6.02,-10.04,-20.67,-26.85,170.02,,
LS9,XSES,Leader Environmental Technologies Ltd,Industrials,Pollution & Treatment Controls,,SGD,Days Sales Outstanding,,235.81,57.61,83.91,97.1,153.08,27.16,20.36,77.05,411.12,218.33,,
LS9,XSES,Leader Environmental Technologies Ltd,Industrials,Pollution & Treatment Controls,,SGD,Days Inventory,,13.27,4.91,11.78,14.53,32.52,6.79,15.52,92.24,445.92,202.05,,
LS9,XSES,Leader Environmental Technologies Ltd,Industrials,Pollution & Treatment Controls,,SGD,Payables Period,,2.87,87.86,449.62,674.49,1467.33,189.82,35.85,135.59,541.09,553.11,,
LS9,XSES,Leader Environmental Technologies Ltd,Industrials,Pollution & Treatment Controls,,SGD,Cash Conversion Cycle,,246.21,-25.35,-353.93,-562.86,-1281.73,-155.87,0.03,33.7,315.95,-132.73,,
LS9,XSES,Leader Environmental Technologies Ltd,Industrials,Pollution & Treatment Controls,,SGD,Recieveables Turnover,,1.55,6.34,4.35,3.76,2.38,13.44,17.93,4.74,0.89,1.67,,
LS9,XSES,Leader Environmental Technologies Ltd,Industrials,Pollution & Treatment Controls,,SGD,Inventory Turnover,,27.51,74.41,30.97,25.12,11.23,53.76,23.51,3.96,0.82,1.81,,
LS9,XSES,Leader Environmental Technologies Ltd,Industrials,Pollution & Treatment Controls,,SGD,Fixed Assets Turnover,,3.9,11.48,5.74,4.13,1.72,1.8,1.54,0.46,0.1,0.18,,
LS9,XSES,Leader Environmental Technologies Ltd,Industrials,Pollution & Treatment Controls,,SGD,Asset Turnover,,0.21,0.56,0.24,0.2,0.1,0.32,0.4,0.13,0.03,0.06,,
LVR,XSES,17LIVE Group Ltd,Technology,Software - Application,,SGD,Return on Asset %,,-,-,-,-,-,-,6.77,-152.77,-2.19,-0.72,,
LVR,XSES,17LIVE Group Ltd,Technology,Software - Application,,SGD,Return on Equity %,,-,-,-,-,-,-,42.59,-423.57,-3.71,-1.12,,
LVR,XSES,17LIVE Group Ltd,Technology,Software - Application,,SGD,Return on Invested Capital %,,-,-,-,-,-,-,41.36,-392.03,-5.28,-2.97,,
LVR,XSES,17LIVE Group Ltd,Technology,Software - Application,,SGD,Days Sales Outstanding,,-,-,-,-,-,-,-,23.10,27.35,23.83,,
LVR,XSES,17LIVE Group Ltd,Technology,Software - Application,,SGD,Days Inventory,,-,-,-,-,-,-,-,-,-,-,,
LVR,XSES,17LIVE Group Ltd,Technology,Software - Application,,SGD,Payables Period,,-,-,-,-,-,-,-,29.81,72.43,65.11,,
LVR,XSES,17LIVE Group Ltd,Technology,Software - Application,,SGD,Cash Conversion Cycle,,-,-,-,-,-,-,-,-,-,-,,
LVR,XSES,17LIVE Group Ltd,Technology,Software - Application,,SGD,Recieveables Turnover,,-,-,-,-,-,-,-,15.80,13.34,15.32,,
LVR,XSES,17LIVE Group Ltd,Technology,Software - Application,,SGD,Inventory Turnover,,-,-,-,-,-,-,-,-,-,-,,
LVR,XSES,17LIVE Group Ltd,Technology,Software - Application,,SGD,Fixed Assets Turnover,,-,-,-,-,-,-,-,43.75,36.57,43.39,,
LVR,XSES,17LIVE Group Ltd,Technology,Software - Application,,SGD,Asset Turnover,,-,-,-,-,-,-,-,1.72,1.28,1.24,,
LYY,XSES,SinoCloud Group Ltd,Technology,Information Technology Services,,SGD,Return on Asset %,-11.97,-26.80,-11.53,-11.04,-,-31.80,-5.24,-58.91,-18.43,,,,
LYY,XSES,SinoCloud Group Ltd,Technology,Information Technology Services,,SGD,Return on Equity %,-13.10,-35.52,-19.10,-20.09,-,-57.96,-10.08,-119.03,-41.16,,,,
LYY,XSES,SinoCloud Group Ltd,Technology,Information Technology Services,,SGD,Return on Invested Capital %,-13.56,-29.38,-13.43,-19.43,-,-40.59,-2.93,-54.08,-6.66,,,,
LYY,XSES,SinoCloud Group Ltd,Technology,Information Technology Services,,SGD,Days Sales Outstanding,98.75,109.52,163.09,198.40,-,157.68,22.82,30.76,54.58,,,,
LYY,XSES,SinoCloud Group Ltd,Technology,Information Technology Services,,SGD,Days Inventory,-,-,-,-,-,-,-,-,-,,,,
LYY,XSES,SinoCloud Group Ltd,Technology,Information Technology Services,,SGD,Payables Period,223.80,-,-,1871.21,-,1179.61,1314.74,265.52,162.84,,,,
LYY,XSES,SinoCloud Group Ltd,Technology,Information Technology Services,,SGD,Cash Conversion Cycle,-,-,-,-,-,-,-,-,-,,,,
LYY,XSES,SinoCloud Group Ltd,Technology,Information Technology Services,,SGD,Recieveables Turnover,3.70,3.33,2.24,1.84,-,2.31,16.00,11.87,6.69,,,,
LYY,XSES,SinoCloud Group Ltd,Technology,Information Technology Services,,SGD,Inventory Turnover,-,-,-,-,-,-,-,-,-,,,,
LYY,XSES,SinoCloud Group Ltd,Technology,Information Technology Services,,SGD,Fixed Assets Turnover,12.90,0.58,0.80,0.64,-,0.17,0.04,0.09,0.12,,,,
LYY,XSES,SinoCloud Group Ltd,Technology,Information Technology Services,,SGD,Asset Turnover,0.04,0.05,0.13,0.20,-,0.10,0.04,0.08,0.09,,,,
M01,XSES,Metro Holdings Ltd,Consumer Cyclical,Department Stores,,SGD,Return on Asset %,,7.13,5.22,9.61,5.28,1.56,1.6,0.98,1.04,0.63,-10.3,,
M01,XSES,Metro Holdings Ltd,Consumer Cyclical,Department Stores,,SGD,Return on Equity %,,8.23,5.92,11.09,6.38,2.14,2.42,1.52,1.66,1.01,-17.39,,
M01,XSES,Metro Holdings Ltd,Consumer Cyclical,Department Stores,,SGD,Return on Invested Capital %,,7.33,5.02,9.49,4.75,1.51,1.72,0.99,1.19,0.87,-11.59,,
M01,XSES,Metro Holdings Ltd,Consumer Cyclical,Department Stores,,SGD,Days Sales Outstanding,,5.57,6.19,6.84,34.24,88.62,255.69,210.42,152.8,141.14,148.21,,
M01,XSES,Metro Holdings Ltd,Consumer Cyclical,Department Stores,,SGD,Days Inventory,,58.96,57.82,123.43,280.74,344.05,779.04,733.33,615.64,534.77,529.82,,
M01,XSES,Metro Holdings Ltd,Consumer Cyclical,Department Stores,,SGD,Payables Period,,56.72,53.02,53.84,50.49,40.54,72.36,65.7,61.23,60.03,61.03,,
M01,XSES,Metro Holdings Ltd,Consumer Cyclical,Department Stores,,SGD,Cash Conversion Cycle,,7.81,10.99,76.43,264.49,392.14,962.37,878.06,707.21,615.88,617.01,,
M01,XSES,Metro Holdings Ltd,Consumer Cyclical,Department Stores,,SGD,Recieveables Turnover,,65.52,58.95,53.37,10.66,4.12,1.43,1.73,2.39,2.59,2.46,,
M01,XSES,Metro Holdings Ltd,Consumer Cyclical,Department Stores,,SGD,Inventory Turnover,,6.19,6.31,2.96,1.3,1.06,0.47,0.5,0.59,0.68,0.69,,
M01,XSES,Metro Holdings Ltd,Consumer Cyclical,Department Stores,,SGD,Fixed Assets Turnover,,28.22,26.42,28.62,52.16,6.35,1.71,1.9,2.3,2.33,2.77,,
M01,XSES,Metro Holdings Ltd,Consumer Cyclical,Department Stores,,SGD,Asset Turnover,,0.1,0.08,0.08,0.1,0.1,0.04,0.04,0.05,0.05,0.05,,
M03,XSES,Miyoshi Ltd,Industrials,Metal Fabrication,,SGD,Return on Asset %,,1.53,2.81,1.53,-0.94,-32.62,-13.35,0.24,-3.01,-6.71,-6.64,,
M03,XSES,Miyoshi Ltd,Industrials,Metal Fabrication,,SGD,Return on Equity %,,2.13,3.99,2.11,-1.28,-46.71,-22.91,0.45,-5.6,-12.44,-12.25,,
M03,XSES,Miyoshi Ltd,Industrials,Metal Fabrication,,SGD,Return on Invested Capital %,,2.29,3.93,2.16,-0.65,-39.54,-17.55,1.22,-3.04,-7.56,-7.58,,
M03,XSES,Miyoshi Ltd,Industrials,Metal Fabrication,,SGD,Days Sales Outstanding,,95.01,90.06,86.02,82.85,86.64,72.85,80.33,94.85,91.63,94.86,,
M03,XSES,Miyoshi Ltd,Industrials,Metal Fabrication,,SGD,Days Inventory,,79.23,71.97,75.17,79.82,91.77,91.3,73.31,76.67,74.13,75.26,,
M03,XSES,Miyoshi Ltd,Industrials,Metal Fabrication,,SGD,Payables Period,,96.83,118.43,115.45,88.0,77.17,90.35,95.84,98.06,84.35,94.08,,
M03,XSES,Miyoshi Ltd,Industrials,Metal Fabrication,,SGD,Cash Conversion Cycle,,77.41,43.6,45.74,74.67,101.23,73.8,57.8,73.45,81.41,76.04,,
M03,XSES,Miyoshi Ltd,Industrials,Metal Fabrication,,SGD,Recieveables Turnover,,3.84,4.05,4.24,4.41,4.21,5.01,4.54,3.85,3.98,3.85,,
M03,XSES,Miyoshi Ltd,Industrials,Metal Fabrication,,SGD,Inventory Turnover,,4.61,5.07,4.86,4.57,3.98,4.0,4.98,4.76,4.92,4.85,,
M03,XSES,Miyoshi Ltd,Industrials,Metal Fabrication,,SGD,Fixed Assets Turnover,,1.65,1.8,1.72,1.61,1.36,1.49,1.75,1.71,1.84,1.82,,
M03,XSES,Miyoshi Ltd,Industrials,Metal Fabrication,,SGD,Asset Turnover,,0.65,0.64,0.62,0.62,0.63,0.78,0.87,0.81,0.8,0.73,,
M05,XSES,,,,,SGD,Return on Asset %,,-8.13,-8.18,-19.64,-4.08,3.62,-7.36,1.37,3.27,7.44,3.67,,
M05,XSES,,,,,SGD,Return on Equity %,,-15.74,-15.16,-35.36,-7.33,6.38,-12.2,2.34,6.18,13.28,6.05,,
M05,XSES,,,,,SGD,Return on Invested Capital %,,-9.95,-9.78,-24.49,-4.6,5.93,-7.41,2.42,5.68,10.48,5.12,,
M05,XSES,,,,,SGD,Days Sales Outstanding,,98.78,124.69,102.07,84.89,145.42,132.28,98.61,84.19,108.06,118.45,,
M05,XSES,,,,,SGD,Days Inventory,,57.56,69.37,57.28,52.76,111.02,145.18,142.23,106.26,133.72,160.64,,
M05,XSES,,,,,SGD,Payables Period,,34.66,44.77,39.57,54.44,100.5,42.53,35.44,45.9,55.18,44.62,,
M05,XSES,,,,,SGD,Cash Conversion Cycle,,121.68,149.29,119.78,83.21,155.94,234.92,205.4,144.55,186.6,234.47,,
M05,XSES,,,,,SGD,Recieveables Turnover,,3.7,2.93,3.58,4.3,2.51,2.76,3.7,4.34,3.38,3.08,,
M05,XSES,,,,,SGD,Inventory Turnover,,6.34,5.26,6.37,6.92,3.29,2.51,2.57,3.44,2.73,2.27,,
M05,XSES,,,,,SGD,Fixed Assets Turnover,,3.06,2.21,2.2,2.94,1.93,1.48,1.25,1.64,1.4,0.96,,
M05,XSES,,,,,SGD,Asset Turnover,,0.98,0.7,0.79,1.09,0.61,0.48,0.54,0.74,0.58,0.48,,
M11,XSES,Manufacturing Integration Technology Ltd,Technology,Semiconductor Equipment & Materials,,SGD,Return on Asset %,,-8.4,9.31,-9.05,89.91,16.67,-8.79,-11.58,-21.58,-25.23,-13.42,,
M11,XSES,Manufacturing Integration Technology Ltd,Technology,Semiconductor Equipment & Materials,,SGD,Return on Equity %,,-11.32,12.47,-12.86,127.49,20.59,-11.12,-15.16,-29.2,-41.3,-31.0,,
M11,XSES,Manufacturing Integration Technology Ltd,Technology,Semiconductor Equipment & Materials,,SGD,Return on Invested Capital %,,-11.01,12.3,-11.17,110.27,18.0,-9.91,-14.32,-26.19,-29.38,-15.6,,
M11,XSES,Manufacturing Integration Technology Ltd,Technology,Semiconductor Equipment & Materials,,SGD,Days Sales Outstanding,,171.75,72.55,183.12,121.17,83.97,72.96,56.9,69.98,90.67,70.99,,
M11,XSES,Manufacturing Integration Technology Ltd,Technology,Semiconductor Equipment & Materials,,SGD,Days Inventory,,194.91,122.6,211.42,100.94,90.47,75.6,93.03,119.76,131.48,71.06,,
M11,XSES,Manufacturing Integration Technology Ltd,Technology,Semiconductor Equipment & Materials,,SGD,Payables Period,,54.73,94.95,216.18,88.54,54.26,50.72,52.05,37.94,29.84,35.34,,
M11,XSES,Manufacturing Integration Technology Ltd,Technology,Semiconductor Equipment & Materials,,SGD,Cash Conversion Cycle,,311.93,100.21,178.36,133.57,120.18,97.83,97.89,151.79,192.32,106.71,,
M11,XSES,Manufacturing Integration Technology Ltd,Technology,Semiconductor Equipment & Materials,,SGD,Recieveables Turnover,,2.13,5.03,1.99,3.01,4.35,5.0,6.41,5.22,4.03,5.14,,
M11,XSES,Manufacturing Integration Technology Ltd,Technology,Semiconductor Equipment & Materials,,SGD,Inventory Turnover,,1.87,2.98,1.73,3.62,4.03,4.83,3.92,3.05,2.78,5.14,,
M11,XSES,Manufacturing Integration Technology Ltd,Technology,Semiconductor Equipment & Materials,,SGD,Fixed Assets Turnover,,21.8,33.87,11.49,4.4,3.48,6.31,11.15,8.84,6.48,18.02,,
M11,XSES,Manufacturing Integration Technology Ltd,Technology,Semiconductor Equipment & Materials,,SGD,Asset Turnover,,0.54,1.02,0.28,0.21,0.35,0.44,0.59,0.52,0.49,0.82,,
M14,XSES,InnoTek Ltd,Industrials,Metal Fabrication,,SGD,Return on Asset %,,5.8,4.86,9.36,7.12,5.44,4.32,0.86,1.78,2.2,0.74,,
M14,XSES,InnoTek Ltd,Industrials,Metal Fabrication,,SGD,Return on Equity %,,9.6,7.63,14.27,10.73,8.19,6.26,1.23,2.67,3.33,1.15,,
M14,XSES,InnoTek Ltd,Industrials,Metal Fabrication,,SGD,Return on Invested Capital %,,9.17,7.35,13.69,9.45,7.62,6.0,1.7,2.72,2.94,1.05,,
M14,XSES,InnoTek Ltd,Industrials,Metal Fabrication,,SGD,Days Sales Outstanding,,108.54,107.18,106.3,114.6,111.13,105.2,87.6,92.58,86.93,105.55,,
M14,XSES,InnoTek Ltd,Industrials,Metal Fabrication,,SGD,Days Inventory,,47.6,50.34,52.53,62.99,63.37,76.28,88.62,83.96,63.88,68.46,,
M14,XSES,InnoTek Ltd,Industrials,Metal Fabrication,,SGD,Payables Period,,99.45,90.85,91.33,94.87,88.04,82.71,76.9,78.46,68.84,83.3,,
M14,XSES,InnoTek Ltd,Industrials,Metal Fabrication,,SGD,Cash Conversion Cycle,,56.69,66.67,67.5,82.73,86.47,98.77,99.31,98.09,81.97,90.71,,
M14,XSES,InnoTek Ltd,Industrials,Metal Fabrication,,SGD,Recieveables Turnover,,3.36,3.41,3.43,3.18,3.28,3.47,4.17,3.94,4.2,3.46,,
M14,XSES,InnoTek Ltd,Industrials,Metal Fabrication,,SGD,Inventory Turnover,,7.67,7.25,6.95,5.79,5.76,4.78,4.12,4.35,5.71,5.33,,
M14,XSES,InnoTek Ltd,Industrials,Metal Fabrication,,SGD,Fixed Assets Turnover,,5.46,6.63,7.14,4.26,3.37,3.15,3.53,4.06,4.58,3.54,,
M14,XSES,InnoTek Ltd,Industrials,Metal Fabrication,,SGD,Asset Turnover,,1.08,1.05,1.01,0.8,0.72,0.65,0.71,0.79,0.9,0.77,,
M15,XSES,Nanyang New Development Ltd,Basic Materials,Specialty Chemicals,,SGD,Return on Asset %,,-1.79,-13.86,-6.55,-13.4,-16.84,-15.47,26.7,-14.5,-14.49,-49.99,,
M15,XSES,Nanyang New Development Ltd,Basic Materials,Specialty Chemicals,,SGD,Return on Equity %,,-3.73,-29.24,-14.39,-30.82,-43.32,-48.5,64.14,-24.01,-24.4,-89.67,,
M15,XSES,Nanyang New Development Ltd,Basic Materials,Specialty Chemicals,,SGD,Return on Invested Capital %,,-2.42,-23.14,-8.99,-20.53,-24.29,-22.69,45.94,-19.52,-21.54,-73.51,,
M15,XSES,Nanyang New Development Ltd,Basic Materials,Specialty Chemicals,,SGD,Days Sales Outstanding,,147.42,108.38,49.66,96.83,98.72,57.34,36.72,51.82,46.45,45.7,,
M15,XSES,Nanyang New Development Ltd,Basic Materials,Specialty Chemicals,,SGD,Days Inventory,,108.08,110.53,120.85,131.66,194.8,129.16,87.24,146.8,96.54,99.55,,
M15,XSES,Nanyang New Development Ltd,Basic Materials,Specialty Chemicals,,SGD,Payables Period,,43.89,50.06,60.54,59.86,75.73,37.83,28.98,26.2,49.87,83.17,,
M15,XSES,Nanyang New Development Ltd,Basic Materials,Specialty Chemicals,,SGD,Cash Conversion Cycle,,211.6,168.84,109.96,168.63,217.79,148.67,94.98,172.41,93.12,62.07,,
M15,XSES,Nanyang New Development Ltd,Basic Materials,Specialty Chemicals,,SGD,Recieveables Turnover,,2.48,3.37,7.35,3.77,3.7,6.37,9.94,7.04,7.86,7.99,,
M15,XSES,Nanyang New Development Ltd,Basic Materials,Specialty Chemicals,,SGD,Inventory Turnover,,3.38,3.3,3.02,2.77,1.87,2.83,4.18,2.49,3.78,3.67,,
M15,XSES,Nanyang New Development Ltd,Basic Materials,Specialty Chemicals,,SGD,Fixed Assets Turnover,,4.65,3.3,3.08,2.87,2.18,3.95,10.72,4.32,4.42,6.16,,
M15,XSES,Nanyang New Development Ltd,Basic Materials,Specialty Chemicals,,SGD,Asset Turnover,,0.95,0.73,0.76,0.82,0.65,0.66,0.54,0.32,0.38,0.43,,
M1GU,XSES,Alpha Integrated REIT,Real Estate,REIT - Industrial,,SGD,Return on Asset %,,-5.71,-2.70,6.92,2.11,-4.44,5.13,5.40,1.82,1.12,6.14,,
M1GU,XSES,Alpha Integrated REIT,Real Estate,REIT - Industrial,,SGD,Return on Equity %,,-10.32,-4.75,11.51,3.44,-7.44,8.91,9.24,3.11,1.99,11.05,,
M1GU,XSES,Alpha Integrated REIT,Real Estate,REIT - Industrial,,SGD,Return on Invested Capital %,,-4.19,-1.29,8.30,3.40,-3.17,6.44,6.88,3.95,3.19,8.06,,
M1GU,XSES,Alpha Integrated REIT,Real Estate,REIT - Industrial,,SGD,Days Sales Outstanding,,8.89,8.19,2.11,1.01,1.55,1.01,2.64,3.70,3.26,6.81,,
M1GU,XSES,Alpha Integrated REIT,Real Estate,REIT - Industrial,,SGD,Days Inventory,,-,-,-,-,-,-,-,-,-,-,,
M1GU,XSES,Alpha Integrated REIT,Real Estate,REIT - Industrial,,SGD,Payables Period,,128.10,163.52,178.84,181.05,186.48,184.62,152.94,130.37,125.08,135.34,,
M1GU,XSES,Alpha Integrated REIT,Real Estate,REIT - Industrial,,SGD,Cash Conversion Cycle,,-,-,-,-,-,-,-,-,-,-,,
M1GU,XSES,Alpha Integrated REIT,Real Estate,REIT - Industrial,,SGD,Recieveables Turnover,,41.07,44.57,172.62,361.79,235.09,362.45,138.45,98.66,112.02,53.62,,
M1GU,XSES,Alpha Integrated REIT,Real Estate,REIT - Industrial,,SGD,Inventory Turnover,,-,-,-,-,-,-,-,-,-,-,,
M1GU,XSES,Alpha Integrated REIT,Real Estate,REIT - Industrial,,SGD,Fixed Assets Turnover,,-,-,-,-,-,-,-,-,-,-,,
M1GU,XSES,Alpha Integrated REIT,Real Estate,REIT - Industrial,,SGD,Asset Turnover,,0.08,0.09,0.08,0.08,0.08,0.09,0.10,0.11,0.11,0.12,,
M44U,XSES,Mapletree Logistics Trust,Real Estate,REIT - Industrial,,SGD,Return on Asset %,,3.81,3.38,7.26,5.95,4.40,4.40,6.13,4.02,2.23,1.32,,
M44U,XSES,Mapletree Logistics Trust,Real Estate,REIT - Industrial,,SGD,Return on Equity %,,6.61,6.09,12.85,10.37,7.80,8.02,11.09,7.19,4.05,2.50,,
M44U,XSES,Mapletree Logistics Trust,Real Estate,REIT - Industrial,,SGD,Return on Invested Capital %,,4.82,4.34,8.48,7.08,5.41,5.33,7.25,5.19,3.29,2.30,,
M44U,XSES,Mapletree Logistics Trust,Real Estate,REIT - Industrial,,SGD,Days Sales Outstanding,,5.50,5.45,5.28,4.09,4.31,6.34,9.28,9.26,7.15,6.34,,
M44U,XSES,Mapletree Logistics Trust,Real Estate,REIT - Industrial,,SGD,Days Inventory,,-,-,-,-,-,-,-,-,-,-,,
M44U,XSES,Mapletree Logistics Trust,Real Estate,REIT - Industrial,,SGD,Payables Period,,40.32,40.57,39.26,45.49,67.40,80.75,78.50,59.25,46.11,44.68,,
M44U,XSES,Mapletree Logistics Trust,Real Estate,REIT - Industrial,,SGD,Cash Conversion Cycle,,-,-,-,-,-,-,-,-,-,-,,
M44U,XSES,Mapletree Logistics Trust,Real Estate,REIT - Industrial,,SGD,Recieveables Turnover,,66.33,67.01,69.18,89.15,84.77,57.61,39.31,39.41,51.04,57.57,,
M44U,XSES,Mapletree Logistics Trust,Real Estate,REIT - Industrial,,SGD,Inventory Turnover,,-,-,-,-,-,-,-,-,-,-,,
M44U,XSES,Mapletree Logistics Trust,Real Estate,REIT - Industrial,,SGD,Fixed Assets Turnover,,-,-,-,-,-,-,-,-,-,-,,
M44U,XSES,Mapletree Logistics Trust,Real Estate,REIT - Industrial,,SGD,Asset Turnover,,0.07,0.07,0.06,0.06,0.06,0.06,0.05,0.05,0.05,0.05,,
ME8U,XSES,Mapletree Industrial Trust Units Real Estate Investment Trust,Real Estate,REIT - Industrial,,SGD,Return on Asset %,,7.64,7.29,7.56,6.19,7.50,2.84,5.79,3.31,1.29,3.84,,
ME8U,XSES,Mapletree Industrial Trust Units Real Estate Investment Trust,Real Estate,REIT - Industrial,,SGD,Return on Equity %,,11.41,10.83,11.31,9.30,11.11,4.41,9.39,5.29,2.08,6.41,,
ME8U,XSES,Mapletree Industrial Trust Units Real Estate Investment Trust,Real Estate,REIT - Industrial,,SGD,Return on Invested Capital %,,8.62,8.30,8.60,7.16,8.61,3.44,6.57,4.68,3.09,5.70,,
ME8U,XSES,Mapletree Industrial Trust Units Real Estate Investment Trust,Real Estate,REIT - Industrial,,SGD,Days Sales Outstanding,,3.62,1.59,2.60,2.81,1.69,3.24,3.28,2.59,2.67,2.69,,
ME8U,XSES,Mapletree Industrial Trust Units Real Estate Investment Trust,Real Estate,REIT - Industrial,,SGD,Days Inventory,,-,-,-,-,-,321.49,126.43,10.94,-,-,,
ME8U,XSES,Mapletree Industrial Trust Units Real Estate Investment Trust,Real Estate,REIT - Industrial,,SGD,Payables Period,,20.26,11.52,23.23,20.34,8.91,10.17,6.21,6.13,7.81,7.81,,
ME8U,XSES,Mapletree Industrial Trust Units Real Estate Investment Trust,Real Estate,REIT - Industrial,,SGD,Cash Conversion Cycle,,-,-,-,-,-,314.56,123.5,7.4,-,-,,
ME8U,XSES,Mapletree Industrial Trust Units Real Estate Investment Trust,Real Estate,REIT - Industrial,,SGD,Recieveables Turnover,,100.80,229.82,140.40,129.83,215.72,112.77,111.24,140.7,136.60,135.62,,
ME8U,XSES,Mapletree Industrial Trust Units Real Estate Investment Trust,Real Estate,REIT - Industrial,,SGD,Inventory Turnover,,-,-,-,-,-,1.14,2.89,33.36,-,-,,
ME8U,XSES,Mapletree Industrial Trust Units Real Estate Investment Trust,Real Estate,REIT - Industrial,,SGD,Fixed Assets Turnover,,209621.33,128838.40,7765.43,2623.87,2178.91,2394.33,3286.05,4909.12,8927.97,18161.65,,
ME8U,XSES,Mapletree Industrial Trust Units Real Estate Investment Trust,Real Estate,REIT - Industrial,,SGD,Asset Turnover,,0.09,0.09,0.09,0.08,0.08,0.07,0.07,0.07,0.08,0.08,,
META,XNAS,,,,,USD,Return on Asset %,,17.82,21.30,24.32,16.02,19.92,24.21,13.19,18.83,24.66,18.83,,
META,XNAS,,,,,USD,Return on Equity %,,19.70,23.84,27.90,19.96,25.42,31.10,18.52,28.04,37.14,30.24,,
META,XNAS,,,,,USD,Return on Invested Capital %,,19.42,23.39,27.02,17.31,22.79,28.08,15.79,22.24,28.79,22.44,,
META,XNAS,,,,,USD,Days Sales Outstanding,,43.26,44.11,43.86,44.16,44.27,39.27,43.05,40.09,36.79,33.39,,
META,XNAS,,,,,USD,Days Inventory,,-,-,-,-,-,-,-,-,-,-,,
META,XNAS,,,,,USD,Payables Period,,23.99,22.82,23.41,31.20,29.45,43.62,65.58,69.17,75.85,83.65,,
META,XNAS,,,,,USD,Cash Conversion Cycle,,-,-,-,-,-,-,-,-,-,-,,
META,XNAS,,,,,USD,Recieveables Turnover,,8.44,8.28,8.32,8.27,8.24,9.30,8.48,9.10,9.92,10.93,,
META,XNAS,,,,,USD,Inventory Turnover,,-,-,-,-,-,-,-,-,-,-,,
META,XNAS,,,,,USD,Fixed Assets Turnover,,3.87,3.64,2.91,2.04,1.72,1.89,1.44,1.34,1.34,1.21,,
META,XNAS,,,,,USD,Asset Turnover,,0.48,0.54,0.61,0.61,0.59,0.73,0.66,0.65,0.65,0.63,,
MF6,XSES,Mun Siong Engineering Ltd,Industrials,Engineering & Construction,,SGD,Return on Asset %,,3.53,3.0,-5.45,0.68,-0.67,0.81,0.46,-3.76,-7.48,-7.51,,
MF6,XSES,Mun Siong Engineering Ltd,Industrials,Engineering & Construction,,SGD,Return on Equity %,,4.52,3.67,-6.58,0.9,-0.96,1.23,0.67,-5.24,-11.2,-12.2,,
MF6,XSES,Mun Siong Engineering Ltd,Industrials,Engineering & Construction,,SGD,Return on Invested Capital %,,4.18,3.49,-7.15,0.4,-1.02,1.27,0.45,-4.72,-10.08,-10.39,,
MF6,XSES,Mun Siong Engineering Ltd,Industrials,Engineering & Construction,,SGD,Days Sales Outstanding,,76.95,83.59,73.52,71.67,107.32,82.88,98.76,81.07,98.67,85.13,,
MF6,XSES,Mun Siong Engineering Ltd,Industrials,Engineering & Construction,,SGD,Days Inventory,,44.59,39.8,6.43,1.65,1.86,0.82,0.87,0.71,0.71,0.77,,
MF6,XSES,Mun Siong Engineering Ltd,Industrials,Engineering & Construction,,SGD,Payables Period,,55.08,59.36,37.61,33.33,60.56,43.18,42.28,25.78,42.6,53.09,,
MF6,XSES,Mun Siong Engineering Ltd,Industrials,Engineering & Construction,,SGD,Cash Conversion Cycle,,66.45,64.04,42.34,39.99,48.62,40.53,57.35,56.0,56.79,32.81,,
MF6,XSES,Mun Siong Engineering Ltd,Industrials,Engineering & Construction,,SGD,Recieveables Turnover,,4.74,4.37,4.96,5.09,3.4,4.4,3.7,4.5,3.7,4.29,,
MF6,XSES,Mun Siong Engineering Ltd,Industrials,Engineering & Construction,,SGD,Inventory Turnover,,8.19,9.17,56.78,220.82,196.65,442.55,420.65,511.53,511.57,474.02,,
MF6,XSES,Mun Siong Engineering Ltd,Industrials,Engineering & Construction,,SGD,Fixed Assets Turnover,,5.57,4.64,4.5,5.11,3.06,4.44,3.21,2.5,1.9,2.2,,
MF6,XSES,Mun Siong Engineering Ltd,Industrials,Engineering & Construction,,SGD,Asset Turnover,,1.27,1.02,0.91,0.97,0.59,0.89,0.79,0.95,0.88,0.97,,
MIJ,XSES,Alliance Healthcare Group Ltd,Healthcare,Medical Care Facilities,,SGD,Return on Asset %,,2.5,6.19,12.36,1.02,5.76,3.23,6.18,3.59,0.97,1.75,,
MIJ,XSES,Alliance Healthcare Group Ltd,Healthcare,Medical Care Facilities,,SGD,Return on Equity %,,20.53,43.45,58.9,2.71,13.27,8.11,15.04,9.31,3.16,6.47,,
MIJ,XSES,Alliance Healthcare Group Ltd,Healthcare,Medical Care Facilities,,SGD,Return on Invested Capital %,,9.16,20.86,34.5,2.43,10.1,6.01,11.05,7.36,3.44,5.45,,
MIJ,XSES,Alliance Healthcare Group Ltd,Healthcare,Medical Care Facilities,,SGD,Days Sales Outstanding,,88.93,94.78,91.76,89.43,82.68,87.15,81.03,104.78,149.46,187.01,,
MIJ,XSES,Alliance Healthcare Group Ltd,Healthcare,Medical Care Facilities,,SGD,Days Inventory,,56.51,42.7,37.55,45.74,53.47,58.48,54.76,56.22,62.89,70.34,,
MIJ,XSES,Alliance Healthcare Group Ltd,Healthcare,Medical Care Facilities,,SGD,Payables Period,,478.56,409.55,371.45,410.0,320.3,326.41,376.33,416.98,544.4,675.4,,
MIJ,XSES,Alliance Healthcare Group Ltd,Healthcare,Medical Care Facilities,,SGD,Cash Conversion Cycle,,-333.13,-272.07,-242.13,-274.84,-184.14,-180.77,-240.53,-255.98,-332.05,-418.05,,
MIJ,XSES,Alliance Healthcare Group Ltd,Healthcare,Medical Care Facilities,,SGD,Recieveables Turnover,,4.1,3.85,3.98,4.08,4.41,4.19,4.5,3.48,2.44,1.95,,
MIJ,XSES,Alliance Healthcare Group Ltd,Healthcare,Medical Care Facilities,,SGD,Inventory Turnover,,6.46,8.55,9.72,7.98,6.83,6.24,6.67,6.49,5.8,5.19,,
MIJ,XSES,Alliance Healthcare Group Ltd,Healthcare,Medical Care Facilities,,SGD,Fixed Assets Turnover,,4.58,5.39,6.61,6.41,5.28,4.69,5.72,5.56,4.68,4.67,,
MIJ,XSES,Alliance Healthcare Group Ltd,Healthcare,Medical Care Facilities,,SGD,Asset Turnover,,1.26,1.36,1.36,1.17,1.06,0.98,1.09,1.0,0.92,0.89,,
MR7,XSES,Nordic Group Ltd,Industrials,Engineering & Construction,,SGD,Return on Asset %,,11.36,11.6,7.47,5.41,3.32,7.7,9.61,6.35,7.0,8.2,,
MR7,XSES,Nordic Group Ltd,Industrials,Engineering & Construction,,SGD,Return on Equity %,,20.22,21.29,14.37,10.16,6.27,14.88,19.91,14.05,14.16,14.02,,
MR7,XSES,Nordic Group Ltd,Industrials,Engineering & Construction,,SGD,Return on Invested Capital %,,14.73,15.73,10.6,7.48,4.62,9.57,12.83,8.94,9.51,10.38,,
MR7,XSES,Nordic Group Ltd,Industrials,Engineering & Construction,,SGD,Days Sales Outstanding,,79.62,82.52,87.56,99.86,101.13,80.74,71.4,96.17,104.91,105.83,,
MR7,XSES,Nordic Group Ltd,Industrials,Engineering & Construction,,SGD,Days Inventory,,54.63,63.27,62.42,63.78,67.5,62.4,53.0,60.67,58.76,60.18,,
MR7,XSES,Nordic Group Ltd,Industrials,Engineering & Construction,,SGD,Payables Period,,68.61,88.38,80.84,89.75,118.08,113.52,92.48,101.5,93.49,102.65,,
MR7,XSES,Nordic Group Ltd,Industrials,Engineering & Construction,,SGD,Cash Conversion Cycle,,65.64,57.41,69.13,73.89,50.55,29.63,31.92,55.34,70.18,63.35,,
MR7,XSES,Nordic Group Ltd,Industrials,Engineering & Construction,,SGD,Recieveables Turnover,,4.58,4.42,4.17,3.66,3.61,4.52,5.11,3.8,3.48,3.45,,
MR7,XSES,Nordic Group Ltd,Industrials,Engineering & Construction,,SGD,Inventory Turnover,,6.68,5.77,5.85,5.72,5.41,5.85,6.89,6.02,6.21,6.07,,
MR7,XSES,Nordic Group Ltd,Industrials,Engineering & Construction,,SGD,Fixed Assets Turnover,,4.6,4.6,3.46,2.63,2.24,2.81,3.69,3.13,3.28,3.36,,
MR7,XSES,Nordic Group Ltd,Industrials,Engineering & Construction,,SGD,Asset Turnover,,0.73,0.7,0.6,0.54,0.49,0.57,0.76,0.64,0.63,0.66,,
MSFT,XNAS,,,,,USD,Return on Asset %,,9.08,9.75,6.63,14.39,15.07,19.3,20.82,18.63,19.07,18.0,,
MSFT,XNAS,,,,,USD,Return on Equity %,,22.09,29.37,21.37,42.41,40.14,47.08,47.15,38.82,37.13,33.28,,
MSFT,XNAS,,,,,USD,Return on Invested Capital %,,14.18,15.46,10.49,22.69,23.9,30.8,33.23,28.96,29.23,27.48,,
MSFT,XNAS,,,,,USD,Days Sales Outstanding,,77.4,77.24,76.52,81.22,78.52,76.06,75.76,80.05,78.63,82.16,,
MSFT,XNAS,,,,,USD,Days Inventory,,28.69,23.61,23.05,20.1,15.68,15.83,18.58,17.3,9.22,4.54,,
MSFT,XNAS,,,,,USD,Payables Period,,75.1,76.11,76.17,76.55,86.79,96.76,99.52,102.79,98.72,103.31,,
MSFT,XNAS,,,,,USD,Cash Conversion Cycle,,30.99,24.74,23.4,24.76,7.41,-4.87,-5.18,-5.44,-10.87,-16.61,,
MSFT,XNAS,,,,,USD,Recieveables Turnover,,4.72,4.73,4.77,4.49,4.65,4.8,4.82,4.56,4.64,4.44,,
MSFT,XNAS,,,,,USD,Inventory Turnover,,12.72,15.46,15.84,18.16,23.28,23.06,19.65,21.1,39.57,80.43,,
MSFT,XNAS,,,,,USD,Fixed Assets Turnover,,5.16,4.27,3.69,3.15,2.96,2.72,2.5,2.15,1.85,1.47,,
MSFT,XNAS,,,,,USD,Asset Turnover,,0.46,0.41,0.44,0.46,0.49,0.53,0.57,0.55,0.53,0.5,,
MV4,XSES,Mewah International Inc,Consumer Defensive,Packaged Foods,,SGD,Return on Asset %,,2.05,3.05,1.19,0.93,6.82,5.75,7.11,2.55,2.3,2.74,,
MV4,XSES,Mewah International Inc,Consumer Defensive,Packaged Foods,,SGD,Return on Equity %,,4.26,6.69,2.85,2.24,15.27,12.45,15.71,5.22,4.82,6.21,,
MV4,XSES,Mewah International Inc,Consumer Defensive,Packaged Foods,,SGD,Return on Invested Capital %,,3.52,4.78,2.68,2.23,10.08,8.48,10.43,4.56,3.77,4.95,,
MV4,XSES,Mewah International Inc,Consumer Defensive,Packaged Foods,,SGD,Days Sales Outstanding,,29.74,31.73,29.36,30.15,27.89,22.51,25.32,35.59,31.22,30.2,,
MV4,XSES,Mewah International Inc,Consumer Defensive,Packaged Foods,,SGD,Days Inventory,,35.55,39.43,49.94,49.12,35.56,35.73,34.54,42.51,39.7,40.27,,
MV4,XSES,Mewah International Inc,Consumer Defensive,Packaged Foods,,SGD,Payables Period,,14.13,18.07,18.74,18.1,15.32,14.28,11.74,12.56,12.01,10.63,,
MV4,XSES,Mewah International Inc,Consumer Defensive,Packaged Foods,,SGD,Cash Conversion Cycle,,51.16,53.09,60.55,61.16,48.14,43.95,48.13,65.54,58.91,59.85,,
MV4,XSES,Mewah International Inc,Consumer Defensive,Packaged Foods,,SGD,Recieveables Turnover,,12.27,11.5,12.43,12.11,13.09,16.22,14.41,10.26,11.69,12.09,,
MV4,XSES,Mewah International Inc,Consumer Defensive,Packaged Foods,,SGD,Inventory Turnover,,10.27,9.26,7.31,7.43,10.26,10.22,10.57,8.59,9.2,9.06,,
MV4,XSES,Mewah International Inc,Consumer Defensive,Packaged Foods,,SGD,Fixed Assets Turnover,,9.73,8.45,7.58,6.42,7.55,9.71,12.22,8.91,9.6,11.27,,
MV4,XSES,Mewah International Inc,Consumer Defensive,Packaged Foods,,SGD,Asset Turnover,,3.0,2.66,2.38,2.25,2.72,3.12,3.39,2.59,2.84,3.05,,
MXNU,XSES,Elite UK REIT Units,Real Estate,REIT - Office,,SGD,Return on Asset %,,-,-,-,2.82,7.40,-1.09,-3.59,-4.76,4.64,3.14,,
MXNU,XSES,Elite UK REIT Units,Real Estate,REIT - Office,,SGD,Return on Equity %,,-,-,-,9.01,15.25,-1.87,-6.83,-9.74,9.14,5.74,,
MXNU,XSES,Elite UK REIT Units,Real Estate,REIT - Office,,SGD,Return on Invested Capital %,,-,-,-,4.83,8.82,-0.36,-2.72,-2.84,6.85,5.05,,
MXNU,XSES,Elite UK REIT Units,Real Estate,REIT - Office,,SGD,Days Sales Outstanding,,-,-,-,109.57,55.83,60.04,109.96,53.72,40.01,35.10,,
MXNU,XSES,Elite UK REIT Units,Real Estate,REIT - Office,,SGD,Days Inventory,,-,-,-,-,-,-,-,-,-,-,,
MXNU,XSES,Elite UK REIT Units,Real Estate,REIT - Office,,SGD,Payables Period,,-,-,-,631.51,237.09,36.57,28.01,13.95,34.64,26.55,,
MXNU,XSES,Elite UK REIT Units,Real Estate,REIT - Office,,SGD,Cash Conversion Cycle,,-,-,-,-,-,-,-,-,-,-,,
MXNU,XSES,Elite UK REIT Units,Real Estate,REIT - Office,,SGD,Recieveables Turnover,,-,-,-,3.33,6.54,6.08,3.32,6.79,9.12,10.40,,
MXNU,XSES,Elite UK REIT Units,Real Estate,REIT - Office,,SGD,Inventory Turnover,,-,-,-,-,-,-,-,-,-,-,,
MXNU,XSES,Elite UK REIT Units,Real Estate,REIT - Office,,SGD,Fixed Assets Turnover,,-,-,-,-,-,-,-,-,-,-,,
MXNU,XSES,Elite UK REIT Units,Real Estate,REIT - Office,,SGD,Asset Turnover,,-,-,-,0.07,0.07,0.08,0.07,0.10,0.09,0.09,,
MZH,XSES,Nanofilm Technologies International Ltd Ordinary Shares,Technology,Electronic Components,,SGD,Return on Asset %,,-,20.33,17.31,16.86,14.72,10.42,6.94,0.51,1.23,1.85,,
MZH,XSES,Nanofilm Technologies International Ltd Ordinary Shares,Technology,Electronic Components,,SGD,Return on Equity %,,-,32.18,30.26,32.73,20.9,14.46,10.33,0.79,2.02,2.86,,
MZH,XSES,Nanofilm Technologies International Ltd Ordinary Shares,Technology,Electronic Components,,SGD,Return on Invested Capital %,,-,26.21,22.45,21.98,17.94,13.06,9.24,0.62,1.65,2.49,,
MZH,XSES,Nanofilm Technologies International Ltd Ordinary Shares,Technology,Electronic Components,,SGD,Days Sales Outstanding,,-,91.31,105.52,114.7,113.28,130.58,133.29,156.04,146.68,153.5,,
MZH,XSES,Nanofilm Technologies International Ltd Ordinary Shares,Technology,Electronic Components,,SGD,Days Inventory,,-,71.39,87.84,88.78,56.52,48.58,51.84,62.11,52.03,43.77,,
MZH,XSES,Nanofilm Technologies International Ltd Ordinary Shares,Technology,Electronic Components,,SGD,Payables Period,,-,85.14,83.64,99.82,102.45,78.54,61.53,58.99,50.42,48.28,,
MZH,XSES,Nanofilm Technologies International Ltd Ordinary Shares,Technology,Electronic Components,,SGD,Cash Conversion Cycle,,-,77.57,109.73,103.66,67.35,100.62,123.6,159.16,148.29,148.99,,
MZH,XSES,Nanofilm Technologies International Ltd Ordinary Shares,Technology,Electronic Components,,SGD,Recieveables Turnover,,-,4.0,3.46,3.18,3.22,2.8,2.74,2.34,2.49,2.38,,
MZH,XSES,Nanofilm Technologies International Ltd Ordinary Shares,Technology,Electronic Components,,SGD,Inventory Turnover,,-,5.11,4.16,4.11,6.46,7.51,7.04,5.88,7.02,8.34,,
MZH,XSES,Nanofilm Technologies International Ltd Ordinary Shares,Technology,Electronic Components,,SGD,Fixed Assets Turnover,,-,1.64,1.77,1.58,1.55,1.06,0.82,0.6,0.68,0.8,,
MZH,XSES,Nanofilm Technologies International Ltd Ordinary Shares,Technology,Electronic Components,,SGD,Asset Turnover,,-,0.78,0.73,0.67,0.56,0.41,0.38,0.29,0.33,0.38,,
N01,XSES,NeraTelecommunications Ltd,Technology,Communication Equipment,,SGD,Return on Asset %,,47.99,5.68,4.91,2.49,2.34,-10.18,-4.79,4.06,-2.36,-2.82,,
N01,XSES,NeraTelecommunications Ltd,Technology,Communication Equipment,,SGD,Return on Equity %,,114.69,12.55,11.36,6.05,5.79,-28.36,-16.65,12.94,-6.34,-7.42,,
N01,XSES,NeraTelecommunications Ltd,Technology,Communication Equipment,,SGD,Return on Invested Capital %,,95.13,10.94,10.03,5.18,4.54,-17.42,-9.0,9.68,-4.42,-5.14,,
N01,XSES,NeraTelecommunications Ltd,Technology,Communication Equipment,,SGD,Days Sales Outstanding,,153.24,142.95,160.96,156.1,178.07,199.06,132.74,118.32,150.39,136.37,,
N01,XSES,NeraTelecommunications Ltd,Technology,Communication Equipment,,SGD,Days Inventory,,11.43,0.17,26.17,45.03,28.47,35.72,38.74,28.19,25.36,22.39,,
N01,XSES,NeraTelecommunications Ltd,Technology,Communication Equipment,,SGD,Payables Period,,152.52,127.46,124.82,115.71,127.4,132.48,119.34,111.37,121.17,101.21,,
N01,XSES,NeraTelecommunications Ltd,Technology,Communication Equipment,,SGD,Cash Conversion Cycle,,12.14,15.66,62.31,85.43,79.15,102.3,52.14,35.14,54.57,57.56,,
N01,XSES,NeraTelecommunications Ltd,Technology,Communication Equipment,,SGD,Recieveables Turnover,,2.38,2.55,2.27,2.34,2.05,1.83,2.75,3.08,2.43,2.68,,
N01,XSES,NeraTelecommunications Ltd,Technology,Communication Equipment,,SGD,Inventory Turnover,,31.95,2132.19,13.95,8.11,12.82,10.22,9.42,12.95,14.39,16.3,,
N01,XSES,NeraTelecommunications Ltd,Technology,Communication Equipment,,SGD,Fixed Assets Turnover,,20.31,113.61,95.11,25.93,13.52,12.14,15.66,14.41,12.32,15.81,,
N01,XSES,NeraTelecommunications Ltd,Technology,Communication Equipment,,SGD,Asset Turnover,,1.13,1.31,1.06,0.91,0.82,0.65,0.87,1.01,0.83,0.95,,
N02,XSES,NSL Ltd,Basic Materials,Building Materials,,SGD,Return on Asset %,,17.04,0.51,-0.54,-4.86,-2.54,0.78,1.76,-3.77,5.31,-,,
N02,XSES,NSL Ltd,Basic Materials,Building Materials,,SGD,Return on Equity %,,21.29,0.62,-0.67,-6.18,-3.3,1.0,2.26,-5.06,7.5,-,,
N02,XSES,NSL Ltd,Basic Materials,Building Materials,,SGD,Return on Invested Capital %,,20.56,0.07,-1.19,-6.33,-3.32,0.89,1.94,-5.59,6.46,-,,
N02,XSES,NSL Ltd,Basic Materials,Building Materials,,SGD,Days Sales Outstanding,,95.11,91.2,86.91,102.95,100.92,93.44,75.71,96.35,113.27,-,,
N02,XSES,NSL Ltd,Basic Materials,Building Materials,,SGD,Days Inventory,,55.14,49.39,55.17,72.41,80.88,85.28,62.27,65.46,62.75,-,,
N02,XSES,NSL Ltd,Basic Materials,Building Materials,,SGD,Payables Period,,91.05,80.23,48.83,59.72,53.33,39.71,31.18,36.44,88.52,-,,
N02,XSES,NSL Ltd,Basic Materials,Building Materials,,SGD,Cash Conversion Cycle,,59.2,60.36,93.25,115.64,128.47,139.01,106.8,125.38,87.49,-,,
N02,XSES,NSL Ltd,Basic Materials,Building Materials,,SGD,Recieveables Turnover,,3.84,4.0,4.2,3.55,3.62,3.91,4.82,3.79,3.22,-,,
N02,XSES,NSL Ltd,Basic Materials,Building Materials,,SGD,Inventory Turnover,,6.62,7.39,6.62,5.04,4.51,4.28,5.86,5.58,5.82,-,,
N02,XSES,NSL Ltd,Basic Materials,Building Materials,,SGD,Fixed Assets Turnover,,2.59,2.86,2.67,1.71,1.58,1.8,2.66,2.35,2.68,-,,
N02,XSES,NSL Ltd,Basic Materials,Building Materials,,SGD,Asset Turnover,,0.44,0.46,0.53,0.4,0.38,0.41,0.61,0.6,0.76,-,,
N08,XSES,New Toyo International Holdings Ltd,Consumer Cyclical,Packaging & Containers,,SGD,Return on Asset %,,5.22,0.54,1.31,-4.8,2.67,3.07,3.91,5.13,3.67,1.67,,
N08,XSES,New Toyo International Holdings Ltd,Consumer Cyclical,Packaging & Containers,,SGD,Return on Equity %,,9.13,1.01,2.53,-9.87,5.28,5.59,6.79,8.66,6.19,2.82,,
N08,XSES,New Toyo International Holdings Ltd,Consumer Cyclical,Packaging & Containers,,SGD,Return on Invested Capital %,,7.3,0.89,2.43,-5.36,5.12,5.05,6.39,8.22,6.04,3.0,,
N08,XSES,New Toyo International Holdings Ltd,Consumer Cyclical,Packaging & Containers,,SGD,Days Sales Outstanding,,55.03,49.74,49.48,56.79,70.54,66.73,62.56,65.62,58.61,56.61,,
N08,XSES,New Toyo International Holdings Ltd,Consumer Cyclical,Packaging & Containers,,SGD,Days Inventory,,77.44,72.79,85.64,76.07,71.8,68.56,59.92,52.71,55.01,54.07,,
N08,XSES,New Toyo International Holdings Ltd,Consumer Cyclical,Packaging & Containers,,SGD,Payables Period,,52.08,54.48,51.85,45.03,52.35,57.17,54.83,56.36,54.0,51.62,,
N08,XSES,New Toyo International Holdings Ltd,Consumer Cyclical,Packaging & Containers,,SGD,Cash Conversion Cycle,,80.39,68.05,83.27,87.82,89.99,78.12,67.66,61.97,59.62,59.07,,
N08,XSES,New Toyo International Holdings Ltd,Consumer Cyclical,Packaging & Containers,,SGD,Recieveables Turnover,,6.63,7.34,7.38,6.43,5.17,5.47,5.83,5.56,6.23,6.45,,
N08,XSES,New Toyo International Holdings Ltd,Consumer Cyclical,Packaging & Containers,,SGD,Inventory Turnover,,4.71,5.01,4.26,4.8,5.08,5.32,6.09,6.92,6.64,6.75,,
N08,XSES,New Toyo International Holdings Ltd,Consumer Cyclical,Packaging & Containers,,SGD,Fixed Assets Turnover,,2.71,2.73,2.7,2.85,2.45,2.67,3.68,4.04,3.74,3.58,,
N08,XSES,New Toyo International Holdings Ltd,Consumer Cyclical,Packaging & Containers,,SGD,Asset Turnover,,0.82,0.82,0.84,0.95,0.85,0.89,1.12,1.23,1.25,1.24,,
N0Z,XSES,Combine Will International Holdings Ltd,Consumer Cyclical,Leisure,,SGD,Return on Asset %,0.99,-2.43,0.87,4.04,3.73,1.96,2.51,2.67,2.86,3.01,,,
N0Z,XSES,Combine Will International Holdings Ltd,Consumer Cyclical,Leisure,,SGD,Return on Equity %,2.67,-5.91,1.84,8.67,8.37,4.53,5.67,5.84,5.81,6.14,,,
N0Z,XSES,Combine Will International Holdings Ltd,Consumer Cyclical,Leisure,,SGD,Return on Invested Capital %,1.69,-2.14,2.36,7.31,6.91,4.15,4.73,4.99,5.99,5.71,,,
N0Z,XSES,Combine Will International Holdings Ltd,Consumer Cyclical,Leisure,,SGD,Days Sales Outstanding,71.01,56.56,36.47,55.8,45.21,82.47,60.99,48.28,55.13,31.75,,,
N0Z,XSES,Combine Will International Holdings Ltd,Consumer Cyclical,Leisure,,SGD,Days Inventory,108.68,163.65,148.15,141.65,81.55,54.72,53.36,40.24,32.56,30.63,,,
N0Z,XSES,Combine Will International Holdings Ltd,Consumer Cyclical,Leisure,,SGD,Payables Period,54.96,54.32,47.13,51.37,44.45,77.37,76.44,75.69,82.06,59.4,,,
N0Z,XSES,Combine Will International Holdings Ltd,Consumer Cyclical,Leisure,,SGD,Cash Conversion Cycle,124.74,165.89,137.48,146.08,82.31,59.82,37.92,12.84,5.63,2.98,,,
N0Z,XSES,Combine Will International Holdings Ltd,Consumer Cyclical,Leisure,,SGD,Recieveables Turnover,5.14,6.45,10.01,6.54,8.07,4.43,5.98,7.56,6.62,11.5,,,
N0Z,XSES,Combine Will International Holdings Ltd,Consumer Cyclical,Leisure,,SGD,Inventory Turnover,3.36,2.23,2.46,2.58,4.48,6.67,6.84,9.07,11.21,11.92,,,
N0Z,XSES,Combine Will International Holdings Ltd,Consumer Cyclical,Leisure,,SGD,Fixed Assets Turnover,8.47,5.45,6.39,7.22,5.64,2.21,2.15,2.33,1.99,2.52,,,
N0Z,XSES,Combine Will International Holdings Ltd,Consumer Cyclical,Leisure,,SGD,Asset Turnover,1.11,0.82,1.13,1.2,1.21,0.61,0.7,0.84,0.75,0.97,,,
N2IU,XSES,Mapletree Pan Asia Commercial Trust Units Real Estate Investment Trust Reg S,Real Estate,REIT - Office,,SGD,Return on Asset %,,6.88,6.39,8.63,8.41,6.74,0.76,3.87,3.74,3.45,3.56,,
N2IU,XSES,Mapletree Pan Asia Commercial Trust Units Real Estate Investment Trust Reg S,Real Estate,REIT - Office,,SGD,Return on Equity %,,11.10,10.29,13.77,13.09,10.44,1.19,6.03,6.32,6.11,6.13,,
N2IU,XSES,Mapletree Pan Asia Commercial Trust Units Real Estate Investment Trust Reg S,Real Estate,REIT - Office,,SGD,Return on Invested Capital %,,7.82,7.22,9.50,9.39,7.85,1.45,4.57,5.09,5.32,4.99,,
N2IU,XSES,Mapletree Pan Asia Commercial Trust Units Real Estate Investment Trust Reg S,Real Estate,REIT - Office,,SGD,Days Sales Outstanding,,4.13,2.15,1.05,0.96,1.41,3.26,2.45,0.55,0.59,1.08,,
N2IU,XSES,Mapletree Pan Asia Commercial Trust Units Real Estate Investment Trust Reg S,Real Estate,REIT - Office,,SGD,Days Inventory,,-,-,-,-,-,-,-,0.61,0.34,0.16,,
N2IU,XSES,Mapletree Pan Asia Commercial Trust Units Real Estate Investment Trust Reg S,Real Estate,REIT - Office,,SGD,Payables Period,,8.10,4.12,2.97,3.07,3.03,3.04,3.76,12.26,21.64,23.67,,
N2IU,XSES,Mapletree Pan Asia Commercial Trust Units Real Estate Investment Trust Reg S,Real Estate,REIT - Office,,SGD,Cash Conversion Cycle,,-,-,-,-,-,-,-,-11.09,-20.71,-22.43,,
N2IU,XSES,Mapletree Pan Asia Commercial Trust Units Real Estate Investment Trust Reg S,Real Estate,REIT - Office,,SGD,Recieveables Turnover,,88.28,169.54,348.07,379.20,259.17,111.80,148.85,663.82,614.42,337.41,,
N2IU,XSES,Mapletree Pan Asia Commercial Trust Units Real Estate Investment Trust Reg S,Real Estate,REIT - Office,,SGD,Inventory Turnover,,-,-,-,-,-,-,-,596.41,1083.95,2267.23,,
N2IU,XSES,Mapletree Pan Asia Commercial Trust Units Real Estate Investment Trust Reg S,Real Estate,REIT - Office,,SGD,Fixed Assets Turnover,,1988.74,2309.48,2499.39,2844.67,2032.52,1555.18,2221.96,658.75,497.51,527.45,,
N2IU,XSES,Mapletree Pan Asia Commercial Trust Units Real Estate Investment Trust Reg S,Real Estate,REIT - Office,,SGD,Asset Turnover,,0.06,0.07,0.06,0.06,0.06,0.05,0.05,0.06,0.05,0.05,,
N32,XSES,Nippecraft Ltd,Basic Materials,Paper & Paper Products,,SGD,Return on Asset %,,-2.68,0.03,-0.1,-1.76,0.11,0.54,0.01,2.24,0.86,1.39,,
N32,XSES,Nippecraft Ltd,Basic Materials,Paper & Paper Products,,SGD,Return on Equity %,,-4.79,0.06,-0.19,-2.82,0.19,1.05,0.01,4.33,1.51,2.39,,
N32,XSES,Nippecraft Ltd,Basic Materials,Paper & Paper Products,,SGD,Return on Invested Capital %,,-3.9,1.42,1.13,-1.07,0.99,2.06,0.73,3.99,1.09,1.93,,
N32,XSES,Nippecraft Ltd,Basic Materials,Paper & Paper Products,,SGD,Days Sales Outstanding,,116.04,89.04,109.92,75.75,71.3,84.41,99.72,107.59,99.73,105.93,,
N32,XSES,Nippecraft Ltd,Basic Materials,Paper & Paper Products,,SGD,Days Inventory,,20.77,11.65,14.62,12.23,8.42,6.85,6.9,9.24,11.31,11.9,,
N32,XSES,Nippecraft Ltd,Basic Materials,Paper & Paper Products,,SGD,Payables Period,,110.38,70.3,78.3,45.09,46.24,67.54,84.16,86.26,75.75,74.91,,
N32,XSES,Nippecraft Ltd,Basic Materials,Paper & Paper Products,,SGD,Cash Conversion Cycle,,26.42,30.39,46.24,42.89,33.48,23.71,22.45,30.58,35.3,42.92,,
N32,XSES,Nippecraft Ltd,Basic Materials,Paper & Paper Products,,SGD,Recieveables Turnover,,3.15,4.1,3.32,4.82,5.12,4.32,3.66,3.39,3.66,3.45,,
N32,XSES,Nippecraft Ltd,Basic Materials,Paper & Paper Products,,SGD,Inventory Turnover,,17.58,31.34,24.97,29.84,43.36,53.3,52.9,39.49,32.27,30.67,,
N32,XSES,Nippecraft Ltd,Basic Materials,Paper & Paper Products,,SGD,Fixed Assets Turnover,,20.86,36.98,25.8,23.8,29.43,34.62,38.86,33.89,32.8,32.96,,
N32,XSES,Nippecraft Ltd,Basic Materials,Paper & Paper Products,,SGD,Asset Turnover,,1.56,2.45,1.96,2.46,2.72,2.31,2.04,1.86,1.86,1.77,,
NC2,XSES,Sri Trang Agro-Industry PLC Shs Foreign Registered,Basic Materials,Specialty Chemicals,,SGD,Return on Asset %,,-1.52,-2.48,3.58,-0.26,12.59,15.26,4.14,-0.38,1.38,-1.03,,
NC2,XSES,Sri Trang Agro-Industry PLC Shs Foreign Registered,Basic Materials,Specialty Chemicals,,SGD,Return on Equity %,,-3.69,-6.72,8.67,-0.61,30.65,37.41,9.78,-0.85,3.29,-2.55,,
NC2,XSES,Sri Trang Agro-Industry PLC Shs Foreign Registered,Basic Materials,Specialty Chemicals,,SGD,Return on Invested Capital %,,-0.53,-0.96,5.38,0.98,16.39,20.86,6.36,0.38,3.0,-0.34,,
NC2,XSES,Sri Trang Agro-Industry PLC Shs Foreign Registered,Basic Materials,Specialty Chemicals,,SGD,Days Sales Outstanding,,26.15,28.66,28.5,29.75,32.15,26.06,25.17,29.39,26.68,29.25,,
NC2,XSES,Sri Trang Agro-Industry PLC Shs Foreign Registered,Basic Materials,Specialty Chemicals,,SGD,Days Inventory,,88.62,81.12,80.92,84.96,110.54,117.42,111.29,125.26,119.9,124.4,,
NC2,XSES,Sri Trang Agro-Industry PLC Shs Foreign Registered,Basic Materials,Specialty Chemicals,,SGD,Payables Period,,8.18,6.41,7.64,7.99,8.7,6.68,5.09,7.37,6.48,6.2,,
NC2,XSES,Sri Trang Agro-Industry PLC Shs Foreign Registered,Basic Materials,Specialty Chemicals,,SGD,Cash Conversion Cycle,,106.59,103.37,101.78,106.72,133.99,136.8,131.37,147.28,140.09,147.45,,
NC2,XSES,Sri Trang Agro-Industry PLC Shs Foreign Registered,Basic Materials,Specialty Chemicals,,SGD,Recieveables Turnover,,13.96,12.73,12.81,12.27,11.35,14.01,14.5,12.42,13.68,12.48,,
NC2,XSES,Sri Trang Agro-Industry PLC Shs Foreign Registered,Basic Materials,Specialty Chemicals,,SGD,Inventory Turnover,,4.12,4.5,4.51,4.3,3.3,3.11,3.28,2.91,3.04,2.93,,
NC2,XSES,Sri Trang Agro-Industry PLC Shs Foreign Registered,Basic Materials,Specialty Chemicals,,SGD,Fixed Assets Turnover,,4.99,4.47,3.02,2.31,2.73,3.63,2.57,1.7,2.3,2.39,,
NC2,XSES,Sri Trang Agro-Industry PLC Shs Foreign Registered,Basic Materials,Specialty Chemicals,,SGD,Asset Turnover,,1.55,1.55,1.27,1.06,1.0,1.14,0.96,0.74,0.94,0.93,,
NEX,XSES,Reclaims Global Ltd,Industrials,Waste Management,,SGD,Return on Asset %,,25.57,12.75,11.01,0.97,5.15,6.55,14.2,5.69,4.3,14.8,,
NEX,XSES,Reclaims Global Ltd,Industrials,Waste Management,,SGD,Return on Equity %,,43.78,22.23,18.87,1.62,7.99,9.36,18.84,6.99,5.11,17.53,,
NEX,XSES,Reclaims Global Ltd,Industrials,Waste Management,,SGD,Return on Invested Capital %,,44.59,23.51,20.07,1.8,7.05,8.38,17.46,6.69,4.5,17.01,,
NEX,XSES,Reclaims Global Ltd,Industrials,Waste Management,,SGD,Days Sales Outstanding,,81.83,110.64,108.33,72.96,70.44,115.71,82.33,102.87,108.66,62.43,,
NEX,XSES,Reclaims Global Ltd,Industrials,Waste Management,,SGD,Days Inventory,,-,-,-,1.72,0.95,0.76,0.91,1.12,0.52,0.21,,
NEX,XSES,Reclaims Global Ltd,Industrials,Waste Management,,SGD,Payables Period,,34.98,60.92,73.24,52.25,70.58,137.18,84.6,103.12,100.45,63.94,,
NEX,XSES,Reclaims Global Ltd,Industrials,Waste Management,,SGD,Cash Conversion Cycle,,-,-,-,22.43,0.81,-20.71,-1.36,0.88,8.73,-1.3,,
NEX,XSES,Reclaims Global Ltd,Industrials,Waste Management,,SGD,Recieveables Turnover,,4.46,3.30,3.37,5.0,5.18,3.15,4.43,3.55,3.36,5.85,,
NEX,XSES,Reclaims Global Ltd,Industrials,Waste Management,,SGD,Inventory Turnover,,-,-,-,211.78,383.31,483.4,399.1,325.92,699.78,1766.0,,
NEX,XSES,Reclaims Global Ltd,Industrials,Waste Management,,SGD,Fixed Assets Turnover,,3.16,2.54,2.37,2.83,2.99,2.25,3.67,2.71,2.42,4.44,,
NEX,XSES,Reclaims Global Ltd,Industrials,Waste Management,,SGD,Asset Turnover,,1.32,1.03,0.95,1.13,1.13,0.75,1.07,0.76,0.69,1.18,,
NHD,XSES,Jubilee Industries Holdings Ltd,Technology,Electronics & Computer Distribution,,SGD,Return on Asset %,,-45.86,-13.05,1.29,3.35,-4.93,-2.37,-6.39,-14.7,4.51,-33.55,,
NHD,XSES,Jubilee Industries Holdings Ltd,Technology,Electronics & Computer Distribution,,SGD,Return on Equity %,,-75.97,-46.63,3.94,7.19,-10.43,-5.12,-14.37,-37.48,9.52,-40.98,,
NHD,XSES,Jubilee Industries Holdings Ltd,Technology,Electronics & Computer Distribution,,SGD,Return on Invested Capital %,,-73.77,-26.16,5.51,7.23,-5.55,-2.5,-10.43,-30.82,8.2,-40.66,,
NHD,XSES,Jubilee Industries Holdings Ltd,Technology,Electronics & Computer Distribution,,SGD,Days Sales Outstanding,,40.82,26.16,28.47,60.21,72.71,57.72,31.1,155.73,125.39,-,,
NHD,XSES,Jubilee Industries Holdings Ltd,Technology,Electronics & Computer Distribution,,SGD,Days Inventory,,37.58,37.48,35.47,42.53,42.04,32.19,27.88,157.49,94.2,-,,
NHD,XSES,Jubilee Industries Holdings Ltd,Technology,Electronics & Computer Distribution,,SGD,Payables Period,,25.35,73.66,64.8,38.68,36.06,48.98,34.2,149.24,39.31,-,,
NHD,XSES,Jubilee Industries Holdings Ltd,Technology,Electronics & Computer Distribution,,SGD,Cash Conversion Cycle,,53.05,-10.01,-0.87,64.06,78.69,40.93,24.78,163.97,180.28,-,,
NHD,XSES,Jubilee Industries Holdings Ltd,Technology,Electronics & Computer Distribution,,SGD,Recieveables Turnover,,8.94,13.95,12.82,6.06,5.02,6.32,11.74,2.34,2.91,-,,
NHD,XSES,Jubilee Industries Holdings Ltd,Technology,Electronics & Computer Distribution,,SGD,Inventory Turnover,,9.71,9.74,10.29,8.58,8.68,11.34,13.09,2.32,3.87,-,,
NHD,XSES,Jubilee Industries Holdings Ltd,Technology,Electronics & Computer Distribution,,SGD,Fixed Assets Turnover,,22.4,46.14,128.53,39.16,17.93,19.96,31.97,5.57,6.48,-,,
NHD,XSES,Jubilee Industries Holdings Ltd,Technology,Electronics & Computer Distribution,,SGD,Asset Turnover,,1.75,1.9,2.22,2.03,1.64,1.89,3.07,0.35,0.08,-,,
NIO,XSES,NIO Inc Class A,Consumer Cyclical,Auto Manufacturers,,SGD,Return on Asset %,,-198.68,-123.57,-159.18,-68.29,-16.21,-15.38,-16.25,-19.8,-20.14,-13.42,,
NIO,XSES,NIO Inc Class A,Consumer Cyclical,Auto Manufacturers,,SGD,Return on Equity %,,-,-,-,-4247.88,-53.77,-34.17,-49.71,-85.59,-143.8,-307.52,,
NIO,XSES,NIO Inc Class A,Consumer Cyclical,Auto Manufacturers,,SGD,Return on Invested Capital %,,-,-,-,-155.53,-26.37,-23.54,-29.91,-36.43,-39.26,-41.16,,
NIO,XSES,NIO Inc Class A,Consumer Cyclical,Auto Manufacturers,,SGD,Days Sales Outstanding,,-,-,29.70,49.18,27.79,19.93,29.42,32.08,17.59,6.41,,
NIO,XSES,NIO Inc Class A,Consumer Cyclical,Auto Manufacturers,,SGD,Days Inventory,,-,-,54.49,47.62,25.01,19.54,42.38,46.76,38.09,37.72,,
NIO,XSES,NIO Inc Class A,Consumer Cyclical,Auto Manufacturers,,SGD,Payables Period,,-,-,108.79,120.98,120.27,118.33,156.6,136.57,149.41,211.78,,
NIO,XSES,NIO Inc Class A,Consumer Cyclical,Auto Manufacturers,,SGD,Cash Conversion Cycle,,-,-,-24.60,-24.17,-67.47,-78.86,-84.8,-57.73,-93.73,-167.66,,
NIO,XSES,NIO Inc Class A,Consumer Cyclical,Auto Manufacturers,,SGD,Recieveables Turnover,,-,-,12.29,7.42,13.13,18.31,12.41,11.38,20.76,56.98,,
NIO,XSES,NIO Inc Class A,Consumer Cyclical,Auto Manufacturers,,SGD,Inventory Turnover,,-,-,6.70,7.66,14.6,18.68,8.61,7.81,9.58,9.68,,
NIO,XSES,NIO Inc Class A,Consumer Cyclical,Auto Manufacturers,,SGD,Fixed Assets Turnover,,-,-,1.42,1.23,2.3,4.18,2.87,1.82,1.7,2.1,,
NIO,XSES,NIO Inc Class A,Consumer Cyclical,Auto Manufacturers,,SGD,Asset Turnover,,-,-,0.34,0.47,0.47,0.53,0.55,0.52,0.58,0.75,,
NPW,XSES,Malaysia Smelting Corp Bhd,Basic Materials,Other Industrial Metals & Mining,,SGD,Return on Asset %,,4.29,1.93,3.99,3.68,1.67,10.22,7.5,6.31,5.76,5.7,,
NPW,XSES,Malaysia Smelting Corp Bhd,Basic Materials,Other Industrial Metals & Mining,,SGD,Return on Equity %,,13.2,5.65,10.74,8.56,3.98,24.24,15.13,11.55,10.86,11.38,,
NPW,XSES,Malaysia Smelting Corp Bhd,Basic Materials,Other Industrial Metals & Mining,,SGD,Return on Invested Capital %,,6.5,3.82,6.66,6.07,3.05,13.01,10.12,8.65,8.02,8.47,,
NPW,XSES,Malaysia Smelting Corp Bhd,Basic Materials,Other Industrial Metals & Mining,,SGD,Days Sales Outstanding,,22.32,5.36,4.67,6.49,8.81,6.34,5.26,4.88,1.62,1.9,,
NPW,XSES,Malaysia Smelting Corp Bhd,Basic Materials,Other Industrial Metals & Mining,,SGD,Days Inventory,,88.59,115.48,148.21,201.19,280.26,317.34,193.82,173.41,151.21,154.5,,
NPW,XSES,Malaysia Smelting Corp Bhd,Basic Materials,Other Industrial Metals & Mining,,SGD,Payables Period,,20.9,17.2,7.38,6.82,10.5,20.3,16.11,14.42,13.69,24.21,,
NPW,XSES,Malaysia Smelting Corp Bhd,Basic Materials,Other Industrial Metals & Mining,,SGD,Cash Conversion Cycle,,90.01,103.64,145.5,200.87,278.57,303.38,182.97,163.87,139.14,132.19,,
NPW,XSES,Malaysia Smelting Corp Bhd,Basic Materials,Other Industrial Metals & Mining,,SGD,Recieveables Turnover,,16.35,68.12,78.2,56.2,41.44,57.61,69.42,74.76,225.24,192.23,,
NPW,XSES,Malaysia Smelting Corp Bhd,Basic Materials,Other Industrial Metals & Mining,,SGD,Inventory Turnover,,4.12,3.16,2.46,1.81,1.3,1.15,1.88,2.1,2.41,2.36,,
NPW,XSES,Malaysia Smelting Corp Bhd,Basic Materials,Other Industrial Metals & Mining,,SGD,Fixed Assets Turnover,,11.05,8.89,9.29,8.12,5.71,6.88,9.12,7.94,8.73,8.61,,
NPW,XSES,Malaysia Smelting Corp Bhd,Basic Materials,Other Industrial Metals & Mining,,SGD,Asset Turnover,,1.85,1.72,1.49,1.18,0.89,0.93,1.15,1.06,1.23,1.22,,
NR7,XSES,Raffles Education Ltd,Consumer Defensive,Education & Training Services,,SGD,Return on Asset %,,1.29,-0.15,0.86,3.21,-1.36,1.28,0.72,-0.44,-1.71,0.73,,
NR7,XSES,Raffles Education Ltd,Consumer Defensive,Education & Training Services,,SGD,Return on Equity %,,2.89,-0.35,1.86,6.40,-2.62,2.54,1.43,-0.83,-3.24,1.34,,
NR7,XSES,Raffles Education Ltd,Consumer Defensive,Education & Training Services,,SGD,Return on Invested Capital %,,2.77,0.84,2.30,5.35,-0.60,2.98,2.52,1.08,-0.52,2.67,,
NR7,XSES,Raffles Education Ltd,Consumer Defensive,Education & Training Services,,SGD,Days Sales Outstanding,,10.67,11.51,9.35,8.47,12.23,26.01,23.21,12.01,14.26,17.87,,
NR7,XSES,Raffles Education Ltd,Consumer Defensive,Education & Training Services,,SGD,Days Inventory,,-,-,-,-,-,-,-,-,-,-,,
NR7,XSES,Raffles Education Ltd,Consumer Defensive,Education & Training Services,,SGD,Payables Period,,-,-,-,-,-,-,-,-,-,-,,
NR7,XSES,Raffles Education Ltd,Consumer Defensive,Education & Training Services,,SGD,Cash Conversion Cycle,,-,-,-,-,-,-,-,-,-,-,,
NR7,XSES,Raffles Education Ltd,Consumer Defensive,Education & Training Services,,SGD,Recieveables Turnover,,34.22,31.70,39.02,43.11,29.84,14.03,15.73,30.39,25.59,20.42,,
NR7,XSES,Raffles Education Ltd,Consumer Defensive,Education & Training Services,,SGD,Inventory Turnover,,-,-,-,-,-,-,-,-,-,-,,
NR7,XSES,Raffles Education Ltd,Consumer Defensive,Education & Training Services,,SGD,Fixed Assets Turnover,,0.32,0.25,0.23,0.22,0.22,0.18,0.17,0.20,0.23,0.23,,
NR7,XSES,Raffles Education Ltd,Consumer Defensive,Education & Training Services,,SGD,Asset Turnover,,0.09,0.08,0.08,0.08,0.08,0.08,0.08,0.09,0.10,0.11,,
NS8U,XSES,Hutchison Port Holdings Trust Units Reg S,Industrials,Marine Shipping,,SGD,Return on Asset %,,1.51,0.84,-11.22,0.56,0.91,1.9,1.21,0.27,0.78,0.92,,
NS8U,XSES,Hutchison Port Holdings Trust Units Reg S,Industrials,Marine Shipping,,SGD,Return on Equity %,,4.09,2.32,-34.45,2.01,3.21,6.58,4.08,0.89,2.57,3.0,,
NS8U,XSES,Hutchison Port Holdings Trust Units Reg S,Industrials,Marine Shipping,,SGD,Return on Invested Capital %,,2.93,2.09,-16.5,2.12,2.33,3.79,2.58,1.02,1.88,2.17,,
NS8U,XSES,Hutchison Port Holdings Trust Units Reg S,Industrials,Marine Shipping,,SGD,Days Sales Outstanding,,97.05,92.52,80.67,83.14,87.66,82.89,80.09,69.22,64.76,58.98,,
NS8U,XSES,Hutchison Port Holdings Trust Units Reg S,Industrials,Marine Shipping,,SGD,Days Inventory,,5.76,5.46,5.17,5.17,5.35,4.36,4.07,4.19,4.01,3.63,,
NS8U,XSES,Hutchison Port Holdings Trust Units Reg S,Industrials,Marine Shipping,,SGD,Payables Period,,347.11,332.29,288.79,275.72,280.49,270.49,296.88,315.68,323.99,330.06,,
NS8U,XSES,Hutchison Port Holdings Trust Units Reg S,Industrials,Marine Shipping,,SGD,Cash Conversion Cycle,,-244.29,-234.31,-202.95,-187.41,-187.48,-183.24,-212.72,-242.27,-255.21,-267.45,,
NS8U,XSES,Hutchison Port Holdings Trust Units Reg S,Industrials,Marine Shipping,,SGD,Recieveables Turnover,,3.76,3.94,4.52,4.39,4.16,4.4,4.56,5.27,5.64,6.19,,
NS8U,XSES,Hutchison Port Holdings Trust Units Reg S,Industrials,Marine Shipping,,SGD,Inventory Turnover,,63.33,66.89,70.55,70.56,68.21,83.73,89.6,87.14,91.09,100.5,,
NS8U,XSES,Hutchison Port Holdings Trust Units Reg S,Industrials,Marine Shipping,,SGD,Fixed Assets Turnover,,0.17,0.17,0.17,0.17,0.18,0.23,0.22,0.19,0.22,0.24,,
NS8U,XSES,Hutchison Port Holdings Trust Units Reg S,Industrials,Marine Shipping,,SGD,Asset Turnover,,0.1,0.1,0.11,0.12,0.12,0.14,0.13,0.12,0.14,0.14,,
NTDU,XSES,NTT DC REIT Units,Real Estate,REIT - Diversified,,SGD,Return on Asset %,-,-,-,-,-,-,-,-,-,-2.01,,,
NTDU,XSES,NTT DC REIT Units,Real Estate,REIT - Diversified,,SGD,Return on Equity %,-,-,-,-,-,-,-,-,-,-3.16,,,
NTDU,XSES,NTT DC REIT Units,Real Estate,REIT - Diversified,,SGD,Return on Invested Capital %,-,-,-,-,-,-,-,-,-,-0.86,,,
NTDU,XSES,NTT DC REIT Units,Real Estate,REIT - Diversified,,SGD,Days Sales Outstanding,-,-,-,-,-,-,-,-,-,24.71,,,
NTDU,XSES,NTT DC REIT Units,Real Estate,REIT - Diversified,,SGD,Days Inventory,-,-,-,-,-,-,-,-,-,-,,,
NTDU,XSES,NTT DC REIT Units,Real Estate,REIT - Diversified,,SGD,Payables Period,-,-,-,-,-,-,-,-,-,74.56,,,
NTDU,XSES,NTT DC REIT Units,Real Estate,REIT - Diversified,,SGD,Cash Conversion Cycle,-,-,-,-,-,-,-,-,-,-,,,
NTDU,XSES,NTT DC REIT Units,Real Estate,REIT - Diversified,,SGD,Recieveables Turnover,-,-,-,-,-,-,-,-,-,14.77,,,
NTDU,XSES,NTT DC REIT Units,Real Estate,REIT - Diversified,,SGD,Inventory Turnover,-,-,-,-,-,-,-,-,-,-,,,
NTDU,XSES,NTT DC REIT Units,Real Estate,REIT - Diversified,,SGD,Fixed Assets Turnover,-,-,-,-,-,-,-,-,-,0.10,,,
NTDU,XSES,NTT DC REIT Units,Real Estate,REIT - Diversified,,SGD,Asset Turnover,-,-,-,-,-,-,-,-,-,0.10,,,
NVDA,XNAS,,,,,USD,Return on Asset %,,,19.36,28.91,33.76,18.27,18.79,26.73,10.23,55.67,82.2,75.42,
NVDA,XNAS,,,,,USD,Return on Equity %,,,32.57,46.05,49.26,25.95,29.78,44.83,17.93,91.46,119.18,101.49,
NVDA,XNAS,,,,,USD,Return on Invested Capital %,,,22.93,33.66,39.3,20.39,22.59,32.22,11.82,66.29,99.62,91.76,
NVDA,XNAS,,,,,USD,Days Sales Outstanding,,,35.15,39.28,41.89,51.5,44.72,48.0,57.35,41.42,46.24,52.0,
NVDA,XNAS,,,,,USD,Days Inventory,,,77.69,74.56,95.21,112.31,81.53,85.67,121.96,114.64,85.9,91.97,
NVDA,XNAS,,,,,USD,Payables Period,,,50.06,50.69,44.45,52.68,54.88,57.69,46.75,42.73,50.37,47.1,
NVDA,XNAS,,,,,USD,Cash Conversion Cycle,,,62.78,63.15,92.64,111.13,71.37,75.98,132.57,113.33,81.76,96.88,
NVDA,XNAS,,,,,USD,Recieveables Turnover,,,10.38,9.29,8.71,7.09,8.16,7.6,6.36,8.81,7.89,7.02,
NVDA,XNAS,,,,,USD,Inventory Turnover,,,4.7,4.9,3.83,3.25,4.48,4.26,2.99,3.18,4.25,3.97,
NVDA,XNAS,,,,,USD,Fixed Assets Turnover,,,14.0,12.8,9.76,5.91,6.48,8.33,6.38,12.06,19.57,20.25,
NVDA,XNAS,,,,,USD,Asset Turnover,,,0.8,0.92,0.96,0.71,0.72,0.74,0.63,1.14,1.47,1.36,
O08,XSES,Ossia International Ltd,Consumer Cyclical,Apparel Retail,,SGD,Return on Asset %,,-5.57,-0.65,8.75,7.58,9.63,8.91,12.09,17.24,10.71,10.77,,
O08,XSES,Ossia International Ltd,Consumer Cyclical,Apparel Retail,,SGD,Return on Equity %,,-7.95,-0.91,11.49,9.82,12.31,10.8,14.08,19.46,11.95,11.96,,
O08,XSES,Ossia International Ltd,Consumer Cyclical,Apparel Retail,,SGD,Return on Invested Capital %,,-5.99,-0.58,10.29,8.6,10.81,9.49,13.1,18.77,11.22,11.32,,
O08,XSES,Ossia International Ltd,Consumer Cyclical,Apparel Retail,,SGD,Days Sales Outstanding,,41.9,42.79,54.12,75.19,46.17,41.31,54.56,45.78,47.74,58.92,,
O08,XSES,Ossia International Ltd,Consumer Cyclical,Apparel Retail,,SGD,Days Inventory,,265.82,289.06,248.67,309.39,327.41,354.1,386.13,292.43,342.62,315.19,,
O08,XSES,Ossia International Ltd,Consumer Cyclical,Apparel Retail,,SGD,Payables Period,,104.95,139.15,114.67,66.44,40.34,24.91,47.3,59.64,55.16,31.77,,
O08,XSES,Ossia International Ltd,Consumer Cyclical,Apparel Retail,,SGD,Cash Conversion Cycle,,202.77,192.69,188.13,318.15,333.25,370.51,393.39,278.57,335.2,342.34,,
O08,XSES,Ossia International Ltd,Consumer Cyclical,Apparel Retail,,SGD,Recieveables Turnover,,8.71,8.53,6.74,4.85,7.91,8.83,6.69,7.97,7.65,6.19,,
O08,XSES,Ossia International Ltd,Consumer Cyclical,Apparel Retail,,SGD,Inventory Turnover,,1.37,1.26,1.47,1.18,1.11,1.03,0.95,1.25,1.07,1.16,,
O08,XSES,Ossia International Ltd,Consumer Cyclical,Apparel Retail,,SGD,Fixed Assets Turnover,,9.59,9.65,12.7,15.29,13.35,11.69,15.37,21.7,25.32,25.97,,
O08,XSES,Ossia International Ltd,Consumer Cyclical,Apparel Retail,,SGD,Asset Turnover,,0.71,0.62,0.62,0.48,0.49,0.47,0.43,0.52,0.49,0.46,,
O10,XSES,Far East Orchard Ltd,Real Estate,Real Estate Services,,SGD,Return on Asset %,,3.25,1.04,1.56,1.11,0.06,1.07,0.85,2.56,2.24,2.0,,
O10,XSES,Far East Orchard Ltd,Real Estate,Real Estate Services,,SGD,Return on Equity %,,5.41,1.75,2.63,2.07,0.12,2.23,1.7,4.98,4.3,3.86,,
O10,XSES,Far East Orchard Ltd,Real Estate,Real Estate Services,,SGD,Return on Invested Capital %,,4.64,1.57,2.25,2.09,0.67,1.98,2.0,4.65,4.38,4.1,,
O10,XSES,Far East Orchard Ltd,Real Estate,Real Estate Services,,SGD,Days Sales Outstanding,,37.16,38.62,34.79,30.4,33.96,30.28,33.38,31.01,23.65,37.09,,
O10,XSES,Far East Orchard Ltd,Real Estate,Real Estate Services,,SGD,Days Inventory,,393.63,553.6,599.21,702.98,952.46,1108.81,978.08,685.66,662.54,444.46,,
O10,XSES,Far East Orchard Ltd,Real Estate,Real Estate Services,,SGD,Payables Period,,56.32,59.02,31.08,30.09,43.33,45.8,45.03,31.17,32.5,49.55,,
O10,XSES,Far East Orchard Ltd,Real Estate,Real Estate Services,,SGD,Cash Conversion Cycle,,374.47,533.19,602.92,703.3,943.09,1093.29,966.44,685.51,653.69,432.0,,
O10,XSES,Far East Orchard Ltd,Real Estate,Real Estate Services,,SGD,Recieveables Turnover,,9.82,9.45,10.49,12.01,10.75,12.05,10.93,11.77,15.43,9.84,,
O10,XSES,Far East Orchard Ltd,Real Estate,Real Estate Services,,SGD,Inventory Turnover,,0.93,0.66,0.61,0.52,0.38,0.33,0.37,0.53,0.55,0.82,,
O10,XSES,Far East Orchard Ltd,Real Estate,Real Estate Services,,SGD,Fixed Assets Turnover,,0.33,0.27,0.28,0.26,0.17,0.17,0.23,0.32,0.34,0.46,,
O10,XSES,Far East Orchard Ltd,Real Estate,Real Estate Services,,SGD,Asset Turnover,,0.09,0.07,0.07,0.07,0.04,0.04,0.05,0.07,0.07,0.09,,
O39,XSES,Oversea-Chinese Banking Corp Ltd,Financial Services,Banks - Regional,,SGD,Return on Asset %,,0.85,0.94,0.97,1.00,0.70,0.90,1.03,1.22,1.25,1.13,,
O39,XSES,Oversea-Chinese Banking Corp Ltd,Financial Services,Banks - Regional,,SGD,Return on Equity %,,9.82,11.04,11.16,10.77,7.30,9.41,10.77,12.97,13.26,12.05,,
O39,XSES,Oversea-Chinese Banking Corp Ltd,Financial Services,Banks - Regional,,SGD,Return on Invested Capital %,,-,-,-,-,-,-,-,-,-,-,,
O39,XSES,Oversea-Chinese Banking Corp Ltd,Financial Services,Banks - Regional,,SGD,Days Sales Outstanding,,-,-,-,-,-,-,-,-,-,-,,
O39,XSES,Oversea-Chinese Banking Corp Ltd,Financial Services,Banks - Regional,,SGD,Days Inventory,,-,-,-,-,-,-,-,-,-,-,,
O39,XSES,Oversea-Chinese Banking Corp Ltd,Financial Services,Banks - Regional,,SGD,Payables Period,,-,-,-,-,-,-,-,-,-,-,,
O39,XSES,Oversea-Chinese Banking Corp Ltd,Financial Services,Banks - Regional,,SGD,Cash Conversion Cycle,,-,-,-,-,-,-,-,-,-,-,,
O39,XSES,Oversea-Chinese Banking Corp Ltd,Financial Services,Banks - Regional,,SGD,Recieveables Turnover,,-,-,-,-,-,-,-,-,-,-,,
O39,XSES,Oversea-Chinese Banking Corp Ltd,Financial Services,Banks - Regional,,SGD,Inventory Turnover,,-,-,-,-,-,-,-,-,-,-,,
O39,XSES,Oversea-Chinese Banking Corp Ltd,Financial Services,Banks - Regional,,SGD,Fixed Assets Turnover,,2.40,2.80,2.89,3.09,2.80,2.96,3.31,3.83,3.98,3.74,,
O39,XSES,Oversea-Chinese Banking Corp Ltd,Financial Services,Banks - Regional,,SGD,Asset Turnover,,0.02,0.02,0.02,0.02,0.02,0.02,0.02,0.02,0.02,0.02,,
O5RU,XSES,AIMS APAC REIT Units Real Estate Investment Trust,Real Estate,REIT - Industrial,,SGD,Return on Asset %,,2.80,0.92,4.16,3.38,5.46,2.72,4.20,3.94,1.82,1.42,,
O5RU,XSES,AIMS APAC REIT Units Real Estate Investment Trust,Real Estate,REIT - Industrial,,SGD,Return on Equity %,,4.29,1.47,6.70,5.36,9.08,4.66,7.25,6.81,3.02,2.23,,
O5RU,XSES,AIMS APAC REIT Units Real Estate Investment Trust,Real Estate,REIT - Industrial,,SGD,Return on Invested Capital %,,3.89,1.90,5.52,4.63,6.92,3.84,5.25,5.17,3.08,2.74,,
O5RU,XSES,AIMS APAC REIT Units Real Estate Investment Trust,Real Estate,REIT - Industrial,,SGD,Days Sales Outstanding,,18.95,19.23,19.44,19.17,17.45,17.87,19.70,17.89,15.94,17.24,,
O5RU,XSES,AIMS APAC REIT Units Real Estate Investment Trust,Real Estate,REIT - Industrial,,SGD,Days Inventory,,-,-,-,-,-,-,-,73.10,38.53,69.05,,
O5RU,XSES,AIMS APAC REIT Units Real Estate Investment Trust,Real Estate,REIT - Industrial,,SGD,Payables Period,,210.73,234.15,233.88,241.53,313.00,261.21,243.46,232.68,267.25,261.93,,
O5RU,XSES,AIMS APAC REIT Units Real Estate Investment Trust,Real Estate,REIT - Industrial,,SGD,Cash Conversion Cycle,,-,-,-,-,-,-,-,-141.69,-212.77,-175.64,,
O5RU,XSES,AIMS APAC REIT Units Real Estate Investment Trust,Real Estate,REIT - Industrial,,SGD,Recieveables Turnover,,19.26,18.98,18.78,19.04,20.92,20.42,18.53,20.41,22.9,21.17,,
O5RU,XSES,AIMS APAC REIT Units Real Estate Investment Trust,Real Estate,REIT - Industrial,,SGD,Inventory Turnover,,-,-,-,-,-,-,-,4.99,9.47,5.29,,
O5RU,XSES,AIMS APAC REIT Units Real Estate Investment Trust,Real Estate,REIT - Industrial,,SGD,Fixed Assets Turnover,,-,-,-,-,-,-,-,-,12.53,13.56,,
O5RU,XSES,AIMS APAC REIT Units Real Estate Investment Trust,Real Estate,REIT - Industrial,,SGD,Asset Turnover,,0.09,0.08,0.08,0.08,0.08,0.07,0.07,0.07,0.08,0.08,,
O9E,XSES,Parkson retail Asia Ltd,Consumer Cyclical,Department Stores,,SGD,Return on Asset %,,8.06,-16.3,-13.63,-12.72,-24.21,-,8.16,7.76,7.79,6.67,,
O9E,XSES,Parkson retail Asia Ltd,Consumer Cyclical,Department Stores,,SGD,Return on Equity %,,19.73,-46.25,-58.68,-104.2,-,-,-,-,97.52,57.92,,
O9E,XSES,Parkson retail Asia Ltd,Consumer Cyclical,Department Stores,,SGD,Return on Invested Capital %,,17.59,-47.69,-56.2,-79.96,-,-,-,-,16.74,14.46,,
O9E,XSES,Parkson retail Asia Ltd,Consumer Cyclical,Department Stores,,SGD,Days Sales Outstanding,,3.05,3.01,3.66,4.11,4.16,-,2.88,2.10,1.34,1.46,,
O9E,XSES,Parkson retail Asia Ltd,Consumer Cyclical,Department Stores,,SGD,Days Inventory,,170.51,164.37,133.15,119.92,161.37,-,102.03,109.83,140.41,157.72,,
O9E,XSES,Parkson retail Asia Ltd,Consumer Cyclical,Department Stores,,SGD,Payables Period,,380.42,384.72,343.51,309.43,376.33,-,562.06,524.36,497.21,522.23,,
O9E,XSES,Parkson retail Asia Ltd,Consumer Cyclical,Department Stores,,SGD,Cash Conversion Cycle,,-206.85,-217.34,-206.7,-185.4,-210.79,-,-457.15,-412.43,-355.46,-363.05,,
O9E,XSES,Parkson retail Asia Ltd,Consumer Cyclical,Department Stores,,SGD,Recieveables Turnover,,119.49,121.21,99.74,88.78,87.64,-,126.78,173.72,273.12,249.48,,
O9E,XSES,Parkson retail Asia Ltd,Consumer Cyclical,Department Stores,,SGD,Inventory Turnover,,2.14,2.22,2.74,3.04,2.26,-,3.58,3.32,2.6,2.31,,
O9E,XSES,Parkson retail Asia Ltd,Consumer Cyclical,Department Stores,,SGD,Fixed Assets Turnover,,3.2,2.84,3.11,3.69,1.29,-,1.26,1.39,1.45,1.48,,
O9E,XSES,Parkson retail Asia Ltd,Consumer Cyclical,Department Stores,,SGD,Asset Turnover,,1.04,1.16,1.32,1.47,0.77,-,0.66,0.68,0.69,0.67,,
OAJ,XSES,Fortress Minerals Ltd,Basic Materials,Steel,,SGD,Return on Asset %,,37.47,1.72,-3.92,23.19,20.17,36.8,18.29,13.05,10.53,6.31,,
OAJ,XSES,Fortress Minerals Ltd,Basic Materials,Steel,,SGD,Return on Equity %,,131.97,4.82,-25.12,124.03,36.17,46.81,26.41,20.36,14.94,8.35,,
OAJ,XSES,Fortress Minerals Ltd,Basic Materials,Steel,,SGD,Return on Invested Capital %,,100.28,3.90,-7.30,123.8,35.18,45.23,21.92,16.07,13.36,7.92,,
OAJ,XSES,Fortress Minerals Ltd,Basic Materials,Steel,,SGD,Days Sales Outstanding,,-,-,-,19.02,38.66,55.85,52.71,17.83,37.63,43.63,,
OAJ,XSES,Fortress Minerals Ltd,Basic Materials,Steel,,SGD,Days Inventory,,-,-,-,15.9,27.52,30.72,75.55,89.85,68.93,73.75,,
OAJ,XSES,Fortress Minerals Ltd,Basic Materials,Steel,,SGD,Payables Period,,-,-,-,370.74,13.4,12.94,25.7,25.84,21.46,24.11,,
OAJ,XSES,Fortress Minerals Ltd,Basic Materials,Steel,,SGD,Cash Conversion Cycle,,-,-,-,-335.82,52.78,73.62,102.57,81.84,85.09,93.26,,
OAJ,XSES,Fortress Minerals Ltd,Basic Materials,Steel,,SGD,Recieveables Turnover,,-,-,-,19.19,9.44,6.54,6.92,20.47,9.7,8.37,,
OAJ,XSES,Fortress Minerals Ltd,Basic Materials,Steel,,SGD,Inventory Turnover,,-,-,-,22.95,13.26,11.88,4.83,4.06,5.3,4.95,,
OAJ,XSES,Fortress Minerals Ltd,Basic Materials,Steel,,SGD,Fixed Assets Turnover,,-,-,-,1.25,1.25,1.95,0.89,0.76,0.77,0.81,,
OAJ,XSES,Fortress Minerals Ltd,Basic Materials,Steel,,SGD,Asset Turnover,,-,-,-,0.98,0.8,0.96,0.57,0.58,0.57,0.56,,
ODBU,XSES,United Hampshire US REIT Units,Real Estate,REIT - Retail,,SGD,Return on Asset %,,-,-,2.57,-,-,6.31,3.45,4.12,3.72,2.54,,
ODBU,XSES,United Hampshire US REIT Units,Real Estate,REIT - Retail,,SGD,Return on Equity %,,-,-,4.09,-,-,10.82,6.21,7.66,6.86,4.66,,
ODBU,XSES,United Hampshire US REIT Units,Real Estate,REIT - Retail,,SGD,Return on Invested Capital %,,-,-,3.60,-,-,7.27,4.58,5.84,5.80,4.33,,
ODBU,XSES,United Hampshire US REIT Units,Real Estate,REIT - Retail,,SGD,Days Sales Outstanding,,-,-,16.37,-,-,18.30,14.74,11.76,11.60,16.94,,
ODBU,XSES,United Hampshire US REIT Units,Real Estate,REIT - Retail,,SGD,Days Inventory,,-,-,-,-,-,-,-,-,329.13,163.22,,
ODBU,XSES,United Hampshire US REIT Units,Real Estate,REIT - Retail,,SGD,Payables Period,,-,-,9.61,-,-,2.20,5.29,5.12,5.21,4.66,,
ODBU,XSES,United Hampshire US REIT Units,Real Estate,REIT - Retail,,SGD,Cash Conversion Cycle,,-,-,-,-,-,-,-,-,335.52,175.50,,
ODBU,XSES,United Hampshire US REIT Units,Real Estate,REIT - Retail,,SGD,Recieveables Turnover,,-,-,22.30,-,-,19.95,24.77,31.03,31.47,21.55,,
ODBU,XSES,United Hampshire US REIT Units,Real Estate,REIT - Retail,,SGD,Inventory Turnover,,-,-,-,-,-,-,-,-,1.11,2.24,,
ODBU,XSES,United Hampshire US REIT Units,Real Estate,REIT - Retail,,SGD,Fixed Assets Turnover,,-,-,-,-,-,-,-,-,-,-,,
ODBU,XSES,United Hampshire US REIT Units,Real Estate,REIT - Retail,,SGD,Asset Turnover,,-,-,0.07,-,-,0.08,0.09,0.09,0.09,0.09,,
OMK,XSES,Vividthree Holdings Ltd Ordinary Shares,Communication Services,Entertainment,,SGD,Return on Asset %,,24.5,20.65,31.59,16.93,-2.64,-15.27,-21.75,-15.47,-8.62,-70.07,,
OMK,XSES,Vividthree Holdings Ltd Ordinary Shares,Communication Services,Entertainment,,SGD,Return on Equity %,,32.24,26.16,38.39,19.32,-3.04,-20.09,-31.85,-22.88,-14.2,-143.95,,
OMK,XSES,Vividthree Holdings Ltd Ordinary Shares,Communication Services,Entertainment,,SGD,Return on Invested Capital %,,30.36,25.02,37.48,19.14,-2.98,-15.98,-22.69,-16.61,-10.24,-102.7,,
OMK,XSES,Vividthree Holdings Ltd Ordinary Shares,Communication Services,Entertainment,,SGD,Days Sales Outstanding,,119.63,143.82,151.99,199.14,383.69,811.09,355.27,201.83,35.82,63.44,,
OMK,XSES,Vividthree Holdings Ltd Ordinary Shares,Communication Services,Entertainment,,SGD,Days Inventory,,140.63,-,79.04,-,-,159.69,92.57,96.22,65.95,45.01,,
OMK,XSES,Vividthree Holdings Ltd Ordinary Shares,Communication Services,Entertainment,,SGD,Payables Period,,6.2,1.67,17.1,22.81,30.39,57.56,23.98,33.48,118.91,185.15,,
OMK,XSES,Vividthree Holdings Ltd Ordinary Shares,Communication Services,Entertainment,,SGD,Cash Conversion Cycle,,254.06,-,213.93,-,-,913.22,423.86,264.57,-17.14,-76.69,,
OMK,XSES,Vividthree Holdings Ltd Ordinary Shares,Communication Services,Entertainment,,SGD,Recieveables Turnover,,3.05,2.54,2.4,1.83,0.95,0.45,1.03,1.81,10.19,5.75,,
OMK,XSES,Vividthree Holdings Ltd Ordinary Shares,Communication Services,Entertainment,,SGD,Inventory Turnover,,2.6,-,4.62,-,-,2.29,3.94,3.79,5.53,8.11,,
OMK,XSES,Vividthree Holdings Ltd Ordinary Shares,Communication Services,Entertainment,,SGD,Fixed Assets Turnover,,10.16,14.41,22.45,14.45,4.88,1.65,4.14,6.95,16.64,12.35,,
OMK,XSES,Vividthree Holdings Ltd Ordinary Shares,Communication Services,Entertainment,,SGD,Asset Turnover,,0.69,0.83,0.82,0.48,0.21,0.07,0.11,0.13,0.34,0.26,,
OTS,XSES,OTS Holdings Ltd Ordinary Shares,Consumer Defensive,Packaged Foods,,SGD,Return on Asset %,,-,-,6.29,6.82,11.81,7.34,2.66,-5.09,-0.63,-0.81,,
OTS,XSES,OTS Holdings Ltd Ordinary Shares,Consumer Defensive,Packaged Foods,,SGD,Return on Equity %,,-,-,9.26,9.8,19.23,12.05,3.8,-6.77,-0.85,-1.15,,
OTS,XSES,OTS Holdings Ltd Ordinary Shares,Consumer Defensive,Packaged Foods,,SGD,Return on Invested Capital %,,-,-,8.07,8.46,15.38,9.66,3.56,-5.53,-0.56,-0.31,,
OTS,XSES,OTS Holdings Ltd Ordinary Shares,Consumer Defensive,Packaged Foods,,SGD,Days Sales Outstanding,,-,-,52.39,52.01,52.26,55.98,59.42,57.9,53.56,51.37,,
OTS,XSES,OTS Holdings Ltd Ordinary Shares,Consumer Defensive,Packaged Foods,,SGD,Days Inventory,,-,-,95.85,88.96,109.96,121.37,118.01,127.53,115.86,102.15,,
OTS,XSES,OTS Holdings Ltd Ordinary Shares,Consumer Defensive,Packaged Foods,,SGD,Payables Period,,-,-,50.82,47.84,59.47,65.74,58.31,52.79,52.83,59.11,,
OTS,XSES,OTS Holdings Ltd Ordinary Shares,Consumer Defensive,Packaged Foods,,SGD,Cash Conversion Cycle,,-,-,97.42,93.13,102.75,111.61,119.12,132.63,116.59,94.41,,
OTS,XSES,OTS Holdings Ltd Ordinary Shares,Consumer Defensive,Packaged Foods,,SGD,Recieveables Turnover,,-,-,6.97,7.02,6.98,6.52,6.14,6.3,6.81,7.11,,
OTS,XSES,OTS Holdings Ltd Ordinary Shares,Consumer Defensive,Packaged Foods,,SGD,Inventory Turnover,,-,-,3.81,4.1,3.32,3.01,3.09,2.86,3.15,3.57,,
OTS,XSES,OTS Holdings Ltd Ordinary Shares,Consumer Defensive,Packaged Foods,,SGD,Fixed Assets Turnover,,-,-,0.64,0.71,0.91,1.44,2.36,2.14,1.83,1.34,,
OTS,XSES,OTS Holdings Ltd Ordinary Shares,Consumer Defensive,Packaged Foods,,SGD,Asset Turnover,,-,-,1.05,1.13,1.15,0.95,0.81,0.82,0.83,0.79,,
OTX,XSES,Medinex Ltd Ordinary Shares,Healthcare,Medical Care Facilities,,SGD,Return on Asset %,,106.28,23.8,7.48,-,-,16.34,12.1,7.46,4.8,13.76,,
OTX,XSES,Medinex Ltd Ordinary Shares,Healthcare,Medical Care Facilities,,SGD,Return on Equity %,,223.86,29.28,8.32,-,-,22.6,16.56,9.76,6.13,17.27,,
OTX,XSES,Medinex Ltd Ordinary Shares,Healthcare,Medical Care Facilities,,SGD,Return on Invested Capital %,,139.19,27.43,8.23,-,-,18.98,13.99,8.7,5.43,15.36,,
OTX,XSES,Medinex Ltd Ordinary Shares,Healthcare,Medical Care Facilities,,SGD,Days Sales Outstanding,,39.73,60.22,38.8,-,-,65.61,60.16,56.94,55.89,54.61,,
OTX,XSES,Medinex Ltd Ordinary Shares,Healthcare,Medical Care Facilities,,SGD,Days Inventory,,-,168.46,51.04,-,-,81.69,55.67,55.12,59.79,47.41,,
OTX,XSES,Medinex Ltd Ordinary Shares,Healthcare,Medical Care Facilities,,SGD,Payables Period,,-,165.85,41.72,-,-,48.3,41.85,46.91,53.41,43.79,,
OTX,XSES,Medinex Ltd Ordinary Shares,Healthcare,Medical Care Facilities,,SGD,Cash Conversion Cycle,,-,62.82,48.11,-,-,99.0,73.98,65.15,62.28,58.23,,
OTX,XSES,Medinex Ltd Ordinary Shares,Healthcare,Medical Care Facilities,,SGD,Recieveables Turnover,,9.19,6.06,9.41,-,-,5.56,6.07,6.41,6.53,6.68,,
OTX,XSES,Medinex Ltd Ordinary Shares,Healthcare,Medical Care Facilities,,SGD,Inventory Turnover,,-,2.17,7.15,-,-,4.47,6.56,6.62,6.1,7.7,,
OTX,XSES,Medinex Ltd Ordinary Shares,Healthcare,Medical Care Facilities,,SGD,Fixed Assets Turnover,,51.91,42.24,93.46,-,-,6.07,8.88,12.55,14.25,15.25,,
OTX,XSES,Medinex Ltd Ordinary Shares,Healthcare,Medical Care Facilities,,SGD,Asset Turnover,,2.51,0.77,0.82,-,-,0.5,0.52,0.57,0.58,0.62,,
OU8,XSES,Centurion Corp Ltd,Consumer Cyclical,Lodging,,SGD,Return on Asset %,,2.54,2.75,6.32,7.14,1.14,3.37,4.56,9.36,17.59,4.18,,
OU8,XSES,Centurion Corp Ltd,Consumer Cyclical,Lodging,,SGD,Return on Equity %,,7.22,7.42,16.35,18.18,2.87,8.33,10.61,20.24,34.87,9.62,,
OU8,XSES,Centurion Corp Ltd,Consumer Cyclical,Lodging,,SGD,Return on Invested Capital %,,4.39,4.62,8.61,9.5,2.26,4.7,6.37,12.49,21.59,7.12,,
OU8,XSES,Centurion Corp Ltd,Consumer Cyclical,Lodging,,SGD,Days Sales Outstanding,,10.07,8.27,9.22,11.08,14.46,21.98,19.65,13.66,10.68,7.81,,
OU8,XSES,Centurion Corp Ltd,Consumer Cyclical,Lodging,,SGD,Days Inventory,,2.11,0.8,0.93,0.66,0.51,0.86,1.6,1.67,1.35,1.14,,
OU8,XSES,Centurion Corp Ltd,Consumer Cyclical,Lodging,,SGD,Payables Period,,455.75,391.31,264.87,32.01,22.82,26.32,26.46,29.15,26.05,29.78,,
OU8,XSES,Centurion Corp Ltd,Consumer Cyclical,Lodging,,SGD,Cash Conversion Cycle,,-443.57,-382.24,-254.71,-20.27,-7.85,-3.48,-5.22,-13.82,-14.03,-20.83,,
OU8,XSES,Centurion Corp Ltd,Consumer Cyclical,Lodging,,SGD,Recieveables Turnover,,36.26,44.13,39.57,32.95,25.24,16.61,18.58,26.71,34.19,46.73,,
OU8,XSES,Centurion Corp Ltd,Consumer Cyclical,Lodging,,SGD,Inventory Turnover,,173.08,458.86,392.43,551.77,711.12,425.34,228.49,218.38,271.01,321.45,,
OU8,XSES,Centurion Corp Ltd,Consumer Cyclical,Lodging,,SGD,Fixed Assets Turnover,,12.68,15.05,13.93,14.48,14.4,17.43,22.26,27.48,25.62,33.34,,
OU8,XSES,Centurion Corp Ltd,Consumer Cyclical,Lodging,,SGD,Asset Turnover,,0.11,0.12,0.1,0.1,0.09,0.09,0.12,0.13,0.13,0.11,,
OV8,XSES,Sheng Siong Group Ltd,Consumer Defensive,Grocery Stores,,SGD,Return on Asset %,,16.58,17.64,16.86,15.63,22.64,18.56,17.49,16.55,15.58,14.89,,
OV8,XSES,Sheng Siong Group Ltd,Consumer Defensive,Grocery Stores,,SGD,Return on Equity %,,25.25,26.7,25.24,25.1,40.44,33.81,30.8,28.26,26.74,26.62,,
OV8,XSES,Sheng Siong Group Ltd,Consumer Defensive,Grocery Stores,,SGD,Return on Invested Capital %,,25.06,26.7,24.98,21.27,34.11,28.39,25.42,22.28,20.83,20.56,,
OV8,XSES,Sheng Siong Group Ltd,Consumer Defensive,Grocery Stores,,SGD,Days Sales Outstanding,,2.3,3.21,2.84,2.11,2.12,2.38,2.38,3.04,3.04,2.6,,
OV8,XSES,Sheng Siong Group Ltd,Consumer Defensive,Grocery Stores,,SGD,Days Inventory,,35.25,36.55,36.54,38.31,28.86,32.95,38.5,36.79,34.95,33.67,,
OV8,XSES,Sheng Siong Group Ltd,Consumer Defensive,Grocery Stores,,SGD,Payables Period,,44.91,43.54,42.41,44.74,37.83,44.59,48.45,48.04,46.82,45.87,,
OV8,XSES,Sheng Siong Group Ltd,Consumer Defensive,Grocery Stores,,SGD,Cash Conversion Cycle,,-7.36,-3.79,-3.03,-4.33,-6.84,-9.26,-7.57,-8.2,-8.83,-9.6,,
OV8,XSES,Sheng Siong Group Ltd,Consumer Defensive,Grocery Stores,,SGD,Recieveables Turnover,,158.58,113.82,128.5,173.21,171.88,153.17,153.43,119.9,120.21,140.57,,
OV8,XSES,Sheng Siong Group Ltd,Consumer Defensive,Grocery Stores,,SGD,Inventory Turnover,,10.36,9.99,9.99,9.53,12.65,11.08,9.48,9.92,10.44,10.84,,
OV8,XSES,Sheng Siong Group Ltd,Consumer Defensive,Grocery Stores,,SGD,Fixed Assets Turnover,,3.71,3.28,3.42,3.19,4.0,3.79,3.47,3.53,3.49,3.43,,
OV8,XSES,Sheng Siong Group Ltd,Consumer Defensive,Grocery Stores,,SGD,Asset Turnover,,2.11,2.1,2.12,2.05,2.28,1.91,1.76,1.69,1.62,1.56,,
OXMU,XSES,Prime US REIT Unit,Real Estate,REIT - Office,,SGD,Return on Asset %,,-,-,3.04,-,1.69,4.37,-1.65,-7.64,0.57,1.43,,
OXMU,XSES,Prime US REIT Unit,Real Estate,REIT - Office,,SGD,Return on Equity %,,-,-,4.89,-,2.68,7.18,-2.86,-14.41,1.13,2.76,,
OXMU,XSES,Prime US REIT Unit,Real Estate,REIT - Office,,SGD,Return on Invested Capital %,,-,-,4.27,-,2.69,5.47,-0.89,-5.46,2.88,4.05,,
OXMU,XSES,Prime US REIT Unit,Real Estate,REIT - Office,,SGD,Days Sales Outstanding,,-,-,-,-,3.34,3.40,3.70,4.11,3.85,3.30,,
OXMU,XSES,Prime US REIT Unit,Real Estate,REIT - Office,,SGD,Days Inventory,,-,-,-,-,-,-,-,-,-,-,,
OXMU,XSES,Prime US REIT Unit,Real Estate,REIT - Office,,SGD,Payables Period,,-,-,127.16,-,0.50,0.43,0.37,0.35,0.52,0.83,,
OXMU,XSES,Prime US REIT Unit,Real Estate,REIT - Office,,SGD,Cash Conversion Cycle,,-,-,-,-,-,-,-,-,-,-,,
OXMU,XSES,Prime US REIT Unit,Real Estate,REIT - Office,,SGD,Recieveables Turnover,,-,-,-,-,109.27,107.41,98.76,88.78,94.79,110.73,,
OXMU,XSES,Prime US REIT Unit,Real Estate,REIT - Office,,SGD,Inventory Turnover,,-,-,-,-,-,-,-,-,-,-,,
OXMU,XSES,Prime US REIT Unit,Real Estate,REIT - Office,,SGD,Fixed Assets Turnover,,-,-,-,-,-,-,-,-,-,-,,
OXMU,XSES,Prime US REIT Unit,Real Estate,REIT - Office,,SGD,Asset Turnover,,-,-,0.09,-,0.10,0.09,0.09,0.10,0.09,0.09,,
OYY,XSES,PropNex Ltd Ordinary Shares,Real Estate,Real Estate Services,,SGD,Return on Asset %,,16.88,22.73,16.56,13.51,16.76,24.64,18.62,13.31,13.02,22.73,,
OYY,XSES,PropNex Ltd Ordinary Shares,Real Estate,Real Estate Services,,SGD,Return on Equity %,,75.61,109.88,45.69,29.42,37.80,61.89,53.08,38.14,32.93,58.77,,
OYY,XSES,PropNex Ltd Ordinary Shares,Real Estate,Real Estate Services,,SGD,Return on Invested Capital %,,74.84,109.18,44.27,26.02,35.15,59.73,50.56,34.09,28.49,54.19,,
OYY,XSES,PropNex Ltd Ordinary Shares,Real Estate,Real Estate Services,,SGD,Days Sales Outstanding,,39.37,46.35,51.91,53.43,49.53,41.80,64.19,88.32,72.29,46.58,,
OYY,XSES,PropNex Ltd Ordinary Shares,Real Estate,Real Estate Services,,SGD,Days Inventory,,-,-,-,-,-,-,-,-,-,-,,
OYY,XSES,PropNex Ltd Ordinary Shares,Real Estate,Real Estate Services,,SGD,Payables Period,,45.32,52.18,56.53,55.77,50.68,43.70,64.61,87.48,72.57,48.58,,
OYY,XSES,PropNex Ltd Ordinary Shares,Real Estate,Real Estate Services,,SGD,Cash Conversion Cycle,,-,-,-,-,-,-,-,-,-,-,,
OYY,XSES,PropNex Ltd Ordinary Shares,Real Estate,Real Estate Services,,SGD,Recieveables Turnover,,9.27,7.87,7.03,6.83,7.37,8.73,5.69,4.13,5.05,7.84,,
OYY,XSES,PropNex Ltd Ordinary Shares,Real Estate,Real Estate Services,,SGD,Inventory Turnover,,-,-,-,-,-,-,-,-,-,-,,
OYY,XSES,PropNex Ltd Ordinary Shares,Real Estate,Real Estate Services,,SGD,Fixed Assets Turnover,,330.64,297.30,190.06,72.30,70.79,179.49,181.98,158.77,196.01,235.16,,
OYY,XSES,PropNex Ltd Ordinary Shares,Real Estate,Real Estate Services,,SGD,Asset Turnover,,5.43,5.05,3.68,2.83,2.97,3.93,3.07,2.33,2.49,3.61,,
P15,XSES,Pacific Century Regional Developments Ltd,Financial Services,Asset Management,,SGD,Return on Asset %,,7.56,7.31,3.49,2.22,-2.52,5.28,1.51,-5.25,-3.21,-5.85,,
P15,XSES,Pacific Century Regional Developments Ltd,Financial Services,Asset Management,,SGD,Return on Equity %,,8.63,7.70,3.54,2.55,-3.38,7.35,2.34,-8.91,-5.40,-16.91,,
P15,XSES,Pacific Century Regional Developments Ltd,Financial Services,Asset Management,,SGD,Return on Invested Capital %,,7.78,7.42,3.53,2.65,-1.95,5.63,2.43,-3.20,-1.03,-3.74,,
P15,XSES,Pacific Century Regional Developments Ltd,Financial Services,Asset Management,,SGD,Days Sales Outstanding,,0.22,0.22,0.27,0.27,0.18,0.18,0.33,0.92,0.63,2.79,,
P15,XSES,Pacific Century Regional Developments Ltd,Financial Services,Asset Management,,SGD,Days Inventory,,-,-,-,-,-,-,-,-,-,-,,
P15,XSES,Pacific Century Regional Developments Ltd,Financial Services,Asset Management,,SGD,Payables Period,,0.43,-,12.29,111.55,177.55,170.60,230.35,255.17,206.81,185.51,,
P15,XSES,Pacific Century Regional Developments Ltd,Financial Services,Asset Management,,SGD,Cash Conversion Cycle,,-,-,-,-,-,-,-,-,-,-,,
P15,XSES,Pacific Century Regional Developments Ltd,Financial Services,Asset Management,,SGD,Recieveables Turnover,,1628.13,1632.00,1361.48,1352.00,2055.13,1982.00,1092.82,398.61,582.00,130.70,,
P15,XSES,Pacific Century Regional Developments Ltd,Financial Services,Asset Management,,SGD,Inventory Turnover,,-,-,-,-,-,-,-,-,-,-,,
P15,XSES,Pacific Century Regional Developments Ltd,Financial Services,Asset Management,,SGD,Fixed Assets Turnover,,81.41,134.14,121.84,51.32,69.61,66.14,37.54,23.62,17.24,3.17,,
P15,XSES,Pacific Century Regional Developments Ltd,Financial Services,Asset Management,,SGD,Asset Turnover,,0.01,0.01,0.01,0.01,0.02,0.03,0.03,0.02,0.03,0.01,,
P34,XSES,Delfi Ltd,Consumer Defensive,Confectioners,,SGD,Return on Asset %,,7.17,6.38,5.86,7.39,4.45,7.84,11.57,11.34,8.0,7.69,,
P34,XSES,Delfi Ltd,Consumer Defensive,Confectioners,,SGD,Return on Equity %,,11.8,10.77,10.04,13.02,7.71,12.59,18.08,18.05,12.79,12.22,,
P34,XSES,Delfi Ltd,Consumer Defensive,Confectioners,,SGD,Return on Invested Capital %,,9.19,9.05,8.45,10.77,6.76,11.24,16.74,15.52,10.97,10.71,,
P34,XSES,Delfi Ltd,Consumer Defensive,Confectioners,,SGD,Days Sales Outstanding,,53.57,58.35,56.62,62.78,81.26,67.86,52.95,54.26,63.58,59.52,,
P34,XSES,Delfi Ltd,Consumer Defensive,Confectioners,,SGD,Days Inventory,,79.49,87.11,92.41,99.22,109.0,90.59,98.32,109.69,123.91,123.6,,
P34,XSES,Delfi Ltd,Consumer Defensive,Confectioners,,SGD,Payables Period,,42.16,47.48,42.65,43.53,44.5,43.42,47.83,44.96,51.3,58.3,,
P34,XSES,Delfi Ltd,Consumer Defensive,Confectioners,,SGD,Cash Conversion Cycle,,90.9,97.98,106.38,118.47,145.76,115.03,103.43,118.99,136.19,124.82,,
P34,XSES,Delfi Ltd,Consumer Defensive,Confectioners,,SGD,Recieveables Turnover,,6.81,6.26,6.45,5.81,4.49,5.38,6.89,6.73,5.74,6.13,,
P34,XSES,Delfi Ltd,Consumer Defensive,Confectioners,,SGD,Inventory Turnover,,4.59,4.19,3.95,3.68,3.35,4.03,3.71,3.33,2.95,2.95,,
P34,XSES,Delfi Ltd,Consumer Defensive,Confectioners,,SGD,Fixed Assets Turnover,,3.3,3.05,3.67,4.17,3.44,3.99,5.44,6.01,4.85,4.76,,
P34,XSES,Delfi Ltd,Consumer Defensive,Confectioners,,SGD,Asset Turnover,,1.1,1.1,1.2,1.24,0.98,1.09,1.27,1.32,1.18,1.16,,
P36,XSES,Pan Hong Holdings Group Ltd,Real Estate,Real Estate - Development,,SGD,Return on Asset %,,1.58,2.08,1.43,2.85,4.79,13.18,3.96,-0.31,1.39,0.90,,
P36,XSES,Pan Hong Holdings Group Ltd,Real Estate,Real Estate - Development,,SGD,Return on Equity %,,5.15,6.24,3.94,8.35,16.22,32.44,7.02,-0.63,3.08,1.81,,
P36,XSES,Pan Hong Holdings Group Ltd,Real Estate,Real Estate - Development,,SGD,Return on Invested Capital %,,2.51,3.84,2.81,5.46,14.68,30.85,5.12,-0.32,2.47,1.65,,
P36,XSES,Pan Hong Holdings Group Ltd,Real Estate,Real Estate - Development,,SGD,Days Sales Outstanding,,1.66,0.81,2.12,0.88,-,2.16,9.21,-,-,-,,
P36,XSES,Pan Hong Holdings Group Ltd,Real Estate,Real Estate - Development,,SGD,Days Inventory,,-,-,1013.0,2000.47,1046.32,447.22,1403.41,28656.06,2677.01,2540.81,,
P36,XSES,Pan Hong Holdings Group Ltd,Real Estate,Real Estate - Development,,SGD,Payables Period,,43.01,23.53,54.9,35.5,15.08,1.86,3.29,980.65,129.64,126.48,,
P36,XSES,Pan Hong Holdings Group Ltd,Real Estate,Real Estate - Development,,SGD,Cash Conversion Cycle,,-,-,960.21,1965.85,-,447.51,1409.33,-,-,-,,
P36,XSES,Pan Hong Holdings Group Ltd,Real Estate,Real Estate - Development,,SGD,Recieveables Turnover,,220.03,450.36,172.43,414.96,-,168.83,39.63,-,-,-,,
P36,XSES,Pan Hong Holdings Group Ltd,Real Estate,Real Estate - Development,,SGD,Inventory Turnover,,-,-,0.36,0.18,0.35,0.82,0.26,0.01,0.14,0.14,,
P36,XSES,Pan Hong Holdings Group Ltd,Real Estate,Real Estate - Development,,SGD,Fixed Assets Turnover,,11.09,17.89,6.81,6.9,13.29,25.33,6.11,0.63,6.99,6.98,,
P36,XSES,Pan Hong Holdings Group Ltd,Real Estate,Real Estate - Development,,SGD,Asset Turnover,,0.12,0.29,0.12,0.15,0.27,0.64,0.18,0.02,0.16,0.16,,
P40U,XSES,Starhill Global Real Estate Investment Trust,Real Estate,REIT - Retail,,SGD,Return on Asset %,,5.11,3.11,2.63,2.07,-3.13,1.77,1.64,0.96,2.20,3.83,,
P40U,XSES,Starhill Global Real Estate Investment Trust,Real Estate,REIT - Retail,,SGD,Return on Equity %,,8.19,4.98,4.21,3.35,-5.27,2.97,2.67,1.57,3.61,6.29,,
P40U,XSES,Starhill Global Real Estate Investment Trust,Real Estate,REIT - Retail,,SGD,Return on Invested Capital %,,6.25,4.19,3.84,3.28,-2.15,3.15,2.90,2.17,3.61,5.34,,
P40U,XSES,Starhill Global Real Estate Investment Trust,Real Estate,REIT - Retail,,SGD,Days Sales Outstanding,,4.33,5.66,4.63,2.79,12.50,14.22,3.88,1.25,2.20,2.80,,
P40U,XSES,Starhill Global Real Estate Investment Trust,Real Estate,REIT - Retail,,SGD,Days Inventory,,-,-,-,-,-,-,-,-,-,-,,
P40U,XSES,Starhill Global Real Estate Investment Trust,Real Estate,REIT - Retail,,SGD,Payables Period,,33.69,27.69,25.79,24.52,21.49,21.81,30.22,25.62,16.11,14.07,,
P40U,XSES,Starhill Global Real Estate Investment Trust,Real Estate,REIT - Retail,,SGD,Cash Conversion Cycle,,-,-,-,-,-,-,-,-,-,-,,
P40U,XSES,Starhill Global Real Estate Investment Trust,Real Estate,REIT - Retail,,SGD,Recieveables Turnover,,84.31,64.48,78.81,130.91,29.21,25.66,94.11,292.02,165.56,130.59,,
P40U,XSES,Starhill Global Real Estate Investment Trust,Real Estate,REIT - Retail,,SGD,Inventory Turnover,,-,-,-,-,-,-,-,-,-,-,,
P40U,XSES,Starhill Global Real Estate Investment Trust,Real Estate,REIT - Retail,,SGD,Fixed Assets Turnover,,293.69,856.89,4134.93,6064.41,4695.40,4532.18,8671.35,22090.82,94909.50,192097.00,,
P40U,XSES,Starhill Global Real Estate Investment Trust,Real Estate,REIT - Retail,,SGD,Asset Turnover,,0.07,0.07,0.07,0.07,0.06,0.06,0.06,0.06,0.07,0.07,,
P52,XSES,Pan-United Corp Ltd,Basic Materials,Building Materials,,SGD,Return on Asset %,,1.84,2.64,1.16,4.75,0.25,4.68,5.71,7.84,8.57,9.72,,
P52,XSES,Pan-United Corp Ltd,Basic Materials,Building Materials,,SGD,Return on Equity %,,4.98,8.89,3.76,10.42,0.52,9.35,11.21,15.48,16.44,18.25,,
P52,XSES,Pan-United Corp Ltd,Basic Materials,Building Materials,,SGD,Return on Invested Capital %,,3.97,5.26,3.18,7.53,1.2,7.12,9.1,12.89,13.96,15.85,,
P52,XSES,Pan-United Corp Ltd,Basic Materials,Building Materials,,SGD,Days Sales Outstanding,,76.54,79.68,59.27,71.42,121.37,73.25,70.51,77.45,77.4,70.01,,
P52,XSES,Pan-United Corp Ltd,Basic Materials,Building Materials,,SGD,Days Inventory,,16.78,17.69,13.69,12.83,26.37,18.88,14.99,12.52,12.71,12.96,,
P52,XSES,Pan-United Corp Ltd,Basic Materials,Building Materials,,SGD,Payables Period,,79.28,62.55,35.47,37.03,76.03,57.7,52.1,55.74,62.03,62.05,,
P52,XSES,Pan-United Corp Ltd,Basic Materials,Building Materials,,SGD,Cash Conversion Cycle,,14.05,34.81,37.49,47.21,71.71,34.43,33.4,34.23,28.08,20.92,,
P52,XSES,Pan-United Corp Ltd,Basic Materials,Building Materials,,SGD,Recieveables Turnover,,4.77,4.58,6.16,5.11,3.01,4.98,5.18,4.71,4.72,5.21,,
P52,XSES,Pan-United Corp Ltd,Basic Materials,Building Materials,,SGD,Inventory Turnover,,21.75,20.64,26.66,28.46,13.84,19.33,24.35,29.15,28.71,28.16,,
P52,XSES,Pan-United Corp Ltd,Basic Materials,Building Materials,,SGD,Fixed Assets Turnover,,1.51,1.96,4.72,4.16,2.23,3.45,4.48,4.98,4.84,4.71,,
P52,XSES,Pan-United Corp Ltd,Basic Materials,Building Materials,,SGD,Asset Turnover,,0.94,0.83,1.44,1.78,0.96,1.47,1.72,1.77,1.7,1.72,,
P74,XSES,China Kangda Food Co Ltd,Consumer Defensive,Packaged Foods,,SGD,Return on Asset %,-1.58,0.35,-0.92,0.33,0.27,-2.43,-2.98,-1.19,-0.57,-1.48,,,
P74,XSES,China Kangda Food Co Ltd,Consumer Defensive,Packaged Foods,,SGD,Return on Equity %,-4.26,0.97,-2.46,0.89,0.68,-5.76,-6.91,-2.76,-1.53,-4.02,,,
P74,XSES,China Kangda Food Co Ltd,Consumer Defensive,Packaged Foods,,SGD,Return on Invested Capital %,-0.36,2.18,0.1,2.11,1.82,-2.39,-3.83,-1.26,0.49,-0.71,,,
P74,XSES,China Kangda Food Co Ltd,Consumer Defensive,Packaged Foods,,SGD,Days Sales Outstanding,20.29,22.75,26.04,26.04,26.92,23.43,23.77,27.87,28.23,20.51,,,
P74,XSES,China Kangda Food Co Ltd,Consumer Defensive,Packaged Foods,,SGD,Days Inventory,69.89,60.8,51.34,46.19,45.23,40.44,34.82,36.4,37.9,30.15,,,
P74,XSES,China Kangda Food Co Ltd,Consumer Defensive,Packaged Foods,,SGD,Payables Period,87.25,103.16,73.44,98.44,99.75,45.98,47.43,44.37,67.91,79.16,,,
P74,XSES,China Kangda Food Co Ltd,Consumer Defensive,Packaged Foods,,SGD,Cash Conversion Cycle,2.93,-19.61,3.94,-26.21,-27.6,17.9,11.16,19.9,-1.78,-28.5,,,
P74,XSES,China Kangda Food Co Ltd,Consumer Defensive,Packaged Foods,,SGD,Recieveables Turnover,17.99,16.04,14.01,14.02,13.56,15.58,15.36,13.1,12.93,17.8,,,
P74,XSES,China Kangda Food Co Ltd,Consumer Defensive,Packaged Foods,,SGD,Inventory Turnover,5.22,6.0,7.11,7.9,8.07,9.03,10.48,10.03,9.63,12.11,,,
P74,XSES,China Kangda Food Co Ltd,Consumer Defensive,Packaged Foods,,SGD,Fixed Assets Turnover,1.71,1.56,1.61,1.82,2.04,2.7,3.77,4.88,5.48,6.69,,,
P74,XSES,China Kangda Food Co Ltd,Consumer Defensive,Packaged Foods,,SGD,Asset Turnover,0.69,0.71,0.78,0.81,0.87,1.03,1.11,1.35,1.14,1.14,,,
P8A,XSES,Cordlife Group Ltd,Healthcare,Diagnostics & Research,,SGD,Return on Asset %,,4.09,-1.1,-,2.95,2.86,2.63,2.12,1.54,-8.48,-6.03,,
P8A,XSES,Cordlife Group Ltd,Healthcare,Diagnostics & Research,,SGD,Return on Equity %,,8.41,-2.01,-,5.17,4.99,4.55,3.61,2.62,-14.9,-11.36,,
P8A,XSES,Cordlife Group Ltd,Healthcare,Diagnostics & Research,,SGD,Return on Invested Capital %,,5.02,-1.43,-,-1.17,-1.7,3.09,1.91,0.64,-17.04,-13.05,,
P8A,XSES,Cordlife Group Ltd,Healthcare,Diagnostics & Research,,SGD,Days Sales Outstanding,,111.0,138.39,-,157.1,171.03,152.5,163.57,157.67,315.77,236.92,,
P8A,XSES,Cordlife Group Ltd,Healthcare,Diagnostics & Research,,SGD,Days Inventory,,17.27,20.17,-,22.52,29.02,32.78,28.34,21.38,19.47,21.07,,
P8A,XSES,Cordlife Group Ltd,Healthcare,Diagnostics & Research,,SGD,Payables Period,,60.8,59.4,-,52.69,76.47,80.06,66.89,76.49,89.01,89.55,,
P8A,XSES,Cordlife Group Ltd,Healthcare,Diagnostics & Research,,SGD,Cash Conversion Cycle,,67.47,99.16,-,126.93,123.58,105.22,125.03,102.57,246.23,168.44,,
P8A,XSES,Cordlife Group Ltd,Healthcare,Diagnostics & Research,,SGD,Recieveables Turnover,,3.29,2.64,-,2.32,2.13,2.39,2.23,2.32,1.16,1.54,,
P8A,XSES,Cordlife Group Ltd,Healthcare,Diagnostics & Research,,SGD,Inventory Turnover,,21.14,18.1,-,16.21,12.58,11.13,12.88,17.07,18.74,17.32,,
P8A,XSES,Cordlife Group Ltd,Healthcare,Diagnostics & Research,,SGD,Fixed Assets Turnover,,5.22,4.55,-,4.27,3.11,3.45,3.58,3.63,1.66,2.43,,
P8A,XSES,Cordlife Group Ltd,Healthcare,Diagnostics & Research,,SGD,Asset Turnover,,0.2,0.26,-,0.28,0.22,0.24,0.24,0.24,0.12,0.19,,
P8Z,XSES,Bumitama Agri Ltd,Consumer Defensive,Farm Products,,SGD,Return on Asset %,,6.46,7.94,6.89,4.04,6.31,9.58,15.04,12.52,11.38,12.79,,
P8Z,XSES,Bumitama Agri Ltd,Consumer Defensive,Farm Products,,SGD,Return on Equity %,,14.72,16.85,14.42,8.66,13.18,17.82,24.8,18.99,16.62,19.17,,
P8Z,XSES,Bumitama Agri Ltd,Consumer Defensive,Farm Products,,SGD,Return on Invested Capital %,,8.23,10.15,8.92,5.21,7.44,11.47,18.48,15.2,13.75,15.58,,
P8Z,XSES,Bumitama Agri Ltd,Consumer Defensive,Farm Products,,SGD,Days Sales Outstanding,,11.1,10.94,15.42,18.55,7.44,2.23,2.74,7.05,12.58,7.52,,
P8Z,XSES,Bumitama Agri Ltd,Consumer Defensive,Farm Products,,SGD,Days Inventory,,59.71,51.22,48.15,54.15,57.55,48.67,68.95,75.06,50.56,55.45,,
P8Z,XSES,Bumitama Agri Ltd,Consumer Defensive,Farm Products,,SGD,Payables Period,,46.37,26.39,30.18,38.14,30.52,17.67,14.43,9.93,8.02,9.78,,
P8Z,XSES,Bumitama Agri Ltd,Consumer Defensive,Farm Products,,SGD,Cash Conversion Cycle,,24.44,35.76,33.4,34.56,34.47,33.23,57.25,72.18,55.12,53.19,,
P8Z,XSES,Bumitama Agri Ltd,Consumer Defensive,Farm Products,,SGD,Recieveables Turnover,,32.88,33.38,23.67,19.68,49.07,163.48,133.43,51.77,29.02,48.52,,
P8Z,XSES,Bumitama Agri Ltd,Consumer Defensive,Farm Products,,SGD,Inventory Turnover,,6.11,7.13,7.58,6.74,6.34,7.5,5.29,4.86,7.22,6.58,,
P8Z,XSES,Bumitama Agri Ltd,Consumer Defensive,Farm Products,,SGD,Fixed Assets Turnover,,0.98,0.77,0.77,0.7,0.81,1.04,1.3,1.75,3.04,3.36,,
P8Z,XSES,Bumitama Agri Ltd,Consumer Defensive,Farm Products,,SGD,Asset Turnover,,0.43,0.54,0.53,0.45,0.51,0.68,0.84,0.79,0.83,0.91,,
P9D,XSES,Civmec Ltd,Industrials,Engineering & Construction,,SGD,Return on Asset %,,6.87,2.82,6.8,1.36,3.41,5.62,7.45,7.69,7.65,4.67,,
P9D,XSES,Civmec Ltd,Industrials,Engineering & Construction,,SGD,Return on Equity %,,11.31,4.89,14.76,3.35,8.04,12.52,15.3,14.55,14.17,8.35,,
P9D,XSES,Civmec Ltd,Industrials,Engineering & Construction,,SGD,Return on Invested Capital %,,9.71,3.98,10.06,2.36,5.48,9.71,11.68,11.1,10.95,6.64,,
P9D,XSES,Civmec Ltd,Industrials,Engineering & Construction,,SGD,Days Sales Outstanding,,45.69,53.72,49.29,71.05,58.84,43.45,40.96,44.39,35.63,32.81,,
P9D,XSES,Civmec Ltd,Industrials,Engineering & Construction,,SGD,Days Inventory,,0.31,0.45,0.28,0.51,0.67,0.37,0.29,0.31,0.28,0.35,,
P9D,XSES,Civmec Ltd,Industrials,Engineering & Construction,,SGD,Payables Period,,33.37,40.74,20.81,28.62,34.53,24.47,25.05,26.12,20.76,23.72,,
P9D,XSES,Civmec Ltd,Industrials,Engineering & Construction,,SGD,Cash Conversion Cycle,,12.63,13.43,28.75,42.94,24.98,19.35,16.2,18.58,15.14,9.43,,
P9D,XSES,Civmec Ltd,Industrials,Engineering & Construction,,SGD,Recieveables Turnover,,7.99,6.8,7.41,5.14,6.2,8.4,8.91,8.22,10.25,11.13,,
P9D,XSES,Civmec Ltd,Industrials,Engineering & Construction,,SGD,Inventory Turnover,,1165.86,815.74,1311.95,720.82,547.23,989.51,1278.4,1193.87,1327.2,1056.14,,
P9D,XSES,Civmec Ltd,Industrials,Engineering & Construction,,SGD,Fixed Assets Turnover,,3.69,2.64,5.39,2.83,1.31,1.67,1.88,1.8,2.05,1.47,,
P9D,XSES,Civmec Ltd,Industrials,Engineering & Construction,,SGD,Asset Turnover,,1.56,1.16,1.91,1.1,0.76,1.09,1.19,1.11,1.23,0.89,,
PCT,XSES,PC Partner Group Ltd,Technology,Computer Hardware,,SGD,Return on Asset %,,5.76,9.49,6.41,0.24,5.17,43.52,10.74,1.06,5.08,8.67,,
PCT,XSES,PC Partner Group Ltd,Technology,Computer Hardware,,SGD,Return on Equity %,,17.56,31.03,25.97,1.17,20.91,113.32,23.67,2.16,9.3,16.31,,
PCT,XSES,PC Partner Group Ltd,Technology,Computer Hardware,,SGD,Return on Invested Capital %,,9.18,15.71,12.08,1.97,9.1,76.55,16.71,1.56,6.26,11.69,,
PCT,XSES,PC Partner Group Ltd,Technology,Computer Hardware,,SGD,Days Sales Outstanding,,41.93,40.16,40.67,49.27,55.52,28.78,41.09,39.8,29.3,27.51,,
PCT,XSES,PC Partner Group Ltd,Technology,Computer Hardware,,SGD,Days Inventory,,72.47,62.85,85.99,93.93,53.29,39.53,66.24,63.97,39.55,36.92,,
PCT,XSES,PC Partner Group Ltd,Technology,Computer Hardware,,SGD,Payables Period,,49.3,45.05,55.02,70.38,67.87,47.08,50.87,43.38,37.25,30.65,,
PCT,XSES,PC Partner Group Ltd,Technology,Computer Hardware,,SGD,Cash Conversion Cycle,,65.1,57.95,71.64,72.82,40.94,21.23,56.46,60.39,31.6,33.78,,
PCT,XSES,PC Partner Group Ltd,Technology,Computer Hardware,,SGD,Recieveables Turnover,,8.71,9.09,8.97,7.41,6.57,12.68,8.88,9.17,12.46,13.27,,
PCT,XSES,PC Partner Group Ltd,Technology,Computer Hardware,,SGD,Inventory Turnover,,5.04,5.81,4.24,3.89,6.85,9.23,5.51,5.71,9.23,9.89,,
PCT,XSES,PC Partner Group Ltd,Technology,Computer Hardware,,SGD,Fixed Assets Turnover,,111.73,150.04,127.55,33.15,23.8,63.22,23.26,13.4,14.44,19.65,,
PCT,XSES,PC Partner Group Ltd,Technology,Computer Hardware,,SGD,Asset Turnover,,2.24,2.44,2.16,1.8,1.94,2.83,1.65,1.6,1.96,2.45,,
PPC,XSES,ProsperCap Corp Ltd,Consumer Cyclical,Lodging,,SGD,Return on Asset %,,-6.57,-2.14,-24.67,-31.52,-7.62,-10.20,15.39,-942.97,-9.68,-3.62,,
PPC,XSES,ProsperCap Corp Ltd,Consumer Cyclical,Lodging,,SGD,Return on Equity %,,-15.95,-4.46,-45.07,-59.58,-16.85,-25.50,41.91,-,-34.97,-14.18,,
PPC,XSES,ProsperCap Corp Ltd,Consumer Cyclical,Lodging,,SGD,Return on Invested Capital %,,-6.99,-2.24,-22.78,-30.00,-5.90,-14.74,41.89,-,-0.63,1.56,,
PPC,XSES,ProsperCap Corp Ltd,Consumer Cyclical,Lodging,,SGD,Days Sales Outstanding,,62.90,39.46,30.19,56.27,41.95,40.97,6.18,-,3.44,5.97,,
PPC,XSES,ProsperCap Corp Ltd,Consumer Cyclical,Lodging,,SGD,Days Inventory,,-,-,-,-,-,-,-,-,8.0,8.16,,
PPC,XSES,ProsperCap Corp Ltd,Consumer Cyclical,Lodging,,SGD,Payables Period,,5.91,125.60,267.37,140.06,86.27,64.76,9.92,-,42.87,55.31,,
PPC,XSES,ProsperCap Corp Ltd,Consumer Cyclical,Lodging,,SGD,Cash Conversion Cycle,,-,-,-,-,-,-,-,-,-31.42,-41.18,,
PPC,XSES,ProsperCap Corp Ltd,Consumer Cyclical,Lodging,,SGD,Recieveables Turnover,,5.80,9.25,12.09,6.49,8.70,8.91,59.10,-,105.96,61.11,,
PPC,XSES,ProsperCap Corp Ltd,Consumer Cyclical,Lodging,,SGD,Inventory Turnover,,-,-,-,-,-,-,-,-,45.62,44.74,,
PPC,XSES,ProsperCap Corp Ltd,Consumer Cyclical,Lodging,,SGD,Fixed Assets Turnover,,0.03,0.00,0.01,2.45,7.57,11.76,168.86,-,0.64,0.34,,
PPC,XSES,ProsperCap Corp Ltd,Consumer Cyclical,Lodging,,SGD,Asset Turnover,,0.01,0.00,0.00,0.00,0.00,0.00,0.01,-,0.59,0.31,,
PRH,XSES,Livingstone Health Holdings Ltd,Healthcare,Medical Care Facilities,,SGD,Return on Asset %,,-98.38,26.83,-11.17,0.62,-182.92,-,14.62,3.29,-12.91,2.67,,
PRH,XSES,Livingstone Health Holdings Ltd,Healthcare,Medical Care Facilities,,SGD,Return on Equity %,,-,-,-,-,-,-,92.96,14.18,-64.25,10.96,,
PRH,XSES,Livingstone Health Holdings Ltd,Healthcare,Medical Care Facilities,,SGD,Return on Invested Capital %,,-,-,-,-,-,-,28.47,7.08,-20.22,6.88,,
PRH,XSES,Livingstone Health Holdings Ltd,Healthcare,Medical Care Facilities,,SGD,Days Sales Outstanding,,15.84,23.83,35.47,27.33,120.78,-,55.16,71.1,91.83,73.01,,
PRH,XSES,Livingstone Health Holdings Ltd,Healthcare,Medical Care Facilities,,SGD,Days Inventory,,1.15,-,-,-,-,-,31.55,44.2,53.92,54.87,,
PRH,XSES,Livingstone Health Holdings Ltd,Healthcare,Medical Care Facilities,,SGD,Payables Period,,21.17,29.73,35.48,21.75,24.52,-,50.95,55.98,83.1,101.48,,
PRH,XSES,Livingstone Health Holdings Ltd,Healthcare,Medical Care Facilities,,SGD,Cash Conversion Cycle,,-4.18,-,-,-,-,-,35.76,59.33,62.65,26.41,,
PRH,XSES,Livingstone Health Holdings Ltd,Healthcare,Medical Care Facilities,,SGD,Recieveables Turnover,,23.04,15.32,10.29,13.35,3.02,-,6.62,5.13,3.97,5.0,,
PRH,XSES,Livingstone Health Holdings Ltd,Healthcare,Medical Care Facilities,,SGD,Inventory Turnover,,317.19,-,-,-,-,-,11.57,8.26,6.77,6.65,,
PRH,XSES,Livingstone Health Holdings Ltd,Healthcare,Medical Care Facilities,,SGD,Fixed Assets Turnover,,32.43,-,-,527.30,8.58,-,9.9,7.96,4.67,5.01,,
PRH,XSES,Livingstone Health Holdings Ltd,Healthcare,Medical Care Facilities,,SGD,Asset Turnover,,5.61,14.18,9.63,10.02,0.53,-,1.65,1.5,1.14,1.33,,
Q01,XSES,QAF Ltd,Consumer Defensive,Packaged Foods,,SGD,Return on Asset %,,16.15,4.0,1.01,3.38,3.23,5.97,2.52,4.12,5.21,5.98,,
Q01,XSES,QAF Ltd,Consumer Defensive,Packaged Foods,,SGD,Return on Equity %,,25.24,5.98,1.55,5.41,5.42,9.95,3.78,5.58,7.04,7.89,,
Q01,XSES,QAF Ltd,Consumer Defensive,Packaged Foods,,SGD,Return on Invested Capital %,,21.73,5.4,1.62,5.03,4.72,9.12,3.65,5.37,6.79,7.68,,
Q01,XSES,QAF Ltd,Consumer Defensive,Packaged Foods,,SGD,Days Sales Outstanding,,39.69,41.77,45.31,44.76,60.62,51.37,49.92,49.99,52.59,52.37,,
Q01,XSES,QAF Ltd,Consumer Defensive,Packaged Foods,,SGD,Days Inventory,,55.91,53.08,56.36,56.6,79.5,59.81,61.0,56.0,58.63,63.06,,
Q01,XSES,QAF Ltd,Consumer Defensive,Packaged Foods,,SGD,Payables Period,,59.34,56.78,61.32,64.95,86.74,65.23,69.11,61.63,64.12,68.72,,
Q01,XSES,QAF Ltd,Consumer Defensive,Packaged Foods,,SGD,Cash Conversion Cycle,,36.25,38.06,40.35,36.41,53.37,45.95,41.81,44.36,47.09,46.7,,
Q01,XSES,QAF Ltd,Consumer Defensive,Packaged Foods,,SGD,Recieveables Turnover,,9.2,8.74,8.05,8.15,6.02,7.11,7.31,7.3,6.94,6.97,,
Q01,XSES,QAF Ltd,Consumer Defensive,Packaged Foods,,SGD,Inventory Turnover,,6.53,6.88,6.48,6.45,4.59,6.1,5.98,6.52,6.23,5.79,,
Q01,XSES,QAF Ltd,Consumer Defensive,Packaged Foods,,SGD,Fixed Assets Turnover,,3.03,2.8,2.42,2.29,1.68,2.21,2.5,2.78,2.75,2.82,,
Q01,XSES,QAF Ltd,Consumer Defensive,Packaged Foods,,SGD,Asset Turnover,,1.19,1.06,1.02,1.06,0.65,0.64,0.75,0.94,0.95,0.95,,
Q0F,XSES,IHH Healthcare Bhd,Healthcare,Medical Care Facilities,,SGD,Return on Asset %,,1.68,2.55,1.49,1.03,0.44,3.94,3.18,5.98,4.97,3.67,,
Q0F,XSES,IHH Healthcare Bhd,Healthcare,Medical Care Facilities,,SGD,Return on Equity %,,2.77,4.21,2.6,1.9,0.82,7.32,5.89,10.68,8.97,6.95,,
Q0F,XSES,IHH Healthcare Bhd,Healthcare,Medical Care Facilities,,SGD,Return on Invested Capital %,,2.4,3.69,2.22,2.32,1.41,5.95,4.94,9.07,7.68,6.02,,
Q0F,XSES,IHH Healthcare Bhd,Healthcare,Medical Care Facilities,,SGD,Days Sales Outstanding,,39.57,38.93,46.87,43.43,47.52,40.42,44.24,41.4,41.33,41.4,,
Q0F,XSES,IHH Healthcare Bhd,Healthcare,Medical Care Facilities,,SGD,Days Inventory,,34.54,38.65,45.54,35.06,42.09,36.9,37.34,38.49,39.62,39.07,,
Q0F,XSES,IHH Healthcare Bhd,Healthcare,Medical Care Facilities,,SGD,Payables Period,,123.23,120.43,137.18,110.68,115.73,98.16,108.16,107.96,106.52,105.41,,
Q0F,XSES,IHH Healthcare Bhd,Healthcare,Medical Care Facilities,,SGD,Cash Conversion Cycle,,-49.13,-42.85,-44.76,-32.2,-26.12,-20.83,-26.58,-28.07,-25.58,-24.94,,
Q0F,XSES,IHH Healthcare Bhd,Healthcare,Medical Care Facilities,,SGD,Recieveables Turnover,,9.22,9.38,7.79,8.4,7.68,9.03,8.25,8.82,8.83,8.82,,
Q0F,XSES,IHH Healthcare Bhd,Healthcare,Medical Care Facilities,,SGD,Inventory Turnover,,10.57,9.44,8.01,10.41,8.67,9.89,9.77,9.48,9.21,9.34,,
Q0F,XSES,IHH Healthcare Bhd,Healthcare,Medical Care Facilities,,SGD,Fixed Assets Turnover,,0.82,0.85,0.83,0.92,0.74,0.96,1.0,1.07,1.1,1.05,,
Q0F,XSES,IHH Healthcare Bhd,Healthcare,Medical Care Facilities,,SGD,Asset Turnover,,0.28,0.29,0.27,0.33,0.3,0.38,0.38,0.42,0.46,0.45,,
Q0X,XSES,Ley Choon Group Holdings Ltd,Industrials,Engineering & Construction,,SGD,Return on Asset %,,-30.02,11.72,1.15,-7.81,-4.0,0.8,4.78,9.51,11.51,15.47,,
Q0X,XSES,Ley Choon Group Holdings Ltd,Industrials,Engineering & Construction,,SGD,Return on Equity %,,-171.54,121.66,5.23,-33.35,-22.05,4.58,15.83,20.61,19.94,22.14,,
Q0X,XSES,Ley Choon Group Holdings Ltd,Industrials,Engineering & Construction,,SGD,Return on Invested Capital %,,-35.7,19.94,3.71,-8.12,-2.37,3.99,8.89,14.68,17.06,20.57,,
Q0X,XSES,Ley Choon Group Holdings Ltd,Industrials,Engineering & Construction,,SGD,Days Sales Outstanding,,102.32,64.88,55.48,52.65,51.03,52.79,29.42,26.16,32.13,37.97,,
Q0X,XSES,Ley Choon Group Holdings Ltd,Industrials,Engineering & Construction,,SGD,Days Inventory,,15.77,29.98,46.71,36.64,28.6,37.47,37.35,28.83,23.85,22.7,,
Q0X,XSES,Ley Choon Group Holdings Ltd,Industrials,Engineering & Construction,,SGD,Payables Period,,133.77,170.0,126.73,97.49,101.3,102.16,59.97,41.47,39.9,27.68,,
Q0X,XSES,Ley Choon Group Holdings Ltd,Industrials,Engineering & Construction,,SGD,Cash Conversion Cycle,,-15.68,-75.14,-24.54,-8.2,-21.68,-11.9,6.8,13.53,16.09,32.99,,
Q0X,XSES,Ley Choon Group Holdings Ltd,Industrials,Engineering & Construction,,SGD,Recieveables Turnover,,3.57,5.63,6.58,6.93,7.15,6.91,12.4,13.95,11.36,9.61,,
Q0X,XSES,Ley Choon Group Holdings Ltd,Industrials,Engineering & Construction,,SGD,Inventory Turnover,,23.15,12.18,7.81,9.96,12.76,9.74,9.77,12.66,15.3,16.08,,
Q0X,XSES,Ley Choon Group Holdings Ltd,Industrials,Engineering & Construction,,SGD,Fixed Assets Turnover,,1.43,1.81,1.79,2.0,2.18,2.04,2.94,4.52,5.27,6.07,,
Q0X,XSES,Ley Choon Group Holdings Ltd,Industrials,Engineering & Construction,,SGD,Asset Turnover,,0.52,0.76,0.81,0.84,0.82,0.7,0.93,1.28,1.36,1.39,,
Q5T,XSES,Far East Hospitality Trust,Real Estate,REIT - Diversified,,SGD,Return on Asset %,,1.20,0.58,3.53,2.24,-3.54,4.99,7.81,5.03,1.79,1.14,,
Q5T,XSES,Far East Hospitality Trust,Real Estate,REIT - Diversified,,SGD,Return on Equity %,,1.81,0.88,5.55,3.63,-5.77,8.17,11.82,7.11,2.51,1.62,,
Q5T,XSES,Far East Hospitality Trust,Real Estate,REIT - Diversified,,SGD,Return on Invested Capital %,,2.01,1.36,4.56,3.32,-2.85,5.83,8.57,5.88,2.84,1.96,,
Q5T,XSES,Far East Hospitality Trust,Real Estate,REIT - Diversified,,SGD,Days Sales Outstanding,,28.62,32.73,32.33,31.57,33.05,29.47,34.03,27.21,30.16,31.45,,
Q5T,XSES,Far East Hospitality Trust,Real Estate,REIT - Diversified,,SGD,Days Inventory,,-,-,-,-,-,5553.68,3097.79,-,-,0.61,,
Q5T,XSES,Far East Hospitality Trust,Real Estate,REIT - Diversified,,SGD,Payables Period,,10.73,22.40,38.02,35.70,49.10,53.38,38.66,33.56,32.81,28.62,,
Q5T,XSES,Far East Hospitality Trust,Real Estate,REIT - Diversified,,SGD,Cash Conversion Cycle,,-,-,-,-,-,5529.78,3093.16,-,-,3.44,,
Q5T,XSES,Far East Hospitality Trust,Real Estate,REIT - Diversified,,SGD,Recieveables Turnover,,12.75,11.15,11.29,11.56,11.05,12.38,10.72,13.41,12.10,11.6,,
Q5T,XSES,Far East Hospitality Trust,Real Estate,REIT - Diversified,,SGD,Inventory Turnover,,-,-,-,-,-,0.07,0.12,-,-,597.26,,
Q5T,XSES,Far East Hospitality Trust,Real Estate,REIT - Diversified,,SGD,Fixed Assets Turnover,,-,-,-,-,-,-,-,-,-,1.88,,
Q5T,XSES,Far East Hospitality Trust,Real Estate,REIT - Diversified,,SGD,Asset Turnover,,0.04,0.04,0.04,0.04,0.03,0.03,0.03,0.04,0.04,0.04,,
QC7,XSES,Q & M Dental Group (Singapore) Ltd,Healthcare,Medical Care Facilities,,SGD,Return on Asset %,,12.7,10.61,6.45,6.92,6.8,11.08,4.16,4.38,5.78,3.1,,
QC7,XSES,Q & M Dental Group (Singapore) Ltd,Healthcare,Medical Care Facilities,,SGD,Return on Equity %,,27.37,20.98,12.54,15.46,16.21,27.84,11.64,11.78,14.26,8.84,,
QC7,XSES,Q & M Dental Group (Singapore) Ltd,Healthcare,Medical Care Facilities,,SGD,Return on Invested Capital %,,17.04,13.89,8.58,9.82,9.13,13.65,6.14,6.88,8.6,5.48,,
QC7,XSES,Q & M Dental Group (Singapore) Ltd,Healthcare,Medical Care Facilities,,SGD,Days Sales Outstanding,,19.8,19.65,17.16,16.48,17.4,18.56,22.74,18.97,20.35,24.14,,
QC7,XSES,Q & M Dental Group (Singapore) Ltd,Healthcare,Medical Care Facilities,,SGD,Days Inventory,,119.45,165.84,171.96,162.03,249.82,189.04,195.65,196.06,200.11,164.38,,
QC7,XSES,Q & M Dental Group (Singapore) Ltd,Healthcare,Medical Care Facilities,,SGD,Payables Period,,192.31,324.8,305.55,306.1,318.4,191.74,251.48,283.32,297.16,259.58,,
QC7,XSES,Q & M Dental Group (Singapore) Ltd,Healthcare,Medical Care Facilities,,SGD,Cash Conversion Cycle,,-53.06,-139.31,-116.43,-127.59,-51.18,15.86,-33.09,-68.3,-76.7,-71.07,,
QC7,XSES,Q & M Dental Group (Singapore) Ltd,Healthcare,Medical Care Facilities,,SGD,Recieveables Turnover,,18.43,18.57,21.27,22.15,20.97,19.67,16.05,19.25,17.94,15.12,,
QC7,XSES,Q & M Dental Group (Singapore) Ltd,Healthcare,Medical Care Facilities,,SGD,Inventory Turnover,,3.06,2.2,2.12,2.25,1.46,1.93,1.87,1.86,1.82,2.22,,
QC7,XSES,Q & M Dental Group (Singapore) Ltd,Healthcare,Medical Care Facilities,,SGD,Fixed Assets Turnover,,5.02,5.18,5.88,2.67,1.79,2.53,2.08,2.1,2.27,2.49,,
QC7,XSES,Q & M Dental Group (Singapore) Ltd,Healthcare,Medical Care Facilities,,SGD,Asset Turnover,,0.7,0.55,0.55,0.49,0.47,0.75,0.67,0.69,0.71,0.66,,
QES,XSES,China Sunsine Chemical Holdings Ltd,Basic Materials,Specialty Chemicals,,SGD,Return on Asset %,,13.73,18.11,26.31,13.73,7.18,14.27,15.77,8.65,9.35,8.47,,
QES,XSES,China Sunsine Chemical Holdings Ltd,Basic Materials,Specialty Chemicals,,SGD,Return on Equity %,,17.38,21.99,31.53,15.92,8.28,17.17,18.71,9.78,10.42,9.37,,
QES,XSES,China Sunsine Chemical Holdings Ltd,Basic Materials,Specialty Chemicals,,SGD,Return on Invested Capital %,,16.55,21.83,31.29,15.41,7.71,16.58,18.3,9.0,9.43,8.11,,
QES,XSES,China Sunsine Chemical Holdings Ltd,Basic Materials,Specialty Chemicals,,SGD,Days Sales Outstanding,,66.18,57.24,50.78,54.93,58.99,56.0,69.96,74.85,73.98,75.06,,
QES,XSES,China Sunsine Chemical Holdings Ltd,Basic Materials,Specialty Chemicals,,SGD,Days Inventory,,34.99,33.46,36.33,44.36,46.81,37.8,52.13,50.45,48.26,52.69,,
QES,XSES,China Sunsine Chemical Holdings Ltd,Basic Materials,Specialty Chemicals,,SGD,Payables Period,,11.62,11.54,11.36,12.14,12.46,24.84,25.05,7.21,5.62,4.85,,
QES,XSES,China Sunsine Chemical Holdings Ltd,Basic Materials,Specialty Chemicals,,SGD,Cash Conversion Cycle,,89.55,79.16,75.75,87.14,93.34,68.96,97.03,118.09,116.62,122.91,,
QES,XSES,China Sunsine Chemical Holdings Ltd,Basic Materials,Specialty Chemicals,,SGD,Recieveables Turnover,,5.52,6.38,7.19,6.65,6.19,6.52,5.22,4.88,4.93,4.86,,
QES,XSES,China Sunsine Chemical Holdings Ltd,Basic Materials,Specialty Chemicals,,SGD,Inventory Turnover,,10.43,10.91,10.05,8.23,7.8,9.66,7.0,7.23,7.56,6.93,,
QES,XSES,China Sunsine Chemical Holdings Ltd,Basic Materials,Specialty Chemicals,,SGD,Fixed Assets Turnover,,3.66,4.52,4.85,3.99,3.06,4.13,4.25,4.05,4.14,3.69,,
QES,XSES,China Sunsine Chemical Holdings Ltd,Basic Materials,Specialty Chemicals,,SGD,Asset Turnover,,1.26,1.45,1.35,0.95,0.77,1.05,0.94,0.81,0.78,0.69,,
QNS,XSES,Southern Alliance Mining Ltd Ordinary Shares,Basic Materials,Steel,,SGD,Return on Asset %,,-,-25.96,-13.77,58.07,27.92,43.16,3.94,-2.0,-1.15,-7.22,,
QNS,XSES,Southern Alliance Mining Ltd Ordinary Shares,Basic Materials,Steel,,SGD,Return on Equity %,,-,-37.82,-20.46,73.97,31.82,49.99,4.5,-2.21,-1.3,-8.44,,
QNS,XSES,Southern Alliance Mining Ltd Ordinary Shares,Basic Materials,Steel,,SGD,Return on Invested Capital %,,-,-36.68,-19.61,71.95,30.54,48.47,3.95,-2.52,-2.36,-8.65,,
QNS,XSES,Southern Alliance Mining Ltd Ordinary Shares,Basic Materials,Steel,,SGD,Days Sales Outstanding,,-,6.92,3.4,18.35,28.46,18.36,28.67,26.17,19.74,21.6,,
QNS,XSES,Southern Alliance Mining Ltd Ordinary Shares,Basic Materials,Steel,,SGD,Days Inventory,,-,118.19,69.51,39.45,27.64,13.99,12.57,27.34,37.12,60.83,,
QNS,XSES,Southern Alliance Mining Ltd Ordinary Shares,Basic Materials,Steel,,SGD,Payables Period,,-,136.91,103.85,72.03,35.7,30.91,38.94,26.77,19.2,28.31,,
QNS,XSES,Southern Alliance Mining Ltd Ordinary Shares,Basic Materials,Steel,,SGD,Cash Conversion Cycle,,-,-11.8,-30.94,-14.23,20.39,1.44,2.31,26.74,37.66,54.13,,
QNS,XSES,Southern Alliance Mining Ltd Ordinary Shares,Basic Materials,Steel,,SGD,Recieveables Turnover,,-,52.73,107.3,19.89,12.83,19.89,12.73,13.95,18.49,16.9,,
QNS,XSES,Southern Alliance Mining Ltd Ordinary Shares,Basic Materials,Steel,,SGD,Inventory Turnover,,-,3.09,5.25,9.25,13.2,26.08,29.03,13.35,9.83,6.0,,
QNS,XSES,Southern Alliance Mining Ltd Ordinary Shares,Basic Materials,Steel,,SGD,Fixed Assets Turnover,,-,0.7,1.15,2.8,4.22,5.18,1.8,1.06,1.3,1.58,,
QNS,XSES,Southern Alliance Mining Ltd Ordinary Shares,Basic Materials,Steel,,SGD,Asset Turnover,,-,0.47,0.78,1.24,1.14,1.13,0.43,0.32,0.43,0.53,,
QS9,XSES,Global Invacom Group Ltd,Technology,Communication Equipment,,SGD,Return on Asset %,,-3.12,3.54,1.73,-13.75,3.25,0.73,-23.14,-1.74,-18.89,-6.76,,
QS9,XSES,Global Invacom Group Ltd,Technology,Communication Equipment,,SGD,Return on Equity %,,-5.06,5.47,2.74,-24.39,5.74,1.19,-38.34,-2.89,-29.11,-9.4,,
QS9,XSES,Global Invacom Group Ltd,Technology,Communication Equipment,,SGD,Return on Invested Capital %,,-3.79,5.43,2.8,-16.81,5.46,1.71,-30.1,-1.97,-25.06,-7.98,,
QS9,XSES,Global Invacom Group Ltd,Technology,Communication Equipment,,SGD,Days Sales Outstanding,,54.82,57.1,65.87,60.68,54.07,54.08,59.65,59.69,88.42,78.64,,
QS9,XSES,Global Invacom Group Ltd,Technology,Communication Equipment,,SGD,Days Inventory,,102.17,115.39,113.98,94.88,124.13,145.41,149.54,160.74,284.43,252.79,,
QS9,XSES,Global Invacom Group Ltd,Technology,Communication Equipment,,SGD,Payables Period,,64.86,57.45,59.37,53.35,59.95,74.64,75.29,82.84,147.75,77.43,,
QS9,XSES,Global Invacom Group Ltd,Technology,Communication Equipment,,SGD,Cash Conversion Cycle,,92.13,115.04,120.49,102.21,118.24,124.86,133.9,137.59,225.1,254.0,,
QS9,XSES,Global Invacom Group Ltd,Technology,Communication Equipment,,SGD,Recieveables Turnover,,6.66,6.39,5.54,6.02,6.75,6.75,6.12,6.11,4.13,4.64,,
QS9,XSES,Global Invacom Group Ltd,Technology,Communication Equipment,,SGD,Inventory Turnover,,3.57,3.16,3.2,3.85,2.94,2.51,2.44,2.27,1.28,1.44,,
QS9,XSES,Global Invacom Group Ltd,Technology,Communication Equipment,,SGD,Fixed Assets Turnover,,9.4,9.05,9.78,8.85,6.15,5.84,6.54,7.5,5.4,6.56,,
QS9,XSES,Global Invacom Group Ltd,Technology,Communication Equipment,,SGD,Asset Turnover,,1.47,1.39,1.38,1.51,1.28,1.07,1.08,1.16,0.78,0.93,,
QZG,XSES,Accrelist Ltd,Healthcare,Medical Care Facilities,,SGD,Return on Asset %,,-14.91,-15.72,-0.44,0.15,-12.4,-0.67,-15.5,-7.82,-5.12,-17.15,,
QZG,XSES,Accrelist Ltd,Healthcare,Medical Care Facilities,,SGD,Return on Equity %,,-18.47,-18.85,-0.79,0.36,-34.64,-2.07,-58.02,-33.66,-16.15,-41.82,,
QZG,XSES,Accrelist Ltd,Healthcare,Medical Care Facilities,,SGD,Return on Invested Capital %,,-17.89,-18.24,0.69,1.93,-19.1,0.32,-33.8,-19.19,-11.98,-30.77,,
QZG,XSES,Accrelist Ltd,Healthcare,Medical Care Facilities,,SGD,Days Sales Outstanding,,1278.68,2007.66,52.5,66.43,74.36,55.22,29.36,92.8,23.25,11.25,,
QZG,XSES,Accrelist Ltd,Healthcare,Medical Care Facilities,,SGD,Days Inventory,,1.28,0.35,25.35,42.61,42.45,32.4,28.37,132.0,64.59,56.65,,
QZG,XSES,Accrelist Ltd,Healthcare,Medical Care Facilities,,SGD,Payables Period,,873.64,2041.44,45.61,45.57,40.44,47.17,33.08,113.03,48.9,92.57,,
QZG,XSES,Accrelist Ltd,Healthcare,Medical Care Facilities,,SGD,Cash Conversion Cycle,,406.31,-33.42,32.23,63.46,76.36,40.44,24.64,111.77,38.94,-24.68,,
QZG,XSES,Accrelist Ltd,Healthcare,Medical Care Facilities,,SGD,Recieveables Turnover,,0.29,0.18,6.95,5.49,4.91,6.61,12.43,3.93,15.7,32.44,,
QZG,XSES,Accrelist Ltd,Healthcare,Medical Care Facilities,,SGD,Inventory Turnover,,286.28,1050.0,14.4,8.57,8.6,11.27,12.87,2.77,5.65,6.44,,
QZG,XSES,Accrelist Ltd,Healthcare,Medical Care Facilities,,SGD,Fixed Assets Turnover,,5.71,1.38,28.76,15.71,9.32,9.66,14.09,2.92,2.95,2.58,,
QZG,XSES,Accrelist Ltd,Healthcare,Medical Care Facilities,,SGD,Asset Turnover,,0.06,0.02,1.6,1.7,1.43,1.75,2.94,0.53,0.37,0.52,,
R14,XSES,Eneco Energy Ltd,Industrials,Integrated Freight & Logistics,,SGD,Return on Asset %,,-21.44,-7.59,-46.1,-43.43,28.65,19.34,6.17,0.34,-2.09,-,,
R14,XSES,Eneco Energy Ltd,Industrials,Integrated Freight & Logistics,,SGD,Return on Equity %,,-42.21,-18.64,-157.82,-,-,585.64,18.97,0.57,-3.62,-,,
R14,XSES,Eneco Energy Ltd,Industrials,Integrated Freight & Logistics,,SGD,Return on Invested Capital %,,-37.38,-13.92,-98.34,-,-,45.82,11.33,0.00,-1.15,-,,
R14,XSES,Eneco Energy Ltd,Industrials,Integrated Freight & Logistics,,SGD,Days Sales Outstanding,,85.67,80.92,98.46,93.17,96.86,88.08,96.51,87.86,97.27,-,,
R14,XSES,Eneco Energy Ltd,Industrials,Integrated Freight & Logistics,,SGD,Days Inventory,,1.07,1.01,1.13,1.41,2.67,1.83,-,-,0.17,-,,
R14,XSES,Eneco Energy Ltd,Industrials,Integrated Freight & Logistics,,SGD,Payables Period,,85.73,99.41,104.31,121.29,122.45,86.08,54.12,20.17,19.55,-,,
R14,XSES,Eneco Energy Ltd,Industrials,Integrated Freight & Logistics,,SGD,Cash Conversion Cycle,,1.01,-17.49,-4.73,-26.72,-22.92,3.82,-,-,77.89,-,,
R14,XSES,Eneco Energy Ltd,Industrials,Integrated Freight & Logistics,,SGD,Recieveables Turnover,,4.26,4.51,3.71,3.92,3.77,4.14,3.78,4.15,3.75,-,,
R14,XSES,Eneco Energy Ltd,Industrials,Integrated Freight & Logistics,,SGD,Inventory Turnover,,342.31,362.51,323.92,259.11,136.77,199.84,-,-,2198.14,-,,
R14,XSES,Eneco Energy Ltd,Industrials,Integrated Freight & Logistics,,SGD,Fixed Assets Turnover,,0.92,1.08,0.93,1.18,1.61,2.46,2.97,3.95,2.87,-,,
R14,XSES,Eneco Energy Ltd,Industrials,Integrated Freight & Logistics,,SGD,Asset Turnover,,0.48,0.52,0.52,0.67,0.82,1.12,0.94,0.89,0.92,-,,
RCU,XSES,Assurance Healthcare Ltd,Technology,Information Technology Services,,SGD,Return on Asset %,,-31.87,9.90,-98.39,-224.47,0.81,-15.2,-48.98,-38.13,-13.11,-9.76,,
RCU,XSES,Assurance Healthcare Ltd,Technology,Information Technology Services,,SGD,Return on Equity %,,-,-,-,-403.86,1.29,-29.04,-124.85,-64.05,-14.97,-11.00,,
RCU,XSES,Assurance Healthcare Ltd,Technology,Information Technology Services,,SGD,Return on Invested Capital %,,-,-,-,-358.73,0.9,-20.59,-72.64,-55.29,-14.55,-10.73,,
RCU,XSES,Assurance Healthcare Ltd,Technology,Information Technology Services,,SGD,Days Sales Outstanding,,308.13,95.69,146.88,46.73,89.24,69.81,59.28,1622.32,511.14,403.03,,
RCU,XSES,Assurance Healthcare Ltd,Technology,Information Technology Services,,SGD,Days Inventory,,460.73,1.64,-,-,5.24,5.49,3.43,-,-,-,,
RCU,XSES,Assurance Healthcare Ltd,Technology,Information Technology Services,,SGD,Payables Period,,358.20,482.10,1590.77,39.24,39.97,45.35,36.96,609.23,277.24,332.07,,
RCU,XSES,Assurance Healthcare Ltd,Technology,Information Technology Services,,SGD,Cash Conversion Cycle,,410.66,-384.78,-,-,54.52,29.95,25.74,-,-,-,,
RCU,XSES,Assurance Healthcare Ltd,Technology,Information Technology Services,,SGD,Recieveables Turnover,,1.18,3.81,2.49,7.81,4.09,5.23,6.16,0.23,0.71,0.91,,
RCU,XSES,Assurance Healthcare Ltd,Technology,Information Technology Services,,SGD,Inventory Turnover,,0.79,223.15,-,-,69.62,66.47,106.4,-,-,-,,
RCU,XSES,Assurance Healthcare Ltd,Technology,Information Technology Services,,SGD,Fixed Assets Turnover,,1.00,13.87,477.73,31.37,6.03,2.82,3.39,0.42,14.71,17.38,,
RCU,XSES,Assurance Healthcare Ltd,Technology,Information Technology Services,,SGD,Asset Turnover,,0.30,1.20,0.81,1.03,0.55,0.59,0.93,0.04,0.07,0.10,,
RE4,XSES,Geo Energy Resources Ltd,Energy,Thermal Coal,,SGD,Return on Asset %,,8.47,8.54,3.28,-9.13,21.98,39.64,29.68,8.26,3.8,2.55,,
RE4,XSES,Geo Energy Resources Ltd,Energy,Thermal Coal,,SGD,Return on Equity %,,20.35,26.43,11.02,-31.94,55.54,62.85,42.79,15.0,8.55,6.14,,
RE4,XSES,Geo Energy Resources Ltd,Energy,Thermal Coal,,SGD,Return on Invested Capital %,,14.34,14.04,7.01,-6.89,31.81,56.62,41.38,11.41,7.28,5.35,,
RE4,XSES,Geo Energy Resources Ltd,Energy,Thermal Coal,,SGD,Days Sales Outstanding,,54.67,41.33,33.36,18.56,18.08,11.05,9.9,13.57,17.41,13.97,,
RE4,XSES,Geo Energy Resources Ltd,Energy,Thermal Coal,,SGD,Days Inventory,,18.63,12.71,17.67,20.08,23.12,21.53,21.79,34.44,42.18,24.87,,
RE4,XSES,Geo Energy Resources Ltd,Energy,Thermal Coal,,SGD,Payables Period,,42.94,34.76,26.73,25.83,31.53,48.32,61.48,58.01,59.8,66.04,,
RE4,XSES,Geo Energy Resources Ltd,Energy,Thermal Coal,,SGD,Cash Conversion Cycle,,30.35,19.28,24.3,12.81,9.66,-15.74,-29.79,-10.0,-0.21,-27.2,,
RE4,XSES,Geo Energy Resources Ltd,Energy,Thermal Coal,,SGD,Recieveables Turnover,,6.68,8.83,10.94,19.67,20.19,33.04,36.87,26.9,20.97,26.13,,
RE4,XSES,Geo Energy Resources Ltd,Energy,Thermal Coal,,SGD,Inventory Turnover,,19.6,28.72,20.66,18.17,15.79,16.96,16.75,10.6,8.65,14.68,,
RE4,XSES,Geo Energy Resources Ltd,Energy,Thermal Coal,,SGD,Fixed Assets Turnover,,1.55,2.23,1.69,1.53,2.1,4.53,5.32,1.57,0.79,0.98,,
RE4,XSES,Geo Energy Resources Ltd,Energy,Thermal Coal,,SGD,Asset Turnover,,0.69,0.74,0.54,0.48,0.71,1.43,1.35,0.65,0.41,0.52,,
RQ1,XSES,Overseas Education Ltd,Consumer Defensive,Education & Training Services,,SGD,Return on Asset %,,1.52,1.81,2.19,2.62,3.44,2.2,1.86,2.36,2.25,0.08,,
RQ1,XSES,Overseas Education Ltd,Consumer Defensive,Education & Training Services,,SGD,Return on Equity %,,3.43,3.99,4.73,5.67,7.41,4.63,3.9,4.94,4.55,0.15,,
RQ1,XSES,Overseas Education Ltd,Consumer Defensive,Education & Training Services,,SGD,Return on Invested Capital %,,3.59,3.93,3.57,4.39,4.97,3.25,3.31,4.05,3.81,1.1,,
RQ1,XSES,Overseas Education Ltd,Consumer Defensive,Education & Training Services,,SGD,Days Sales Outstanding,,5.06,5.02,4.89,4.76,4.43,3.83,3.3,3.25,3.94,4.38,,
RQ1,XSES,Overseas Education Ltd,Consumer Defensive,Education & Training Services,,SGD,Days Inventory,,-,223.69,211.01,3.56,3.71,3.54,3.79,3.58,3.51,3.34,,
RQ1,XSES,Overseas Education Ltd,Consumer Defensive,Education & Training Services,,SGD,Payables Period,,-,254.29,262.33,2.5,2.85,2.47,2.51,5.3,5.77,4.38,,
RQ1,XSES,Overseas Education Ltd,Consumer Defensive,Education & Training Services,,SGD,Cash Conversion Cycle,,-,-25.58,-46.43,5.81,5.29,4.9,4.59,1.52,1.67,3.33,,
RQ1,XSES,Overseas Education Ltd,Consumer Defensive,Education & Training Services,,SGD,Recieveables Turnover,,72.19,72.69,74.66,76.65,82.49,95.41,110.52,112.46,92.56,83.39,,
RQ1,XSES,Overseas Education Ltd,Consumer Defensive,Education & Training Services,,SGD,Inventory Turnover,,-,1.63,1.73,102.65,98.3,103.08,96.2,102.06,104.12,109.34,,
RQ1,XSES,Overseas Education Ltd,Consumer Defensive,Education & Training Services,,SGD,Fixed Assets Turnover,,0.33,0.32,0.32,0.32,0.32,0.31,0.33,0.39,0.4,0.4,,
RQ1,XSES,Overseas Education Ltd,Consumer Defensive,Education & Training Services,,SGD,Asset Turnover,,0.27,0.26,0.26,0.27,0.26,0.26,0.27,0.31,0.31,0.31,,
RXS,XSES,Pacific Radiance Ltd,Industrials,Marine Shipping,,SGD,Return on Asset %,,-13.03,-44.98,-19.06,-19.77,-16.36,-14.21,164.40,13.28,23.1,13.03,,
RXS,XSES,Pacific Radiance Ltd,Industrials,Marine Shipping,,SGD,Return on Equity %,,-33.69,-267.39,-,-,-,-,-,47.08,43.88,17.75,,
RXS,XSES,Pacific Radiance Ltd,Industrials,Marine Shipping,,SGD,Return on Invested Capital %,,-13.75,-49.87,-,-,-,-,-,22.03,31.94,16.12,,
RXS,XSES,Pacific Radiance Ltd,Industrials,Marine Shipping,,SGD,Days Sales Outstanding,,93.61,78.11,109.17,113.79,136.98,755.18,223.37,123.69,62.82,74.4,,
RXS,XSES,Pacific Radiance Ltd,Industrials,Marine Shipping,,SGD,Days Inventory,,3.27,2.61,2.14,3.68,4.99,24.11,7.99,2.68,2.05,38.05,,
RXS,XSES,Pacific Radiance Ltd,Industrials,Marine Shipping,,SGD,Payables Period,,49.86,65.48,93.78,100.78,96.79,487.90,288.31,146.71,63.74,63.81,,
RXS,XSES,Pacific Radiance Ltd,Industrials,Marine Shipping,,SGD,Cash Conversion Cycle,,47.03,15.24,17.53,16.69,45.18,291.40,-56.95,-20.34,1.13,48.64,,
RXS,XSES,Pacific Radiance Ltd,Industrials,Marine Shipping,,SGD,Recieveables Turnover,,3.9,4.67,3.34,3.21,2.66,0.48,1.63,2.95,5.81,4.91,,
RXS,XSES,Pacific Radiance Ltd,Industrials,Marine Shipping,,SGD,Inventory Turnover,,111.54,140.09,170.26,99.29,73.22,15.14,45.66,136.21,177.91,9.59,,
RXS,XSES,Pacific Radiance Ltd,Industrials,Marine Shipping,,SGD,Fixed Assets Turnover,,0.11,0.14,0.18,0.29,0.29,0.08,0.86,0.86,0.94,1.06,,
RXS,XSES,Pacific Radiance Ltd,Industrials,Marine Shipping,,SGD,Asset Turnover,,0.08,0.09,0.12,0.17,0.18,0.03,0.15,0.29,0.39,0.46,,
S07,XSES,Shangri-La Asia Ltd,Consumer Cyclical,Lodging,,SGD,Return on Asset %,,0.81,1.18,1.44,1.13,-3.32,-2.11,-1.21,1.44,1.22,0.8,,
S07,XSES,Shangri-La Asia Ltd,Consumer Cyclical,Lodging,,SGD,Return on Equity %,,1.71,2.51,2.99,2.44,-7.51,-4.87,-2.85,3.52,3.1,2.14,,
S07,XSES,Shangri-La Asia Ltd,Consumer Cyclical,Lodging,,SGD,Return on Invested Capital %,,1.68,2.22,2.47,2.33,-2.23,-0.84,0.11,3.19,2.89,1.97,,
S07,XSES,Shangri-La Asia Ltd,Consumer Cyclical,Lodging,,SGD,Days Sales Outstanding,,16.09,17.47,16.31,15.34,25.04,14.03,15.74,13.64,13.65,12.81,,
S07,XSES,Shangri-La Asia Ltd,Consumer Cyclical,Lodging,,SGD,Days Inventory,,25.83,27.63,44.89,51.71,65.7,57.92,43.88,30.83,30.91,29.29,,
S07,XSES,Shangri-La Asia Ltd,Consumer Cyclical,Lodging,,SGD,Payables Period,,46.5,45.61,36.72,32.67,47.91,39.31,34.37,29.75,30.15,29.88,,
S07,XSES,Shangri-La Asia Ltd,Consumer Cyclical,Lodging,,SGD,Cash Conversion Cycle,,-4.59,-0.51,24.48,34.39,42.84,32.63,25.25,14.73,14.42,12.22,,
S07,XSES,Shangri-La Asia Ltd,Consumer Cyclical,Lodging,,SGD,Recieveables Turnover,,22.69,20.89,22.38,23.79,14.58,26.02,23.18,26.75,26.73,28.49,,
S07,XSES,Shangri-La Asia Ltd,Consumer Cyclical,Lodging,,SGD,Inventory Turnover,,14.13,13.21,8.13,7.06,5.56,6.3,8.32,11.84,11.81,12.46,,
S07,XSES,Shangri-La Asia Ltd,Consumer Cyclical,Lodging,,SGD,Fixed Assets Turnover,,0.33,0.36,0.43,0.44,0.19,0.24,0.31,0.49,0.53,0.54,,
S07,XSES,Shangri-La Asia Ltd,Consumer Cyclical,Lodging,,SGD,Asset Turnover,,0.16,0.16,0.19,0.18,0.07,0.09,0.11,0.17,0.17,0.16,,
S08,XSES,Singapore Post Ltd,Industrials,Integrated Freight & Logistics,,SGD,Return on Asset %,,10.14,0.72,4.1,0.15,2.84,1.2,2.57,0.51,2.26,8.48,,
S08,XSES,Singapore Post Ltd,Industrials,Integrated Freight & Logistics,,SGD,Return on Equity %,,15.52,1.14,6.45,0.24,4.74,2.03,4.74,1.04,4.88,15.86,,
S08,XSES,Singapore Post Ltd,Industrials,Integrated Freight & Logistics,,SGD,Return on Invested Capital %,,13.42,1.18,5.64,0.4,4.12,1.9,4.01,1.18,3.7,11.57,,
S08,XSES,Singapore Post Ltd,Industrials,Integrated Freight & Logistics,,SGD,Days Sales Outstanding,,50.42,49.96,56.41,61.03,70.54,53.73,42.53,43.62,50.6,76.28,,
S08,XSES,Singapore Post Ltd,Industrials,Integrated Freight & Logistics,,SGD,Days Inventory,,2.14,1.42,0.78,0.24,0.17,0.13,0.14,0.11,0.11,0.1,,
S08,XSES,Singapore Post Ltd,Industrials,Integrated Freight & Logistics,,SGD,Payables Period,,63.44,58.44,73.07,88.51,107.56,101.54,93.26,82.05,90.72,150.23,,
S08,XSES,Singapore Post Ltd,Industrials,Integrated Freight & Logistics,,SGD,Cash Conversion Cycle,,-10.87,-7.06,-15.88,-27.24,-36.86,-47.68,-50.58,-38.32,-40.02,-73.85,,
S08,XSES,Singapore Post Ltd,Industrials,Integrated Freight & Logistics,,SGD,Recieveables Turnover,,7.24,7.31,6.47,5.98,5.17,6.79,8.58,8.37,7.21,4.78,,
S08,XSES,Singapore Post Ltd,Industrials,Integrated Freight & Logistics,,SGD,Inventory Turnover,,170.57,256.77,468.27,1516.64,2132.35,2801.66,2617.45,3188.79,3397.42,3787.1,,
S08,XSES,Singapore Post Ltd,Industrials,Integrated Freight & Logistics,,SGD,Fixed Assets Turnover,,2.72,2.49,2.67,3.12,2.68,2.84,3.47,3.97,3.2,1.75,,
S08,XSES,Singapore Post Ltd,Industrials,Integrated Freight & Logistics,,SGD,Asset Turnover,,0.5,0.53,0.54,0.58,0.49,0.51,0.62,0.68,0.56,0.29,,
S19,XSES,Singapore Shipping Corp Ltd,Industrials,Marine Shipping,,SGD,Return on Asset %,,5.29,4.83,5.94,5.97,5.23,5.87,5.55,6.29,4.85,5.96,,
S19,XSES,Singapore Shipping Corp Ltd,Industrials,Marine Shipping,,SGD,Return on Equity %,,13.89,11.33,12.37,11.67,10.24,11.18,9.71,10.29,7.58,8.96,,
S19,XSES,Singapore Shipping Corp Ltd,Industrials,Marine Shipping,,SGD,Return on Invested Capital %,,7.04,6.97,7.98,7.82,6.92,8.16,7.66,7.71,4.97,6.34,,
S19,XSES,Singapore Shipping Corp Ltd,Industrials,Marine Shipping,,SGD,Days Sales Outstanding,,37.91,25.94,23.57,24.04,23.06,22.47,18.65,23.59,31.11,24.0,,
S19,XSES,Singapore Shipping Corp Ltd,Industrials,Marine Shipping,,SGD,Days Inventory,,5.1,4.8,4.28,3.68,3.24,3.29,4.23,5.45,5.24,4.37,,
S19,XSES,Singapore Shipping Corp Ltd,Industrials,Marine Shipping,,SGD,Payables Period,,12.76,13.5,11.02,8.54,9.83,10.31,9.56,11.66,12.44,10.5,,
S19,XSES,Singapore Shipping Corp Ltd,Industrials,Marine Shipping,,SGD,Cash Conversion Cycle,,30.25,17.24,16.83,19.17,16.47,15.45,13.32,17.38,23.91,17.86,,
S19,XSES,Singapore Shipping Corp Ltd,Industrials,Marine Shipping,,SGD,Recieveables Turnover,,9.63,14.07,15.49,15.19,15.83,16.24,19.57,15.47,11.73,15.21,,
S19,XSES,Singapore Shipping Corp Ltd,Industrials,Marine Shipping,,SGD,Inventory Turnover,,71.61,76.02,85.21,99.3,112.58,110.9,86.19,66.91,69.65,83.61,,
S19,XSES,Singapore Shipping Corp Ltd,Industrials,Marine Shipping,,SGD,Fixed Assets Turnover,,0.28,0.28,0.31,0.34,0.34,0.32,0.37,0.4,0.4,0.45,,
S19,XSES,Singapore Shipping Corp Ltd,Industrials,Marine Shipping,,SGD,Asset Turnover,,0.25,0.25,0.26,0.27,0.27,0.24,0.26,0.26,0.24,0.25,,
S20,XSES,Straits Trading Co Ltd,Basic Materials,Other Industrial Metals & Mining,,SGD,Return on Asset %,,3.14,2.07,2.86,3.23,1.8,7.47,16.48,-0.82,-0.21,-7.52,,
S20,XSES,Straits Trading Co Ltd,Basic Materials,Other Industrial Metals & Mining,,SGD,Return on Equity %,,5.06,3.39,4.87,5.65,3.37,14.16,31.42,-1.79,-0.5,-18.55,,
S20,XSES,Straits Trading Co Ltd,Basic Materials,Other Industrial Metals & Mining,,SGD,Return on Invested Capital %,,3.74,2.41,2.2,3.01,2.45,7.16,19.21,0.39,1.42,-6.18,,
S20,XSES,Straits Trading Co Ltd,Basic Materials,Other Industrial Metals & Mining,,SGD,Days Sales Outstanding,,32.85,18.17,7.54,10.32,11.86,9.17,7.58,6.36,5.16,7.89,,
S20,XSES,Straits Trading Co Ltd,Basic Materials,Other Industrial Metals & Mining,,SGD,Days Inventory,,84.24,116.79,150.0,205.98,277.15,315.45,193.54,171.46,151.11,155.11,,
S20,XSES,Straits Trading Co Ltd,Basic Materials,Other Industrial Metals & Mining,,SGD,Payables Period,,34.82,22.23,15.09,15.66,13.94,23.79,22.68,23.73,20.48,31.28,,
S20,XSES,Straits Trading Co Ltd,Basic Materials,Other Industrial Metals & Mining,,SGD,Cash Conversion Cycle,,82.26,112.73,142.44,200.64,275.07,300.82,178.44,154.09,135.79,131.73,,
S20,XSES,Straits Trading Co Ltd,Basic Materials,Other Industrial Metals & Mining,,SGD,Recieveables Turnover,,11.11,20.09,48.43,35.37,30.78,39.81,48.18,57.37,70.73,46.24,,
S20,XSES,Straits Trading Co Ltd,Basic Materials,Other Industrial Metals & Mining,,SGD,Inventory Turnover,,4.33,3.13,2.43,1.77,1.32,1.16,1.89,2.13,2.42,2.35,,
S20,XSES,Straits Trading Co Ltd,Basic Materials,Other Industrial Metals & Mining,,SGD,Fixed Assets Turnover,,10.69,8.09,8.9,7.98,5.82,6.93,9.34,7.93,5.61,4.59,,
S20,XSES,Straits Trading Co Ltd,Basic Materials,Other Industrial Metals & Mining,,SGD,Asset Turnover,,0.24,0.2,0.18,0.14,0.11,0.13,0.16,0.14,0.16,0.19,,
S23,XSES,Singapura Finance Ltd,Financial Services,Credit Services,,SGD,Return on Asset %,,-,0.45,0.74,0.71,0.42,0.82,0.71,0.53,0.49,0.64,,
S23,XSES,Singapura Finance Ltd,Financial Services,Credit Services,,SGD,Return on Equity %,,-,1.94,3.02,2.90,1.86,3.76,3.28,2.44,2.40,3.53,,
S23,XSES,Singapura Finance Ltd,Financial Services,Credit Services,,SGD,Return on Invested Capital %,,-,-,-,-,-,-,-,-,-,-,,
S23,XSES,Singapura Finance Ltd,Financial Services,Credit Services,,SGD,Days Sales Outstanding,,-,-,-,-,-,-,-,-,-,-,,
S23,XSES,Singapura Finance Ltd,Financial Services,Credit Services,,SGD,Days Inventory,,-,-,-,-,-,-,-,-,-,-,,
S23,XSES,Singapura Finance Ltd,Financial Services,Credit Services,,SGD,Payables Period,,-,-,-,-,-,-,-,-,-,-,,
S23,XSES,Singapura Finance Ltd,Financial Services,Credit Services,,SGD,Cash Conversion Cycle,,-,-,-,-,-,-,-,-,-,-,,
S23,XSES,Singapura Finance Ltd,Financial Services,Credit Services,,SGD,Recieveables Turnover,,-,-,-,-,-,-,-,-,-,-,,
S23,XSES,Singapura Finance Ltd,Financial Services,Credit Services,,SGD,Inventory Turnover,,-,-,-,-,-,-,-,-,-,-,,
S23,XSES,Singapura Finance Ltd,Financial Services,Credit Services,,SGD,Fixed Assets Turnover,,-,2.89,2.69,2.64,2.67,3.50,3.62,2.98,3.31,3.88,,
S23,XSES,Singapura Finance Ltd,Financial Services,Credit Services,,SGD,Asset Turnover,,-,0.02,0.02,0.02,0.02,0.02,0.02,0.02,0.02,0.02,,
S29,XSES,Stamford Tyres Corp Ltd,Consumer Cyclical,Auto Parts,,SGD,Return on Asset %,,0.93,3.05,1.95,0.18,-1.58,0.97,1.51,1.69,2.71,0.43,,
S29,XSES,Stamford Tyres Corp Ltd,Consumer Cyclical,Auto Parts,,SGD,Return on Equity %,,2.17,6.72,4.14,0.38,-3.34,2.12,3.33,3.62,5.34,0.83,,
S29,XSES,Stamford Tyres Corp Ltd,Consumer Cyclical,Auto Parts,,SGD,Return on Invested Capital %,,3.97,6.56,3.93,1.73,-0.23,2.47,2.99,3.38,4.9,2.45,,
S29,XSES,Stamford Tyres Corp Ltd,Consumer Cyclical,Auto Parts,,SGD,Days Sales Outstanding,,110.37,103.27,94.08,89.67,94.18,85.64,74.06,63.43,59.14,61.12,,
S29,XSES,Stamford Tyres Corp Ltd,Consumer Cyclical,Auto Parts,,SGD,Days Inventory,,190.6,170.87,166.36,182.93,219.0,219.69,232.49,238.12,206.23,192.52,,
S29,XSES,Stamford Tyres Corp Ltd,Consumer Cyclical,Auto Parts,,SGD,Payables Period,,34.76,39.49,46.63,44.22,38.64,39.38,37.22,31.86,32.13,34.3,,
S29,XSES,Stamford Tyres Corp Ltd,Consumer Cyclical,Auto Parts,,SGD,Cash Conversion Cycle,,266.2,234.64,213.81,228.38,274.54,265.95,269.33,269.7,233.24,219.34,,
S29,XSES,Stamford Tyres Corp Ltd,Consumer Cyclical,Auto Parts,,SGD,Recieveables Turnover,,3.31,3.53,3.88,4.07,3.88,4.26,4.93,5.75,6.17,5.97,,
S29,XSES,Stamford Tyres Corp Ltd,Consumer Cyclical,Auto Parts,,SGD,Inventory Turnover,,1.92,2.14,2.19,2.0,1.67,1.66,1.57,1.53,1.77,1.9,,
S29,XSES,Stamford Tyres Corp Ltd,Consumer Cyclical,Auto Parts,,SGD,Fixed Assets Turnover,,3.54,3.38,3.54,3.53,3.06,2.94,2.99,3.07,3.33,3.53,,
S29,XSES,Stamford Tyres Corp Ltd,Consumer Cyclical,Auto Parts,,SGD,Asset Turnover,,0.87,0.9,0.93,0.91,0.79,0.76,0.76,0.79,0.85,0.88,,
S35,XSES,Sing Investments & Finance Ltd,Financial Services,Credit Services,,SGD,Return on Asset %,,0.52,0.87,0.90,0.70,0.68,1.09,1.23,1.02,1.06,1.22,,
S35,XSES,Sing Investments & Finance Ltd,Financial Services,Credit Services,,SGD,Return on Equity %,,4.39,6.90,6.86,5.44,5.16,7.93,9.07,7.80,8.10,8.85,,
S35,XSES,Sing Investments & Finance Ltd,Financial Services,Credit Services,,SGD,Return on Invested Capital %,,4.35,6.83,6.72,5.30,4.25,5.53,8.75,18.64,20.04,17.37,,
S35,XSES,Sing Investments & Finance Ltd,Financial Services,Credit Services,,SGD,Days Sales Outstanding,,-,-,-,-,-,-,-,-,-,-,,
S35,XSES,Sing Investments & Finance Ltd,Financial Services,Credit Services,,SGD,Days Inventory,,-,-,-,-,-,-,-,-,-,-,,
S35,XSES,Sing Investments & Finance Ltd,Financial Services,Credit Services,,SGD,Payables Period,,-,-,11.03,8.67,47.73,80.82,140.98,597.12,802.20,311.31,,
S35,XSES,Sing Investments & Finance Ltd,Financial Services,Credit Services,,SGD,Cash Conversion Cycle,,-,-,-,-,-,-,-,-,-,-,,
S35,XSES,Sing Investments & Finance Ltd,Financial Services,Credit Services,,SGD,Recieveables Turnover,,-,-,-,-,-,-,-,-,-,-,,
S35,XSES,Sing Investments & Finance Ltd,Financial Services,Credit Services,,SGD,Inventory Turnover,,-,-,-,-,-,-,-,-,-,-,,
S35,XSES,Sing Investments & Finance Ltd,Financial Services,Credit Services,,SGD,Fixed Assets Turnover,,2.60,2.93,4.03,3.72,3.40,3.14,3.19,5.35,6.37,6.69,,
S35,XSES,Sing Investments & Finance Ltd,Financial Services,Credit Services,,SGD,Asset Turnover,,0.02,0.02,0.03,0.03,0.03,0.03,0.02,0.04,0.04,0.04,,
S3N,XSES,Global Resource Construction Ltd,Real Estate,Real Estate Services,,SGD,Return on Asset %,,-3.44,-16.93,1.55,-3.15,-9.44,1.7,-12.07,1.89,2.95,2.38,,
S3N,XSES,Global Resource Construction Ltd,Real Estate,Real Estate Services,,SGD,Return on Equity %,,-14.80,-72.01,5.13,-9.2,-28.25,5.25,-34.3,4.63,6.30,7.26,,
S3N,XSES,Global Resource Construction Ltd,Real Estate,Real Estate Services,,SGD,Return on Invested Capital %,,-2.69,-22.24,4.39,-1.22,-7.93,3.81,-11.31,3.97,5.55,6.03,,
S3N,XSES,Global Resource Construction Ltd,Real Estate,Real Estate Services,,SGD,Days Sales Outstanding,,94.54,50.32,308.2,238.37,55.18,54.11,60.74,49.63,38.42,73.46,,
S3N,XSES,Global Resource Construction Ltd,Real Estate,Real Estate Services,,SGD,Days Inventory,,-,-,757.82,1557.33,4150.2,2440.23,166.39,-,-,17.67,,
S3N,XSES,Global Resource Construction Ltd,Real Estate,Real Estate Services,,SGD,Payables Period,,495.33,313.00,671.5,56.59,1342.22,3068.8,1176.2,1030.37,881.04,165.41,,
S3N,XSES,Global Resource Construction Ltd,Real Estate,Real Estate Services,,SGD,Cash Conversion Cycle,,-,-,394.51,1739.12,2863.16,-574.46,-949.07,-,-,-74.28,,
S3N,XSES,Global Resource Construction Ltd,Real Estate,Real Estate Services,,SGD,Recieveables Turnover,,3.86,7.25,1.18,1.53,6.61,6.75,6.01,7.35,9.50,4.97,,
S3N,XSES,Global Resource Construction Ltd,Real Estate,Real Estate Services,,SGD,Inventory Turnover,,-,-,0.48,0.23,0.09,0.15,2.19,-,-,20.65,,
S3N,XSES,Global Resource Construction Ltd,Real Estate,Real Estate Services,,SGD,Fixed Assets Turnover,,3.47,6.06,1.99,2.03,7.52,448.11,73.8,29.00,22.78,4.44,,
S3N,XSES,Global Resource Construction Ltd,Real Estate,Real Estate Services,,SGD,Asset Turnover,,0.15,0.32,0.09,0.06,0.06,0.08,0.09,0.11,0.09,0.44,,
S41,XSES,Hong Leong Finance Ltd,Financial Services,Banks - Regional,,SGD,Return on Asset %,,0.41,0.69,0.91,0.74,0.46,0.64,0.96,0.64,0.70,0.43,,
S41,XSES,Hong Leong Finance Ltd,Financial Services,Banks - Regional,,SGD,Return on Equity %,,3.14,4.98,6.55,5.44,3.34,4.37,6.54,4.55,4.99,2.97,,
S41,XSES,Hong Leong Finance Ltd,Financial Services,Banks - Regional,,SGD,Return on Invested Capital %,,-,-,-,-,-,-,-,-,-,-,,
S41,XSES,Hong Leong Finance Ltd,Financial Services,Banks - Regional,,SGD,Days Sales Outstanding,,-,-,-,-,-,-,-,-,-,-,,
S41,XSES,Hong Leong Finance Ltd,Financial Services,Banks - Regional,,SGD,Days Inventory,,-,-,-,-,-,-,-,-,-,-,,
S41,XSES,Hong Leong Finance Ltd,Financial Services,Banks - Regional,,SGD,Payables Period,,-,-,-,-,-,-,-,-,-,-,,
S41,XSES,Hong Leong Finance Ltd,Financial Services,Banks - Regional,,SGD,Cash Conversion Cycle,,-,-,-,-,-,-,-,-,-,-,,
S41,XSES,Hong Leong Finance Ltd,Financial Services,Banks - Regional,,SGD,Recieveables Turnover,,-,-,-,-,-,-,-,-,-,-,,
S41,XSES,Hong Leong Finance Ltd,Financial Services,Banks - Regional,,SGD,Inventory Turnover,,-,-,-,-,-,-,-,-,-,-,,
S41,XSES,Hong Leong Finance Ltd,Financial Services,Banks - Regional,,SGD,Fixed Assets Turnover,,5.70,8.27,11.00,4.97,2.46,3.25,4.92,3.83,3.75,2.96,,
S41,XSES,Hong Leong Finance Ltd,Financial Services,Banks - Regional,,SGD,Asset Turnover,,0.01,0.02,0.02,0.02,0.01,0.01,0.02,0.01,0.02,0.01,,
S44,XSES,EnGro Corp Ltd,Basic Materials,Building Materials,,SGD,Return on Asset %,,2.23,1.46,2.37,4.24,7.97,15.7,-0.48,-1.99,0.34,5.28,,
S44,XSES,EnGro Corp Ltd,Basic Materials,Building Materials,,SGD,Return on Equity %,,2.61,1.67,2.66,4.73,8.93,18.02,-0.55,-2.34,0.42,6.79,,
S44,XSES,EnGro Corp Ltd,Basic Materials,Building Materials,,SGD,Return on Invested Capital %,,2.36,1.66,2.54,4.62,8.56,17.0,-0.56,-2.39,0.21,6.22,,
S44,XSES,EnGro Corp Ltd,Basic Materials,Building Materials,,SGD,Days Sales Outstanding,,89.24,94.37,100.62,114.36,140.92,88.49,79.78,74.71,79.05,81.48,,
S44,XSES,EnGro Corp Ltd,Basic Materials,Building Materials,,SGD,Days Inventory,,37.16,36.46,40.24,49.1,61.17,35.1,34.93,29.79,29.68,24.18,,
S44,XSES,EnGro Corp Ltd,Basic Materials,Building Materials,,SGD,Payables Period,,55.35,57.39,41.47,43.54,55.91,45.11,39.16,36.92,37.83,39.71,,
S44,XSES,EnGro Corp Ltd,Basic Materials,Building Materials,,SGD,Cash Conversion Cycle,,71.05,73.44,99.39,119.91,146.18,78.48,75.54,67.57,70.9,65.96,,
S44,XSES,EnGro Corp Ltd,Basic Materials,Building Materials,,SGD,Recieveables Turnover,,4.09,3.87,3.63,3.19,2.59,4.12,4.58,4.89,4.62,4.48,,
S44,XSES,EnGro Corp Ltd,Basic Materials,Building Materials,,SGD,Inventory Turnover,,9.82,10.01,9.07,7.43,5.97,10.4,10.45,12.25,12.3,15.09,,
S44,XSES,EnGro Corp Ltd,Basic Materials,Building Materials,,SGD,Fixed Assets Turnover,,10.41,10.48,13.06,12.74,9.34,8.31,5.27,5.23,4.57,4.65,,
S44,XSES,EnGro Corp Ltd,Basic Materials,Building Materials,,SGD,Asset Turnover,,0.59,0.57,0.58,0.5,0.35,0.4,0.39,0.5,0.58,0.73,,
S56,XSES,Samudera Shipping Line Ltd,Industrials,Marine Shipping,,SGD,Return on Asset %,,-1.41,1.61,2.52,1.36,2.3,28.13,44.12,11.26,7.58,7.56,,
S56,XSES,Samudera Shipping Line Ltd,Industrials,Marine Shipping,,SGD,Return on Equity %,,-2.23,2.44,3.8,2.06,3.75,50.04,73.32,18.2,12.48,12.72,,
S56,XSES,Samudera Shipping Line Ltd,Industrials,Marine Shipping,,SGD,Return on Invested Capital %,,-1.25,2.2,3.44,2.36,3.09,34.21,53.12,12.78,8.47,8.94,,
S56,XSES,Samudera Shipping Line Ltd,Industrials,Marine Shipping,,SGD,Days Sales Outstanding,,77.36,75.25,66.59,78.39,74.71,70.55,55.59,81.28,66.38,65.15,,
S56,XSES,Samudera Shipping Line Ltd,Industrials,Marine Shipping,,SGD,Days Inventory,,4.44,3.44,2.01,1.87,1.88,1.51,1.0,1.28,1.54,1.89,,
S56,XSES,Samudera Shipping Line Ltd,Industrials,Marine Shipping,,SGD,Payables Period,,29.87,32.02,23.64,26.07,24.37,22.98,19.69,24.53,20.86,19.04,,
S56,XSES,Samudera Shipping Line Ltd,Industrials,Marine Shipping,,SGD,Cash Conversion Cycle,,51.92,46.67,44.96,54.19,52.22,49.08,36.9,58.04,47.05,48.0,,
S56,XSES,Samudera Shipping Line Ltd,Industrials,Marine Shipping,,SGD,Recieveables Turnover,,4.72,4.85,5.48,4.66,4.89,5.17,6.57,4.49,5.5,5.6,,
S56,XSES,Samudera Shipping Line Ltd,Industrials,Marine Shipping,,SGD,Inventory Turnover,,82.23,106.14,181.53,195.58,194.02,241.51,364.57,285.28,237.69,193.6,,
S56,XSES,Samudera Shipping Line Ltd,Industrials,Marine Shipping,,SGD,Fixed Assets Turnover,,1.02,1.24,2.35,2.79,2.55,2.96,4.08,1.74,1.31,1.27,,
S56,XSES,Samudera Shipping Line Ltd,Industrials,Marine Shipping,,SGD,Asset Turnover,,0.67,0.77,1.29,1.3,1.11,1.15,1.36,0.65,0.57,0.6,,
S58,XSES,SATS Ltd,Industrials,Airports & Air Services,,SGD,Return on Asset %,,10.69,11.76,11.3,10.44,6.21,-2.59,0.64,-0.67,0.86,2.81,,
S58,XSES,SATS Ltd,Industrials,Airports & Air Services,,SGD,Return on Equity %,,15.05,16.67,16.15,15.13,10.31,-4.99,1.29,-1.35,2.4,9.83,,
S58,XSES,SATS Ltd,Industrials,Airports & Air Services,,SGD,Return on Invested Capital %,,13.89,15.4,14.98,14.1,8.6,-2.88,1.31,-0.6,4.91,6.18,,
S58,XSES,SATS Ltd,Industrials,Airports & Air Services,,SGD,Days Sales Outstanding,,57.8,55.62,57.68,56.86,52.08,89.15,74.36,69.47,47.41,60.13,,
S58,XSES,SATS Ltd,Industrials,Airports & Air Services,,SGD,Days Inventory,,6.35,6.8,6.97,6.97,12.88,46.77,39.65,19.74,6.69,5.95,,
S58,XSES,SATS Ltd,Industrials,Airports & Air Services,,SGD,Payables Period,,44.3,44.1,49.0,48.84,46.28,78.78,75.66,76.66,55.5,58.97,,
S58,XSES,SATS Ltd,Industrials,Airports & Air Services,,SGD,Cash Conversion Cycle,,19.85,18.33,15.64,14.99,18.68,57.14,38.36,12.55,-1.4,7.12,,
S58,XSES,SATS Ltd,Industrials,Airports & Air Services,,SGD,Recieveables Turnover,,6.31,6.56,6.33,6.42,7.01,4.09,4.91,5.25,7.7,6.07,,
S58,XSES,SATS Ltd,Industrials,Airports & Air Services,,SGD,Inventory Turnover,,57.45,53.65,52.4,52.36,28.35,7.8,9.21,18.49,54.52,61.33,,
S58,XSES,SATS Ltd,Industrials,Airports & Air Services,,SGD,Fixed Assets Turnover,,3.18,3.28,3.14,3.21,2.8,1.28,1.46,1.95,3.41,2.52,,
S58,XSES,SATS Ltd,Industrials,Airports & Air Services,,SGD,Asset Turnover,,0.82,0.79,0.75,0.77,0.72,0.32,0.37,0.44,0.78,0.67,,
S59,XSES,,,,,SGD,Return on Asset %,,,17.77,9.85,8.78,10.06,-0.59,3.71,3.47,4.77,6.6,7.66,
S59,XSES,,,,,SGD,Return on Equity %,,,21.87,12.07,10.64,12.27,-0.71,4.3,4.05,5.79,8.19,9.72,
S59,XSES,,,,,SGD,Return on Invested Capital %,,,21.25,11.65,10.08,11.41,-0.72,4.14,3.34,4.33,6.96,8.73,
S59,XSES,,,,,SGD,Days Sales Outstanding,,,27.15,59.25,62.42,25.99,39.2,22.62,15.94,17.52,19.32,17.41,
S59,XSES,,,,,SGD,Days Inventory,,,73.41,45.06,18.52,19.95,45.55,32.5,24.88,24.32,26.0,24.63,
S59,XSES,,,,,SGD,Payables Period,,,33.13,28.65,24.19,15.26,20.84,12.84,24.82,32.22,26.44,21.28,
S59,XSES,,,,,SGD,Cash Conversion Cycle,,,67.44,75.66,56.75,30.68,63.9,42.28,16.0,9.62,18.88,20.76,
S59,XSES,,,,,SGD,Recieveables Turnover,,,13.44,6.16,5.85,14.05,9.31,16.14,22.91,20.84,18.89,20.97,
S59,XSES,,,,,SGD,Inventory Turnover,,,4.97,8.1,19.71,18.3,8.01,11.23,14.67,15.01,14.04,14.82,
S59,XSES,,,,,SGD,Fixed Assets Turnover,,,3.28,3.46,3.63,3.37,1.56,2.45,3.14,3.8,4.33,4.38,
S59,XSES,,,,,SGD,Asset Turnover,,,0.59,0.59,0.56,0.52,0.23,0.31,0.42,0.54,0.59,0.65,
S61,XSES,SBS Transit Ltd,Industrials,Railroads,,SGD,Return on Asset %,,2.92,4.4,7.45,7.39,6.93,4.5,5.75,5.8,6.03,5.43,,
S61,XSES,SBS Transit Ltd,Industrials,Railroads,,SGD,Return on Equity %,,8.29,10.87,16.91,15.86,14.18,8.69,10.92,10.42,10.03,8.73,,
S61,XSES,SBS Transit Ltd,Industrials,Railroads,,SGD,Return on Invested Capital %,,5.44,8.06,13.79,13.47,11.9,7.65,9.25,8.45,8.56,7.88,,
S61,XSES,SBS Transit Ltd,Industrials,Railroads,,SGD,Days Sales Outstanding,,14.42,31.5,36.28,45.23,61.23,45.3,28.32,30.57,35.27,38.56,,
S61,XSES,SBS Transit Ltd,Industrials,Railroads,,SGD,Days Inventory,,20.26,26.33,31.9,36.45,42.39,34.44,27.55,29.91,34.02,36.49,,
S61,XSES,SBS Transit Ltd,Industrials,Railroads,,SGD,Payables Period,,38.08,14.16,0.0,0.0,0.0,13.5,21.88,24.63,27.75,23.74,,
S61,XSES,SBS Transit Ltd,Industrials,Railroads,,SGD,Cash Conversion Cycle,,-3.39,43.67,68.18,81.68,103.62,66.25,33.99,35.85,41.54,51.32,,
S61,XSES,SBS Transit Ltd,Industrials,Railroads,,SGD,Recieveables Turnover,,25.31,11.59,10.06,8.07,5.96,8.06,12.89,11.94,10.35,9.47,,
S61,XSES,SBS Transit Ltd,Industrials,Railroads,,SGD,Inventory Turnover,,18.01,13.86,11.44,10.01,8.61,10.6,13.25,12.2,10.73,10.0,,
S61,XSES,SBS Transit Ltd,Industrials,Railroads,,SGD,Fixed Assets Turnover,,1.24,1.43,1.83,2.04,1.85,2.22,2.9,3.66,4.99,6.17,,
S61,XSES,SBS Transit Ltd,Industrials,Railroads,,SGD,Asset Turnover,,1.02,1.11,1.29,1.31,1.08,1.14,1.28,1.28,1.34,1.35,,
S63,XSES,Singapore Technologies Engineering Ltd,Industrials,Aerospace & Defense,,SGD,Return on Asset %,,5.86,6.08,6.16,6.76,5.47,5.68,4.2,3.87,4.44,2.87,,
S63,XSES,Singapore Technologies Engineering Ltd,Industrials,Aerospace & Defense,,SGD,Return on Equity %,,22.46,23.15,22.03,25.87,23.12,24.25,22.24,24.15,27.38,17.65,,
S63,XSES,Singapore Technologies Engineering Ltd,Industrials,Aerospace & Defense,,SGD,Return on Invested Capital %,,15.09,15.91,16.94,16.65,12.69,13.69,9.68,8.88,10.28,7.47,,
S63,XSES,Singapore Technologies Engineering Ltd,Industrials,Aerospace & Defense,,SGD,Days Sales Outstanding,,50.94,48.91,53.22,55.29,58.48,50.17,44.82,49.39,49.24,43.5,,
S63,XSES,Singapore Technologies Engineering Ltd,Industrials,Aerospace & Defense,,SGD,Days Inventory,,130.34,126.21,101.65,73.07,83.65,74.99,73.27,80.41,79.38,77.96,,
S63,XSES,Singapore Technologies Engineering Ltd,Industrials,Aerospace & Defense,,SGD,Payables Period,,116.22,114.92,118.7,112.51,119.29,126.85,135.3,134.3,133.16,131.6,,
S63,XSES,Singapore Technologies Engineering Ltd,Industrials,Aerospace & Defense,,SGD,Cash Conversion Cycle,,65.06,60.2,36.17,15.84,22.85,-1.69,-17.21,-4.5,-4.54,-10.13,,
S63,XSES,Singapore Technologies Engineering Ltd,Industrials,Aerospace & Defense,,SGD,Recieveables Turnover,,7.17,7.46,6.86,6.6,6.24,7.28,8.14,7.39,7.41,8.39,,
S63,XSES,Singapore Technologies Engineering Ltd,Industrials,Aerospace & Defense,,SGD,Inventory Turnover,,2.8,2.89,3.59,5.0,4.36,4.87,4.98,4.54,4.6,4.68,,
S63,XSES,Singapore Technologies Engineering Ltd,Industrials,Aerospace & Defense,,SGD,Fixed Assets Turnover,,3.96,3.91,3.87,3.9,3.12,3.31,3.61,3.75,4.14,4.37,,
S63,XSES,Singapore Technologies Engineering Ltd,Industrials,Aerospace & Defense,,SGD,Asset Turnover,,0.81,0.79,0.83,0.92,0.75,0.77,0.71,0.67,0.71,0.77,,
S68,XSES,Singapore Exchange Ltd,Financial Services,Financial Data & Stock Exchanges,,SGD,Return on Asset %,,17.87,16.38,17.48,18.42,19.61,15.62,13.14,14.97,15.40,15.94,,
S68,XSES,Singapore Exchange Ltd,Financial Services,Financial Data & Stock Exchanges,,SGD,Return on Equity %,,35.51,33.60,34.12,35.76,40.40,33.87,30.82,35.18,32.67,31.15,,
S68,XSES,Singapore Exchange Ltd,Financial Services,Financial Data & Stock Exchanges,,SGD,Return on Invested Capital %,,34.70,32.83,33.34,34.80,29.66,24.99,21.36,23.24,22.49,22.66,,
S68,XSES,Singapore Exchange Ltd,Financial Services,Financial Data & Stock Exchanges,,SGD,Days Sales Outstanding,,340.74,381.81,333.37,312.19,251.40,234.32,279.76,290.22,266.73,225.25,,
S68,XSES,Singapore Exchange Ltd,Financial Services,Financial Data & Stock Exchanges,,SGD,Days Inventory,,-,-,-,-,-,-,-,-,-,-,,
S68,XSES,Singapore Exchange Ltd,Financial Services,Financial Data & Stock Exchanges,,SGD,Payables Period,,766.53,888.76,780.40,743.66,748.19,820.86,968.00,1030.09,934.93,849.12,,
S68,XSES,Singapore Exchange Ltd,Financial Services,Financial Data & Stock Exchanges,,SGD,Cash Conversion Cycle,,-,-,-,-,-,-,-,-,-,-,,
S68,XSES,Singapore Exchange Ltd,Financial Services,Financial Data & Stock Exchanges,,SGD,Recieveables Turnover,,1.07,0.96,1.09,1.17,1.45,1.56,1.30,1.26,1.37,1.62,,
S68,XSES,Singapore Exchange Ltd,Financial Services,Financial Data & Stock Exchanges,,SGD,Inventory Turnover,,-,-,-,-,-,-,-,-,-,-,,
S68,XSES,Singapore Exchange Ltd,Financial Services,Financial Data & Stock Exchanges,,SGD,Fixed Assets Turnover,,13.28,11.24,11.10,13.70,10.59,8.20,10.74,14.90,11.54,10.33,,
S68,XSES,Singapore Exchange Ltd,Financial Services,Financial Data & Stock Exchanges,,SGD,Asset Turnover,,0.42,0.39,0.41,0.43,0.44,0.37,0.32,0.31,0.32,0.34,,
S69,XSES,Serial System Ltd,Technology,Electronics & Computer Distribution,,SGD,Return on Asset %,,0.93,1.79,3.28,1.76,0.07,2.67,-1.03,-3.46,0.13,0.53,,
S69,XSES,Serial System Ltd,Technology,Electronics & Computer Distribution,,SGD,Return on Equity %,,3.87,7.42,12.87,5.82,0.19,7.62,-3.19,-11.25,0.41,1.76,,
S69,XSES,Serial System Ltd,Technology,Electronics & Computer Distribution,,SGD,Return on Invested Capital %,,3.26,4.55,7.85,4.43,0.92,4.48,0.31,-1.42,3.0,2.88,,
S69,XSES,Serial System Ltd,Technology,Electronics & Computer Distribution,,SGD,Days Sales Outstanding,,48.15,50.75,45.88,62.51,59.99,59.88,66.23,77.67,73.89,73.82,,
S69,XSES,Serial System Ltd,Technology,Electronics & Computer Distribution,,SGD,Days Inventory,,40.36,42.28,40.62,65.6,60.64,53.53,65.0,75.48,62.2,58.01,,
S69,XSES,Serial System Ltd,Technology,Electronics & Computer Distribution,,SGD,Payables Period,,44.46,40.26,28.57,39.99,37.1,30.35,29.98,30.35,32.45,37.52,,
S69,XSES,Serial System Ltd,Technology,Electronics & Computer Distribution,,SGD,Cash Conversion Cycle,,44.05,52.78,57.93,88.11,83.52,83.06,101.25,122.8,103.64,94.32,,
S69,XSES,Serial System Ltd,Technology,Electronics & Computer Distribution,,SGD,Recieveables Turnover,,7.58,7.19,7.96,5.84,6.08,6.1,5.51,4.7,4.94,4.94,,
S69,XSES,Serial System Ltd,Technology,Electronics & Computer Distribution,,SGD,Inventory Turnover,,9.04,8.63,8.99,5.56,6.02,6.82,5.62,4.84,5.87,6.29,,
S69,XSES,Serial System Ltd,Technology,Electronics & Computer Distribution,,SGD,Fixed Assets Turnover,,40.04,40.98,41.87,22.43,21.18,26.44,28.16,25.52,28.09,33.41,,
S69,XSES,Serial System Ltd,Technology,Electronics & Computer Distribution,,SGD,Asset Turnover,,2.87,2.8,2.84,1.74,1.86,2.15,2.03,1.77,1.94,1.98,,
S71,XSES,Sunright Ltd,Technology,Semiconductors,,SGD,Return on Asset %,,0.81,5.15,3.37,-1.27,0.92,0.75,-2.32,-1.8,1.28,-3.52,,
S71,XSES,Sunright Ltd,Technology,Semiconductors,,SGD,Return on Equity %,,1.95,12.51,8.31,-3.0,2.03,1.57,-4.91,-4.14,3.05,-8.14,,
S71,XSES,Sunright Ltd,Technology,Semiconductors,,SGD,Return on Invested Capital %,,1.49,9.55,6.07,-2.74,0.57,0.68,-5.18,-4.04,1.37,-7.58,,
S71,XSES,Sunright Ltd,Technology,Semiconductors,,SGD,Days Sales Outstanding,,81.88,77.17,81.02,78.98,62.82,52.97,64.58,72.97,70.7,69.95,,
S71,XSES,Sunright Ltd,Technology,Semiconductors,,SGD,Days Inventory,,71.74,57.96,56.91,51.91,77.09,59.86,71.88,70.26,49.9,48.65,,
S71,XSES,Sunright Ltd,Technology,Semiconductors,,SGD,Payables Period,,85.56,82.04,86.77,70.72,88.12,73.22,101.72,115.24,110.98,122.26,,
S71,XSES,Sunright Ltd,Technology,Semiconductors,,SGD,Cash Conversion Cycle,,68.06,53.09,51.16,60.17,51.78,39.61,34.74,27.99,9.62,-3.66,,
S71,XSES,Sunright Ltd,Technology,Semiconductors,,SGD,Recieveables Turnover,,4.46,4.73,4.51,4.62,5.81,6.89,5.65,5.0,5.16,5.22,,
S71,XSES,Sunright Ltd,Technology,Semiconductors,,SGD,Inventory Turnover,,5.09,6.3,6.41,7.03,4.74,6.1,5.08,5.2,7.31,7.5,,
S71,XSES,Sunright Ltd,Technology,Semiconductors,,SGD,Fixed Assets Turnover,,2.03,2.13,1.99,2.01,2.09,2.47,2.02,1.56,1.52,1.53,,
S71,XSES,Sunright Ltd,Technology,Semiconductors,,SGD,Asset Turnover,,0.76,0.82,0.76,0.67,0.6,0.63,0.59,0.51,0.47,0.44,,
S7OU,XSES,Asian Pay Television Trust,Communication Services,Entertainment,,SGD,Return on Asset %,,2.23,1.32,0.27,0.68,0.60,0.67,1.58,-16.72,2.25,0.77,,
S7OU,XSES,Asian Pay Television Trust,Communication Services,Entertainment,,SGD,Return on Equity %,,4.86,3.02,0.66,1.77,1.53,1.64,3.81,-44.42,6.90,2.23,,
S7OU,XSES,Asian Pay Television Trust,Communication Services,Entertainment,,SGD,Return on Invested Capital %,,3.95,3.23,2.00,2.32,2.10,2.11,2.95,-16.87,3.95,2.54,,
S7OU,XSES,Asian Pay Television Trust,Communication Services,Entertainment,,SGD,Days Sales Outstanding,,18.55,14.52,14.72,15.86,15.67,18.58,18.68,16.81,22.50,25.92,,
S7OU,XSES,Asian Pay Television Trust,Communication Services,Entertainment,,SGD,Days Inventory,,-,-,-,-,-,-,-,-,-,-,,
S7OU,XSES,Asian Pay Television Trust,Communication Services,Entertainment,,SGD,Payables Period,,100.12,100.36,113.98,188.03,177.88,220.81,319.41,218.82,158.31,178.03,,
S7OU,XSES,Asian Pay Television Trust,Communication Services,Entertainment,,SGD,Cash Conversion Cycle,,-,-,-,-,-,-,-,-,-,-,,
S7OU,XSES,Asian Pay Television Trust,Communication Services,Entertainment,,SGD,Recieveables Turnover,,19.67,25.13,24.80,23.02,23.30,19.64,19.54,21.72,16.22,14.08,,
S7OU,XSES,Asian Pay Television Trust,Communication Services,Entertainment,,SGD,Inventory Turnover,,-,-,-,-,-,-,-,-,-,-,,
S7OU,XSES,Asian Pay Television Trust,Communication Services,Entertainment,,SGD,Fixed Assets Turnover,,1.20,1.09,0.97,0.88,0.92,0.96,1.09,1.30,1.49,1.59,,
S7OU,XSES,Asian Pay Television Trust,Communication Services,Entertainment,,SGD,Asset Turnover,,0.12,0.12,0.11,0.10,0.11,0.10,0.10,0.11,0.12,0.12,,
S85,XSES,Straco Corp Ltd,Consumer Cyclical,Leisure,,SGD,Return on Asset %,,13.56,13.31,11.3,9.74,-0.25,3.05,-3.02,7.45,7.65,5.01,,
S85,XSES,Straco Corp Ltd,Consumer Cyclical,Leisure,,SGD,Return on Equity %,,20.02,18.76,15.2,13.32,-0.35,4.22,-4.09,10.02,10.15,6.57,,
S85,XSES,Straco Corp Ltd,Consumer Cyclical,Leisure,,SGD,Return on Invested Capital %,,15.16,14.74,12.34,10.63,-0.91,2.88,-4.26,7.75,7.87,5.18,,
S85,XSES,Straco Corp Ltd,Consumer Cyclical,Leisure,,SGD,Days Sales Outstanding,,1.68,1.78,2.06,1.7,5.3,13.74,18.55,1.81,1.8,1.4,,
S85,XSES,Straco Corp Ltd,Consumer Cyclical,Leisure,,SGD,Days Inventory,,278.88,95.28,264.12,403.9,1407.8,1111.72,1002.81,471.5,578.22,655.24,,
S85,XSES,Straco Corp Ltd,Consumer Cyclical,Leisure,,SGD,Payables Period,,1269.31,294.64,284.76,350.85,1176.38,1432.51,1421.69,501.22,551.55,603.36,,
S85,XSES,Straco Corp Ltd,Consumer Cyclical,Leisure,,SGD,Cash Conversion Cycle,,-988.74,-197.58,-18.58,54.75,236.73,-307.05,-400.32,-27.91,28.47,53.28,,
S85,XSES,Straco Corp Ltd,Consumer Cyclical,Leisure,,SGD,Recieveables Turnover,,216.67,205.28,177.29,214.48,68.82,26.56,19.67,202.08,202.54,260.34,,
S85,XSES,Straco Corp Ltd,Consumer Cyclical,Leisure,,SGD,Inventory Turnover,,1.31,3.83,1.38,0.9,0.26,0.33,0.36,0.77,0.63,0.56,,
S85,XSES,Straco Corp Ltd,Consumer Cyclical,Leisure,,SGD,Fixed Assets Turnover,,0.96,1.03,1.02,0.75,0.17,0.24,0.17,0.52,0.54,0.5,,
S85,XSES,Straco Corp Ltd,Consumer Cyclical,Leisure,,SGD,Asset Turnover,,0.37,0.35,0.32,0.28,0.07,0.11,0.08,0.24,0.23,0.21,,
S9B,XSES,Amcorp Global Ltd,Real Estate,Real Estate - Development,,SGD,Return on Asset %,,1.85,-0.25,-1.13,-5.56,-,-0.86,-3.53,0.29,-8.38,1.66,,
S9B,XSES,Amcorp Global Ltd,Real Estate,Real Estate - Development,,SGD,Return on Equity %,,4.67,-0.67,-3.23,-17.48,-,-2.86,-10.85,0.81,-21.26,3.41,,
S9B,XSES,Amcorp Global Ltd,Real Estate,Real Estate - Development,,SGD,Return on Invested Capital %,,2.99,0.91,-0.53,-4.37,-,0.22,-2.6,1.89,-8.07,3.48,,
S9B,XSES,Amcorp Global Ltd,Real Estate,Real Estate - Development,,SGD,Days Sales Outstanding,,239.35,51.08,65.65,71.56,-,117.22,35.0,11.37,7.34,48.84,,
S9B,XSES,Amcorp Global Ltd,Real Estate,Real Estate - Development,,SGD,Days Inventory,,1342.73,909.34,1006.11,1009.76,-,3663.9,1550.5,592.47,352.87,3132.57,,
S9B,XSES,Amcorp Global Ltd,Real Estate,Real Estate - Development,,SGD,Payables Period,,169.88,91.67,118.45,100.31,-,216.33,80.25,39.75,51.63,586.84,,
S9B,XSES,Amcorp Global Ltd,Real Estate,Real Estate - Development,,SGD,Cash Conversion Cycle,,1412.2,868.75,953.31,981.0,-,3564.78,1505.24,564.08,308.59,2594.57,,
S9B,XSES,Amcorp Global Ltd,Real Estate,Real Estate - Development,,SGD,Recieveables Turnover,,1.53,7.15,5.56,5.1,-,3.11,10.43,32.11,49.7,7.47,,
S9B,XSES,Amcorp Global Ltd,Real Estate,Real Estate - Development,,SGD,Inventory Turnover,,0.27,0.4,0.36,0.36,-,0.1,0.24,0.62,1.03,0.12,,
S9B,XSES,Amcorp Global Ltd,Real Estate,Real Estate - Development,,SGD,Fixed Assets Turnover,,0.41,2.09,202.57,4.94,-,0.54,1.09,4.42,125.01,11.46,,
S9B,XSES,Amcorp Global Ltd,Real Estate,Real Estate - Development,,SGD,Asset Turnover,,0.09,0.23,0.25,0.23,-,0.07,0.16,0.38,0.45,0.04,,
SEG,XSES,Concord New Energy Group Ltd,Utilities,Utilities - Renewable,,SGD,Return on Asset %,,3.47,1.37,3.02,3.16,3.42,3.57,3.41,3.3,2.54,0.43,,
SEG,XSES,Concord New Energy Group Ltd,Utilities,Utilities - Renewable,,SGD,Return on Equity %,,9.35,3.91,9.41,10.54,10.89,11.26,11.44,11.96,9.47,1.62,,
SEG,XSES,Concord New Energy Group Ltd,Utilities,Utilities - Renewable,,SGD,Return on Invested Capital %,,6.94,3.29,6.16,6.35,6.47,6.58,6.3,6.35,5.11,2.29,,
SEG,XSES,Concord New Energy Group Ltd,Utilities,Utilities - Renewable,,SGD,Days Sales Outstanding,,250.68,420.05,250.7,128.99,144.86,228.49,250.1,231.54,225.61,232.37,,
SEG,XSES,Concord New Energy Group Ltd,Utilities,Utilities - Renewable,,SGD,Days Inventory,,33.24,37.34,23.58,8.54,6.03,8.33,14.62,16.27,9.67,4.72,,
SEG,XSES,Concord New Energy Group Ltd,Utilities,Utilities - Renewable,,SGD,Payables Period,,996.98,1486.88,881.24,531.39,490.45,426.25,394.0,452.75,333.83,114.09,,
SEG,XSES,Concord New Energy Group Ltd,Utilities,Utilities - Renewable,,SGD,Cash Conversion Cycle,,-713.06,-1029.5,-606.96,-393.86,-339.55,-189.43,-129.28,-204.94,-98.55,122.99,,
SEG,XSES,Concord New Energy Group Ltd,Utilities,Utilities - Renewable,,SGD,Recieveables Turnover,,1.46,0.87,1.46,2.83,2.52,1.6,1.46,1.58,1.62,1.57,,
SEG,XSES,Concord New Energy Group Ltd,Utilities,Utilities - Renewable,,SGD,Inventory Turnover,,10.98,9.77,15.48,42.75,60.52,43.83,24.96,22.43,37.74,77.4,,
SEG,XSES,Concord New Energy Group Ltd,Utilities,Utilities - Renewable,,SGD,Fixed Assets Turnover,,0.41,0.17,0.15,0.17,0.2,0.19,0.16,0.13,0.13,0.12,,
SEG,XSES,Concord New Energy Group Ltd,Utilities,Utilities - Renewable,,SGD,Asset Turnover,,0.14,0.07,0.09,0.1,0.1,0.1,0.09,0.08,0.08,0.07,,
SEJ,XSES,Noontalk Media Ltd,Communication Services,Entertainment,,SGD,Return on Asset %,,-,-,-,-,1.45,3.55,0.32,-40.59,-64.16,-53.96,,
SEJ,XSES,Noontalk Media Ltd,Communication Services,Entertainment,,SGD,Return on Equity %,,-,-,-,-,5.02,12.07,1.34,-94.11,-115.27,-358.41,,
SEJ,XSES,Noontalk Media Ltd,Communication Services,Entertainment,,SGD,Return on Invested Capital %,,-,-,-,-,4.74,6.78,2.02,-45.05,-85.07,-128.0,,
SEJ,XSES,Noontalk Media Ltd,Communication Services,Entertainment,,SGD,Days Sales Outstanding,,-,-,-,-,95.88,66.71,36.21,59.96,47.48,38.01,,
SEJ,XSES,Noontalk Media Ltd,Communication Services,Entertainment,,SGD,Days Inventory,,-,-,-,-,-,-,10.13,62.33,53.46,5.16,,
SEJ,XSES,Noontalk Media Ltd,Communication Services,Entertainment,,SGD,Payables Period,,-,-,-,-,15.61,13.27,11.71,10.29,14.76,37.12,,
SEJ,XSES,Noontalk Media Ltd,Communication Services,Entertainment,,SGD,Cash Conversion Cycle,,-,-,-,-,-,-,34.63,112.01,86.18,6.05,,
SEJ,XSES,Noontalk Media Ltd,Communication Services,Entertainment,,SGD,Recieveables Turnover,,-,-,-,-,3.81,5.47,10.08,6.09,7.69,9.6,,
SEJ,XSES,Noontalk Media Ltd,Communication Services,Entertainment,,SGD,Inventory Turnover,,-,-,-,-,-,-,36.03,5.86,6.83,70.72,,
SEJ,XSES,Noontalk Media Ltd,Communication Services,Entertainment,,SGD,Fixed Assets Turnover,,-,-,-,-,2.31,3.72,4.28,2.25,4.23,16.26,,
SEJ,XSES,Noontalk Media Ltd,Communication Services,Entertainment,,SGD,Asset Turnover,,-,-,-,-,0.60,0.72,0.91,0.52,0.75,1.88,,
SES,XSES,,,,,SGD,Return on Asset %,-,-5.27,-9.98,-11.24,-16.39,3.69,-19.89,-5.79,-4.92,-5.97,0.04,,
SES,XSES,,,,,SGD,Return on Equity %,-,-5.8,-11.09,-13.17,-20.02,19.77,-102.36,-30.18,-29.96,-32.56,0.16,,
SES,XSES,,,,,SGD,Return on Invested Capital %,-,-5.58,-10.74,-12.1,-18.40,5.13,-20.58,-4.30,-2.32,-3.08,3.30,,
SES,XSES,,,,,SGD,Days Sales Outstanding,-,63.81,71.14,57.61,-,84.20,71.53,63.75,75.85,77.09,75.44,,
SES,XSES,,,,,SGD,Days Inventory,-,107.82,99.2,80.37,-,-,-,-,-,-,-,,
SES,XSES,,,,,SGD,Payables Period,-,27.17,38.84,43.22,-,-,-,-,-,-,-,,
SES,XSES,,,,,SGD,Cash Conversion Cycle,-,144.47,131.49,94.77,-,-,-,-,-,-,-,,
SES,XSES,,,,,SGD,Recieveables Turnover,-,5.72,5.13,6.34,-,4.34,5.10,5.73,4.81,4.73,4.84,,
SES,XSES,,,,,SGD,Inventory Turnover,-,3.39,3.68,4.54,-,-,-,-,-,-,-,,
SES,XSES,,,,,SGD,Fixed Assets Turnover,-,3.34,3.9,5.1,-,0.33,0.34,0.40,0.44,0.52,0.67,,
SES,XSES,,,,,SGD,Asset Turnover,-,0.35,0.33,0.35,-,0.28,0.27,0.31,0.36,0.38,0.45,,
SET,XSES,Stoneweg Europe Stapled Trust Unit,Real Estate,REIT - Diversified,,SGD,Return on Asset %,,-,-,-,5.36,3.52,4.04,1.55,-3.08,1.41,3.27,,
SET,XSES,Stoneweg Europe Stapled Trust Unit,Real Estate,REIT - Diversified,,SGD,Return on Equity %,,-,-,-,8.96,6.07,6.95,2.73,-5.69,2.70,6.39,,
SET,XSES,Stoneweg Europe Stapled Trust Unit,Real Estate,REIT - Diversified,,SGD,Return on Invested Capital %,,-,-,-,6.16,4.24,4.85,2.25,-2.29,2.49,5.17,,
SET,XSES,Stoneweg Europe Stapled Trust Unit,Real Estate,REIT - Diversified,,SGD,Days Sales Outstanding,,-,-,-,35.70,24.27,8.99,8.36,9.45,10.23,9.30,,
SET,XSES,Stoneweg Europe Stapled Trust Unit,Real Estate,REIT - Diversified,,SGD,Days Inventory,,-,-,-,-,-,-,-,-,-,-,,
SET,XSES,Stoneweg Europe Stapled Trust Unit,Real Estate,REIT - Diversified,,SGD,Payables Period,,-,-,-,148.85,124.95,135.79,134.23,136.91,113.39,100.68,,
SET,XSES,Stoneweg Europe Stapled Trust Unit,Real Estate,REIT - Diversified,,SGD,Cash Conversion Cycle,,-,-,-,-,-,-,-,-,-,-,,
SET,XSES,Stoneweg Europe Stapled Trust Unit,Real Estate,REIT - Diversified,,SGD,Recieveables Turnover,,-,-,-,10.22,15.04,40.58,43.68,38.64,35.68,39.27,,
SET,XSES,Stoneweg Europe Stapled Trust Unit,Real Estate,REIT - Diversified,,SGD,Inventory Turnover,,-,-,-,-,-,-,-,-,-,-,,
SET,XSES,Stoneweg Europe Stapled Trust Unit,Real Estate,REIT - Diversified,,SGD,Fixed Assets Turnover,,-,-,-,-,-,-,-,-,-,-,,
SET,XSES,Stoneweg Europe Stapled Trust Unit,Real Estate,REIT - Diversified,,SGD,Asset Turnover,,-,-,-,0.09,0.08,0.08,0.09,0.09,0.09,0.09,,
SGR,XSES,Sheffield Green Ltd,Industrials,Staffing & Employment Services,,SGD,Return on Asset %,,-,-,-,-,-19.43,13.03,1.66,42.83,0.68,7.75,,
SGR,XSES,Sheffield Green Ltd,Industrials,Staffing & Employment Services,,SGD,Return on Equity %,,-,-,-,-,-,-,5.94,107.53,1.29,12.63,,
SGR,XSES,Sheffield Green Ltd,Industrials,Staffing & Employment Services,,SGD,Return on Invested Capital %,,-,-,-,-,-,-,5.76,98.58,1.22,9.97,,
SGR,XSES,Sheffield Green Ltd,Industrials,Staffing & Employment Services,,SGD,Days Sales Outstanding,,-,-,-,-,65.63,50.65,83.73,38.50,46.11,20.9,,
SGR,XSES,Sheffield Green Ltd,Industrials,Staffing & Employment Services,,SGD,Days Inventory,,-,-,-,-,-,-,-,-,-,0.06,,
SGR,XSES,Sheffield Green Ltd,Industrials,Staffing & Employment Services,,SGD,Payables Period,,-,-,-,-,59.02,27.55,49.26,27.76,25.31,10.71,,
SGR,XSES,Sheffield Green Ltd,Industrials,Staffing & Employment Services,,SGD,Cash Conversion Cycle,,-,-,-,-,-,-,-,-,-,10.26,,
SGR,XSES,Sheffield Green Ltd,Industrials,Staffing & Employment Services,,SGD,Recieveables Turnover,,-,-,-,-,5.56,7.21,4.36,9.48,7.92,17.46,,
SGR,XSES,Sheffield Green Ltd,Industrials,Staffing & Employment Services,,SGD,Inventory Turnover,,-,-,-,-,-,-,-,-,-,5734.23,,
SGR,XSES,Sheffield Green Ltd,Industrials,Staffing & Employment Services,,SGD,Fixed Assets Turnover,,-,-,-,-,489.05,74.97,96.59,299.74,53.70,12.48,,
SGR,XSES,Sheffield Green Ltd,Industrials,Staffing & Employment Services,,SGD,Asset Turnover,,-,-,-,-,1.84,2.50,2.27,3.41,1.45,1.54,,
SHE,XSES,Soon Hock Enterprise Holding Ltd,Real Estate,Real Estate - Diversified,,SGD,Return on Asset %,,-,-,-,-,-,-,1.25,12.11,1.2,6.39,,
SHE,XSES,Soon Hock Enterprise Holding Ltd,Real Estate,Real Estate - Diversified,,SGD,Return on Equity %,,-,-,-,-,-,-,63.87,156.03,7.62,31.51,,
SHE,XSES,Soon Hock Enterprise Holding Ltd,Real Estate,Real Estate - Diversified,,SGD,Return on Invested Capital %,,-,-,-,-,-,-,2.32,16.29,1.47,9.85,,
SHE,XSES,Soon Hock Enterprise Holding Ltd,Real Estate,Real Estate - Diversified,,SGD,Days Sales Outstanding,,-,-,-,-,-,-,2335.02,8.04,95.16,76.82,,
SHE,XSES,Soon Hock Enterprise Holding Ltd,Real Estate,Real Estate - Diversified,,SGD,Days Inventory,,-,-,-,-,-,-,55182.49,280.24,31403.86,915.36,,
SHE,XSES,Soon Hock Enterprise Holding Ltd,Real Estate,Real Estate - Diversified,,SGD,Payables Period,,-,-,-,-,-,-,208.23,2.69,3675.27,334.67,,
SHE,XSES,Soon Hock Enterprise Holding Ltd,Real Estate,Real Estate - Diversified,,SGD,Cash Conversion Cycle,,-,-,-,-,-,-,57309.27,285.59,27823.75,657.52,,
SHE,XSES,Soon Hock Enterprise Holding Ltd,Real Estate,Real Estate - Diversified,,SGD,Recieveables Turnover,,-,-,-,-,-,-,0.16,45.39,3.84,4.75,,
SHE,XSES,Soon Hock Enterprise Holding Ltd,Real Estate,Real Estate - Diversified,,SGD,Inventory Turnover,,-,-,-,-,-,-,0.01,1.3,0.01,0.4,,
SHE,XSES,Soon Hock Enterprise Holding Ltd,Real Estate,Real Estate - Diversified,,SGD,Fixed Assets Turnover,,-,-,-,-,-,-,7.88,2840.91,16.11,285.34,,
SHE,XSES,Soon Hock Enterprise Holding Ltd,Real Estate,Real Estate - Diversified,,SGD,Asset Turnover,,-,-,-,-,-,-,0.01,1.09,0.02,0.38,,
SO7,XSES,Yangzijiang Shipbuilding (Holdings) Ltd,Industrials,Aerospace & Defense,,SGD,Return on Asset %,,4.25,6.93,8.19,6.85,5.55,7.66,6.64,11.11,13.9,15.3,,
SO7,XSES,Yangzijiang Shipbuilding (Holdings) Ltd,Industrials,Aerospace & Defense,,SGD,Return on Equity %,,7.88,12.07,13.2,10.35,7.93,10.84,10.5,21.3,28.1,29.57,,
SO7,XSES,Yangzijiang Shipbuilding (Holdings) Ltd,Industrials,Aerospace & Defense,,SGD,Return on Invested Capital %,,6.07,9.76,11.19,8.84,6.58,9.15,8.36,15.59,20.58,22.74,,
SO7,XSES,Yangzijiang Shipbuilding (Holdings) Ltd,Industrials,Aerospace & Defense,,SGD,Days Sales Outstanding,,151.1,120.37,60.47,13.62,17.53,17.37,19.36,15.0,7.46,4.6,,
SO7,XSES,Yangzijiang Shipbuilding (Holdings) Ltd,Industrials,Aerospace & Defense,,SGD,Days Inventory,,87.36,53.52,49.94,39.81,56.3,46.09,29.93,20.98,26.94,52.91,,
SO7,XSES,Yangzijiang Shipbuilding (Holdings) Ltd,Industrials,Aerospace & Defense,,SGD,Payables Period,,137.83,126.96,92.78,47.51,58.01,39.26,33.21,37.45,49.12,48.76,,
SO7,XSES,Yangzijiang Shipbuilding (Holdings) Ltd,Industrials,Aerospace & Defense,,SGD,Cash Conversion Cycle,,100.63,46.93,17.64,5.92,15.82,24.19,16.07,-1.47,-14.71,8.75,,
SO7,XSES,Yangzijiang Shipbuilding (Holdings) Ltd,Industrials,Aerospace & Defense,,SGD,Recieveables Turnover,,2.42,3.03,6.04,26.81,20.82,21.02,18.86,24.33,48.92,79.35,,
SO7,XSES,Yangzijiang Shipbuilding (Holdings) Ltd,Industrials,Aerospace & Defense,,SGD,Inventory Turnover,,4.18,6.82,7.31,9.17,6.48,7.92,12.2,17.4,13.55,6.9,,
SO7,XSES,Yangzijiang Shipbuilding (Holdings) Ltd,Industrials,Aerospace & Defense,,SGD,Fixed Assets Turnover,,2.54,3.73,4.66,4.35,2.72,3.23,3.33,3.33,3.93,4.17,,
SO7,XSES,Yangzijiang Shipbuilding (Holdings) Ltd,Industrials,Aerospace & Defense,,SGD,Asset Turnover,,0.37,0.45,0.53,0.52,0.33,0.35,0.49,0.65,0.56,0.51,,
STG,XSES,Sri Trang Gloves Thailand PCL Ordinary Shares (Alien Market),Basic Materials,Specialty Chemicals,,SGD,Return on Asset %,,6.66,3.77,12.12,5.32,50.97,50.12,3.31,0.32,2.08,-0.23,,
STG,XSES,Sri Trang Gloves Thailand PCL Ordinary Shares (Alien Market),Basic Materials,Specialty Chemicals,,SGD,Return on Equity %,,7.41,5.88,48.88,18.57,79.78,67.81,4.4,0.41,2.64,-0.29,,
STG,XSES,Sri Trang Gloves Thailand PCL Ordinary Shares (Alien Market),Basic Materials,Specialty Chemicals,,SGD,Return on Invested Capital %,,6.87,3.82,18.15,8.31,58.56,55.97,3.62,0.23,2.18,-0.12,,
STG,XSES,Sri Trang Gloves Thailand PCL Ordinary Shares (Alien Market),Basic Materials,Specialty Chemicals,,SGD,Days Sales Outstanding,,59.2,46.7,48.16,46.34,37.53,27.89,34.14,37.0,37.44,41.45,,
STG,XSES,Sri Trang Gloves Thailand PCL Ordinary Shares (Alien Market),Basic Materials,Specialty Chemicals,,SGD,Days Inventory,,45.42,40.63,59.55,56.94,62.33,73.9,78.01,75.06,68.76,70.26,,
STG,XSES,Sri Trang Gloves Thailand PCL Ordinary Shares (Alien Market),Basic Materials,Specialty Chemicals,,SGD,Payables Period,,27.9,24.52,31.59,26.41,32.94,29.03,26.45,28.93,25.08,28.09,,
STG,XSES,Sri Trang Gloves Thailand PCL Ordinary Shares (Alien Market),Basic Materials,Specialty Chemicals,,SGD,Cash Conversion Cycle,,76.71,62.82,76.12,76.87,66.92,72.76,85.69,83.13,81.12,83.61,,
STG,XSES,Sri Trang Gloves Thailand PCL Ordinary Shares (Alien Market),Basic Materials,Specialty Chemicals,,SGD,Recieveables Turnover,,6.17,7.82,7.58,7.88,9.73,13.09,10.69,9.87,9.75,8.81,,
STG,XSES,Sri Trang Gloves Thailand PCL Ordinary Shares (Alien Market),Basic Materials,Specialty Chemicals,,SGD,Inventory Turnover,,8.04,8.98,6.13,6.41,5.86,4.94,4.68,4.86,5.31,5.19,,
STG,XSES,Sri Trang Gloves Thailand PCL Ordinary Shares (Alien Market),Basic Materials,Specialty Chemicals,,SGD,Fixed Assets Turnover,,3.37,3.89,2.37,1.64,3.36,3.17,1.0,0.77,1.02,1.04,,
STG,XSES,Sri Trang Gloves Thailand PCL Ordinary Shares (Alien Market),Basic Materials,Specialty Chemicals,,SGD,Asset Turnover,,1.02,1.41,1.27,1.01,1.08,1.01,0.47,0.41,0.52,0.51,,
T12,XSES,Tat Seng Packaging Group Ltd,Consumer Cyclical,Packaging & Containers,,SGD,Return on Asset %,,6.7,8.26,6.76,5.05,8.26,7.32,6.37,5.98,5.79,5.12,,
T12,XSES,Tat Seng Packaging Group Ltd,Consumer Cyclical,Packaging & Containers,,SGD,Return on Equity %,,14.29,18.36,15.74,10.91,15.74,13.58,11.22,10.01,9.56,8.16,,
T12,XSES,Tat Seng Packaging Group Ltd,Consumer Cyclical,Packaging & Containers,,SGD,Return on Invested Capital %,,12.82,16.19,11.39,7.58,11.35,9.71,8.18,6.92,6.44,5.72,,
T12,XSES,Tat Seng Packaging Group Ltd,Consumer Cyclical,Packaging & Containers,,SGD,Days Sales Outstanding,,72.27,104.72,106.3,102.51,120.09,107.16,114.1,103.36,71.5,77.1,,
T12,XSES,Tat Seng Packaging Group Ltd,Consumer Cyclical,Packaging & Containers,,SGD,Days Inventory,,35.87,33.96,34.79,37.35,39.32,43.89,46.3,44.25,40.06,46.56,,
T12,XSES,Tat Seng Packaging Group Ltd,Consumer Cyclical,Packaging & Containers,,SGD,Payables Period,,186.7,114.87,74.03,66.92,50.65,38.44,36.41,40.07,38.9,41.39,,
T12,XSES,Tat Seng Packaging Group Ltd,Consumer Cyclical,Packaging & Containers,,SGD,Cash Conversion Cycle,,-78.56,23.81,67.05,72.95,108.76,112.61,123.99,107.54,72.65,82.27,,
T12,XSES,Tat Seng Packaging Group Ltd,Consumer Cyclical,Packaging & Containers,,SGD,Recieveables Turnover,,5.05,3.49,3.43,3.56,3.04,3.41,3.2,3.53,5.11,4.73,,
T12,XSES,Tat Seng Packaging Group Ltd,Consumer Cyclical,Packaging & Containers,,SGD,Inventory Turnover,,10.18,10.75,10.49,9.77,9.28,8.32,7.88,8.25,9.11,7.84,,
T12,XSES,Tat Seng Packaging Group Ltd,Consumer Cyclical,Packaging & Containers,,SGD,Fixed Assets Turnover,,3.99,4.92,4.38,3.29,3.46,4.23,3.69,2.75,2.81,2.66,,
T12,XSES,Tat Seng Packaging Group Ltd,Consumer Cyclical,Packaging & Containers,,SGD,Asset Turnover,,1.05,1.23,1.16,1.02,1.08,1.15,1.04,0.82,0.78,0.7,,
T13,XSES,RH Petrogas Ltd,Energy,Oil & Gas E&P,,SGD,Return on Asset %,,-15.96,20.21,9.23,4.99,-8.00,40.32,25.46,2.64,13.74,2.35,,
T13,XSES,RH Petrogas Ltd,Energy,Oil & Gas E&P,,SGD,Return on Equity %,,-,-,-,-,-,2024.87,69.53,6.41,29.6,4.39,,
T13,XSES,RH Petrogas Ltd,Energy,Oil & Gas E&P,,SGD,Return on Invested Capital %,,-,-,-,-,-,77.59,46.18,2.84,23.81,1.72,,
T13,XSES,RH Petrogas Ltd,Energy,Oil & Gas E&P,,SGD,Days Sales Outstanding,,57.74,53.47,38.70,54.19,64.67,23.6,23.18,42.3,39.95,41.11,,
T13,XSES,RH Petrogas Ltd,Energy,Oil & Gas E&P,,SGD,Days Inventory,,10.69,5.44,6.84,5.79,2.85,3.14,6.12,34.93,70.51,74.99,,
T13,XSES,RH Petrogas Ltd,Energy,Oil & Gas E&P,,SGD,Payables Period,,306.09,175.93,38.92,30.08,35.90,37.58,22.05,51.2,66.2,33.56,,
T13,XSES,RH Petrogas Ltd,Energy,Oil & Gas E&P,,SGD,Cash Conversion Cycle,,-237.66,-117.02,6.62,29.90,31.63,-10.84,7.24,26.04,44.27,82.55,,
T13,XSES,RH Petrogas Ltd,Energy,Oil & Gas E&P,,SGD,Recieveables Turnover,,6.32,6.83,9.43,6.74,5.64,15.47,15.75,8.63,9.14,8.88,,
T13,XSES,RH Petrogas Ltd,Energy,Oil & Gas E&P,,SGD,Inventory Turnover,,34.13,67.09,53.34,63.07,127.88,116.42,59.68,10.45,5.18,4.87,,
T13,XSES,RH Petrogas Ltd,Energy,Oil & Gas E&P,,SGD,Fixed Assets Turnover,,1.93,3.16,4.68,5.68,3.63,5.7,8.22,6.08,4.1,3.59,,
T13,XSES,RH Petrogas Ltd,Energy,Oil & Gas E&P,,SGD,Asset Turnover,,0.97,1.34,1.52,1.54,1.08,1.41,1.33,0.96,0.87,0.72,,
T14,XSES,Tianjin Pharmaceutical Da Ren Tang Group Corp Ltd Class S,Healthcare,Drug Manufacturers - Specialty & Generic,,SGD,Return on Asset %,,6.8,7.33,8.18,8.37,8.21,8.87,8.97,9.68,21.23,18.98,,
T14,XSES,Tianjin Pharmaceutical Da Ren Tang Group Corp Ltd Class S,Healthcare,Drug Manufacturers - Specialty & Generic,,SGD,Return on Equity %,,10.48,11.05,11.95,12.13,11.82,12.64,13.38,15.04,30.87,28.52,,
T14,XSES,Tianjin Pharmaceutical Da Ren Tang Group Corp Ltd Class S,Healthcare,Drug Manufacturers - Specialty & Generic,,SGD,Return on Invested Capital %,,9.84,10.43,11.33,11.61,11.31,11.87,12.46,14.15,30.25,27.97,,
T14,XSES,Tianjin Pharmaceutical Da Ren Tang Group Corp Ltd Class S,Healthcare,Drug Manufacturers - Specialty & Generic,,SGD,Days Sales Outstanding,,72.44,77.73,73.74,70.27,79.75,80.58,81.48,95.86,73.16,64.19,,
T14,XSES,Tianjin Pharmaceutical Da Ren Tang Group Corp Ltd Class S,Healthcare,Drug Manufacturers - Specialty & Generic,,SGD,Days Inventory,,82.25,105.58,119.26,131.81,139.66,132.48,108.81,118.76,137.49,345.55,,
T14,XSES,Tianjin Pharmaceutical Da Ren Tang Group Corp Ltd Class S,Healthcare,Drug Manufacturers - Specialty & Generic,,SGD,Payables Period,,63.98,73.68,61.6,57.15,71.09,94.31,97.53,100.36,68.0,71.8,,
T14,XSES,Tianjin Pharmaceutical Da Ren Tang Group Corp Ltd Class S,Healthcare,Drug Manufacturers - Specialty & Generic,,SGD,Cash Conversion Cycle,,90.72,109.62,131.4,144.93,148.33,118.75,92.76,114.25,142.65,337.93,,
T14,XSES,Tianjin Pharmaceutical Da Ren Tang Group Corp Ltd Class S,Healthcare,Drug Manufacturers - Specialty & Generic,,SGD,Recieveables Turnover,,5.04,4.7,4.95,5.19,4.58,4.53,4.48,3.81,4.99,5.69,,
T14,XSES,Tianjin Pharmaceutical Da Ren Tang Group Corp Ltd Class S,Healthcare,Drug Manufacturers - Specialty & Generic,,SGD,Inventory Turnover,,4.44,3.46,3.06,2.77,2.61,2.76,3.35,3.07,2.65,1.06,,
T14,XSES,Tianjin Pharmaceutical Da Ren Tang Group Corp Ltd Class S,Healthcare,Drug Manufacturers - Specialty & Generic,,SGD,Fixed Assets Turnover,,6.49,5.53,5.59,5.45,4.67,4.69,5.59,5.66,5.15,3.88,,
T14,XSES,Tianjin Pharmaceutical Da Ren Tang Group Corp Ltd Class S,Healthcare,Drug Manufacturers - Specialty & Generic,,SGD,Asset Turnover,,0.99,0.88,0.93,0.94,0.82,0.8,0.86,0.81,0.7,0.44,,
T15,XSES,Tan Chong International Ltd,Consumer Cyclical,Auto & Truck Dealerships,,SGD,Return on Asset %,,0.99,2.56,3.17,1.13,0.05,2.14,2.13,1.24,2.04,0.61,,
T15,XSES,Tan Chong International Ltd,Consumer Cyclical,Auto & Truck Dealerships,,SGD,Return on Equity %,,1.64,4.33,5.3,1.91,0.09,3.49,3.89,2.58,4.34,1.26,,
T15,XSES,Tan Chong International Ltd,Consumer Cyclical,Auto & Truck Dealerships,,SGD,Return on Invested Capital %,,1.47,3.4,4.37,1.77,0.37,2.91,2.97,2.3,3.08,1.33,,
T15,XSES,Tan Chong International Ltd,Consumer Cyclical,Auto & Truck Dealerships,,SGD,Days Sales Outstanding,,28.16,27.13,25.31,30.33,35.95,32.14,31.79,32.05,28.9,27.58,,
T15,XSES,Tan Chong International Ltd,Consumer Cyclical,Auto & Truck Dealerships,,SGD,Days Inventory,,67.2,78.78,68.29,75.06,81.97,60.89,49.41,63.17,80.11,70.35,,
T15,XSES,Tan Chong International Ltd,Consumer Cyclical,Auto & Truck Dealerships,,SGD,Payables Period,,30.12,31.4,25.72,30.55,35.44,31.64,31.99,33.68,32.77,30.42,,
T15,XSES,Tan Chong International Ltd,Consumer Cyclical,Auto & Truck Dealerships,,SGD,Cash Conversion Cycle,,65.25,74.52,67.89,74.85,82.48,61.39,49.2,61.54,76.24,67.51,,
T15,XSES,Tan Chong International Ltd,Consumer Cyclical,Auto & Truck Dealerships,,SGD,Recieveables Turnover,,12.96,13.45,14.42,12.03,10.15,11.36,11.48,11.39,12.63,13.24,,
T15,XSES,Tan Chong International Ltd,Consumer Cyclical,Auto & Truck Dealerships,,SGD,Inventory Turnover,,5.43,4.63,5.35,4.86,4.45,5.99,7.39,5.78,4.56,5.19,,
T15,XSES,Tan Chong International Ltd,Consumer Cyclical,Auto & Truck Dealerships,,SGD,Fixed Assets Turnover,,4.83,4.12,3.68,3.05,2.41,2.4,2.58,2.46,2.28,2.2,,
T15,XSES,Tan Chong International Ltd,Consumer Cyclical,Auto & Truck Dealerships,,SGD,Asset Turnover,,0.87,0.81,0.83,0.77,0.66,0.67,0.69,0.61,0.54,0.51,,
T24,XSES,Tuan Sing Holdings Ltd,Real Estate,Real Estate - Diversified,,SGD,Return on Asset %,,1.57,2.64,4.84,1.12,1.92,2.83,0.17,0.18,0.09,1.17,,
T24,XSES,Tuan Sing Holdings Ltd,Real Estate,Real Estate - Diversified,,SGD,Return on Equity %,,3.74,6.59,12.93,3.02,5.21,6.94,0.37,0.39,0.19,2.63,,
T24,XSES,Tuan Sing Holdings Ltd,Real Estate,Real Estate - Diversified,,SGD,Return on Invested Capital %,,2.57,4.02,6.51,2.59,3.54,4.39,1.55,2.09,2.11,2.9,,
T24,XSES,Tuan Sing Holdings Ltd,Real Estate,Real Estate - Diversified,,SGD,Days Sales Outstanding,,99.71,109.15,70.99,63.05,91.47,33.29,36.29,30.88,59.35,96.22,,
T24,XSES,Tuan Sing Holdings Ltd,Real Estate,Real Estate - Diversified,,SGD,Days Inventory,,300.65,235.54,377.12,539.33,801.94,532.1,600.66,276.85,283.34,348.09,,
T24,XSES,Tuan Sing Holdings Ltd,Real Estate,Real Estate - Diversified,,SGD,Payables Period,,93.18,145.96,168.61,178.7,323.35,235.57,250.0,176.66,322.97,505.29,,
T24,XSES,Tuan Sing Holdings Ltd,Real Estate,Real Estate - Diversified,,SGD,Cash Conversion Cycle,,307.18,198.73,279.5,423.69,570.07,329.82,386.95,131.07,19.72,-60.98,,
T24,XSES,Tuan Sing Holdings Ltd,Real Estate,Real Estate - Diversified,,SGD,Recieveables Turnover,,3.66,3.34,5.14,5.79,3.99,10.97,10.06,11.82,6.15,3.79,,
T24,XSES,Tuan Sing Holdings Ltd,Real Estate,Real Estate - Diversified,,SGD,Inventory Turnover,,1.21,1.55,0.97,0.68,0.46,0.69,0.61,1.32,1.29,1.05,,
T24,XSES,Tuan Sing Holdings Ltd,Real Estate,Real Estate - Diversified,,SGD,Fixed Assets Turnover,,0.99,0.83,0.77,0.74,0.48,0.54,0.46,0.64,0.36,0.25,,
T24,XSES,Tuan Sing Holdings Ltd,Real Estate,Real Estate - Diversified,,SGD,Asset Turnover,,0.19,0.15,0.12,0.11,0.06,0.08,0.08,0.12,0.07,0.05,,
T41,XSES,TeleChoice International Ltd,Communication Services,Telecom Services,,SGD,Return on Asset %,,4.19,4.68,2.41,3.41,-4.05,-2.31,-10.74,-9.65,2.56,3.22,,
T41,XSES,TeleChoice International Ltd,Communication Services,Telecom Services,,SGD,Return on Equity %,,10.25,10.89,5.5,7.52,-8.4,-4.53,-24.37,-30.84,12.53,17.27,,
T41,XSES,TeleChoice International Ltd,Communication Services,Telecom Services,,SGD,Return on Invested Capital %,,9.14,9.97,5.1,6.64,-4.72,-2.97,-20.28,-22.16,8.64,12.14,,
T41,XSES,TeleChoice International Ltd,Communication Services,Telecom Services,,SGD,Days Sales Outstanding,,47.99,44.79,45.16,60.11,75.67,66.07,60.43,66.9,64.08,67.92,,
T41,XSES,TeleChoice International Ltd,Communication Services,Telecom Services,,SGD,Days Inventory,,36.17,32.76,25.73,24.29,22.97,18.6,19.55,37.85,40.21,36.92,,
T41,XSES,TeleChoice International Ltd,Communication Services,Telecom Services,,SGD,Payables Period,,64.7,58.62,53.15,68.84,72.55,65.09,62.34,66.67,63.76,65.9,,
T41,XSES,TeleChoice International Ltd,Communication Services,Telecom Services,,SGD,Cash Conversion Cycle,,19.47,18.93,17.74,15.57,26.08,19.58,17.64,38.08,40.53,38.94,,
T41,XSES,TeleChoice International Ltd,Communication Services,Telecom Services,,SGD,Recieveables Turnover,,7.61,8.15,8.08,6.07,4.82,5.52,6.04,5.46,5.7,5.37,,
T41,XSES,TeleChoice International Ltd,Communication Services,Telecom Services,,SGD,Inventory Turnover,,10.09,11.14,14.18,15.03,15.89,19.62,18.67,9.64,9.08,9.89,,
T41,XSES,TeleChoice International Ltd,Communication Services,Telecom Services,,SGD,Fixed Assets Turnover,,137.21,157.63,218.01,43.94,20.79,24.24,34.2,58.43,77.23,73.9,,
T41,XSES,TeleChoice International Ltd,Communication Services,Telecom Services,,SGD,Asset Turnover,,2.75,2.94,2.96,1.99,1.54,1.66,2.04,2.0,2.33,2.53,,
T43,XSES,Yunnan Energy International Co Ltd,Technology,Scientific & Technical Instruments,,SGD,Return on Asset %,,0.62,0.8,-7.98,-3.74,-16.18,-10.24,-3.62,-1.84,0.13,-0.21,,
T43,XSES,Yunnan Energy International Co Ltd,Technology,Scientific & Technical Instruments,,SGD,Return on Equity %,,1.22,1.63,-15.47,-6.82,-25.02,-13.33,-4.94,-2.95,0.3,-0.54,,
T43,XSES,Yunnan Energy International Co Ltd,Technology,Scientific & Technical Instruments,,SGD,Return on Invested Capital %,,1.51,1.88,-9.58,-2.73,-16.56,-10.37,-2.96,-0.96,0.82,0.54,,
T43,XSES,Yunnan Energy International Co Ltd,Technology,Scientific & Technical Instruments,,SGD,Days Sales Outstanding,,163.9,149.68,234.48,206.31,528.5,218.21,68.83,73.49,74.32,161.45,,
T43,XSES,Yunnan Energy International Co Ltd,Technology,Scientific & Technical Instruments,,SGD,Days Inventory,,116.48,108.08,175.99,128.22,236.28,62.55,19.86,35.25,37.73,56.05,,
T43,XSES,Yunnan Energy International Co Ltd,Technology,Scientific & Technical Instruments,,SGD,Payables Period,,51.72,50.8,77.21,45.68,61.18,18.23,5.16,19.58,28.13,78.61,,
T43,XSES,Yunnan Energy International Co Ltd,Technology,Scientific & Technical Instruments,,SGD,Cash Conversion Cycle,,228.65,206.96,333.26,288.85,703.59,262.54,83.53,89.16,83.91,138.9,,
T43,XSES,Yunnan Energy International Co Ltd,Technology,Scientific & Technical Instruments,,SGD,Recieveables Turnover,,2.23,2.44,1.56,1.77,0.69,1.67,5.3,4.97,4.91,2.26,,
T43,XSES,Yunnan Energy International Co Ltd,Technology,Scientific & Technical Instruments,,SGD,Inventory Turnover,,3.13,3.38,2.07,2.85,1.54,5.83,18.38,10.35,9.68,6.51,,
T43,XSES,Yunnan Energy International Co Ltd,Technology,Scientific & Technical Instruments,,SGD,Fixed Assets Turnover,,17.08,18.55,14.28,80.61,15.39,34.51,319.39,2713.2,4992.34,4487.69,,
T43,XSES,Yunnan Energy International Co Ltd,Technology,Scientific & Technical Instruments,,SGD,Asset Turnover,,1.13,1.2,0.69,0.59,0.16,0.32,1.18,1.26,1.57,0.91,,
T55,XSES,TIH Ltd,Financial Services,Asset Management,,SGD,Return on Asset %,,9.73,3.18,-8.51,10.20,-4.83,7.68,3.00,-2.97,12.27,6.75,,
T55,XSES,TIH Ltd,Financial Services,Asset Management,,SGD,Return on Equity %,,11.70,3.72,-9.91,11.90,-5.62,9.04,3.56,-3.53,13.75,7.09,,
T55,XSES,TIH Ltd,Financial Services,Asset Management,,SGD,Return on Invested Capital %,,-,-,-,-,-,-,-,-,-,-,,
T55,XSES,TIH Ltd,Financial Services,Asset Management,,SGD,Days Sales Outstanding,,-,-,-,-,-,-,-,-,-,-,,
T55,XSES,TIH Ltd,Financial Services,Asset Management,,SGD,Days Inventory,,-,-,-,-,-,-,-,-,-,-,,
T55,XSES,TIH Ltd,Financial Services,Asset Management,,SGD,Payables Period,,-,-,-,-,-,-,-,-,-,-,,
T55,XSES,TIH Ltd,Financial Services,Asset Management,,SGD,Cash Conversion Cycle,,-,-,-,-,-,-,-,-,-,-,,
T55,XSES,TIH Ltd,Financial Services,Asset Management,,SGD,Recieveables Turnover,,-,-,-,-,-,-,-,-,-,-,,
T55,XSES,TIH Ltd,Financial Services,Asset Management,,SGD,Inventory Turnover,,-,-,-,-,-,-,-,-,-,-,,
T55,XSES,TIH Ltd,Financial Services,Asset Management,,SGD,Fixed Assets Turnover,,355.23,326.00,-,143.19,-,95.22,39.39,8.20,45.18,65.53,,
T55,XSES,TIH Ltd,Financial Services,Asset Management,,SGD,Asset Turnover,,0.13,0.06,-,0.14,-,0.11,0.07,0.02,0.08,0.12,,
T6I,XSES,ValueMax Group Ltd,Consumer Cyclical,Luxury Goods,,SGD,Return on Asset %,,4.67,4.68,4.43,4.85,5.9,5.97,4.91,5.06,7.13,7.27,,
T6I,XSES,ValueMax Group Ltd,Consumer Cyclical,Luxury Goods,,SGD,Return on Equity %,,9.69,11.07,10.9,12.42,14.51,14.51,12.95,13.43,17.71,18.27,,
T6I,XSES,ValueMax Group Ltd,Consumer Cyclical,Luxury Goods,,SGD,Return on Invested Capital %,,4.93,5.55,5.25,5.57,6.62,6.4,5.28,5.7,7.98,8.01,,
T6I,XSES,ValueMax Group Ltd,Consumer Cyclical,Luxury Goods,,SGD,Days Sales Outstanding,,269.72,353.49,427.09,397.13,377.03,442.84,641.76,759.92,588.0,527.89,,
T6I,XSES,ValueMax Group Ltd,Consumer Cyclical,Luxury Goods,,SGD,Days Inventory,,85.28,105.35,137.77,137.48,123.99,138.69,157.53,169.25,128.83,125.54,,
T6I,XSES,ValueMax Group Ltd,Consumer Cyclical,Luxury Goods,,SGD,Payables Period,,0.92,0.24,0.34,0.4,0.46,0.33,0.07,0.12,0.1,0.16,,
T6I,XSES,ValueMax Group Ltd,Consumer Cyclical,Luxury Goods,,SGD,Cash Conversion Cycle,,354.08,458.61,564.52,534.21,500.57,581.19,799.23,929.05,716.72,653.27,,
T6I,XSES,ValueMax Group Ltd,Consumer Cyclical,Luxury Goods,,SGD,Recieveables Turnover,,1.35,1.03,0.85,0.92,0.97,0.82,0.57,0.48,0.62,0.69,,
T6I,XSES,ValueMax Group Ltd,Consumer Cyclical,Luxury Goods,,SGD,Inventory Turnover,,4.28,3.46,2.65,2.65,2.94,2.63,2.32,2.16,2.83,2.91,,
T6I,XSES,ValueMax Group Ltd,Consumer Cyclical,Luxury Goods,,SGD,Fixed Assets Turnover,,11.64,8.13,7.07,7.24,7.79,7.78,8.02,8.91,10.11,10.39,,
T6I,XSES,ValueMax Group Ltd,Consumer Cyclical,Luxury Goods,,SGD,Asset Turnover,,0.76,0.59,0.46,0.45,0.48,0.4,0.32,0.32,0.39,0.39,,
T82U,XSES,Suntec Real Estate Investment Trust,Real Estate,REIT - Diversified,,SGD,Return on Asset %,,2.73,2.40,3.28,4.00,-0.67,4.06,3.96,1.5,1.02,1.46,,
T82U,XSES,Suntec Real Estate Investment Trust,Real Estate,REIT - Diversified,,SGD,Return on Equity %,,4.52,3.97,5.45,6.73,-1.19,7.49,7.20,2.65,1.76,2.5,,
T82U,XSES,Suntec Real Estate Investment Trust,Real Estate,REIT - Diversified,,SGD,Return on Invested Capital %,,3.24,3.08,4.06,4.89,-0.10,4.85,4.92,2.78,2.43,2.73,,
T82U,XSES,Suntec Real Estate Investment Trust,Real Estate,REIT - Diversified,,SGD,Days Sales Outstanding,,13.13,12.45,12.69,11.55,13.72,12.05,11.03,16.82,16.42,9.92,,
T82U,XSES,Suntec Real Estate Investment Trust,Real Estate,REIT - Diversified,,SGD,Days Inventory,,-,-,-,-,-,-,-,95.89,62.21,15.28,,
T82U,XSES,Suntec Real Estate Investment Trust,Real Estate,REIT - Diversified,,SGD,Payables Period,,36.60,31.60,28.02,27.91,41.82,37.57,40.42,48.54,48.98,45.91,,
T82U,XSES,Suntec Real Estate Investment Trust,Real Estate,REIT - Diversified,,SGD,Cash Conversion Cycle,,-,-,-,-,-,-,-,64.16,29.65,-20.72,,
T82U,XSES,Suntec Real Estate Investment Trust,Real Estate,REIT - Diversified,,SGD,Recieveables Turnover,,27.81,29.32,28.76,31.61,26.60,30.29,33.08,21.7,22.22,36.8,,
T82U,XSES,Suntec Real Estate Investment Trust,Real Estate,REIT - Diversified,,SGD,Inventory Turnover,,-,-,-,-,-,-,-,3.81,5.87,23.89,,
T82U,XSES,Suntec Real Estate Investment Trust,Real Estate,REIT - Diversified,,SGD,Fixed Assets Turnover,,131.70,161.25,183.17,209.08,193.25,241.78,387.72,362.22,256.04,234.51,,
T82U,XSES,Suntec Real Estate Investment Trust,Real Estate,REIT - Diversified,,SGD,Asset Turnover,,0.04,0.04,0.04,0.04,0.03,0.03,0.04,0.04,0.04,0.04,,
TADD,XSES,Advanced Info Service PCL SGDR,Communication Services,Telecom Services,,SGD,Return on Asset %,,13.41,10.75,10.33,10.75,8.58,7.62,7.5,7.35,7.92,11.24,,
TADD,XSES,Advanced Info Service PCL SGDR,Communication Services,Telecom Services,,SGD,Return on Equity %,,67.44,64.76,55.05,49.2,37.88,34.24,31.08,33.0,37.35,46.86,,
TADD,XSES,Advanced Info Service PCL SGDR,Communication Services,Telecom Services,,SGD,Return on Invested Capital %,,26.74,22.72,20.69,21.16,15.5,13.14,13.84,12.36,13.12,17.74,,
TADD,XSES,Advanced Info Service PCL SGDR,Communication Services,Telecom Services,,SGD,Days Sales Outstanding,,15.36,17.11,19.05,19.98,21.89,20.99,21.07,24.71,23.3,19.32,,
TADD,XSES,Advanced Info Service PCL SGDR,Communication Services,Telecom Services,,SGD,Days Inventory,,17.91,13.92,13.71,14.11,11.85,6.73,8.6,11.62,12.42,12.27,,
TADD,XSES,Advanced Info Service PCL SGDR,Communication Services,Telecom Services,,SGD,Payables Period,,70.58,64.14,58.4,65.99,73.13,73.82,73.71,58.58,40.77,37.42,,
TADD,XSES,Advanced Info Service PCL SGDR,Communication Services,Telecom Services,,SGD,Cash Conversion Cycle,,-37.31,-33.11,-25.64,-31.89,-39.39,-46.11,-44.05,-22.24,-5.05,-5.84,,
TADD,XSES,Advanced Info Service PCL SGDR,Communication Services,Telecom Services,,SGD,Recieveables Turnover,,23.76,21.34,19.16,18.26,16.67,17.39,17.32,14.77,15.67,18.89,,
TADD,XSES,Advanced Info Service PCL SGDR,Communication Services,Telecom Services,,SGD,Inventory Turnover,,20.38,26.23,26.62,25.87,30.79,54.26,42.46,31.4,29.39,29.75,,
TADD,XSES,Advanced Info Service PCL SGDR,Communication Services,Telecom Services,,SGD,Fixed Assets Turnover,,1.5,1.26,1.29,1.41,1.19,1.13,1.23,0.99,0.95,1.09,,
TADD,XSES,Advanced Info Service PCL SGDR,Communication Services,Telecom Services,,SGD,Asset Turnover,,0.67,0.56,0.59,0.62,0.54,0.51,0.54,0.48,0.48,0.53,,
TAP,XSES,Assembly Place Holdings Ltd Ordinary Shares,Real Estate,Real Estate Services,,SGD,Return on Asset %,-,-,-,-,-,-,-,1.41,-3.12,13.81,,,
TAP,XSES,Assembly Place Holdings Ltd Ordinary Shares,Real Estate,Real Estate Services,,SGD,Return on Equity %,-,-,-,-,-,-,-,3.9,-10.99,57.37,,,
TAP,XSES,Assembly Place Holdings Ltd Ordinary Shares,Real Estate,Real Estate Services,,SGD,Return on Invested Capital %,-,-,-,-,-,-,-,3.26,0.38,19.53,,,
TAP,XSES,Assembly Place Holdings Ltd Ordinary Shares,Real Estate,Real Estate Services,,SGD,Days Sales Outstanding,-,-,-,-,-,-,-,50.34,27.7,33.37,,,
TAP,XSES,Assembly Place Holdings Ltd Ordinary Shares,Real Estate,Real Estate Services,,SGD,Days Inventory,-,-,-,-,-,-,-,3.43,2.14,2.3,,,
TAP,XSES,Assembly Place Holdings Ltd Ordinary Shares,Real Estate,Real Estate Services,,SGD,Payables Period,-,-,-,-,-,-,-,349.41,197.36,181.13,,,
TAP,XSES,Assembly Place Holdings Ltd Ordinary Shares,Real Estate,Real Estate Services,,SGD,Cash Conversion Cycle,-,-,-,-,-,-,-,-295.64,-167.51,-145.46,,,
TAP,XSES,Assembly Place Holdings Ltd Ordinary Shares,Real Estate,Real Estate Services,,SGD,Recieveables Turnover,-,-,-,-,-,-,-,7.25,13.18,10.94,,,
TAP,XSES,Assembly Place Holdings Ltd Ordinary Shares,Real Estate,Real Estate Services,,SGD,Inventory Turnover,-,-,-,-,-,-,-,106.52,170.3,158.56,,,
TAP,XSES,Assembly Place Holdings Ltd Ordinary Shares,Real Estate,Real Estate Services,,SGD,Fixed Assets Turnover,-,-,-,-,-,-,-,10.04,25.62,46.21,,,
TAP,XSES,Assembly Place Holdings Ltd Ordinary Shares,Real Estate,Real Estate Services,,SGD,Asset Turnover,-,-,-,-,-,-,-,0.29,0.5,0.42,,,
TATD,XSES,Airports Of Thailand PLC SGDR,Industrials,Airports & Air Services,,SGD,Return on Asset %,,11.8,11.8,13.75,12.96,2.32,-8.86,-5.85,4.63,9.55,8.71,,
TATD,XSES,Airports Of Thailand PLC SGDR,Industrials,Airports & Air Services,,SGD,Return on Equity %,,17.03,16.37,18.29,16.81,2.92,-12.82,-10.38,8.3,16.35,14.21,,
TATD,XSES,Airports Of Thailand PLC SGDR,Industrials,Airports & Air Services,,SGD,Return on Invested Capital %,,13.45,13.48,15.87,15.02,2.52,-8.58,-5.19,6.63,12.16,10.83,,
TATD,XSES,Airports Of Thailand PLC SGDR,Industrials,Airports & Air Services,,SGD,Days Sales Outstanding,,18.72,19.74,19.15,19.95,39.84,176.74,81.79,60.54,62.4,74.88,,
TATD,XSES,Airports Of Thailand PLC SGDR,Industrials,Airports & Air Services,,SGD,Days Inventory,,5.32,5.19,5.8,5.69,7.16,6.5,6.04,4.93,4.43,6.8,,
TATD,XSES,Airports Of Thailand PLC SGDR,Industrials,Airports & Air Services,,SGD,Payables Period,,26.85,32.06,34.99,27.6,35.21,27.48,18.6,24.87,24.96,40.67,,
TATD,XSES,Airports Of Thailand PLC SGDR,Industrials,Airports & Air Services,,SGD,Cash Conversion Cycle,,-2.82,-7.13,-10.05,-1.95,11.79,155.75,69.22,40.59,41.87,41.02,,
TATD,XSES,Airports Of Thailand PLC SGDR,Industrials,Airports & Air Services,,SGD,Recieveables Turnover,,19.5,18.49,19.06,18.29,9.16,2.07,4.46,6.03,5.85,4.87,,
TATD,XSES,Airports Of Thailand PLC SGDR,Industrials,Airports & Air Services,,SGD,Inventory Turnover,,68.67,70.29,62.95,64.11,50.95,56.2,60.47,74.07,82.43,53.66,,
TATD,XSES,Airports Of Thailand PLC SGDR,Industrials,Airports & Air Services,,SGD,Fixed Assets Turnover,,0.55,0.59,0.64,0.63,0.29,0.05,0.11,0.32,0.44,0.45,,
TATD,XSES,Airports Of Thailand PLC SGDR,Industrials,Airports & Air Services,,SGD,Asset Turnover,,0.31,0.31,0.33,0.33,0.17,0.04,0.09,0.25,0.33,0.32,,
TCPD,XSES,CP All PCL SGDR,Consumer Defensive,Grocery Stores,,SGD,Return on Asset %,,4.9,5.59,5.43,5.7,3.36,1.65,1.35,1.95,2.66,2.88,,
TCPD,XSES,CP All PCL SGDR,Consumer Defensive,Grocery Stores,,SGD,Return on Equity %,,36.04,30.5,24.89,23.9,15.85,11.93,12.2,17.02,20.92,20.94,,
TCPD,XSES,CP All PCL SGDR,Consumer Defensive,Grocery Stores,,SGD,Return on Invested Capital %,,9.99,10.9,10.7,11.2,7.08,5.02,4.64,5.77,6.81,6.98,,
TCPD,XSES,CP All PCL SGDR,Consumer Defensive,Grocery Stores,,SGD,Days Sales Outstanding,,0.79,1.02,1.31,1.24,1.17,1.61,1.53,1.42,1.37,1.68,,
TCPD,XSES,CP All PCL SGDR,Consumer Defensive,Grocery Stores,,SGD,Days Inventory,,27.82,26.97,26.29,26.18,28.11,33.76,30.47,30.2,29.19,32.28,,
TCPD,XSES,CP All PCL SGDR,Consumer Defensive,Grocery Stores,,SGD,Payables Period,,69.62,70.66,70.88,67.4,67.21,73.7,62.46,63.72,63.02,62.63,,
TCPD,XSES,CP All PCL SGDR,Consumer Defensive,Grocery Stores,,SGD,Cash Conversion Cycle,,-41.01,-42.67,-43.28,-39.98,-37.94,-38.33,-30.45,-32.1,-32.46,-28.67,,
TCPD,XSES,CP All PCL SGDR,Consumer Defensive,Grocery Stores,,SGD,Recieveables Turnover,,462.46,358.64,279.35,293.19,312.28,226.49,238.21,257.78,267.06,217.8,,
TCPD,XSES,CP All PCL SGDR,Consumer Defensive,Grocery Stores,,SGD,Inventory Turnover,,13.12,13.54,13.88,13.94,12.98,10.81,11.98,12.08,12.5,11.31,,
TCPD,XSES,CP All PCL SGDR,Consumer Defensive,Grocery Stores,,SGD,Fixed Assets Turnover,,4.61,4.58,4.67,4.85,3.64,2.45,2.84,3.0,3.14,3.11,,
TCPD,XSES,CP All PCL SGDR,Consumer Defensive,Grocery Stores,,SGD,Asset Turnover,,1.28,1.32,1.39,1.47,1.17,0.78,0.89,0.97,1.03,1.03,,
TCU,XSES,Credit Bureau Asia Ltd Ordinary Shares,Financial Services,Financial Data & Stock Exchanges,,SGD,Return on Asset %,,-,11.05,11.50,12.73,9.32,9.27,9.72,10.82,11.40,10.31,,
TCU,XSES,Credit Bureau Asia Ltd Ordinary Shares,Financial Services,Financial Data & Stock Exchanges,,SGD,Return on Equity %,,-,36.11,36.38,44.74,23.04,17.24,17.73,20.28,22.19,20.68,,
TCU,XSES,Credit Bureau Asia Ltd Ordinary Shares,Financial Services,Financial Data & Stock Exchanges,,SGD,Return on Invested Capital %,,-,35.67,35.79,39.05,20.32,15.79,15.84,16.86,18.60,17.59,,
TCU,XSES,Credit Bureau Asia Ltd Ordinary Shares,Financial Services,Financial Data & Stock Exchanges,,SGD,Days Sales Outstanding,,-,43.26,40.93,40.63,43.86,43.72,41.25,40.72,39.43,36.81,,
TCU,XSES,Credit Bureau Asia Ltd Ordinary Shares,Financial Services,Financial Data & Stock Exchanges,,SGD,Days Inventory,,-,-,-,-,-,-,-,-,-,-,,
TCU,XSES,Credit Bureau Asia Ltd Ordinary Shares,Financial Services,Financial Data & Stock Exchanges,,SGD,Payables Period,,-,-,-,-,19.47,22.03,22.09,22.28,19.52,17.92,,
TCU,XSES,Credit Bureau Asia Ltd Ordinary Shares,Financial Services,Financial Data & Stock Exchanges,,SGD,Cash Conversion Cycle,,-,-,-,-,-,-,-,-,-,-,,
TCU,XSES,Credit Bureau Asia Ltd Ordinary Shares,Financial Services,Financial Data & Stock Exchanges,,SGD,Recieveables Turnover,,-,8.44,8.92,8.98,8.32,8.35,8.85,8.96,9.26,9.92,,
TCU,XSES,Credit Bureau Asia Ltd Ordinary Shares,Financial Services,Financial Data & Stock Exchanges,,SGD,Inventory Turnover,,-,-,-,-,-,-,-,-,-,-,,
TCU,XSES,Credit Bureau Asia Ltd Ordinary Shares,Financial Services,Financial Data & Stock Exchanges,,SGD,Fixed Assets Turnover,,-,13.02,17.00,11.04,7.89,7.43,6.51,6.91,7.06,7.05,,
TCU,XSES,Credit Bureau Asia Ltd Ordinary Shares,Financial Services,Financial Data & Stock Exchanges,,SGD,Asset Turnover,,-,0.76,0.79,0.74,0.59,0.54,0.56,0.60,0.61,0.58,,
TDED,XSES,Delta Electronics (Thailand) PCL SGDR,Industrials,Electrical Equipment & Parts,,SGD,Return on Asset %,,12.27,10.66,10.89,6.29,13.77,10.59,19.14,18.5,16.38,17.9,,
TDED,XSES,Delta Electronics (Thailand) PCL SGDR,Industrials,Electrical Equipment & Parts,,SGD,Return on Equity %,,17.67,15.33,15.47,8.84,20.11,16.96,31.94,30.15,25.68,28.09,,
TDED,XSES,Delta Electronics (Thailand) PCL SGDR,Industrials,Electrical Equipment & Parts,,SGD,Return on Invested Capital %,,17.05,14.79,14.81,8.14,19.71,16.34,30.54,28.74,24.69,27.45,,
TDED,XSES,Delta Electronics (Thailand) PCL SGDR,Industrials,Electrical Equipment & Parts,,SGD,Days Sales Outstanding,,78.17,76.15,72.19,71.82,64.61,71.25,72.47,73.96,70.91,69.87,,
TDED,XSES,Delta Electronics (Thailand) PCL SGDR,Industrials,Electrical Equipment & Parts,,SGD,Days Inventory,,71.14,74.45,76.42,82.62,82.04,87.86,89.88,93.44,94.67,83.87,,
TDED,XSES,Delta Electronics (Thailand) PCL SGDR,Industrials,Electrical Equipment & Parts,,SGD,Payables Period,,73.02,69.93,64.18,64.54,68.28,69.02,68.8,65.44,67.22,72.16,,
TDED,XSES,Delta Electronics (Thailand) PCL SGDR,Industrials,Electrical Equipment & Parts,,SGD,Cash Conversion Cycle,,76.29,80.68,84.43,89.9,78.37,90.09,93.55,101.96,98.35,81.58,,
TDED,XSES,Delta Electronics (Thailand) PCL SGDR,Industrials,Electrical Equipment & Parts,,SGD,Recieveables Turnover,,4.67,4.79,5.06,5.08,5.65,5.12,5.04,4.93,5.15,5.22,,
TDED,XSES,Delta Electronics (Thailand) PCL SGDR,Industrials,Electrical Equipment & Parts,,SGD,Inventory Turnover,,5.13,4.9,4.78,4.42,4.45,4.15,4.06,3.91,3.86,4.35,,
TDED,XSES,Delta Electronics (Thailand) PCL SGDR,Industrials,Electrical Equipment & Parts,,SGD,Fixed Assets Turnover,,8.6,7.43,6.86,5.17,5.12,5.23,5.61,5.48,4.82,4.69,,
TDED,XSES,Delta Electronics (Thailand) PCL SGDR,Industrials,Electrical Equipment & Parts,,SGD,Asset Turnover,,1.04,1.07,1.12,1.09,1.23,1.33,1.48,1.47,1.42,1.43,,
TKKD,XSES,Kasikornbank Public Co Ltd SGDR,Financial Services,Banks - Regional,,SGD,Return on Asset %,,1.49,1.20,1.27,1.20,0.85,0.98,0.86,0.99,1.13,1.12,,
TKKD,XSES,Kasikornbank Public Co Ltd SGDR,Financial Services,Banks - Regional,,SGD,Return on Equity %,,13.23,10.24,10.61,9.90,6.97,8.31,7.30,8.19,8.87,8.66,,
TKKD,XSES,Kasikornbank Public Co Ltd SGDR,Financial Services,Banks - Regional,,SGD,Return on Invested Capital %,,-,-,-,-,-,-,-,-,-,-,,
TKKD,XSES,Kasikornbank Public Co Ltd SGDR,Financial Services,Banks - Regional,,SGD,Days Sales Outstanding,,-,-,-,-,-,-,-,-,-,-,,
TKKD,XSES,Kasikornbank Public Co Ltd SGDR,Financial Services,Banks - Regional,,SGD,Days Inventory,,-,-,-,-,-,-,-,-,-,-,,
TKKD,XSES,Kasikornbank Public Co Ltd SGDR,Financial Services,Banks - Regional,,SGD,Payables Period,,-,-,-,-,-,-,-,-,-,-,,
TKKD,XSES,Kasikornbank Public Co Ltd SGDR,Financial Services,Banks - Regional,,SGD,Cash Conversion Cycle,,-,-,-,-,-,-,-,-,-,-,,
TKKD,XSES,Kasikornbank Public Co Ltd SGDR,Financial Services,Banks - Regional,,SGD,Recieveables Turnover,,-,-,-,-,-,-,-,-,-,-,,
TKKD,XSES,Kasikornbank Public Co Ltd SGDR,Financial Services,Banks - Regional,,SGD,Inventory Turnover,,-,-,-,-,-,-,-,-,-,-,,
TKKD,XSES,Kasikornbank Public Co Ltd SGDR,Financial Services,Banks - Regional,,SGD,Fixed Assets Turnover,,3.39,3.30,3.33,3.35,2.89,3.00,3.13,3.41,3.50,3.50,,
TKKD,XSES,Kasikornbank Public Co Ltd SGDR,Financial Services,Banks - Regional,,SGD,Asset Turnover,,0.06,0.06,0.05,0.05,0.05,0.04,0.04,0.05,0.05,0.05,,
TKU,XSES,Toku Ltd,Technology,Software - Application,,SGD,Return on Asset %,,-,-,-,-,-,-,-70.89,-50.16,-32.09,-47.43,,
TKU,XSES,Toku Ltd,Technology,Software - Application,,SGD,Return on Equity %,,-,-,-,-,-,-,-91.01,-156.49,-121.42,-650.57,,
TKU,XSES,Toku Ltd,Technology,Software - Application,,SGD,Return on Invested Capital %,,-,-,-,-,-,-,-91.01,-117.38,-66.14,-157.60,,
TKU,XSES,Toku Ltd,Technology,Software - Application,,SGD,Days Sales Outstanding,,-,-,-,-,-,-,21.51,23.39,45.20,47.58,,
TKU,XSES,Toku Ltd,Technology,Software - Application,,SGD,Days Inventory,,-,-,-,-,-,-,0.03,0.03,-,-,,
TKU,XSES,Toku Ltd,Technology,Software - Application,,SGD,Payables Period,,-,-,-,-,-,-,19.69,31.37,47.34,41.95,,
TKU,XSES,Toku Ltd,Technology,Software - Application,,SGD,Cash Conversion Cycle,,-,-,-,-,-,-,1.86,-7.95,-,-,,
TKU,XSES,Toku Ltd,Technology,Software - Application,,SGD,Recieveables Turnover,,-,-,-,-,-,-,16.97,15.6,8.07,7.67,,
TKU,XSES,Toku Ltd,Technology,Software - Application,,SGD,Inventory Turnover,,-,-,-,-,-,-,10586.65,12979.89,-,-,,
TKU,XSES,Toku Ltd,Technology,Software - Application,,SGD,Fixed Assets Turnover,,-,-,-,-,-,-,55.46,79.48,119.43,218.00,,
TKU,XSES,Toku Ltd,Technology,Software - Application,,SGD,Asset Turnover,,-,-,-,-,-,-,3.85,3.21,1.84,1.82,,
TPED,XSES,PTT Exploration & Production PCL SGDR,Energy,Oil & Gas E&P,,SGD,Return on Asset %,,1.86,3.15,5.46,7.13,3.33,5.28,8.62,8.46,8.44,6.35,,
TPED,XSES,PTT Exploration & Production PCL SGDR,Energy,Oil & Gas E&P,,SGD,Return on Equity %,,3.15,5.25,9.0,12.45,6.3,10.01,16.14,15.52,15.23,11.43,,
TPED,XSES,PTT Exploration & Production PCL SGDR,Energy,Oil & Gas E&P,,SGD,Return on Invested Capital %,,3.63,5.09,8.11,10.87,5.97,8.45,13.29,12.9,12.66,10.08,,
TPED,XSES,PTT Exploration & Production PCL SGDR,Energy,Oil & Gas E&P,,SGD,Days Sales Outstanding,,43.32,46.37,48.44,45.32,46.79,36.49,33.63,44.25,39.1,35.99,,
TPED,XSES,PTT Exploration & Production PCL SGDR,Energy,Oil & Gas E&P,,SGD,Days Inventory,,63.85,64.27,47.51,43.75,47.04,50.65,56.44,75.35,73.09,74.13,,
TPED,XSES,PTT Exploration & Production PCL SGDR,Energy,Oil & Gas E&P,,SGD,Payables Period,,15.47,18.06,17.28,15.01,16.05,17.95,17.68,22.16,30.32,36.61,,
TPED,XSES,PTT Exploration & Production PCL SGDR,Energy,Oil & Gas E&P,,SGD,Cash Conversion Cycle,,91.71,92.58,78.66,74.06,77.78,69.18,72.38,97.43,81.87,73.51,,
TPED,XSES,PTT Exploration & Production PCL SGDR,Energy,Oil & Gas E&P,,SGD,Recieveables Turnover,,8.43,7.87,7.54,8.05,7.8,10.0,10.85,8.25,9.33,10.14,,
TPED,XSES,PTT Exploration & Production PCL SGDR,Energy,Oil & Gas E&P,,SGD,Inventory Turnover,,5.72,5.68,7.68,8.34,7.76,7.21,6.47,4.84,4.99,4.92,,
TPED,XSES,PTT Exploration & Production PCL SGDR,Energy,Oil & Gas E&P,,SGD,Fixed Assets Turnover,,0.33,0.37,0.46,0.49,0.4,0.49,0.63,0.54,0.53,0.46,,
TPED,XSES,PTT Exploration & Production PCL SGDR,Energy,Oil & Gas E&P,,SGD,Asset Turnover,,0.22,0.23,0.27,0.29,0.24,0.3,0.4,0.34,0.33,0.3,,
TQ5,XSES,Frasers Property Ltd,Real Estate,Real Estate - Diversified,,SGD,Return on Asset %,,2.25,2.44,2.29,1.33,0.29,1.96,2.17,0.31,0.41,0.58,,
TQ5,XSES,Frasers Property Ltd,Real Estate,Real Estate - Diversified,,SGD,Return on Equity %,,6.72,7.38,7.45,4.94,1.22,7.87,7.79,1.1,1.58,2.33,,
TQ5,XSES,Frasers Property Ltd,Real Estate,Real Estate - Diversified,,SGD,Return on Invested Capital %,,3.51,3.76,3.94,2.82,1.4,3.61,3.94,1.54,1.76,2.51,,
TQ5,XSES,Frasers Property Ltd,Real Estate,Real Estate - Diversified,,SGD,Days Sales Outstanding,,26.84,16.4,12.45,11.75,9.64,11.64,11.78,9.83,7.98,12.35,,
TQ5,XSES,Frasers Property Ltd,Real Estate,Real Estate - Diversified,,SGD,Days Inventory,,601.55,478.95,480.9,710.87,927.03,834.23,618.04,569.22,467.15,542.39,,
TQ5,XSES,Frasers Property Ltd,Real Estate,Real Estate - Diversified,,SGD,Payables Period,,64.67,61.81,61.25,88.32,99.25,87.32,77.34,70.37,60.34,75.27,,
TQ5,XSES,Frasers Property Ltd,Real Estate,Real Estate - Diversified,,SGD,Cash Conversion Cycle,,563.72,433.54,432.1,634.3,837.42,758.56,552.48,508.68,414.79,479.47,,
TQ5,XSES,Frasers Property Ltd,Real Estate,Real Estate - Diversified,,SGD,Recieveables Turnover,,13.6,22.26,29.31,31.06,37.86,31.35,30.99,37.12,45.74,29.56,,
TQ5,XSES,Frasers Property Ltd,Real Estate,Real Estate - Diversified,,SGD,Inventory Turnover,,0.61,0.76,0.76,0.51,0.39,0.44,0.59,0.64,0.78,0.67,,
TQ5,XSES,Frasers Property Ltd,Real Estate,Real Estate - Diversified,,SGD,Fixed Assets Turnover,,1.74,1.91,1.98,1.78,1.57,1.54,1.69,1.87,1.98,1.63,,
TQ5,XSES,Frasers Property Ltd,Real Estate,Real Estate - Diversified,,SGD,Asset Turnover,,0.15,0.16,0.15,0.11,0.09,0.1,0.1,0.1,0.11,0.09,,
TS0U,XSES,OUE Real Estate Investment Trust Units Real Estate Investment Trust,Real Estate,REIT - Office,,SGD,Return on Asset %,,1.63,3.73,2.79,2.01,-0.59,0.58,4.63,3.28,-1.17,0.46,,
TS0U,XSES,OUE Real Estate Investment Trust Units Real Estate Investment Trust,Real Estate,REIT - Office,,SGD,Return on Equity %,,4.63,10.02,6.60,4.29,-1.23,1.15,8.59,6.04,-2.17,0.84,,
TS0U,XSES,OUE Real Estate Investment Trust Units Real Estate Investment Trust,Real Estate,REIT - Office,,SGD,Return on Invested Capital %,,3.39,6.25,4.76,3.51,0.36,1.57,6.45,5.30,0.18,1.63,,
TS0U,XSES,OUE Real Estate Investment Trust Units Real Estate Investment Trust,Real Estate,REIT - Office,,SGD,Days Sales Outstanding,,2.93,2.28,2.42,13.60,19.53,16.86,13.99,12.82,13.97,14.78,,
TS0U,XSES,OUE Real Estate Investment Trust Units Real Estate Investment Trust,Real Estate,REIT - Office,,SGD,Days Inventory,,-,-,-,-,-,-,-,-,-,-,,
TS0U,XSES,OUE Real Estate Investment Trust Units Real Estate Investment Trust,Real Estate,REIT - Office,,SGD,Payables Period,,25.13,28.28,23.80,20.07,24.12,29.79,19.12,11.85,9.62,11.45,,
TS0U,XSES,OUE Real Estate Investment Trust Units Real Estate Investment Trust,Real Estate,REIT - Office,,SGD,Cash Conversion Cycle,,-,-,-,-,-,-,-,-,-,-,,
TS0U,XSES,OUE Real Estate Investment Trust Units Real Estate Investment Trust,Real Estate,REIT - Office,,SGD,Recieveables Turnover,,124.65,159.76,150.57,26.83,18.69,21.65,26.10,28.46,26.13,24.70,,
TS0U,XSES,OUE Real Estate Investment Trust Units Real Estate Investment Trust,Real Estate,REIT - Office,,SGD,Inventory Turnover,,-,-,-,-,-,-,-,-,-,-,,
TS0U,XSES,OUE Real Estate Investment Trust Units Real Estate Investment Trust,Real Estate,REIT - Office,,SGD,Fixed Assets Turnover,,310.04,353.30,389.83,776.26,1158.76,1315.18,1316.11,1377.08,1970.14,3144.95,,
TS0U,XSES,OUE Real Estate Investment Trust Units Real Estate Investment Trust,Real Estate,REIT - Office,,SGD,Asset Turnover,,0.05,0.05,0.04,0.04,0.04,0.04,0.04,0.05,0.05,0.05,,
TSCD,XSES,Siam City Cement PCL SGDR,Basic Materials,Building Materials,,SGD,Return on Asset %,,7.89,2.54,3.75,4.0,4.72,5.32,2.39,3.75,7.12,4.4,,
TSCD,XSES,Siam City Cement PCL SGDR,Basic Materials,Building Materials,,SGD,Return on Equity %,,17.7,6.42,8.95,9.8,11.37,11.95,5.23,8.1,15.92,10.44,,
TSCD,XSES,Siam City Cement PCL SGDR,Basic Materials,Building Materials,,SGD,Return on Invested Capital %,,11.25,4.76,6.42,6.98,7.51,7.91,3.92,6.41,11.1,7.58,,
TSCD,XSES,Siam City Cement PCL SGDR,Basic Materials,Building Materials,,SGD,Days Sales Outstanding,,44.92,39.97,38.65,34.49,37.65,37.11,33.18,39.88,41.61,35.48,,
TSCD,XSES,Siam City Cement PCL SGDR,Basic Materials,Building Materials,,SGD,Days Inventory,,46.13,43.56,54.65,53.3,52.06,49.34,58.23,64.25,45.81,37.34,,
TSCD,XSES,Siam City Cement PCL SGDR,Basic Materials,Building Materials,,SGD,Payables Period,,54.02,48.09,57.29,57.27,59.21,57.95,64.95,75.42,66.86,64.04,,
TSCD,XSES,Siam City Cement PCL SGDR,Basic Materials,Building Materials,,SGD,Cash Conversion Cycle,,37.03,35.44,36.01,30.52,30.5,28.49,26.46,28.71,20.56,8.78,,
TSCD,XSES,Siam City Cement PCL SGDR,Basic Materials,Building Materials,,SGD,Recieveables Turnover,,8.13,9.13,9.44,10.58,9.69,9.84,11.0,9.15,8.77,10.29,,
TSCD,XSES,Siam City Cement PCL SGDR,Basic Materials,Building Materials,,SGD,Inventory Turnover,,7.91,8.38,6.68,6.85,7.01,7.4,6.27,5.68,7.97,9.78,,
TSCD,XSES,Siam City Cement PCL SGDR,Basic Materials,Building Materials,,SGD,Fixed Assets Turnover,,1.41,1.35,1.23,1.4,1.31,1.33,1.71,1.56,1.56,1.67,,
TSCD,XSES,Siam City Cement PCL SGDR,Basic Materials,Building Materials,,SGD,Asset Turnover,,0.69,0.61,0.56,0.6,0.54,0.52,0.65,0.59,0.58,0.68,,
TSH,XSES,TSH Resources Bhd,Consumer Defensive,Farm Products,,SGD,Return on Asset %,,1.73,3.36,1.23,1.37,2.47,5.23,14.56,3.28,4.85,6.77,,
TSH,XSES,TSH Resources Bhd,Consumer Defensive,Farm Products,,SGD,Return on Equity %,,4.04,7.71,2.84,3.15,5.5,10.95,25.77,4.82,6.7,9.37,,
TSH,XSES,TSH Resources Bhd,Consumer Defensive,Farm Products,,SGD,Return on Invested Capital %,,1.71,3.92,1.69,2.35,3.06,6.53,17.91,4.07,5.87,7.93,,
TSH,XSES,TSH Resources Bhd,Consumer Defensive,Farm Products,,SGD,Days Sales Outstanding,,15.53,14.91,13.4,10.62,11.7,8.99,7.74,10.17,12.8,10.11,,
TSH,XSES,TSH Resources Bhd,Consumer Defensive,Farm Products,,SGD,Days Inventory,,148.02,118.33,122.65,121.2,106.27,72.58,68.99,69.62,66.26,69.14,,
TSH,XSES,TSH Resources Bhd,Consumer Defensive,Farm Products,,SGD,Payables Period,,30.5,20.59,19.0,17.89,19.41,14.52,14.27,15.97,16.21,13.83,,
TSH,XSES,TSH Resources Bhd,Consumer Defensive,Farm Products,,SGD,Cash Conversion Cycle,,133.05,112.64,117.04,113.94,98.56,67.05,62.45,63.83,62.85,65.42,,
TSH,XSES,TSH Resources Bhd,Consumer Defensive,Farm Products,,SGD,Recieveables Turnover,,23.5,24.48,27.24,34.37,31.19,40.61,47.17,35.87,28.52,36.11,,
TSH,XSES,TSH Resources Bhd,Consumer Defensive,Farm Products,,SGD,Inventory Turnover,,2.47,3.08,2.98,3.01,3.43,5.03,5.29,5.24,5.51,5.28,,
TSH,XSES,TSH Resources Bhd,Consumer Defensive,Farm Products,,SGD,Fixed Assets Turnover,,1.05,1.35,0.67,0.43,0.45,0.74,0.86,0.79,0.73,0.79,,
TSH,XSES,TSH Resources Bhd,Consumer Defensive,Farm Products,,SGD,Asset Turnover,,0.26,0.31,0.28,0.26,0.24,0.37,0.42,0.37,0.36,0.39,,
TSLA,XNAS,,,,,USD,Return on Asset %,,-4.39,-7.64,-3.34,-2.69,1.6,9.67,17.42,15.88,6.24,2.92,,
TSLA,XNAS,,,,,USD,Return on Equity %,,-23.11,-43.63,-21.31,-14.94,4.78,21.08,33.6,27.95,10.52,4.89,,
TSLA,XNAS,,,,,USD,Return on Invested Capital %,,-6.54,-11.39,-2.91,-1.65,4.32,15.57,27.9,23.28,7.75,3.07,,
TSLA,XNAS,,,,,USD,Days Sales Outstanding,,17.42,15.75,12.45,16.88,18.58,12.88,10.9,12.18,14.81,17.31,,
TSLA,XNAS,,,,,USD,Days Inventory,,113.04,82.88,56.33,59.31,56.08,44.73,55.99,61.05,58.32,57.31,,
TSLA,XNAS,,,,,USD,Payables Period,,93.82,81.35,60.71,63.85,71.97,72.95,76.12,68.48,61.19,60.68,,
TSLA,XNAS,,,,,USD,Cash Conversion Cycle,,36.64,17.28,8.08,12.34,2.68,-15.34,-9.23,4.75,11.94,13.94,,
TSLA,XNAS,,,,,USD,Recieveables Turnover,,20.96,23.18,29.31,21.63,19.65,28.34,33.49,29.96,24.65,21.09,,
TSLA,XNAS,,,,,USD,Inventory Turnover,,3.23,4.4,6.48,6.15,6.51,8.16,6.52,5.98,6.26,6.37,,
TSLA,XNAS,,,,,USD,Fixed Assets Turnover,,0.69,0.66,1.07,1.23,1.45,1.97,2.4,2.37,2.02,1.76,,
TSLA,XNAS,,,,,USD,Asset Turnover,,0.46,0.46,0.74,0.77,0.73,0.94,1.13,1.02,0.85,0.73,,
TVV,XSES,OxPay Financial Ltd,Technology,Software - Infrastructure,,SGD,Return on Asset %,,-59.18,-93.32,-77.93,-109.37,-155.52,-171.58,-1.67,-6.34,-26.99,-61.23,,
TVV,XSES,OxPay Financial Ltd,Technology,Software - Infrastructure,,SGD,Return on Equity %,,-348.62,-,-,-,-,-,-8.07,-26.27,-106.58,-,,
TVV,XSES,OxPay Financial Ltd,Technology,Software - Infrastructure,,SGD,Return on Invested Capital %,,-73.57,-,-,-,-,-,-9.19,-36.41,-78.65,-,,
TVV,XSES,OxPay Financial Ltd,Technology,Software - Infrastructure,,SGD,Days Sales Outstanding,,75.81,36.72,-,-,-,73.27,129.90,218.35,369.03,65.59,,
TVV,XSES,OxPay Financial Ltd,Technology,Software - Infrastructure,,SGD,Days Inventory,,14.3,5.48,-,-,-,-,-,0.56,2.36,0.57,,
TVV,XSES,OxPay Financial Ltd,Technology,Software - Infrastructure,,SGD,Payables Period,,75.1,49.48,-,-,-,650.17,1029.16,611.77,244.17,106.48,,
TVV,XSES,OxPay Financial Ltd,Technology,Software - Infrastructure,,SGD,Cash Conversion Cycle,,15.01,-7.27,-,-,-,-,-,-392.86,127.22,-40.32,,
TVV,XSES,OxPay Financial Ltd,Technology,Software - Infrastructure,,SGD,Recieveables Turnover,,4.81,9.94,-,-,-,4.98,2.81,1.67,0.99,5.56,,
TVV,XSES,OxPay Financial Ltd,Technology,Software - Infrastructure,,SGD,Inventory Turnover,,25.53,66.57,-,-,-,-,-,652.44,154.59,645.75,,
TVV,XSES,OxPay Financial Ltd,Technology,Software - Infrastructure,,SGD,Fixed Assets Turnover,,3.18,7.51,-,-,-,182.75,54.54,60.09,16.22,14.46,,
TVV,XSES,OxPay Financial Ltd,Technology,Software - Infrastructure,,SGD,Asset Turnover,,0.86,1.28,-,-,-,1.11,0.35,0.39,0.32,0.97,,
TWL,XSES,Memiontec Holdings Ltd,Utilities,Utilities - Regulated Water,,SGD,Return on Asset %,,8.48,4.71,25.33,1.48,4.4,4.2,6.92,6.92,-14.13,-22.0,,
TWL,XSES,Memiontec Holdings Ltd,Utilities,Utilities - Regulated Water,,SGD,Return on Equity %,,21.31,14.1,65.91,3.38,10.04,8.7,13.61,15.82,-41.72,-91.92,,
TWL,XSES,Memiontec Holdings Ltd,Utilities,Utilities - Regulated Water,,SGD,Return on Invested Capital %,,17.41,11.2,52.11,2.48,8.38,6.74,10.89,11.51,-22.6,-32.11,,
TWL,XSES,Memiontec Holdings Ltd,Utilities,Utilities - Regulated Water,,SGD,Days Sales Outstanding,,18.3,20.5,28.26,30.79,23.21,31.21,50.73,26.66,24.49,53.39,,
TWL,XSES,Memiontec Holdings Ltd,Utilities,Utilities - Regulated Water,,SGD,Days Inventory,,3.85,4.38,5.48,9.73,8.51,2.04,0.95,8.23,9.09,1.12,,
TWL,XSES,Memiontec Holdings Ltd,Utilities,Utilities - Regulated Water,,SGD,Payables Period,,119.52,84.64,96.29,100.77,125.8,91.11,99.35,90.79,99.85,131.42,,
TWL,XSES,Memiontec Holdings Ltd,Utilities,Utilities - Regulated Water,,SGD,Cash Conversion Cycle,,-97.37,-59.76,-62.55,-60.25,-94.07,-57.86,-47.67,-55.89,-66.27,-76.9,,
TWL,XSES,Memiontec Holdings Ltd,Utilities,Utilities - Regulated Water,,SGD,Recieveables Turnover,,19.94,17.8,12.92,11.85,15.73,11.7,7.2,13.69,14.91,6.84,,
TWL,XSES,Memiontec Holdings Ltd,Utilities,Utilities - Regulated Water,,SGD,Inventory Turnover,,94.76,83.34,66.57,37.51,42.87,179.16,383.75,44.33,40.14,324.98,,
TWL,XSES,Memiontec Holdings Ltd,Utilities,Utilities - Regulated Water,,SGD,Fixed Assets Turnover,,6.54,7.93,8.74,13.05,20.7,25.73,23.13,40.79,31.76,17.0,,
TWL,XSES,Memiontec Holdings Ltd,Utilities,Utilities - Regulated Water,,SGD,Asset Turnover,,1.24,1.42,1.35,1.41,1.16,1.25,1.16,1.43,1.01,0.6,,
U06,XSES,Singapore Land Group Ltd,Real Estate,Real Estate - Diversified,,SGD,Return on Asset %,,3.33,3.57,3.76,6.94,1.0,3.66,4.89,2.82,2.91,2.71,,
U06,XSES,Singapore Land Group Ltd,Real Estate,Real Estate - Diversified,,SGD,Return on Equity %,,4.69,4.73,4.7,8.59,1.23,4.43,5.84,3.35,3.43,3.2,,
U06,XSES,Singapore Land Group Ltd,Real Estate,Real Estate - Diversified,,SGD,Return on Invested Capital %,,3.92,4.24,4.39,8.03,1.13,4.1,5.39,3.0,3.14,3.03,,
U06,XSES,Singapore Land Group Ltd,Real Estate,Real Estate - Diversified,,SGD,Days Sales Outstanding,,12.92,16.35,31.59,19.54,23.64,21.85,19.88,17.93,16.25,16.61,,
U06,XSES,Singapore Land Group Ltd,Real Estate,Real Estate - Diversified,,SGD,Days Inventory,,573.4,302.93,320.01,180.49,123.28,101.85,76.05,43.09,25.5,18.88,,
U06,XSES,Singapore Land Group Ltd,Real Estate,Real Estate - Diversified,,SGD,Payables Period,,47.44,37.63,81.89,57.71,49.86,44.66,42.51,42.81,46.65,51.07,,
U06,XSES,Singapore Land Group Ltd,Real Estate,Real Estate - Diversified,,SGD,Cash Conversion Cycle,,538.88,281.65,269.71,142.32,97.06,79.04,53.41,18.22,-4.89,-15.59,,
U06,XSES,Singapore Land Group Ltd,Real Estate,Real Estate - Diversified,,SGD,Recieveables Turnover,,28.25,22.33,11.56,18.68,15.44,16.7,18.36,20.36,22.46,21.98,,
U06,XSES,Singapore Land Group Ltd,Real Estate,Real Estate - Diversified,,SGD,Inventory Turnover,,0.64,1.2,1.14,2.02,2.96,3.58,4.8,8.47,14.31,19.33,,
U06,XSES,Singapore Land Group Ltd,Real Estate,Real Estate - Diversified,,SGD,Fixed Assets Turnover,,2.16,2.8,1.48,1.0,0.6,0.55,0.56,0.65,0.71,0.79,,
U06,XSES,Singapore Land Group Ltd,Real Estate,Real Estate - Diversified,,SGD,Asset Turnover,,0.12,0.15,0.08,0.09,0.07,0.07,0.07,0.07,0.07,0.08,,
U10,XSES,UOB-Kay Hian Holdings Ltd,Financial Services,Capital Markets,,SGD,Return on Asset %,,1.98,2.47,2.25,2.01,3.87,3.31,2.30,4.10,5.22,4.66,,
U10,XSES,UOB-Kay Hian Holdings Ltd,Financial Services,Capital Markets,,SGD,Return on Equity %,,4.24,5.55,5.28,4.68,10.15,8.99,5.78,9.28,11.18,10.91,,
U10,XSES,UOB-Kay Hian Holdings Ltd,Financial Services,Capital Markets,,SGD,Return on Invested Capital %,,3.85,4.52,3.80,3.31,6.16,5.50,2.87,3.19,4.83,4.66,,
U10,XSES,UOB-Kay Hian Holdings Ltd,Financial Services,Capital Markets,,SGD,Days Sales Outstanding,,1843.10,1667.56,1972.63,2279.89,1581.22,1490.87,1741.17,1362.28,1295.01,1375.91,,
U10,XSES,UOB-Kay Hian Holdings Ltd,Financial Services,Capital Markets,,SGD,Days Inventory,,-,-,-,-,-,-,-,-,-,-,,
U10,XSES,UOB-Kay Hian Holdings Ltd,Financial Services,Capital Markets,,SGD,Payables Period,,316.45,608.87,586.09,481.14,459.68,626.70,851.38,659.03,707.91,847.26,,
U10,XSES,UOB-Kay Hian Holdings Ltd,Financial Services,Capital Markets,,SGD,Cash Conversion Cycle,,-,-,-,-,-,-,-,-,-,-,,
U10,XSES,UOB-Kay Hian Holdings Ltd,Financial Services,Capital Markets,,SGD,Recieveables Turnover,,0.20,0.22,0.19,0.16,0.23,0.24,0.21,0.27,0.28,0.27,,
U10,XSES,UOB-Kay Hian Holdings Ltd,Financial Services,Capital Markets,,SGD,Inventory Turnover,,-,-,-,-,-,-,-,-,-,-,,
U10,XSES,UOB-Kay Hian Holdings Ltd,Financial Services,Capital Markets,,SGD,Fixed Assets Turnover,,7.03,8.49,9.21,7.39,10.88,15.09,12.53,13.62,19.74,17.88,,
U10,XSES,UOB-Kay Hian Holdings Ltd,Financial Services,Capital Markets,,SGD,Asset Turnover,,0.11,0.12,0.11,0.10,0.14,0.13,0.10,0.11,0.12,0.12,,
U11,XSES,United Overseas Bank Ltd,Financial Services,Banks - Regional,,SGD,Return on Asset %,,0.92,0.94,1.04,1.07,0.68,0.90,0.93,1.09,1.12,0.83,,
U11,XSES,United Overseas Bank Ltd,Financial Services,Banks - Regional,,SGD,Return on Equity %,,9.56,9.43,10.47,10.99,7.01,9.58,10.46,12.49,12.41,9.09,,
U11,XSES,United Overseas Bank Ltd,Financial Services,Banks - Regional,,SGD,Return on Invested Capital %,,-,-,-,-,-,-,-,-,-,-,,
U11,XSES,United Overseas Bank Ltd,Financial Services,Banks - Regional,,SGD,Days Sales Outstanding,,-,-,-,-,-,-,-,-,-,-,,
U11,XSES,United Overseas Bank Ltd,Financial Services,Banks - Regional,,SGD,Days Inventory,,-,-,-,-,-,-,-,-,-,-,,
U11,XSES,United Overseas Bank Ltd,Financial Services,Banks - Regional,,SGD,Payables Period,,-,-,-,-,-,-,-,-,-,-,,
U11,XSES,United Overseas Bank Ltd,Financial Services,Banks - Regional,,SGD,Cash Conversion Cycle,,-,-,-,-,-,-,-,-,-,-,,
U11,XSES,United Overseas Bank Ltd,Financial Services,Banks - Regional,,SGD,Recieveables Turnover,,-,-,-,-,-,-,-,-,-,-,,
U11,XSES,United Overseas Bank Ltd,Financial Services,Banks - Regional,,SGD,Inventory Turnover,,-,-,-,-,-,-,-,-,-,-,,
U11,XSES,United Overseas Bank Ltd,Financial Services,Banks - Regional,,SGD,Fixed Assets Turnover,,4.45,4.59,4.30,3.99,3.21,3.19,3.49,3.85,3.60,3.08,,
U11,XSES,United Overseas Bank Ltd,Financial Services,Banks - Regional,,SGD,Asset Turnover,,0.02,0.03,0.02,0.03,0.02,0.02,0.02,0.03,0.03,0.02,,
U13,XSES,United Overseas Insurance Ltd,Financial Services,Insurance - Property & Casualty,,SGD,Return on Asset %,,3.97,5.26,3.79,6.48,3.79,4.11,2.62,4.85,5.00,5.14,,
U13,XSES,United Overseas Insurance Ltd,Financial Services,Insurance - Property & Casualty,,SGD,Return on Equity %,,7.15,9.25,6.30,10.14,5.72,6.09,3.86,6.79,6.54,6.51,,
U13,XSES,United Overseas Insurance Ltd,Financial Services,Insurance - Property & Casualty,,SGD,Return on Invested Capital %,,-,-,-,-,-,-,-,-,-,-,,
U13,XSES,United Overseas Insurance Ltd,Financial Services,Insurance - Property & Casualty,,SGD,Days Sales Outstanding,,-,-,-,-,-,-,-,-,-,-,,
U13,XSES,United Overseas Insurance Ltd,Financial Services,Insurance - Property & Casualty,,SGD,Days Inventory,,-,-,-,-,-,-,-,-,-,-,,
U13,XSES,United Overseas Insurance Ltd,Financial Services,Insurance - Property & Casualty,,SGD,Payables Period,,-,-,-,-,-,-,-,-,-,-,,
U13,XSES,United Overseas Insurance Ltd,Financial Services,Insurance - Property & Casualty,,SGD,Cash Conversion Cycle,,-,-,-,-,-,-,-,-,-,-,,
U13,XSES,United Overseas Insurance Ltd,Financial Services,Insurance - Property & Casualty,,SGD,Recieveables Turnover,,-,-,-,-,-,-,-,-,-,-,,
U13,XSES,United Overseas Insurance Ltd,Financial Services,Insurance - Property & Casualty,,SGD,Inventory Turnover,,-,-,-,-,-,-,-,-,-,-,,
U13,XSES,United Overseas Insurance Ltd,Financial Services,Insurance - Property & Casualty,,SGD,Fixed Assets Turnover,,259.40,335.42,301.19,52.60,5.07,2.74,1.90,0.14,0.19,0.35,,
U13,XSES,United Overseas Insurance Ltd,Financial Services,Insurance - Property & Casualty,,SGD,Asset Turnover,,0.12,0.13,0.11,0.15,0.12,0.13,0.11,0.01,0.01,0.02,,
U14,XSES,UOL Group Ltd,Real Estate,Real Estate - Development,,SGD,Return on Asset %,,2.49,5.72,2.15,2.32,0.06,1.48,2.28,3.21,1.59,2.13,,
U14,XSES,UOL Group Ltd,Real Estate,Real Estate - Development,,SGD,Return on Equity %,,3.58,10.14,4.54,4.86,0.13,3.08,4.73,6.53,3.17,4.13,,
U14,XSES,UOL Group Ltd,Real Estate,Real Estate - Development,,SGD,Return on Invested Capital %,,2.91,7.69,3.29,3.85,0.4,2.27,3.71,5.47,3.12,3.57,,
U14,XSES,UOL Group Ltd,Real Estate,Real Estate - Development,,SGD,Days Sales Outstanding,,23.93,41.59,71.78,75.55,59.29,27.28,20.47,47.77,68.72,47.42,,
U14,XSES,UOL Group Ltd,Real Estate,Real Estate - Development,,SGD,Days Inventory,,507.92,527.04,847.67,1029.19,944.61,642.48,571.14,737.57,622.21,448.17,,
U14,XSES,UOL Group Ltd,Real Estate,Real Estate - Development,,SGD,Payables Period,,25.49,29.68,41.66,46.23,44.75,29.63,25.33,32.98,33.58,32.75,,
U14,XSES,UOL Group Ltd,Real Estate,Real Estate - Development,,SGD,Cash Conversion Cycle,,506.36,538.96,877.79,1058.51,959.15,640.13,566.27,752.35,657.35,462.84,,
U14,XSES,UOL Group Ltd,Real Estate,Real Estate - Development,,SGD,Recieveables Turnover,,15.25,8.78,5.08,4.83,6.16,13.38,17.83,7.64,5.31,7.7,,
U14,XSES,UOL Group Ltd,Real Estate,Real Estate - Development,,SGD,Inventory Turnover,,0.72,0.69,0.43,0.35,0.39,0.57,0.64,0.49,0.59,0.81,,
U14,XSES,UOL Group Ltd,Real Estate,Real Estate - Development,,SGD,Fixed Assets Turnover,,1.23,1.05,0.85,0.8,0.68,0.89,1.11,0.93,0.94,1.08,,
U14,XSES,UOL Group Ltd,Real Estate,Real Estate - Development,,SGD,Asset Turnover,,0.13,0.13,0.12,0.11,0.1,0.13,0.15,0.12,0.12,0.14,,
U77,XSES,Sarine Technologies Ltd,Technology,Software - Application,,SGD,Return on Asset %,,20.8,6.7,9.73,-1.79,3.01,19.56,10.13,-3.46,1.45,-5.67,,
U77,XSES,Sarine Technologies Ltd,Technology,Software - Application,,SGD,Return on Equity %,,23.84,7.68,11.15,-2.19,3.94,25.08,12.78,-4.4,1.82,-7.01,,
U77,XSES,Sarine Technologies Ltd,Technology,Software - Application,,SGD,Return on Invested Capital %,,23.02,7.67,10.99,-1.9,3.64,22.59,11.66,-4.61,1.06,-7.04,,
U77,XSES,Sarine Technologies Ltd,Technology,Software - Application,,SGD,Days Sales Outstanding,,71.19,106.51,105.05,110.24,162.87,132.29,138.32,153.53,111.02,97.25,,
U77,XSES,Sarine Technologies Ltd,Technology,Software - Application,,SGD,Days Inventory,,159.03,155.38,130.28,104.8,153.62,151.55,142.25,203.66,194.28,149.65,,
U77,XSES,Sarine Technologies Ltd,Technology,Software - Application,,SGD,Payables Period,,49.94,51.78,37.33,52.34,75.83,46.97,55.78,58.61,36.27,39.76,,
U77,XSES,Sarine Technologies Ltd,Technology,Software - Application,,SGD,Cash Conversion Cycle,,180.29,210.11,198.0,162.7,240.66,236.88,224.79,298.59,269.02,207.14,,
U77,XSES,Sarine Technologies Ltd,Technology,Software - Application,,SGD,Recieveables Turnover,,5.13,3.43,3.47,3.31,2.24,2.76,2.64,2.38,3.29,3.75,,
U77,XSES,Sarine Technologies Ltd,Technology,Software - Application,,SGD,Inventory Turnover,,2.3,2.35,2.8,3.48,2.38,2.41,2.57,1.79,1.88,2.44,,
U77,XSES,Sarine Technologies Ltd,Technology,Software - Application,,SGD,Fixed Assets Turnover,,5.48,3.95,3.86,2.99,2.22,3.72,3.86,2.68,2.72,2.99,,
U77,XSES,Sarine Technologies Ltd,Technology,Software - Application,,SGD,Asset Turnover,,0.84,0.68,0.75,0.67,0.52,0.74,0.68,0.53,0.53,0.43,,
U96,XSES,Sembcorp Industries Ltd,Utilities,Utilities - Diversified,,SGD,Return on Asset %,,1.69,1.01,1.49,1.06,-5.42,2.0,5.58,5.98,6.0,5.38,,
U96,XSES,Sembcorp Industries Ltd,Utilities,Utilities - Diversified,,SGD,Return on Equity %,,5.42,3.38,5.04,3.62,-19.53,7.85,21.9,22.0,20.32,18.05,,
U96,XSES,Sembcorp Industries Ltd,Utilities,Utilities - Diversified,,SGD,Return on Invested Capital %,,4.46,3.53,3.88,3.26,-4.26,4.73,9.38,10.53,9.64,8.66,,
U96,XSES,Sembcorp Industries Ltd,Utilities,Utilities - Diversified,,SGD,Days Sales Outstanding,,50.55,53.11,39.46,46.3,68.99,43.8,38.83,60.62,73.23,56.55,,
U96,XSES,Sembcorp Industries Ltd,Utilities,Utilities - Diversified,,SGD,Days Inventory,,206.56,164.77,63.17,18.8,22.79,11.4,9.93,9.08,10.03,10.74,,
U96,XSES,Sembcorp Industries Ltd,Utilities,Utilities - Diversified,,SGD,Payables Period,,133.45,107.09,53.05,44.05,52.36,16.17,11.92,15.45,22.4,23.07,,
U96,XSES,Sembcorp Industries Ltd,Utilities,Utilities - Diversified,,SGD,Cash Conversion Cycle,,123.67,110.79,49.58,21.05,39.42,39.03,36.84,54.24,60.86,44.23,,
U96,XSES,Sembcorp Industries Ltd,Utilities,Utilities - Diversified,,SGD,Recieveables Turnover,,7.22,6.87,9.25,7.88,5.29,8.33,9.4,6.02,4.98,6.45,,
U96,XSES,Sembcorp Industries Ltd,Utilities,Utilities - Diversified,,SGD,Inventory Turnover,,1.77,2.22,5.78,19.41,16.01,32.02,36.76,40.21,36.39,33.97,,
U96,XSES,Sembcorp Industries Ltd,Utilities,Utilities - Diversified,,SGD,Fixed Assets Turnover,,0.79,0.75,1.02,0.81,0.56,1.09,1.26,1.2,0.87,0.68,,
U96,XSES,Sembcorp Industries Ltd,Utilities,Utilities - Diversified,,SGD,Asset Turnover,,0.37,0.37,0.5,0.41,0.3,0.56,0.51,0.45,0.38,0.32,,
U9E,XSES,China Everbright Water Ltd,Utilities,Utilities - Regulated Water,,SGD,Return on Asset %,,2.49,3.2,3.6,3.94,4.13,4.01,3.04,3.51,2.91,2.27,,
U9E,XSES,China Everbright Water Ltd,Utilities,Utilities - Regulated Water,,SGD,Return on Equity %,,5.04,7.01,8.54,9.93,10.59,10.72,8.55,9.9,8.2,6.42,,
U9E,XSES,China Everbright Water Ltd,Utilities,Utilities - Regulated Water,,SGD,Return on Invested Capital %,,4.13,5.13,5.77,6.46,6.42,6.32,5.28,5.91,5.05,4.02,,
U9E,XSES,China Everbright Water Ltd,Utilities,Utilities - Regulated Water,,SGD,Days Sales Outstanding,,65.42,42.85,41.52,51.85,70.06,94.12,153.48,212.21,259.11,400.26,,
U9E,XSES,China Everbright Water Ltd,Utilities,Utilities - Regulated Water,,SGD,Days Inventory,,2.87,2.22,3.18,3.91,6.94,7.27,6.84,6.78,4.98,9.44,,
U9E,XSES,China Everbright Water Ltd,Utilities,Utilities - Regulated Water,,SGD,Payables Period,,89.14,125.55,150.74,171.22,197.97,182.2,201.02,216.93,204.76,305.36,,
U9E,XSES,China Everbright Water Ltd,Utilities,Utilities - Regulated Water,,SGD,Cash Conversion Cycle,,-20.85,-80.48,-106.04,-115.46,-120.98,-80.81,-40.7,2.05,59.33,104.34,,
U9E,XSES,China Everbright Water Ltd,Utilities,Utilities - Regulated Water,,SGD,Recieveables Turnover,,5.58,8.52,8.79,7.04,5.21,3.88,2.38,1.72,1.41,0.91,,
U9E,XSES,China Everbright Water Ltd,Utilities,Utilities - Regulated Water,,SGD,Inventory Turnover,,127.01,164.73,114.81,93.34,52.63,50.18,53.38,53.86,73.33,38.67,,
U9E,XSES,China Everbright Water Ltd,Utilities,Utilities - Regulated Water,,SGD,Fixed Assets Turnover,,16.06,23.94,31.56,35.51,34.67,11.39,6.57,6.79,6.95,5.38,,
U9E,XSES,China Everbright Water Ltd,Utilities,Utilities - Regulated Water,,SGD,Asset Turnover,,0.18,0.22,0.25,0.26,0.23,0.23,0.2,0.2,0.2,0.14,,
UD1U,XSES,IREIT Global Units Real Estate Investment Trust Reg S,Real Estate,REIT - Office,,SGD,Return on Asset %,,6.49,1.29,11.23,11.83,2.81,14.24,3.51,-10.37,0.88,-6.70,,
UD1U,XSES,IREIT Global Units Real Estate Investment Trust Reg S,Real Estate,REIT - Office,,SGD,Return on Equity %,,11.99,2.35,19.86,20.88,4.95,24.22,5.86,-18.00,1.60,-12.91,,
UD1U,XSES,IREIT Global Units Real Estate Investment Trust Reg S,Real Estate,REIT - Office,,SGD,Return on Invested Capital %,,7.30,2.07,12.50,13.58,3.54,15.99,4.32,-10.61,1.45,-6.50,,
UD1U,XSES,IREIT Global Units Real Estate Investment Trust Reg S,Real Estate,REIT - Office,,SGD,Days Sales Outstanding,,3.06,4.70,5.37,5.30,7.46,8.70,11.51,30.93,31.71,38.41,,
UD1U,XSES,IREIT Global Units Real Estate Investment Trust Reg S,Real Estate,REIT - Office,,SGD,Days Inventory,,-,-,-,-,-,-,-,-,-,-,,
UD1U,XSES,IREIT Global Units Real Estate Investment Trust Reg S,Real Estate,REIT - Office,,SGD,Payables Period,,224.22,172.66,93.83,24.81,24.95,23.17,21.91,21.25,15.05,38.45,,
UD1U,XSES,IREIT Global Units Real Estate Investment Trust Reg S,Real Estate,REIT - Office,,SGD,Cash Conversion Cycle,,-,-,-,-,-,-,-,-,-,-,,
UD1U,XSES,IREIT Global Units Real Estate Investment Trust Reg S,Real Estate,REIT - Office,,SGD,Recieveables Turnover,,119.44,77.69,67.98,68.81,48.90,41.95,31.70,11.80,11.51,9.50,,
UD1U,XSES,IREIT Global Units Real Estate Investment Trust Reg S,Real Estate,REIT - Office,,SGD,Inventory Turnover,,-,-,-,-,-,-,-,-,-,-,,
UD1U,XSES,IREIT Global Units Real Estate Investment Trust Reg S,Real Estate,REIT - Office,,SGD,Fixed Assets Turnover,,-,-,-,-,-,-,-,-,-,-,,
UD1U,XSES,IREIT Global Units Real Estate Investment Trust Reg S,Real Estate,REIT - Office,,SGD,Asset Turnover,,0.07,0.07,0.07,0.06,0.05,0.06,0.06,0.06,0.08,0.05,,
UIBU,XSES,UI Boustead REIT Units,Real Estate,REIT - Industrial,,SGD,Return on Asset %,,-,-,-,-,-,-,-,-,-,3.94,,
UIBU,XSES,UI Boustead REIT Units,Real Estate,REIT - Industrial,,SGD,Return on Equity %,,-,-,-,-,-,-,-,-,-,6.33,,
UIBU,XSES,UI Boustead REIT Units,Real Estate,REIT - Industrial,,SGD,Return on Invested Capital %,,-,-,-,-,-,-,-,-,-,4.27,,
UIBU,XSES,UI Boustead REIT Units,Real Estate,REIT - Industrial,,SGD,Days Sales Outstanding,,-,-,-,-,-,-,-,-,-,11.91,,
UIBU,XSES,UI Boustead REIT Units,Real Estate,REIT - Industrial,,SGD,Days Inventory,,-,-,-,-,-,-,-,-,-,-,,
UIBU,XSES,UI Boustead REIT Units,Real Estate,REIT - Industrial,,SGD,Payables Period,,-,-,-,-,-,-,-,-,-,26.11,,
UIBU,XSES,UI Boustead REIT Units,Real Estate,REIT - Industrial,,SGD,Cash Conversion Cycle,,-,-,-,-,-,-,-,-,-,-,,
UIBU,XSES,UI Boustead REIT Units,Real Estate,REIT - Industrial,,SGD,Recieveables Turnover,,-,-,-,-,-,-,-,-,-,30.64,,
UIBU,XSES,UI Boustead REIT Units,Real Estate,REIT - Industrial,,SGD,Inventory Turnover,,-,-,-,-,-,-,-,-,-,-,,
UIBU,XSES,UI Boustead REIT Units,Real Estate,REIT - Industrial,,SGD,Fixed Assets Turnover,,-,-,-,-,-,-,-,-,-,-,,
UIBU,XSES,UI Boustead REIT Units,Real Estate,REIT - Industrial,,SGD,Asset Turnover,,-,-,-,-,-,-,-,-,-,0.05,,
UIX,XSES,China Environmental Resources Group Ltd,Consumer Cyclical,Auto & Truck Dealerships,,SGD,Return on Asset %,,-10.74,-4.88,-16.84,-14.34,-7.18,-5.9,-2.12,-4.68,-9.81,-6.35,,
UIX,XSES,China Environmental Resources Group Ltd,Consumer Cyclical,Auto & Truck Dealerships,,SGD,Return on Equity %,,-13.38,-6.11,-20.85,-17.43,-9.28,-8.28,-3.12,-7.1,-15.5,-10.28,,
UIX,XSES,China Environmental Resources Group Ltd,Consumer Cyclical,Auto & Truck Dealerships,,SGD,Return on Invested Capital %,,-13.31,-6.48,-20.61,-16.81,-8.16,-6.8,-2.11,-5.11,-10.91,-6.68,,
UIX,XSES,China Environmental Resources Group Ltd,Consumer Cyclical,Auto & Truck Dealerships,,SGD,Days Sales Outstanding,,66.54,73.74,19.08,94.43,191.41,165.17,111.4,90.61,81.02,133.28,,
UIX,XSES,China Environmental Resources Group Ltd,Consumer Cyclical,Auto & Truck Dealerships,,SGD,Days Inventory,,380.81,592.54,50.6,114.41,148.17,151.22,139.07,165.98,176.62,198.4,,
UIX,XSES,China Environmental Resources Group Ltd,Consumer Cyclical,Auto & Truck Dealerships,,SGD,Payables Period,,386.0,713.55,16.9,5.2,21.4,44.2,47.36,52.73,48.69,51.98,,
UIX,XSES,China Environmental Resources Group Ltd,Consumer Cyclical,Auto & Truck Dealerships,,SGD,Cash Conversion Cycle,,61.35,-47.27,52.79,203.64,318.18,272.18,203.12,203.86,208.94,279.7,,
UIX,XSES,China Environmental Resources Group Ltd,Consumer Cyclical,Auto & Truck Dealerships,,SGD,Recieveables Turnover,,5.49,4.95,19.13,3.87,1.91,2.21,3.28,4.03,4.51,2.74,,
UIX,XSES,China Environmental Resources Group Ltd,Consumer Cyclical,Auto & Truck Dealerships,,SGD,Inventory Turnover,,0.96,0.62,7.21,3.19,2.46,2.41,2.62,2.2,2.07,1.84,,
UIX,XSES,China Environmental Resources Group Ltd,Consumer Cyclical,Auto & Truck Dealerships,,SGD,Fixed Assets Turnover,,3.53,2.84,23.37,9.96,3.13,2.3,2.64,3.53,13.21,12.77,,
UIX,XSES,China Environmental Resources Group Ltd,Consumer Cyclical,Auto & Truck Dealerships,,SGD,Asset Turnover,,0.01,0.01,0.22,0.14,0.1,0.1,0.12,0.11,0.12,0.1,,
ULG,XSES,Ultragreen Ai Ltd Ordinary Shares,Healthcare,Health Information Services,,SGD,Return on Asset %,,-,-,-,-,-,-,25.79,29.8,43.41,32.67,,
ULG,XSES,Ultragreen Ai Ltd Ordinary Shares,Healthcare,Health Information Services,,SGD,Return on Equity %,,-,-,-,-,-,-,42.43,47.6,60.24,36.62,,
ULG,XSES,Ultragreen Ai Ltd Ordinary Shares,Healthcare,Health Information Services,,SGD,Return on Invested Capital %,,-,-,-,-,-,-,28.56,33.13,48.86,35.46,,
ULG,XSES,Ultragreen Ai Ltd Ordinary Shares,Healthcare,Health Information Services,,SGD,Days Sales Outstanding,,-,-,-,-,-,-,101.59,100.33,117.41,123.33,,
ULG,XSES,Ultragreen Ai Ltd Ordinary Shares,Healthcare,Health Information Services,,SGD,Days Inventory,,-,-,-,-,-,-,269.08,243.88,242.68,250.96,,
ULG,XSES,Ultragreen Ai Ltd Ordinary Shares,Healthcare,Health Information Services,,SGD,Payables Period,,-,-,-,-,-,-,49.31,48.31,137.01,126.16,,
ULG,XSES,Ultragreen Ai Ltd Ordinary Shares,Healthcare,Health Information Services,,SGD,Cash Conversion Cycle,,-,-,-,-,-,-,321.35,295.9,223.08,248.12,,
ULG,XSES,Ultragreen Ai Ltd Ordinary Shares,Healthcare,Health Information Services,,SGD,Recieveables Turnover,,-,-,-,-,-,-,3.59,3.64,3.11,2.96,,
ULG,XSES,Ultragreen Ai Ltd Ordinary Shares,Healthcare,Health Information Services,,SGD,Inventory Turnover,,-,-,-,-,-,-,1.36,1.5,1.5,1.45,,
ULG,XSES,Ultragreen Ai Ltd Ordinary Shares,Healthcare,Health Information Services,,SGD,Fixed Assets Turnover,,-,-,-,-,-,-,6.03,8.7,11.88,16.55,,
ULG,XSES,Ultragreen Ai Ltd Ordinary Shares,Healthcare,Health Information Services,,SGD,Asset Turnover,,-,-,-,-,-,-,0.54,0.65,0.84,0.6,,
URR,XSES,Sim Leisure Group Ltd Ordinary Shares,Consumer Cyclical,Leisure,,SGD,Return on Asset %,,-,2.68,11.77,0.36,8.36,-9.04,15.16,11.35,8.84,13.21,,
URR,XSES,Sim Leisure Group Ltd Ordinary Shares,Consumer Cyclical,Leisure,,SGD,Return on Equity %,,-,6.08,22.0,0.55,14.6,-18.49,29.93,23.74,21.23,30.57,,
URR,XSES,Sim Leisure Group Ltd Ordinary Shares,Consumer Cyclical,Leisure,,SGD,Return on Invested Capital %,,-,6.72,26.08,1.04,11.1,-9.75,21.98,17.38,13.71,18.85,,
URR,XSES,Sim Leisure Group Ltd Ordinary Shares,Consumer Cyclical,Leisure,,SGD,Days Sales Outstanding,,-,16.32,9.19,8.14,24.53,57.5,40.51,66.59,58.68,50.37,,
URR,XSES,Sim Leisure Group Ltd Ordinary Shares,Consumer Cyclical,Leisure,,SGD,Days Inventory,,-,10.14,5.36,3.57,12.57,14.71,5.19,1.84,3.26,2.53,,
URR,XSES,Sim Leisure Group Ltd Ordinary Shares,Consumer Cyclical,Leisure,,SGD,Payables Period,,-,20.6,11.8,19.99,35.65,92.48,45.69,14.11,24.48,20.02,,
URR,XSES,Sim Leisure Group Ltd Ordinary Shares,Consumer Cyclical,Leisure,,SGD,Cash Conversion Cycle,,-,5.85,2.75,-8.29,1.45,-20.27,0.01,54.32,37.46,32.88,,
URR,XSES,Sim Leisure Group Ltd Ordinary Shares,Consumer Cyclical,Leisure,,SGD,Recieveables Turnover,,-,22.37,39.72,44.86,14.88,6.35,9.01,5.48,6.22,7.25,,
URR,XSES,Sim Leisure Group Ltd Ordinary Shares,Consumer Cyclical,Leisure,,SGD,Inventory Turnover,,-,36.01,68.09,102.26,29.04,24.81,70.39,198.55,111.9,144.33,,
URR,XSES,Sim Leisure Group Ltd Ordinary Shares,Consumer Cyclical,Leisure,,SGD,Fixed Assets Turnover,,-,0.22,0.45,0.37,0.1,0.16,0.63,1.17,1.12,0.78,,
URR,XSES,Sim Leisure Group Ltd Ordinary Shares,Consumer Cyclical,Leisure,,SGD,Asset Turnover,,-,0.2,0.41,0.34,0.09,0.14,0.46,0.7,0.65,0.45,,
UZF,XSES,Dezign Format Group Ltd,Industrials,Specialty Business Services,,SGD,Return on Asset %,,-,-,-,-,-,-,8.36,14.72,17.41,4.04,,
UZF,XSES,Dezign Format Group Ltd,Industrials,Specialty Business Services,,SGD,Return on Equity %,,-,-,-,-,-,-,19.33,37.45,55.68,11.59,,
UZF,XSES,Dezign Format Group Ltd,Industrials,Specialty Business Services,,SGD,Return on Invested Capital %,,-,-,-,-,-,-,13.68,25.46,38.66,8.76,,
UZF,XSES,Dezign Format Group Ltd,Industrials,Specialty Business Services,,SGD,Days Sales Outstanding,,-,-,-,-,-,-,130.08,95.71,87.82,101.55,,
UZF,XSES,Dezign Format Group Ltd,Industrials,Specialty Business Services,,SGD,Days Inventory,,-,-,-,-,-,-,9.84,7.06,5.37,4.95,,
UZF,XSES,Dezign Format Group Ltd,Industrials,Specialty Business Services,,SGD,Payables Period,,-,-,-,-,-,-,76.22,48.03,116.82,112.14,,
UZF,XSES,Dezign Format Group Ltd,Industrials,Specialty Business Services,,SGD,Cash Conversion Cycle,,-,-,-,-,-,-,63.7,54.74,-23.63,-5.64,,
UZF,XSES,Dezign Format Group Ltd,Industrials,Specialty Business Services,,SGD,Recieveables Turnover,,-,-,-,-,-,-,2.81,3.81,4.16,3.59,,
UZF,XSES,Dezign Format Group Ltd,Industrials,Specialty Business Services,,SGD,Inventory Turnover,,-,-,-,-,-,-,37.1,51.73,68.02,73.74,,
UZF,XSES,Dezign Format Group Ltd,Industrials,Specialty Business Services,,SGD,Fixed Assets Turnover,,-,-,-,-,-,-,34.17,23.37,11.98,8.18,,
UZF,XSES,Dezign Format Group Ltd,Industrials,Specialty Business Services,,SGD,Asset Turnover,,-,-,-,-,-,-,0.93,1.17,1.18,1.16,,
V03,XSES,Venture Corp Ltd,Technology,Electronic Components,,SGD,Return on Asset %,,6.84,12.63,11.66,11.21,9.13,9.08,10.01,7.39,6.76,6.22,,
V03,XSES,Venture Corp Ltd,Technology,Electronic Components,,SGD,Return on Equity %,,9.38,18.07,16.39,14.99,11.7,11.77,13.31,9.52,8.56,7.99,,
V03,XSES,Venture Corp Ltd,Technology,Electronic Components,,SGD,Return on Invested Capital %,,8.77,17.44,15.96,14.47,11.39,11.53,12.97,8.65,7.33,6.85,,
V03,XSES,Venture Corp Ltd,Technology,Electronic Components,,SGD,Days Sales Outstanding,,81.5,67.4,78.67,82.14,97.04,89.99,82.0,95.59,89.77,91.91,,
V03,XSES,Venture Corp Ltd,Technology,Electronic Components,,SGD,Days Inventory,,99.09,79.42,108.73,101.36,112.03,135.48,132.01,152.81,136.04,137.64,,
V03,XSES,Venture Corp Ltd,Technology,Electronic Components,,SGD,Payables Period,,70.93,64.99,80.78,68.23,73.0,82.69,73.45,74.84,75.27,91.34,,
V03,XSES,Venture Corp Ltd,Technology,Electronic Components,,SGD,Cash Conversion Cycle,,109.66,81.84,106.61,115.27,136.07,142.79,140.56,173.57,150.55,138.2,,
V03,XSES,Venture Corp Ltd,Technology,Electronic Components,,SGD,Recieveables Turnover,,4.48,5.42,4.64,4.44,3.76,4.06,4.45,3.82,4.07,3.97,,
V03,XSES,Venture Corp Ltd,Technology,Electronic Components,,SGD,Inventory Turnover,,3.68,4.6,3.36,3.6,3.26,2.69,2.77,2.39,2.68,2.65,,
V03,XSES,Venture Corp Ltd,Technology,Electronic Components,,SGD,Fixed Assets Turnover,,14.75,19.97,16.26,14.83,11.9,13.1,16.25,11.61,9.92,9.39,,
V03,XSES,Venture Corp Ltd,Technology,Electronic Components,,SGD,Asset Turnover,,1.09,1.36,1.1,1.12,0.92,0.9,1.05,0.83,0.75,0.69,,
V2Y,XSES,Oceanscape International Ltd Ordinary Shares,Industrials,Specialty Industrial Machinery,,SGD,Return on Asset %,,-138.34,-85.31,-50.44,-44.87,581.02,-47.47,-90.10,-65.16,-86.61,-141.21,,
V2Y,XSES,Oceanscape International Ltd Ordinary Shares,Industrials,Specialty Industrial Machinery,,SGD,Return on Equity %,,-472.82,-2242.42,-164.53,-126.33,1527.83,-91.60,-236.86,-284.70,-,-,,
V2Y,XSES,Oceanscape International Ltd Ordinary Shares,Industrials,Specialty Industrial Machinery,,SGD,Return on Invested Capital %,,-472.82,-199.81,-115.03,-121.85,1453.41,-79.69,-157.62,-137.06,-,-,,
V2Y,XSES,Oceanscape International Ltd Ordinary Shares,Industrials,Specialty Industrial Machinery,,SGD,Days Sales Outstanding,,24.01,61.04,86.04,91.67,507.78,88.82,88.85,187.59,36.46,2398.57,,
V2Y,XSES,Oceanscape International Ltd Ordinary Shares,Industrials,Specialty Industrial Machinery,,SGD,Days Inventory,,58.3,55.42,52.09,51.87,291.17,-,-,-,1.57,152.08,,
V2Y,XSES,Oceanscape International Ltd Ordinary Shares,Industrials,Specialty Industrial Machinery,,SGD,Payables Period,,43.68,90.11,101.22,110.45,695.17,209.68,396.82,205.50,40.89,5870.42,,
V2Y,XSES,Oceanscape International Ltd Ordinary Shares,Industrials,Specialty Industrial Machinery,,SGD,Cash Conversion Cycle,,38.63,26.35,36.91,33.09,103.78,-,-,-,-2.86,-3319.76,,
V2Y,XSES,Oceanscape International Ltd Ordinary Shares,Industrials,Specialty Industrial Machinery,,SGD,Recieveables Turnover,,15.2,5.98,4.24,3.98,0.72,4.11,4.11,1.95,10.01,0.15,,
V2Y,XSES,Oceanscape International Ltd Ordinary Shares,Industrials,Specialty Industrial Machinery,,SGD,Inventory Turnover,,6.26,6.59,7.01,7.04,1.25,-,-,-,233.00,2.40,,
V2Y,XSES,Oceanscape International Ltd Ordinary Shares,Industrials,Specialty Industrial Machinery,,SGD,Fixed Assets Turnover,,24.62,67.66,82.67,44.46,4.96,12.24,9.65,-,0.88,0.01,,
V2Y,XSES,Oceanscape International Ltd Ordinary Shares,Industrials,Specialty Industrial Machinery,,SGD,Asset Turnover,,2.24,2.02,1.1,1.03,0.18,0.29,0.13,0.15,0.48,0.00,,
V3M,XSES,Metech International Ltd,Industrials,Specialty Business Services,,SGD,Return on Asset %,,-38.4,4.21,-37.01,-5.9,-13.64,-38.68,-24.53,-,-,-,,
V3M,XSES,Metech International Ltd,Industrials,Specialty Business Services,,SGD,Return on Equity %,,-62.33,8.54,-105.49,-26.19,-38.41,-47.70,-32.23,-,-,-,,
V3M,XSES,Metech International Ltd,Industrials,Specialty Business Services,,SGD,Return on Invested Capital %,,-61.59,7.49,-80.09,-8.55,-17.08,-43.87,-29.4,-,-,-,,
V3M,XSES,Metech International Ltd,Industrials,Specialty Business Services,,SGD,Days Sales Outstanding,,61.44,26.9,33.13,10.97,2.33,1.15,0.49,-,-,-,,
V3M,XSES,Metech International Ltd,Industrials,Specialty Business Services,,SGD,Days Inventory,,23.89,10.3,12.7,6.79,0.09,-,34.08,-,-,-,,
V3M,XSES,Metech International Ltd,Industrials,Specialty Business Services,,SGD,Payables Period,,53.97,27.32,30.17,9.09,0.91,2.03,9.88,-,-,-,,
V3M,XSES,Metech International Ltd,Industrials,Specialty Business Services,,SGD,Cash Conversion Cycle,,31.37,9.88,15.66,8.67,1.51,-,24.69,-,-,-,,
V3M,XSES,Metech International Ltd,Industrials,Specialty Business Services,,SGD,Recieveables Turnover,,5.94,13.57,11.02,33.26,156.52,318.32,746.29,-,-,-,,
V3M,XSES,Metech International Ltd,Industrials,Specialty Business Services,,SGD,Inventory Turnover,,15.28,35.44,28.74,53.75,4145.85,-,10.71,-,-,-,,
V3M,XSES,Metech International Ltd,Industrials,Specialty Business Services,,SGD,Fixed Assets Turnover,,8.41,55.25,47.82,72.23,75.78,79.58,1.59,-,-,-,,
V3M,XSES,Metech International Ltd,Industrials,Specialty Business Services,,SGD,Asset Turnover,,2.2,5.81,4.68,6.2,3.63,5.22,0.67,-,-,-,,
V7R,XSES,Resources Global Development Ltd Ordinary Shares,Industrials,Marine Shipping,,SGD,Return on Asset %,,7.06,4.18,7.35,1.81,6.08,24.09,21.69,11.08,6.79,10.64,,
V7R,XSES,Resources Global Development Ltd Ordinary Shares,Industrials,Marine Shipping,,SGD,Return on Equity %,,17.46,9.95,16.22,4.73,15.88,50.14,45.27,22.92,16.33,22.9,,
V7R,XSES,Resources Global Development Ltd Ordinary Shares,Industrials,Marine Shipping,,SGD,Return on Invested Capital %,,15.67,9.55,14.52,4.36,13.5,43.79,36.53,19.16,13.07,17.96,,
V7R,XSES,Resources Global Development Ltd Ordinary Shares,Industrials,Marine Shipping,,SGD,Days Sales Outstanding,,83.57,75.25,37.36,27.9,45.33,22.99,33.28,56.0,38.53,27.65,,
V7R,XSES,Resources Global Development Ltd Ordinary Shares,Industrials,Marine Shipping,,SGD,Days Inventory,,0.82,0.58,0.24,0.16,5.82,10.43,7.87,12.3,42.88,26.58,,
V7R,XSES,Resources Global Development Ltd Ordinary Shares,Industrials,Marine Shipping,,SGD,Payables Period,,6.25,7.08,17.3,19.58,30.85,16.24,14.99,23.97,44.88,28.44,,
V7R,XSES,Resources Global Development Ltd Ordinary Shares,Industrials,Marine Shipping,,SGD,Cash Conversion Cycle,,78.14,68.75,20.3,8.48,20.3,17.19,26.16,44.33,36.52,25.79,,
V7R,XSES,Resources Global Development Ltd Ordinary Shares,Industrials,Marine Shipping,,SGD,Recieveables Turnover,,4.37,4.85,9.77,13.08,8.05,15.87,10.97,6.52,9.47,13.2,,
V7R,XSES,Resources Global Development Ltd Ordinary Shares,Industrials,Marine Shipping,,SGD,Inventory Turnover,,446.11,626.86,1503.72,2285.53,62.76,34.99,46.37,29.68,8.51,13.73,,
V7R,XSES,Resources Global Development Ltd Ordinary Shares,Industrials,Marine Shipping,,SGD,Fixed Assets Turnover,,1.1,1.21,3.04,3.4,2.23,3.75,3.45,1.45,0.7,0.8,,
V7R,XSES,Resources Global Development Ltd Ordinary Shares,Industrials,Marine Shipping,,SGD,Asset Turnover,,0.63,0.67,1.47,2.0,1.45,2.17,1.93,0.9,0.53,0.51,,
V8Y,XSES,Quantum Healthcare Ltd,Healthcare,Medical Devices,,SGD,Return on Asset %,,-51.38,-116.74,142.33,-51.2,-90.51,-194.80,-107.93,-25.92,-17.48,-23.52,,
V8Y,XSES,Quantum Healthcare Ltd,Healthcare,Medical Devices,,SGD,Return on Equity %,,-,-,1344.57,-72.91,-160.64,-,-,-,-,-,,
V8Y,XSES,Quantum Healthcare Ltd,Healthcare,Medical Devices,,SGD,Return on Invested Capital %,,-,-,361.87,-61.39,-120.42,-,-,-,-,-,,
V8Y,XSES,Quantum Healthcare Ltd,Healthcare,Medical Devices,,SGD,Days Sales Outstanding,,67.06,34.49,34.53,29.09,98.16,-,24.10,43.01,54.41,49.22,,
V8Y,XSES,Quantum Healthcare Ltd,Healthcare,Medical Devices,,SGD,Days Inventory,,302.53,142.39,83.07,33.43,55.25,-,2.33,1.72,2.18,2.79,,
V8Y,XSES,Quantum Healthcare Ltd,Healthcare,Medical Devices,,SGD,Payables Period,,197.88,157.95,74.37,38.05,64.58,-,57.71,63.44,54.82,41.97,,
V8Y,XSES,Quantum Healthcare Ltd,Healthcare,Medical Devices,,SGD,Cash Conversion Cycle,,171.70,18.94,43.23,24.47,88.84,-,-31.28,-18.71,1.78,10.04,,
V8Y,XSES,Quantum Healthcare Ltd,Healthcare,Medical Devices,,SGD,Recieveables Turnover,,5.44,10.58,10.57,12.55,3.72,-,15.15,8.49,6.71,7.42,,
V8Y,XSES,Quantum Healthcare Ltd,Healthcare,Medical Devices,,SGD,Inventory Turnover,,1.21,2.56,4.39,10.92,6.61,-,156.84,212.20,167.33,130.86,,
V8Y,XSES,Quantum Healthcare Ltd,Healthcare,Medical Devices,,SGD,Fixed Assets Turnover,,12.62,22.48,38.41,26.99,2.42,-,5.18,4.26,3.46,3.51,,
V8Y,XSES,Quantum Healthcare Ltd,Healthcare,Medical Devices,,SGD,Asset Turnover,,0.46,0.73,0.54,0.42,0.07,-,1.18,0.94,0.99,1.12,,
VC2,XSES,Olam Group Ltd,Consumer Defensive,Food Distribution,,SGD,Return on Asset %,,1.44,2.54,1.52,2.3,0.72,2.14,1.84,0.75,0.14,0.98,,
VC2,XSES,Olam Group Ltd,Consumer Defensive,Food Distribution,,SGD,Return on Equity %,,6.04,9.81,5.45,8.84,3.05,9.88,8.15,3.29,0.75,5.88,,
VC2,XSES,Olam Group Ltd,Consumer Defensive,Food Distribution,,SGD,Return on Invested Capital %,,3.53,5.32,4.19,5.37,2.67,4.53,4.88,5.12,3.94,4.78,,
VC2,XSES,Olam Group Ltd,Consumer Defensive,Food Distribution,,SGD,Days Sales Outstanding,,24.12,21.14,22.65,23.08,18.67,14.89,15.88,21.26,22.83,35.19,,
VC2,XSES,Olam Group Ltd,Consumer Defensive,Food Distribution,,SGD,Days Inventory,,140.29,103.32,81.78,83.07,81.38,68.87,64.39,77.86,92.43,180.83,,
VC2,XSES,Olam Group Ltd,Consumer Defensive,Food Distribution,,SGD,Payables Period,,27.32,24.38,30.43,37.75,30.75,25.82,25.15,29.09,27.79,49.28,,
VC2,XSES,Olam Group Ltd,Consumer Defensive,Food Distribution,,SGD,Cash Conversion Cycle,,137.09,100.08,74.0,68.4,69.31,57.94,55.12,70.02,87.47,166.74,,
VC2,XSES,Olam Group Ltd,Consumer Defensive,Food Distribution,,SGD,Recieveables Turnover,,15.13,17.27,16.11,15.81,19.55,24.51,22.99,17.17,15.98,10.37,,
VC2,XSES,Olam Group Ltd,Consumer Defensive,Food Distribution,,SGD,Inventory Turnover,,2.6,3.53,4.46,4.39,4.49,5.3,5.67,4.69,3.95,2.02,,
VC2,XSES,Olam Group Ltd,Consumer Defensive,Food Distribution,,SGD,Fixed Assets Turnover,,4.71,4.78,5.33,5.25,5.41,7.23,8.27,7.14,8.25,4.85,,
VC2,XSES,Olam Group Ltd,Consumer Defensive,Food Distribution,,SGD,Asset Turnover,,0.93,1.15,1.33,1.34,1.37,1.6,1.72,1.48,1.43,0.7,,
VI2,XSES,Trans-China Automotive Holdings Ltd,Consumer Cyclical,Auto & Truck Dealerships,,SGD,Return on Asset %,,-,-,0.18,1.55,6.92,6.72,1.1,-5.37,-6.79,-9.58,,
VI2,XSES,Trans-China Automotive Holdings Ltd,Consumer Cyclical,Auto & Truck Dealerships,,SGD,Return on Equity %,,-,-,-,-,4384.96,66.68,7.12,-37.04,-71.35,-507.8,,
VI2,XSES,Trans-China Automotive Holdings Ltd,Consumer Cyclical,Auto & Truck Dealerships,,SGD,Return on Invested Capital %,,-,-,-,-,20.26,15.71,4.31,-6.48,-9.65,-19.0,,
VI2,XSES,Trans-China Automotive Holdings Ltd,Consumer Cyclical,Auto & Truck Dealerships,,SGD,Days Sales Outstanding,,-,-,0.93,1.09,0.81,0.58,0.72,0.73,1.38,1.26,,
VI2,XSES,Trans-China Automotive Holdings Ltd,Consumer Cyclical,Auto & Truck Dealerships,,SGD,Days Inventory,,-,-,31.74,36.81,31.04,25.53,38.58,43.15,35.55,36.29,,
VI2,XSES,Trans-China Automotive Holdings Ltd,Consumer Cyclical,Auto & Truck Dealerships,,SGD,Payables Period,,-,-,54.56,43.85,34.19,37.37,51.04,60.65,74.29,111.48,,
VI2,XSES,Trans-China Automotive Holdings Ltd,Consumer Cyclical,Auto & Truck Dealerships,,SGD,Cash Conversion Cycle,,-,-,-21.89,-5.96,-2.34,-11.26,-11.74,-16.78,-37.36,-73.93,,
VI2,XSES,Trans-China Automotive Holdings Ltd,Consumer Cyclical,Auto & Truck Dealerships,,SGD,Recieveables Turnover,,-,-,392.09,336.40,449.66,629.67,510.24,501.13,264.44,289.59,,
VI2,XSES,Trans-China Automotive Holdings Ltd,Consumer Cyclical,Auto & Truck Dealerships,,SGD,Inventory Turnover,,-,-,11.50,9.92,11.76,14.3,9.46,8.46,10.27,10.06,,
VI2,XSES,Trans-China Automotive Holdings Ltd,Consumer Cyclical,Auto & Truck Dealerships,,SGD,Fixed Assets Turnover,,-,-,13.53,14.71,13.37,11.81,9.9,8.09,6.32,6.13,,
VI2,XSES,Trans-China Automotive Holdings Ltd,Consumer Cyclical,Auto & Truck Dealerships,,SGD,Asset Turnover,,-,-,2.25,2.48,2.65,2.45,2.12,2.03,1.68,1.42,,
VIN,XSES,Vins Holdings Ltd,Consumer Cyclical,Auto & Truck Dealerships,,SGD,Return on Asset %,,-,-,-,-,-,3.78,3.53,3.13,1.79,0.44,,
VIN,XSES,Vins Holdings Ltd,Consumer Cyclical,Auto & Truck Dealerships,,SGD,Return on Equity %,,-,-,-,-,-,18.2,18.55,16.89,9.18,1.89,,
VIN,XSES,Vins Holdings Ltd,Consumer Cyclical,Auto & Truck Dealerships,,SGD,Return on Invested Capital %,,-,-,-,-,-,4.74,4.82,4.58,3.15,1.71,,
VIN,XSES,Vins Holdings Ltd,Consumer Cyclical,Auto & Truck Dealerships,,SGD,Days Sales Outstanding,,-,-,-,-,-,4.86,6.21,35.15,38.61,14.7,,
VIN,XSES,Vins Holdings Ltd,Consumer Cyclical,Auto & Truck Dealerships,,SGD,Days Inventory,,-,-,-,-,-,55.11,61.27,58.08,59.6,75.08,,
VIN,XSES,Vins Holdings Ltd,Consumer Cyclical,Auto & Truck Dealerships,,SGD,Payables Period,,-,-,-,-,-,0.85,1.09,5.87,5.93,1.51,,
VIN,XSES,Vins Holdings Ltd,Consumer Cyclical,Auto & Truck Dealerships,,SGD,Cash Conversion Cycle,,-,-,-,-,-,59.12,66.39,87.35,92.29,88.27,,
VIN,XSES,Vins Holdings Ltd,Consumer Cyclical,Auto & Truck Dealerships,,SGD,Recieveables Turnover,,-,-,-,-,-,75.14,58.78,10.39,9.45,24.83,,
VIN,XSES,Vins Holdings Ltd,Consumer Cyclical,Auto & Truck Dealerships,,SGD,Inventory Turnover,,-,-,-,-,-,6.62,5.96,6.28,6.12,4.86,,
VIN,XSES,Vins Holdings Ltd,Consumer Cyclical,Auto & Truck Dealerships,,SGD,Fixed Assets Turnover,,-,-,-,-,-,9.79,9.04,7.71,6.98,6.27,,
VIN,XSES,Vins Holdings Ltd,Consumer Cyclical,Auto & Truck Dealerships,,SGD,Asset Turnover,,-,-,-,-,-,1.16,1.17,1.05,0.89,0.86,,
W05,XSES,Wing Tai Holdings Ltd,Real Estate,Real Estate - Development,,SGD,Return on Asset %,,0.14,0.42,4.65,0.9,0.07,0.67,2.91,0.16,-2.08,-1.48,,
W05,XSES,Wing Tai Holdings Ltd,Real Estate,Real Estate - Development,,SGD,Return on Equity %,,0.22,0.63,6.28,1.14,0.09,0.88,3.68,0.2,-2.71,-2.1,,
W05,XSES,Wing Tai Holdings Ltd,Real Estate,Real Estate - Development,,SGD,Return on Invested Capital %,,0.86,1.13,5.55,1.36,0.61,1.26,3.61,0.57,-1.78,-0.85,,
W05,XSES,Wing Tai Holdings Ltd,Real Estate,Real Estate - Development,,SGD,Days Sales Outstanding,,16.03,29.55,25.07,26.25,8.47,7.35,12.67,22.23,40.91,17.16,,
W05,XSES,Wing Tai Holdings Ltd,Real Estate,Real Estate - Development,,SGD,Days Inventory,,1331.79,2901.74,1360.72,1870.69,2028.24,1127.84,679.82,638.53,3325.82,2560.11,,
W05,XSES,Wing Tai Holdings Ltd,Real Estate,Real Estate - Development,,SGD,Payables Period,,162.8,441.46,178.18,32.98,27.18,14.56,10.88,16.67,89.99,45.49,,
W05,XSES,Wing Tai Holdings Ltd,Real Estate,Real Estate - Development,,SGD,Cash Conversion Cycle,,1185.02,2489.83,1207.61,1863.97,2009.53,1120.62,681.61,644.09,3276.74,2531.79,,
W05,XSES,Wing Tai Holdings Ltd,Real Estate,Real Estate - Development,,SGD,Recieveables Turnover,,22.78,12.35,14.56,13.9,43.1,49.68,28.82,16.42,8.92,21.27,,
W05,XSES,Wing Tai Holdings Ltd,Real Estate,Real Estate - Development,,SGD,Inventory Turnover,,0.27,0.13,0.27,0.2,0.18,0.32,0.54,0.57,0.11,0.14,,
W05,XSES,Wing Tai Holdings Ltd,Real Estate,Real Estate - Development,,SGD,Fixed Assets Turnover,,4.62,2.27,3.2,2.81,3.64,5.31,6.57,6.37,2.17,2.99,,
W05,XSES,Wing Tai Holdings Ltd,Real Estate,Real Estate - Development,,SGD,Asset Turnover,,0.11,0.05,0.08,0.07,0.08,0.1,0.12,0.11,0.04,0.06,,
W8W,XSES,Coliwoo Holdings Ltd,Real Estate,Real Estate Services,,SGD,Return on Asset %,,-,-,-,-,-,-,18.79,4.23,11.30,3.88,,
W8W,XSES,Coliwoo Holdings Ltd,Real Estate,Real Estate Services,,SGD,Return on Equity %,,-,-,-,-,-,-,83.26,19.55,39.93,12.13,,
W8W,XSES,Coliwoo Holdings Ltd,Real Estate,Real Estate Services,,SGD,Return on Invested Capital %,,-,-,-,-,-,-,24.90,7.61,15.77,5.98,,
W8W,XSES,Coliwoo Holdings Ltd,Real Estate,Real Estate Services,,SGD,Days Sales Outstanding,,-,-,-,-,-,-,2.77,1.87,72.97,88.90,,
W8W,XSES,Coliwoo Holdings Ltd,Real Estate,Real Estate Services,,SGD,Days Inventory,,-,-,-,-,-,-,-,-,-,-,,
W8W,XSES,Coliwoo Holdings Ltd,Real Estate,Real Estate Services,,SGD,Payables Period,,-,-,-,-,-,-,31.15,80.44,427.29,628.76,,
W8W,XSES,Coliwoo Holdings Ltd,Real Estate,Real Estate Services,,SGD,Cash Conversion Cycle,,-,-,-,-,-,-,-,-,-,-,,
W8W,XSES,Coliwoo Holdings Ltd,Real Estate,Real Estate Services,,SGD,Recieveables Turnover,,-,-,-,-,-,-,131.66,195.36,5.00,4.11,,
W8W,XSES,Coliwoo Holdings Ltd,Real Estate,Real Estate Services,,SGD,Inventory Turnover,,-,-,-,-,-,-,-,-,-,-,,
W8W,XSES,Coliwoo Holdings Ltd,Real Estate,Real Estate Services,,SGD,Fixed Assets Turnover,,-,-,-,-,-,-,7.02,9.40,13.65,12.85,,
W8W,XSES,Coliwoo Holdings Ltd,Real Estate,Real Estate Services,,SGD,Asset Turnover,,-,-,-,-,-,-,0.09,0.14,0.17,0.12,,
WJ9,XSES,Advanced Systems Automation Ltd,Technology,Semiconductor Equipment & Materials,,SGD,Return on Asset %,-61.01,-15.34,-28.84,-26.63,-20.05,-23.80,-1.25,0.12,-23.37,-27.96,,,
WJ9,XSES,Advanced Systems Automation Ltd,Technology,Semiconductor Equipment & Materials,,SGD,Return on Equity %,-151.26,-210.16,-202.53,-103.06,-118.25,-,-,-,-,-,,,
WJ9,XSES,Advanced Systems Automation Ltd,Technology,Semiconductor Equipment & Materials,,SGD,Return on Invested Capital %,-125.22,-174.03,-196.23,-79.91,-72.61,-,-,-,-,-,,,
WJ9,XSES,Advanced Systems Automation Ltd,Technology,Semiconductor Equipment & Materials,,SGD,Days Sales Outstanding,117.73,105.74,103.11,145.36,94.29,-,43.24,79.69,59.85,61.10,,,
WJ9,XSES,Advanced Systems Automation Ltd,Technology,Semiconductor Equipment & Materials,,SGD,Days Inventory,50.76,43.54,45.25,114.21,81.48,-,26.74,35.32,37.25,19.81,,,
WJ9,XSES,Advanced Systems Automation Ltd,Technology,Semiconductor Equipment & Materials,,SGD,Payables Period,130.96,151.07,153.32,215.54,75.86,-,23.99,43.76,29.51,51.13,,,
WJ9,XSES,Advanced Systems Automation Ltd,Technology,Semiconductor Equipment & Materials,,SGD,Cash Conversion Cycle,37.53,-1.79,-4.96,44.03,99.9,-,45.98,71.25,67.59,29.78,,,
WJ9,XSES,Advanced Systems Automation Ltd,Technology,Semiconductor Equipment & Materials,,SGD,Recieveables Turnover,3.1,3.45,3.54,2.51,3.87,-,8.44,4.58,6.10,5.97,,,
WJ9,XSES,Advanced Systems Automation Ltd,Technology,Semiconductor Equipment & Materials,,SGD,Inventory Turnover,7.19,8.38,8.07,3.2,4.48,-,13.65,10.33,9.80,18.42,,,
WJ9,XSES,Advanced Systems Automation Ltd,Technology,Semiconductor Equipment & Materials,,SGD,Fixed Assets Turnover,3.35,13.63,16.18,3.65,1.95,-,2.37,1.95,1.81,2.37,,,
WJ9,XSES,Advanced Systems Automation Ltd,Technology,Semiconductor Equipment & Materials,,SGD,Asset Turnover,0.86,1.48,1.63,0.72,0.6,-,0.97,0.81,0.75,0.65,,,
WJP,XSES,Vicom Ltd,Consumer Cyclical,Auto & Truck Dealerships,,SGD,Return on Asset %,,15.8,14.76,18.77,14.38,11.86,12.16,13.54,14.4,14.37,18.41,,
WJP,XSES,Vicom Ltd,Consumer Cyclical,Auto & Truck Dealerships,,SGD,Return on Equity %,,19.02,17.78,23.2,20.14,18.45,18.95,20.93,21.75,21.56,28.13,,
WJP,XSES,Vicom Ltd,Consumer Cyclical,Auto & Truck Dealerships,,SGD,Return on Invested Capital %,,18.15,16.92,22.38,15.92,14.74,15.5,16.78,16.92,16.95,23.0,,
WJP,XSES,Vicom Ltd,Consumer Cyclical,Auto & Truck Dealerships,,SGD,Days Sales Outstanding,,50.08,51.72,56.87,59.83,58.04,40.26,40.31,44.21,49.66,44.27,,
WJP,XSES,Vicom Ltd,Consumer Cyclical,Auto & Truck Dealerships,,SGD,Days Inventory,,0.12,0.13,0.15,0.15,0.09,0.07,0.1,0.12,0.12,0.09,,
WJP,XSES,Vicom Ltd,Consumer Cyclical,Auto & Truck Dealerships,,SGD,Payables Period,,16.89,20.56,21.75,21.41,28.3,103.88,109.96,34.75,41.39,40.87,,
WJP,XSES,Vicom Ltd,Consumer Cyclical,Auto & Truck Dealerships,,SGD,Cash Conversion Cycle,,33.31,31.29,35.27,38.57,29.83,-63.55,-69.55,9.57,8.39,3.49,,
WJP,XSES,Vicom Ltd,Consumer Cyclical,Auto & Truck Dealerships,,SGD,Recieveables Turnover,,7.29,7.06,6.42,6.1,6.29,9.07,9.05,8.26,7.35,8.25,,
WJP,XSES,Vicom Ltd,Consumer Cyclical,Auto & Truck Dealerships,,SGD,Inventory Turnover,,2934.25,2812.59,2462.96,2452.41,4217.48,5142.35,3729.35,3160.11,3134.4,4095.27,,
WJP,XSES,Vicom Ltd,Consumer Cyclical,Auto & Truck Dealerships,,SGD,Fixed Assets Turnover,,2.03,2.03,1.92,1.47,0.98,1.05,1.1,1.09,1.08,1.27,,
WJP,XSES,Vicom Ltd,Consumer Cyclical,Auto & Truck Dealerships,,SGD,Asset Turnover,,0.55,0.52,0.53,0.51,0.41,0.48,0.55,0.57,0.57,0.72,,
WKS,XSES,Winking Studios Ltd,Communication Services,Electronic Gaming & Multimedia,,SGD,Return on Asset %,,-,-,-,-,15.95,20.64,5.46,7.12,1.16,0.50,,
WKS,XSES,Winking Studios Ltd,Communication Services,Electronic Gaming & Multimedia,,SGD,Return on Equity %,,-,-,-,-,24.40,33.43,9.37,10.93,1.47,0.63,,
WKS,XSES,Winking Studios Ltd,Communication Services,Electronic Gaming & Multimedia,,SGD,Return on Invested Capital %,,-,-,-,-,22.98,29.34,7.96,9.46,0.53,-0.04,,
WKS,XSES,Winking Studios Ltd,Communication Services,Electronic Gaming & Multimedia,,SGD,Days Sales Outstanding,,-,-,-,-,66.42,45.18,48.74,42.03,51.48,54.09,,
WKS,XSES,Winking Studios Ltd,Communication Services,Electronic Gaming & Multimedia,,SGD,Days Inventory,,-,-,-,-,-,-,-,-,-,-,,
WKS,XSES,Winking Studios Ltd,Communication Services,Electronic Gaming & Multimedia,,SGD,Payables Period,,-,-,-,-,43.39,27.74,26.07,24.41,24.05,17.22,,
WKS,XSES,Winking Studios Ltd,Communication Services,Electronic Gaming & Multimedia,,SGD,Cash Conversion Cycle,,-,-,-,-,-,-,-,-,-,-,,
WKS,XSES,Winking Studios Ltd,Communication Services,Electronic Gaming & Multimedia,,SGD,Recieveables Turnover,,-,-,-,-,5.50,8.08,7.49,8.68,7.09,6.75,,
WKS,XSES,Winking Studios Ltd,Communication Services,Electronic Gaming & Multimedia,,SGD,Inventory Turnover,,-,-,-,-,-,-,-,-,-,-,,
WKS,XSES,Winking Studios Ltd,Communication Services,Electronic Gaming & Multimedia,,SGD,Fixed Assets Turnover,,-,-,-,-,11.42,9.80,5.65,5.91,6.55,9.22,,
WKS,XSES,Winking Studios Ltd,Communication Services,Electronic Gaming & Multimedia,,SGD,Asset Turnover,,-,-,-,-,1.25,1.57,1.29,1.17,0.70,0.70,,
WPC,XSES,Vallianz Holdings Ltd,Industrials,Marine Shipping,,SGD,Return on Asset %,,-,-,2.53,-22.09,-17.29,-3.56,-0.89,-3.78,4.46,2.26,,
WPC,XSES,Vallianz Holdings Ltd,Industrials,Marine Shipping,,SGD,Return on Equity %,,-,-,7.87,-61.65,-114.57,-35.06,-6.47,-70.04,29.77,9.18,,
WPC,XSES,Vallianz Holdings Ltd,Industrials,Marine Shipping,,SGD,Return on Invested Capital %,,-,-,5.47,-23.7,-15.52,-1.04,1.73,-1.23,14.75,8.98,,
WPC,XSES,Vallianz Holdings Ltd,Industrials,Marine Shipping,,SGD,Days Sales Outstanding,,-,-,124.59,75.54,75.44,88.55,48.18,19.73,31.06,79.05,,
WPC,XSES,Vallianz Holdings Ltd,Industrials,Marine Shipping,,SGD,Days Inventory,,-,-,6.0,9.48,11.93,13.92,3.91,2.23,0.31,0.88,,
WPC,XSES,Vallianz Holdings Ltd,Industrials,Marine Shipping,,SGD,Payables Period,,-,-,227.38,160.96,145.49,200.38,208.83,85.09,16.83,63.95,,
WPC,XSES,Vallianz Holdings Ltd,Industrials,Marine Shipping,,SGD,Cash Conversion Cycle,,-,-,-96.78,-75.93,-58.12,-97.91,-156.74,-63.13,14.55,15.98,,
WPC,XSES,Vallianz Holdings Ltd,Industrials,Marine Shipping,,SGD,Recieveables Turnover,,-,-,2.93,4.83,4.84,4.12,7.58,18.5,11.75,4.62,,
WPC,XSES,Vallianz Holdings Ltd,Industrials,Marine Shipping,,SGD,Inventory Turnover,,-,-,60.81,38.51,30.6,26.23,93.46,163.48,1161.86,413.32,,
WPC,XSES,Vallianz Holdings Ltd,Industrials,Marine Shipping,,SGD,Fixed Assets Turnover,,-,-,0.57,0.72,0.35,0.19,0.94,2.09,4.13,2.13,,
WPC,XSES,Vallianz Holdings Ltd,Industrials,Marine Shipping,,SGD,Asset Turnover,,-,-,0.28,0.32,0.24,0.14,0.24,0.6,1.09,0.71,,
X5N,XSES,Avarga Ltd,Industrials,Industrial Distribution,,SGD,Return on Asset %,,6.63,4.7,2.19,5.99,8.94,10.33,6.81,1.52,3.3,2.08,,
X5N,XSES,Avarga Ltd,Industrials,Industrial Distribution,,SGD,Return on Equity %,,7.04,8.66,5.46,15.83,24.71,27.33,16.34,3.28,6.82,4.28,,
X5N,XSES,Avarga Ltd,Industrials,Industrial Distribution,,SGD,Return on Invested Capital %,,6.77,8.72,4.71,10.66,14.97,18.28,12.45,3.0,5.18,3.92,,
X5N,XSES,Avarga Ltd,Industrials,Industrial Distribution,,SGD,Days Sales Outstanding,,67.58,17.45,26.62,25.64,25.96,22.12,20.59,25.37,28.08,28.7,,
X5N,XSES,Avarga Ltd,Industrials,Industrial Distribution,,SGD,Days Inventory,,43.79,19.79,37.87,47.67,46.98,38.67,42.31,50.74,44.56,46.97,,
X5N,XSES,Avarga Ltd,Industrials,Industrial Distribution,,SGD,Payables Period,,28.52,6.9,10.48,11.98,13.34,10.29,9.24,10.96,11.52,11.74,,
X5N,XSES,Avarga Ltd,Industrials,Industrial Distribution,,SGD,Cash Conversion Cycle,,82.84,30.35,54.01,61.33,59.6,50.51,53.66,65.16,61.12,63.93,,
X5N,XSES,Avarga Ltd,Industrials,Industrial Distribution,,SGD,Recieveables Turnover,,5.4,20.91,13.71,14.23,14.06,16.5,17.72,14.39,13.0,12.72,,
X5N,XSES,Avarga Ltd,Industrials,Industrial Distribution,,SGD,Inventory Turnover,,8.34,18.44,9.64,7.66,7.77,9.44,8.63,7.19,8.19,7.77,,
X5N,XSES,Avarga Ltd,Industrials,Industrial Distribution,,SGD,Fixed Assets Turnover,,1.3,20.9,16.4,10.23,9.81,14.15,14.32,11.59,12.16,12.73,,
X5N,XSES,Avarga Ltd,Industrials,Industrial Distribution,,SGD,Asset Turnover,,0.33,4.19,3.09,2.58,2.76,3.43,3.17,2.37,2.27,2.43,,
XCF,XSES,KTMG Ltd,Consumer Cyclical,Apparel Manufacturing,,SGD,Return on Asset %,,-805.86,-725.49,-1079.01,-7.68,5.82,3.23,5.56,-3.67,-9.71,-6.96,,
XCF,XSES,KTMG Ltd,Consumer Cyclical,Apparel Manufacturing,,SGD,Return on Equity %,,-,-,-,-41.78,18.32,10.88,16.05,-9.3,-32.87,-25.81,,
XCF,XSES,KTMG Ltd,Consumer Cyclical,Apparel Manufacturing,,SGD,Return on Invested Capital %,,-,-,-,-5.2,10.12,6.1,10.2,-2.9,-12.0,-6.83,,
XCF,XSES,KTMG Ltd,Consumer Cyclical,Apparel Manufacturing,,SGD,Days Sales Outstanding,,-,-,-,58.83,90.25,87.88,67.44,62.15,64.59,85.34,,
XCF,XSES,KTMG Ltd,Consumer Cyclical,Apparel Manufacturing,,SGD,Days Inventory,,-,-,-,48.34,64.99,70.09,66.6,54.06,48.6,75.42,,
XCF,XSES,KTMG Ltd,Consumer Cyclical,Apparel Manufacturing,,SGD,Payables Period,,-,-,-,36.62,59.18,63.55,55.37,47.42,52.62,69.46,,
XCF,XSES,KTMG Ltd,Consumer Cyclical,Apparel Manufacturing,,SGD,Cash Conversion Cycle,,-,-,-,70.55,96.06,94.42,78.68,68.79,60.56,91.3,,
XCF,XSES,KTMG Ltd,Consumer Cyclical,Apparel Manufacturing,,SGD,Recieveables Turnover,,-,-,-,6.2,4.04,4.15,5.41,5.87,5.65,4.28,,
XCF,XSES,KTMG Ltd,Consumer Cyclical,Apparel Manufacturing,,SGD,Inventory Turnover,,-,-,-,7.55,5.62,5.21,5.48,6.75,7.51,4.84,,
XCF,XSES,KTMG Ltd,Consumer Cyclical,Apparel Manufacturing,,SGD,Fixed Assets Turnover,,-,-,-,9.01,3.72,5.03,5.56,5.2,6.14,3.32,,
XCF,XSES,KTMG Ltd,Consumer Cyclical,Apparel Manufacturing,,SGD,Asset Turnover,,-,-,-,3.54,1.33,1.5,1.71,1.65,1.79,1.16,,
XHV,XSES,Serial Achieva Ltd,Technology,Computer Hardware,,SGD,Return on Asset %,,-8.76,-2.37,4.42,7.19,73.19,-3.22,-5.64,-111.35,-25.84,-1.36,,
XHV,XSES,Serial Achieva Ltd,Technology,Computer Hardware,,SGD,Return on Equity %,,-9.42,-2.62,5.15,8.49,78.45,-3.30,-5.72,-163.22,-264.06,-15.83,,
XHV,XSES,Serial Achieva Ltd,Technology,Computer Hardware,,SGD,Return on Invested Capital %,,-10.72,-3.98,4.02,7.22,76.66,-3.37,-5.72,-163.22,-68.52,-2.09,,
XHV,XSES,Serial Achieva Ltd,Technology,Computer Hardware,,SGD,Days Sales Outstanding,,113.13,84.48,113.49,129.72,67936.14,-,-,-,59.21,77.57,,
XHV,XSES,Serial Achieva Ltd,Technology,Computer Hardware,,SGD,Days Inventory,,-,-,-,-,-,-,-,-,56.6,39.08,,
XHV,XSES,Serial Achieva Ltd,Technology,Computer Hardware,,SGD,Payables Period,,-,876.94,306.51,355.60,-,-,-,-,52.38,80.21,,
XHV,XSES,Serial Achieva Ltd,Technology,Computer Hardware,,SGD,Cash Conversion Cycle,,-,-,-,-,-,-,-,-,63.44,36.43,,
XHV,XSES,Serial Achieva Ltd,Technology,Computer Hardware,,SGD,Recieveables Turnover,,3.23,4.32,3.22,2.81,0.01,-,-,-,6.16,4.71,,
XHV,XSES,Serial Achieva Ltd,Technology,Computer Hardware,,SGD,Inventory Turnover,,-,-,-,-,-,-,-,-,6.45,9.34,,
XHV,XSES,Serial Achieva Ltd,Technology,Computer Hardware,,SGD,Fixed Assets Turnover,,13.11,15.61,20.77,18.02,0.03,-,-,-,334.02,468.91,,
XHV,XSES,Serial Achieva Ltd,Technology,Computer Hardware,,SGD,Asset Turnover,,0.45,0.69,0.69,0.68,0.00,-,-,-,3.44,1.96,,
XJB,XSES,GHY Culture & Media Holding Co Ltd Ordinary Shares,Communication Services,Entertainment,,SGD,Return on Asset %,,-,-,-,16.23,21.66,1.72,-4.99,-5.51,-17.61,0.99,,
XJB,XSES,GHY Culture & Media Holding Co Ltd Ordinary Shares,Communication Services,Entertainment,,SGD,Return on Equity %,,-,-,-,99.42,43.03,2.45,-6.78,-7.54,-24.01,1.38,,
XJB,XSES,GHY Culture & Media Holding Co Ltd Ordinary Shares,Communication Services,Entertainment,,SGD,Return on Invested Capital %,,-,-,-,52.06,39.06,2.52,-5.47,-5.41,-21.37,1.65,,
XJB,XSES,GHY Culture & Media Holding Co Ltd Ordinary Shares,Communication Services,Entertainment,,SGD,Days Sales Outstanding,,-,-,-,122.59,106.1,168.31,318.29,168.49,118.11,100.22,,
XJB,XSES,GHY Culture & Media Holding Co Ltd Ordinary Shares,Communication Services,Entertainment,,SGD,Days Inventory,,-,-,-,-,0.46,1.12,2.04,0.83,0.24,0.05,,
XJB,XSES,GHY Culture & Media Holding Co Ltd Ordinary Shares,Communication Services,Entertainment,,SGD,Payables Period,,-,-,-,29.72,53.9,48.69,30.11,17.45,9.13,6.3,,
XJB,XSES,GHY Culture & Media Holding Co Ltd Ordinary Shares,Communication Services,Entertainment,,SGD,Cash Conversion Cycle,,-,-,-,-,52.65,120.74,290.22,151.88,109.22,93.97,,
XJB,XSES,GHY Culture & Media Holding Co Ltd Ordinary Shares,Communication Services,Entertainment,,SGD,Recieveables Turnover,,-,-,-,2.98,3.44,2.17,1.15,2.17,3.09,3.64,,
XJB,XSES,GHY Culture & Media Holding Co Ltd Ordinary Shares,Communication Services,Entertainment,,SGD,Inventory Turnover,,-,-,-,-,798.06,325.29,178.88,437.64,1514.7,7372.61,,
XJB,XSES,GHY Culture & Media Holding Co Ltd Ordinary Shares,Communication Services,Entertainment,,SGD,Fixed Assets Turnover,,-,-,-,17.15,16.56,8.47,5.13,7.9,9.64,25.59,,
XJB,XSES,GHY Culture & Media Holding Co Ltd Ordinary Shares,Communication Services,Entertainment,,SGD,Asset Turnover,,-,-,-,0.86,0.72,0.37,0.24,0.42,0.51,0.69,,
XVG,XSES,Aedge Group Ltd Ordinary Shares,Industrials,Conglomerates,,SGD,Return on Asset %,,-,-,-,-,1.6,-3.79,-5.96,-10.85,-2.68,-2.27,,
XVG,XSES,Aedge Group Ltd Ordinary Shares,Industrials,Conglomerates,,SGD,Return on Equity %,,-,-,-,-,2.86,-6.31,-9.35,-17.25,-5.1,-5.79,,
XVG,XSES,Aedge Group Ltd Ordinary Shares,Industrials,Conglomerates,,SGD,Return on Invested Capital %,,-,-,-,-,2.49,-3.86,-6.33,-11.99,-1.28,-0.84,,
XVG,XSES,Aedge Group Ltd Ordinary Shares,Industrials,Conglomerates,,SGD,Days Sales Outstanding,,-,-,-,-,91.44,102.21,69.26,62.01,79.43,69.09,,
XVG,XSES,Aedge Group Ltd Ordinary Shares,Industrials,Conglomerates,,SGD,Days Inventory,,-,-,-,-,4.04,5.68,7.2,8.37,10.18,5.93,,
XVG,XSES,Aedge Group Ltd Ordinary Shares,Industrials,Conglomerates,,SGD,Payables Period,,-,-,-,-,13.53,39.67,31.34,9.04,10.17,10.92,,
XVG,XSES,Aedge Group Ltd Ordinary Shares,Industrials,Conglomerates,,SGD,Cash Conversion Cycle,,-,-,-,-,81.95,68.23,45.12,61.35,79.45,64.11,,
XVG,XSES,Aedge Group Ltd Ordinary Shares,Industrials,Conglomerates,,SGD,Recieveables Turnover,,-,-,-,-,3.99,3.57,5.27,5.89,4.6,5.28,,
XVG,XSES,Aedge Group Ltd Ordinary Shares,Industrials,Conglomerates,,SGD,Inventory Turnover,,-,-,-,-,90.3,64.22,50.7,43.61,35.85,61.52,,
XVG,XSES,Aedge Group Ltd Ordinary Shares,Industrials,Conglomerates,,SGD,Fixed Assets Turnover,,-,-,-,-,2.05,1.59,2.0,3.29,3.99,5.74,,
XVG,XSES,Aedge Group Ltd Ordinary Shares,Industrials,Conglomerates,,SGD,Asset Turnover,,-,-,-,-,0.9,0.68,0.85,1.28,1.08,0.98,,
XWA,XSES,AEM Holdings Ltd,Technology,Semiconductor Equipment & Materials,,SGD,Return on Asset %,,10.94,38.16,26.47,28.96,34.64,17.58,16.73,-0.16,1.66,2.62,,
XWA,XSES,AEM Holdings Ltd,Technology,Semiconductor Equipment & Materials,,SGD,Return on Equity %,,17.02,71.54,45.47,47.14,56.45,29.95,28.57,-0.26,2.4,3.46,,
XWA,XSES,AEM Holdings Ltd,Technology,Semiconductor Equipment & Materials,,SGD,Return on Invested Capital %,,16.96,71.39,45.09,46.37,54.11,26.34,22.99,0.55,2.45,3.21,,
XWA,XSES,AEM Holdings Ltd,Technology,Semiconductor Equipment & Materials,,SGD,Days Sales Outstanding,,63.46,30.0,25.77,22.3,23.17,48.12,36.96,42.51,81.04,112.74,,
XWA,XSES,AEM Holdings Ltd,Technology,Semiconductor Equipment & Materials,,SGD,Days Inventory,,109.52,65.39,66.62,80.56,79.34,137.11,175.11,361.04,403.59,322.02,,
XWA,XSES,AEM Holdings Ltd,Technology,Semiconductor Equipment & Materials,,SGD,Payables Period,,115.74,71.83,78.88,99.29,89.79,127.53,91.73,99.75,82.08,74.51,,
XWA,XSES,AEM Holdings Ltd,Technology,Semiconductor Equipment & Materials,,SGD,Cash Conversion Cycle,,57.24,23.56,13.51,3.57,12.72,57.7,120.33,303.8,402.54,360.25,,
XWA,XSES,AEM Holdings Ltd,Technology,Semiconductor Equipment & Materials,,SGD,Recieveables Turnover,,5.75,12.17,14.16,16.37,15.75,7.59,9.88,8.59,4.5,3.24,,
XWA,XSES,AEM Holdings Ltd,Technology,Semiconductor Equipment & Materials,,SGD,Inventory Turnover,,3.33,5.58,5.48,4.53,4.6,2.66,2.08,1.01,0.9,1.13,,
XWA,XSES,AEM Holdings Ltd,Technology,Semiconductor Equipment & Materials,,SGD,Fixed Assets Turnover,,25.68,75.78,56.12,45.61,39.8,18.38,14.63,6.47,5.83,7.48,,
XWA,XSES,AEM Holdings Ltd,Technology,Semiconductor Equipment & Materials,,SGD,Asset Turnover,,1.65,2.69,2.07,1.77,1.84,1.08,1.15,0.64,0.55,0.62,,
XZB,XSES,,,,,SGD,Return on Asset %,,,,,,,,,,,,,
XZB,XSES,,,,,SGD,Return on Equity %,,,,,,,,,,,,,
XZB,XSES,,,,,SGD,Return on Invested Capital %,,,,,,,,,,,,,
XZB,XSES,,,,,SGD,Days Sales Outstanding,,,,,,,,,,,,,
XZB,XSES,,,,,SGD,Days Inventory,,,,,,,,,,,,,
XZB,XSES,,,,,SGD,Payables Period,,,,,,,,,,,,,
XZB,XSES,,,,,SGD,Cash Conversion Cycle,,,,,,,,,,,,,
XZB,XSES,,,,,SGD,Recieveables Turnover,,,,,,,,,,,,,
XZB,XSES,,,,,SGD,Inventory Turnover,,,,,,,,,,,,,
XZB,XSES,,,,,SGD,Fixed Assets Turnover,,,,,,,,,,,,,
XZB,XSES,,,,,SGD,Asset Turnover,,,,,,,,,,,,,
XZL,XSES,Acrophyte Hospitality Trust,Real Estate,REIT - Hotel & Motel,,SGD,Return on Asset %,,-,-,4.99,-,-12.64,-1.84,1.2,-1.38,-3.01,-3.52,,
XZL,XSES,Acrophyte Hospitality Trust,Real Estate,REIT - Hotel & Motel,,SGD,Return on Equity %,,-,-,7.68,-,-22.43,-3.69,2.21,-2.51,-5.57,-6.55,,
XZL,XSES,Acrophyte Hospitality Trust,Real Estate,REIT - Hotel & Motel,,SGD,Return on Invested Capital %,,-,-,6.37,-,-11.66,-0.67,2.51,0.08,-0.37,-1.06,,
XZL,XSES,Acrophyte Hospitality Trust,Real Estate,REIT - Hotel & Motel,,SGD,Days Sales Outstanding,,-,-,8.51,-,9.76,6.61,6.84,3.33,2.86,6.15,,
XZL,XSES,Acrophyte Hospitality Trust,Real Estate,REIT - Hotel & Motel,,SGD,Days Inventory,,-,-,1.55,-,2.83,2.13,1.78,2.06,2.16,2.1,,
XZL,XSES,Acrophyte Hospitality Trust,Real Estate,REIT - Hotel & Motel,,SGD,Payables Period,,-,-,48.46,-,69.6,77.75,82.22,92.9,85.39,74.11,,
XZL,XSES,Acrophyte Hospitality Trust,Real Estate,REIT - Hotel & Motel,,SGD,Cash Conversion Cycle,,-,-,-38.4,-,-57.02,-69.02,-73.6,-87.51,-80.37,-65.86,,
XZL,XSES,Acrophyte Hospitality Trust,Real Estate,REIT - Hotel & Motel,,SGD,Recieveables Turnover,,-,-,42.88,-,37.42,55.24,53.38,109.58,127.52,59.33,,
XZL,XSES,Acrophyte Hospitality Trust,Real Estate,REIT - Hotel & Motel,,SGD,Inventory Turnover,,-,-,236.14,-,129.03,171.64,204.56,177.54,168.8,173.47,,
XZL,XSES,Acrophyte Hospitality Trust,Real Estate,REIT - Hotel & Motel,,SGD,Fixed Assets Turnover,,-,-,0.25,-,0.11,-,0.23,0.23,0.23,0.22,,
XZL,XSES,Acrophyte Hospitality Trust,Real Estate,REIT - Hotel & Motel,,SGD,Asset Turnover,,-,-,0.24,-,0.1,0.17,0.21,0.22,0.21,0.21,,
Y03,XSES,Yeo Hiap Seng Ltd,Consumer Defensive,Packaged Foods,,SGD,Return on Asset %,,3.93,20.24,1.66,2.48,-1.43,-0.43,0.36,1.03,1.01,3.03,,
Y03,XSES,Yeo Hiap Seng Ltd,Consumer Defensive,Packaged Foods,,SGD,Return on Equity %,,4.53,23.02,1.86,2.83,-1.67,-0.5,0.41,1.19,1.19,3.61,,
Y03,XSES,Yeo Hiap Seng Ltd,Consumer Defensive,Packaged Foods,,SGD,Return on Invested Capital %,,4.47,22.74,1.36,2.21,-1.9,-0.57,0.03,-0.12,-0.13,2.83,,
Y03,XSES,Yeo Hiap Seng Ltd,Consumer Defensive,Packaged Foods,,SGD,Days Sales Outstanding,,55.69,69.09,63.74,65.16,75.82,72.52,63.11,52.79,55.86,70.06,,
Y03,XSES,Yeo Hiap Seng Ltd,Consumer Defensive,Packaged Foods,,SGD,Days Inventory,,90.83,87.82,90.59,86.53,83.07,82.54,86.3,93.53,91.97,96.88,,
Y03,XSES,Yeo Hiap Seng Ltd,Consumer Defensive,Packaged Foods,,SGD,Payables Period,,39.27,43.3,41.79,41.63,45.23,43.69,37.06,33.57,42.78,55.75,,
Y03,XSES,Yeo Hiap Seng Ltd,Consumer Defensive,Packaged Foods,,SGD,Cash Conversion Cycle,,107.24,113.62,112.53,110.06,113.66,111.38,112.35,112.75,105.06,111.19,,
Y03,XSES,Yeo Hiap Seng Ltd,Consumer Defensive,Packaged Foods,,SGD,Recieveables Turnover,,6.55,5.28,5.73,5.6,4.81,5.03,5.78,6.91,6.53,5.21,,
Y03,XSES,Yeo Hiap Seng Ltd,Consumer Defensive,Packaged Foods,,SGD,Inventory Turnover,,4.02,4.16,4.03,4.22,4.39,4.42,4.23,3.9,3.97,3.77,,
Y03,XSES,Yeo Hiap Seng Ltd,Consumer Defensive,Packaged Foods,,SGD,Fixed Assets Turnover,,1.81,1.4,1.52,1.67,1.42,1.48,1.61,1.58,1.72,1.7,,
Y03,XSES,Yeo Hiap Seng Ltd,Consumer Defensive,Packaged Foods,,SGD,Asset Turnover,,0.56,0.45,0.48,0.51,0.46,0.49,0.53,0.51,0.48,0.42,,
Y06,XSES,Green Build Technology Ltd,Industrials,Engineering & Construction,,SGD,Return on Asset %,,2.34,-0.8,2.33,-1.76,0.30,0.94,-21.03,23.53,-30.87,-0.15,,
Y06,XSES,Green Build Technology Ltd,Industrials,Engineering & Construction,,SGD,Return on Equity %,,22.74,-12.96,30.96,-25.68,5.07,13.97,-,-,-,-,,
Y06,XSES,Green Build Technology Ltd,Industrials,Engineering & Construction,,SGD,Return on Invested Capital %,,4.34,-1.95,-1.74,-3.23,-1.24,-1.31,-,-,-,-,,
Y06,XSES,Green Build Technology Ltd,Industrials,Engineering & Construction,,SGD,Days Sales Outstanding,,93.56,295.83,157.68,103.34,1032.22,154.77,2039.13,161.87,251.66,39699.30,,
Y06,XSES,Green Build Technology Ltd,Industrials,Engineering & Construction,,SGD,Days Inventory,,0.2,21.31,10.49,0.12,-,-,-,-,-,-,,
Y06,XSES,Green Build Technology Ltd,Industrials,Engineering & Construction,,SGD,Payables Period,,76.53,348.41,758.64,652.0,10144.69,2781.86,-,2267.56,678.86,4120.79,,
Y06,XSES,Green Build Technology Ltd,Industrials,Engineering & Construction,,SGD,Cash Conversion Cycle,,17.23,-31.27,-590.47,-548.54,-,-,-,-,-,-,,
Y06,XSES,Green Build Technology Ltd,Industrials,Engineering & Construction,,SGD,Recieveables Turnover,,3.9,1.23,2.31,3.53,0.35,2.36,0.18,2.25,1.45,0.01,,
Y06,XSES,Green Build Technology Ltd,Industrials,Engineering & Construction,,SGD,Inventory Turnover,,1824.78,17.13,34.8,3047.45,-,-,-,-,-,-,,
Y06,XSES,Green Build Technology Ltd,Industrials,Engineering & Construction,,SGD,Fixed Assets Turnover,,746.68,300.3,168.54,193.04,15.29,83.50,7.06,-,0.70,0.00,,
Y06,XSES,Green Build Technology Ltd,Industrials,Engineering & Construction,,SGD,Asset Turnover,,1.63,0.31,0.18,0.17,0.01,0.03,0.00,0.01,0.35,0.00,,
Y35,XSES,AnAn International Ltd,Energy,Oil & Gas Refining & Marketing,,SGD,Return on Asset %,,0.73,-27.38,-6.02,-0.87,0.62,1.19,4.35,1.06,-0.21,1.56,,
Y35,XSES,AnAn International Ltd,Energy,Oil & Gas Refining & Marketing,,SGD,Return on Equity %,,1.37,-75.95,-25.58,-4.56,3.3,6.9,25.56,5.85,-1.1,7.67,,
Y35,XSES,AnAn International Ltd,Energy,Oil & Gas Refining & Marketing,,SGD,Return on Invested Capital %,,1.23,-57.86,-17.59,-2.18,2.41,3.53,11.34,3.5,1.6,4.77,,
Y35,XSES,AnAn International Ltd,Energy,Oil & Gas Refining & Marketing,,SGD,Days Sales Outstanding,,26.89,21.98,28.2,36.6,47.66,33.67,23.66,30.04,27.0,22.71,,
Y35,XSES,AnAn International Ltd,Energy,Oil & Gas Refining & Marketing,,SGD,Days Inventory,,15.41,8.16,9.55,12.88,24.4,18.68,12.82,15.89,14.43,14.55,,
Y35,XSES,AnAn International Ltd,Energy,Oil & Gas Refining & Marketing,,SGD,Payables Period,,39.62,19.24,15.56,22.31,34.18,21.99,13.33,17.23,16.69,18.59,,
Y35,XSES,AnAn International Ltd,Energy,Oil & Gas Refining & Marketing,,SGD,Cash Conversion Cycle,,2.68,10.9,22.19,27.17,37.88,30.36,23.15,28.7,24.74,18.66,,
Y35,XSES,AnAn International Ltd,Energy,Oil & Gas Refining & Marketing,,SGD,Recieveables Turnover,,13.57,16.61,12.94,9.97,7.66,10.84,15.43,12.15,13.52,16.08,,
Y35,XSES,AnAn International Ltd,Energy,Oil & Gas Refining & Marketing,,SGD,Inventory Turnover,,23.68,44.76,38.22,28.33,14.96,19.54,28.47,22.97,25.3,25.09,,
Y35,XSES,AnAn International Ltd,Energy,Oil & Gas Refining & Marketing,,SGD,Fixed Assets Turnover,,52.67,62.75,59.03,47.93,29.67,41.52,54.88,32.52,29.59,34.4,,
Y35,XSES,AnAn International Ltd,Energy,Oil & Gas Refining & Marketing,,SGD,Asset Turnover,,2.69,5.65,5.88,4.7,3.24,4.57,6.56,4.81,4.87,5.23,,
Y3D,XSES,mDR Ltd,Technology,Electronics & Computer Distribution,,SGD,Return on Asset %,,3.56,4.69,2.02,0.52,-6.9,2.02,3.17,-20.62,2.73,-0.31,,
Y3D,XSES,mDR Ltd,Technology,Electronics & Computer Distribution,,SGD,Return on Equity %,,4.63,6.31,2.59,0.73,-10.23,2.85,4.67,-34.27,4.48,-0.55,,
Y3D,XSES,mDR Ltd,Technology,Electronics & Computer Distribution,,SGD,Return on Invested Capital %,,4.46,4.72,2.59,1.25,-6.93,2.64,4.03,-21.54,4.38,0.73,,
Y3D,XSES,mDR Ltd,Technology,Electronics & Computer Distribution,,SGD,Days Sales Outstanding,,12.66,14.75,16.69,17.2,23.11,17.69,16.63,24.92,22.65,6.57,,
Y3D,XSES,mDR Ltd,Technology,Electronics & Computer Distribution,,SGD,Days Inventory,,23.84,28.84,37.44,47.09,65.43,43.24,39.57,43.9,39.74,32.58,,
Y3D,XSES,mDR Ltd,Technology,Electronics & Computer Distribution,,SGD,Payables Period,,15.0,18.74,17.36,17.59,27.42,22.79,19.14,20.82,19.92,13.68,,
Y3D,XSES,mDR Ltd,Technology,Electronics & Computer Distribution,,SGD,Cash Conversion Cycle,,21.5,24.85,36.77,46.71,61.12,38.14,37.06,48.01,42.47,25.46,,
Y3D,XSES,mDR Ltd,Technology,Electronics & Computer Distribution,,SGD,Recieveables Turnover,,28.83,24.75,21.87,21.22,15.79,20.64,21.95,14.65,16.11,55.56,,
Y3D,XSES,mDR Ltd,Technology,Electronics & Computer Distribution,,SGD,Inventory Turnover,,15.31,12.65,9.75,7.75,5.58,8.44,9.23,8.31,9.18,11.2,,
Y3D,XSES,mDR Ltd,Technology,Electronics & Computer Distribution,,SGD,Fixed Assets Turnover,,75.37,35.56,23.76,20.66,12.55,16.59,23.57,28.25,31.36,44.72,,
Y3D,XSES,mDR Ltd,Technology,Electronics & Computer Distribution,,SGD,Asset Turnover,,3.86,3.14,2.11,1.44,0.93,0.94,0.77,1.05,1.16,0.98,,
Y8E,XSES,Samurai 2K Aerosol Ltd,Basic Materials,Specialty Chemicals,,SGD,Return on Asset %,,22.59,4.76,19.31,10.6,4.99,14.78,9.29,-8.32,1.18,-5.89,,
Y8E,XSES,Samurai 2K Aerosol Ltd,Basic Materials,Specialty Chemicals,,SGD,Return on Equity %,,57.09,10.35,28.66,14.92,6.71,21.06,14.43,-13.57,2.02,-10.64,,
Y8E,XSES,Samurai 2K Aerosol Ltd,Basic Materials,Specialty Chemicals,,SGD,Return on Invested Capital %,,34.47,7.41,24.93,13.17,6.12,17.91,11.78,-9.88,2.03,-6.23,,
Y8E,XSES,Samurai 2K Aerosol Ltd,Basic Materials,Specialty Chemicals,,SGD,Days Sales Outstanding,,43.73,51.7,54.74,152.72,176.47,65.54,52.27,86.43,70.7,66.48,,
Y8E,XSES,Samurai 2K Aerosol Ltd,Basic Materials,Specialty Chemicals,,SGD,Days Inventory,,86.88,124.79,43.95,72.92,86.93,69.85,88.89,127.63,139.79,149.36,,
Y8E,XSES,Samurai 2K Aerosol Ltd,Basic Materials,Specialty Chemicals,,SGD,Payables Period,,69.54,124.28,72.19,119.19,114.37,95.51,125.11,140.19,104.64,103.53,,
Y8E,XSES,Samurai 2K Aerosol Ltd,Basic Materials,Specialty Chemicals,,SGD,Cash Conversion Cycle,,61.07,52.22,26.5,106.46,149.03,39.89,16.05,73.87,105.85,112.3,,
Y8E,XSES,Samurai 2K Aerosol Ltd,Basic Materials,Specialty Chemicals,,SGD,Recieveables Turnover,,8.35,7.06,6.67,2.39,2.07,5.57,6.98,4.22,5.16,5.49,,
Y8E,XSES,Samurai 2K Aerosol Ltd,Basic Materials,Specialty Chemicals,,SGD,Inventory Turnover,,4.2,2.92,8.31,5.01,4.2,5.23,4.11,2.86,2.61,2.44,,
Y8E,XSES,Samurai 2K Aerosol Ltd,Basic Materials,Specialty Chemicals,,SGD,Fixed Assets Turnover,,4.46,2.87,7.8,3.7,2.54,4.13,4.13,1.86,1.6,1.6,,
Y8E,XSES,Samurai 2K Aerosol Ltd,Basic Materials,Specialty Chemicals,,SGD,Asset Turnover,,1.34,0.84,1.49,0.74,0.62,0.93,0.8,0.51,0.61,0.61,,
Y92,XSES,Thai Beverage PLC,Consumer Defensive,Beverages - Wineries & Distilleries,,SGD,Return on Asset %,,-,18.07,6.22,5.76,5.41,5.44,6.14,5.47,5.33,4.89,,
Y92,XSES,Thai Beverage PLC,Consumer Defensive,Beverages - Wineries & Distilleries,,SGD,Return on Equity %,,-,27.74,14.83,19.64,17.61,15.72,15.98,13.48,15.53,17.46,,
Y92,XSES,Thai Beverage PLC,Consumer Defensive,Beverages - Wineries & Distilleries,,SGD,Return on Invested Capital %,,-,21.03,8.43,8.22,7.83,7.75,8.36,7.48,8.04,7.97,,
Y92,XSES,Thai Beverage PLC,Consumer Defensive,Beverages - Wineries & Distilleries,,SGD,Days Sales Outstanding,,-,5.01,5.5,6.41,7.32,7.43,6.5,6.79,10.18,14.82,,
Y92,XSES,Thai Beverage PLC,Consumer Defensive,Beverages - Wineries & Distilleries,,SGD,Days Inventory,,-,105.03,89.8,81.72,86.37,94.34,87.31,91.26,88.59,101.94,,
Y92,XSES,Thai Beverage PLC,Consumer Defensive,Beverages - Wineries & Distilleries,,SGD,Payables Period,,-,14.37,15.84,16.67,16.36,16.14,17.35,18.77,19.47,23.95,,
Y92,XSES,Thai Beverage PLC,Consumer Defensive,Beverages - Wineries & Distilleries,,SGD,Cash Conversion Cycle,,-,95.67,79.46,71.46,77.33,85.63,76.47,79.28,79.31,92.81,,
Y92,XSES,Thai Beverage PLC,Consumer Defensive,Beverages - Wineries & Distilleries,,SGD,Recieveables Turnover,,-,72.87,66.35,56.94,49.87,49.12,56.12,53.73,35.84,24.62,,
Y92,XSES,Thai Beverage PLC,Consumer Defensive,Beverages - Wineries & Distilleries,,SGD,Inventory Turnover,,-,3.48,4.06,4.47,4.23,3.87,4.18,4.0,4.12,3.58,,
Y92,XSES,Thai Beverage PLC,Consumer Defensive,Beverages - Wineries & Distilleries,,SGD,Fixed Assets Turnover,,-,3.94,4.35,4.58,4.19,3.63,3.86,4.03,4.1,3.3,,
Y92,XSES,Thai Beverage PLC,Consumer Defensive,Beverages - Wineries & Distilleries,,SGD,Asset Turnover,,-,1.0,0.77,0.66,0.6,0.53,0.56,0.56,0.67,0.64,,
YF8,XSES,Yangzijiang Financial Holding Ltd,Financial Services,Asset Management,,SGD,Return on Asset %,,-,-,-,9.52,7.59,7.08,3.76,4.82,7.09,-0.17,,
YF8,XSES,Yangzijiang Financial Holding Ltd,Financial Services,Asset Management,,SGD,Return on Equity %,,-,-,-,9.77,7.83,7.34,3.99,5.23,7.71,-0.18,,
YF8,XSES,Yangzijiang Financial Holding Ltd,Financial Services,Asset Management,,SGD,Return on Invested Capital %,,-,-,-,9.75,7.82,7.32,3.56,4.84,6.54,-0.31,,
YF8,XSES,Yangzijiang Financial Holding Ltd,Financial Services,Asset Management,,SGD,Days Sales Outstanding,,-,-,-,49.97,42.49,25.75,29.51,18.06,20.72,45.72,,
YF8,XSES,Yangzijiang Financial Holding Ltd,Financial Services,Asset Management,,SGD,Days Inventory,,-,-,-,-,-,-,-,-,-,-,,
YF8,XSES,Yangzijiang Financial Holding Ltd,Financial Services,Asset Management,,SGD,Payables Period,,-,-,-,213.78,513.83,429.00,496.10,591.69,441.32,1840.01,,
YF8,XSES,Yangzijiang Financial Holding Ltd,Financial Services,Asset Management,,SGD,Cash Conversion Cycle,,-,-,-,-,-,-,-,-,-,-,,
YF8,XSES,Yangzijiang Financial Holding Ltd,Financial Services,Asset Management,,SGD,Recieveables Turnover,,-,-,-,7.30,8.59,14.18,12.37,20.21,17.61,7.98,,
YF8,XSES,Yangzijiang Financial Holding Ltd,Financial Services,Asset Management,,SGD,Inventory Turnover,,-,-,-,-,-,-,-,-,-,-,,
YF8,XSES,Yangzijiang Financial Holding Ltd,Financial Services,Asset Management,,SGD,Fixed Assets Turnover,,-,-,-,331.55,247.68,213.56,130.81,4.99,1.48,1.10,,
YF8,XSES,Yangzijiang Financial Holding Ltd,Financial Services,Asset Management,,SGD,Asset Turnover,,-,-,-,0.13,0.10,0.10,0.07,0.08,0.05,0.03,,
YK9,XSES,YKGI Ltd,Consumer Cyclical,Restaurants,,SGD,Return on Asset %,,-,-,-,4.29,18.16,28.9,14.04,3.56,9.38,6.11,,
YK9,XSES,YKGI Ltd,Consumer Cyclical,Restaurants,,SGD,Return on Equity %,,-,-,-,22.31,78.42,75.18,41.82,12.38,25.86,19.5,,
YK9,XSES,YKGI Ltd,Consumer Cyclical,Restaurants,,SGD,Return on Invested Capital %,,-,-,-,8.82,28.97,41.66,21.4,7.07,13.76,10.11,,
YK9,XSES,YKGI Ltd,Consumer Cyclical,Restaurants,,SGD,Days Sales Outstanding,,-,-,-,7.89,7.09,3.15,1.96,2.24,1.74,1.91,,
YK9,XSES,YKGI Ltd,Consumer Cyclical,Restaurants,,SGD,Days Inventory,,-,-,-,11.82,8.05,8.2,10.63,8.99,10.17,10.45,,
YK9,XSES,YKGI Ltd,Consumer Cyclical,Restaurants,,SGD,Payables Period,,-,-,-,25.66,15.25,10.6,16.55,14.4,14.72,18.22,,
YK9,XSES,YKGI Ltd,Consumer Cyclical,Restaurants,,SGD,Cash Conversion Cycle,,-,-,-,-5.95,-0.11,0.75,-3.96,-3.16,-2.81,-5.87,,
YK9,XSES,YKGI Ltd,Consumer Cyclical,Restaurants,,SGD,Recieveables Turnover,,-,-,-,46.27,51.45,115.93,185.79,162.7,210.13,191.4,,
YK9,XSES,YKGI Ltd,Consumer Cyclical,Restaurants,,SGD,Inventory Turnover,,-,-,-,30.88,45.33,44.49,34.34,40.59,35.88,34.93,,
YK9,XSES,YKGI Ltd,Consumer Cyclical,Restaurants,,SGD,Fixed Assets Turnover,,-,-,-,2.35,2.77,4.04,3.53,2.83,2.4,1.87,,
YK9,XSES,YKGI Ltd,Consumer Cyclical,Restaurants,,SGD,Asset Turnover,,-,-,-,1.3,1.44,1.82,1.76,1.53,1.22,1.05,,
YYB,XSES,Bacui Technologies International Ltd,Communication Services,Publishing,,SGD,Return on Asset %,,-47.74,-85.02,-25.41,-42.00,-36.37,-25.39,-32.46,4.79,1.72,2.31,,
YYB,XSES,Bacui Technologies International Ltd,Communication Services,Publishing,,SGD,Return on Equity %,,-133.74,-237.33,-43.12,-57.99,-42.89,-29.48,-39.01,20.18,5.59,5.47,,
YYB,XSES,Bacui Technologies International Ltd,Communication Services,Publishing,,SGD,Return on Invested Capital %,,-106.33,-215.61,-43.12,-57.99,-43.16,-29.48,-39.22,15.05,3.43,4.47,,
YYB,XSES,Bacui Technologies International Ltd,Communication Services,Publishing,,SGD,Days Sales Outstanding,,53.67,281.13,84.9,77.32,57.33,37.69,36.50,937.78,4.72,7.35,,
YYB,XSES,Bacui Technologies International Ltd,Communication Services,Publishing,,SGD,Days Inventory,,56.78,179.09,0.65,-,-,-,-,-,-,-,,
YYB,XSES,Bacui Technologies International Ltd,Communication Services,Publishing,,SGD,Payables Period,,158.1,697.59,89.29,53.63,75.10,64.70,71.26,152.97,74.17,94.18,,
YYB,XSES,Bacui Technologies International Ltd,Communication Services,Publishing,,SGD,Cash Conversion Cycle,,-47.65,-237.37,-3.73,-,-,-,-,-,-,-,,
YYB,XSES,Bacui Technologies International Ltd,Communication Services,Publishing,,SGD,Recieveables Turnover,,6.8,1.3,4.3,4.72,6.37,9.68,10.00,0.39,77.33,49.67,,
YYB,XSES,Bacui Technologies International Ltd,Communication Services,Publishing,,SGD,Inventory Turnover,,6.43,2.04,558.0,-,-,-,-,-,-,-,,
YYB,XSES,Bacui Technologies International Ltd,Communication Services,Publishing,,SGD,Fixed Assets Turnover,,71.7,12.04,157.08,79.68,64.37,90.21,12.00,5.40,667.89,244.31,,
YYB,XSES,Bacui Technologies International Ltd,Communication Services,Publishing,,SGD,Asset Turnover,,0.72,0.11,0.29,0.32,0.31,0.31,0.31,0.09,3.25,3.18,,
Z25,XSES,Yanlord Land Group Ltd,Real Estate,Real Estate - Development,,SGD,Return on Asset %,,3.11,3.22,3.33,2.83,1.88,1.76,0.89,-0.54,-2.52,0.25,,
Z25,XSES,Yanlord Land Group Ltd,Real Estate,Real Estate - Development,,SGD,Return on Equity %,,13.04,14.69,14.84,12.58,8.72,8.11,4.43,-2.69,-10.52,0.84,,
Z25,XSES,Yanlord Land Group Ltd,Real Estate,Real Estate - Development,,SGD,Return on Invested Capital %,,7.42,7.48,6.91,6.91,4.59,4.33,2.72,-0.14,-4.59,1.47,,
Z25,XSES,Yanlord Land Group Ltd,Real Estate,Real Estate - Development,,SGD,Days Sales Outstanding,,0.38,0.35,0.55,3.87,5.32,6.71,17.58,12.28,9.29,16.99,,
Z25,XSES,Yanlord Land Group Ltd,Real Estate,Real Estate - Development,,SGD,Days Inventory,,844.07,1035.84,833.75,1003.52,935.71,605.61,1084.88,740.2,501.74,971.76,,
Z25,XSES,Yanlord Land Group Ltd,Real Estate,Real Estate - Development,,SGD,Payables Period,,162.12,204.51,211.32,279.08,228.11,148.78,200.0,134.11,135.52,337.68,,
Z25,XSES,Yanlord Land Group Ltd,Real Estate,Real Estate - Development,,SGD,Cash Conversion Cycle,,682.32,831.67,622.97,728.32,712.91,463.53,902.46,618.37,375.5,651.07,,
Z25,XSES,Yanlord Land Group Ltd,Real Estate,Real Estate - Development,,SGD,Recieveables Turnover,,973.1,1057.36,668.31,94.38,68.63,54.44,20.76,29.71,39.3,21.49,,
Z25,XSES,Yanlord Land Group Ltd,Real Estate,Real Estate - Development,,SGD,Inventory Turnover,,0.43,0.35,0.44,0.36,0.39,0.6,0.34,0.49,0.73,0.38,,
Z25,XSES,Yanlord Land Group Ltd,Real Estate,Real Estate - Development,,SGD,Fixed Assets Turnover,,15.24,11.0,8.27,5.0,5.73,8.82,7.67,11.93,10.33,4.39,,
Z25,XSES,Yanlord Land Group Ltd,Real Estate,Real Estate - Development,,SGD,Asset Turnover,,0.3,0.26,0.23,0.16,0.17,0.23,0.17,0.25,0.27,0.13,,
Z4D,XSES,Medi Lifestyle Ltd Ordinary Shares,Healthcare,Medical Care Facilities,,SGD,Return on Asset %,,-17.03,-66.29,-44.96,1.79,-10.78,-189.98,-138.66,-481.62,-400.23,-285.39,,
Z4D,XSES,Medi Lifestyle Ltd Ordinary Shares,Healthcare,Medical Care Facilities,,SGD,Return on Equity %,,-30.83,-160.66,-,-,-49.99,-2827.39,-,-,-,-,,
Z4D,XSES,Medi Lifestyle Ltd Ordinary Shares,Healthcare,Medical Care Facilities,,SGD,Return on Invested Capital %,,-28.02,-133.6,-,-,-12.97,-323.75,-,-,-,-,,
Z4D,XSES,Medi Lifestyle Ltd Ordinary Shares,Healthcare,Medical Care Facilities,,SGD,Days Sales Outstanding,,17.64,141.86,1376.01,195.01,318.65,64.53,84.97,77.54,29.91,10.78,,
Z4D,XSES,Medi Lifestyle Ltd Ordinary Shares,Healthcare,Medical Care Facilities,,SGD,Days Inventory,,4.93,42.81,656.34,86.01,338.87,14.9,6.59,4.37,13.72,11.09,,
Z4D,XSES,Medi Lifestyle Ltd Ordinary Shares,Healthcare,Medical Care Facilities,,SGD,Payables Period,,53.5,303.74,1753.31,206.06,372.11,8.12,3.28,2.01,0.81,177.55,,
Z4D,XSES,Medi Lifestyle Ltd Ordinary Shares,Healthcare,Medical Care Facilities,,SGD,Cash Conversion Cycle,,-30.93,-119.07,279.04,74.97,285.41,71.32,88.28,79.89,42.82,-155.67,,
Z4D,XSES,Medi Lifestyle Ltd Ordinary Shares,Healthcare,Medical Care Facilities,,SGD,Recieveables Turnover,,20.69,2.57,0.27,1.87,1.15,5.66,4.30,4.71,12.20,33.85,,
Z4D,XSES,Medi Lifestyle Ltd Ordinary Shares,Healthcare,Medical Care Facilities,,SGD,Inventory Turnover,,74.0,8.53,0.56,4.24,1.08,24.49,55.37,83.60,26.60,32.90,,
Z4D,XSES,Medi Lifestyle Ltd Ordinary Shares,Healthcare,Medical Care Facilities,,SGD,Fixed Assets Turnover,,4.23,0.89,0.67,1.35,0.05,0.21,2.85,4.60,10.38,59.53,,
Z4D,XSES,Medi Lifestyle Ltd Ordinary Shares,Healthcare,Medical Care Facilities,,SGD,Asset Turnover,,1.88,0.32,0.08,0.36,0.02,0.11,0.77,1.30,1.38,3.27,,
Z59,XSES,Yoma Strategic Holdings Ltd,Industrials,Conglomerates,,SGD,Return on Asset %,,4.21,3.42,2.21,3.04,-5.84,-1.58,-,-,1.56,-,,
Z59,XSES,Yoma Strategic Holdings Ltd,Industrials,Conglomerates,,SGD,Return on Equity %,,5.64,5.29,3.98,6.2,-12.46,-3.74,-,-,4.52,-,,
Z59,XSES,Yoma Strategic Holdings Ltd,Industrials,Conglomerates,,SGD,Return on Invested Capital %,,5.25,4.79,4.07,5.96,-5.26,-0.46,-,-,5.31,-,,
Z59,XSES,Yoma Strategic Holdings Ltd,Industrials,Conglomerates,,SGD,Days Sales Outstanding,,136.14,122.71,131.92,65.67,200.89,76.61,-,-,87.44,-,,
Z59,XSES,Yoma Strategic Holdings Ltd,Industrials,Conglomerates,,SGD,Days Inventory,,966.93,1230.73,1786.28,2034.87,1916.7,2059.76,-,-,584.16,-,,
Z59,XSES,Yoma Strategic Holdings Ltd,Industrials,Conglomerates,,SGD,Payables Period,,121.76,277.41,401.32,288.01,268.42,48.72,-,-,400.83,-,,
Z59,XSES,Yoma Strategic Holdings Ltd,Industrials,Conglomerates,,SGD,Cash Conversion Cycle,,981.31,1076.02,1516.88,1812.53,1849.16,2087.65,-,-,270.77,-,,
Z59,XSES,Yoma Strategic Holdings Ltd,Industrials,Conglomerates,,SGD,Recieveables Turnover,,2.68,2.97,2.77,5.56,1.82,4.76,-,-,4.17,-,,
Z59,XSES,Yoma Strategic Holdings Ltd,Industrials,Conglomerates,,SGD,Inventory Turnover,,0.38,0.3,0.2,0.18,0.19,0.18,-,-,0.62,-,,
Z59,XSES,Yoma Strategic Holdings Ltd,Industrials,Conglomerates,,SGD,Fixed Assets Turnover,,4.42,2.87,1.86,1.72,0.97,0.51,-,-,1.32,-,,
Z59,XSES,Yoma Strategic Holdings Ltd,Industrials,Conglomerates,,SGD,Asset Turnover,,0.13,0.12,0.09,0.09,0.07,0.07,-,-,0.19,-,,
Z74,XSES,Singapore Telecommunications Ltd,Communication Services,Telecom Services,,SGD,Return on Asset %,,9.04,8.39,11.29,6.37,2.2,1.14,4.01,4.65,1.71,8.64,,
Z74,XSES,Singapore Telecommunications Ltd,Communication Services,Telecom Services,,SGD,Return on Equity %,,15.58,14.5,18.85,10.4,3.8,2.08,7.14,8.23,3.12,15.81,,
Z74,XSES,Singapore Telecommunications Ltd,Communication Services,Telecom Services,,SGD,Return on Invested Capital %,,12.05,11.14,14.48,8.44,3.36,2.09,5.67,6.54,2.88,11.62,,
Z74,XSES,Singapore Telecommunications Ltd,Communication Services,Telecom Services,,SGD,Days Sales Outstanding,,56.81,66.98,82.25,67.58,49.81,47.53,43.41,41.68,40.61,38.69,,
Z74,XSES,Singapore Telecommunications Ltd,Communication Services,Telecom Services,,SGD,Days Inventory,,30.22,27.06,26.6,25.32,22.39,18.78,20.31,26.11,28.82,25.93,,
Z74,XSES,Singapore Telecommunications Ltd,Communication Services,Telecom Services,,SGD,Payables Period,,335.65,284.15,271.2,263.08,284.9,313.07,344.52,358.7,362.37,332.12,,
Z74,XSES,Singapore Telecommunications Ltd,Communication Services,Telecom Services,,SGD,Cash Conversion Cycle,,-248.62,-190.11,-162.35,-170.18,-212.7,-246.77,-280.81,-290.9,-292.94,-267.5,,
Z74,XSES,Singapore Telecommunications Ltd,Communication Services,Telecom Services,,SGD,Recieveables Turnover,,6.42,5.45,4.44,5.4,7.33,7.68,8.41,8.76,8.99,9.44,,
Z74,XSES,Singapore Telecommunications Ltd,Communication Services,Telecom Services,,SGD,Inventory Turnover,,12.08,13.49,13.72,14.41,16.3,19.44,17.97,13.98,12.66,14.08,,
Z74,XSES,Singapore Telecommunications Ltd,Communication Services,Telecom Services,,SGD,Fixed Assets Turnover,,1.55,1.45,1.48,1.52,1.41,1.2,1.1,1.06,1.08,1.09,,
Z74,XSES,Singapore Telecommunications Ltd,Communication Services,Telecom Services,,SGD,Asset Turnover,,0.4,0.36,0.36,0.36,0.34,0.32,0.32,0.31,0.3,0.3,,
Z77,XSES,Singapore Telecommunications Ltd Shs Board lot 10,Communication Services,Telecom Services,,SGD,Return on Asset %,,9.04,8.39,11.29,6.37,2.2,1.14,4.01,4.65,1.71,8.64,,
Z77,XSES,Singapore Telecommunications Ltd Shs Board lot 10,Communication Services,Telecom Services,,SGD,Return on Equity %,,15.58,14.5,18.85,10.4,3.8,2.08,7.14,8.23,3.12,15.81,,
Z77,XSES,Singapore Telecommunications Ltd Shs Board lot 10,Communication Services,Telecom Services,,SGD,Return on Invested Capital %,,12.05,11.14,14.48,8.44,3.36,2.09,5.67,6.54,2.88,11.62,,
Z77,XSES,Singapore Telecommunications Ltd Shs Board lot 10,Communication Services,Telecom Services,,SGD,Days Sales Outstanding,,56.81,66.98,82.25,67.58,49.81,47.53,43.41,41.68,40.61,38.69,,
Z77,XSES,Singapore Telecommunications Ltd Shs Board lot 10,Communication Services,Telecom Services,,SGD,Days Inventory,,30.22,27.06,26.6,25.32,22.39,18.78,20.31,26.11,28.82,25.93,,
Z77,XSES,Singapore Telecommunications Ltd Shs Board lot 10,Communication Services,Telecom Services,,SGD,Payables Period,,335.65,284.15,271.2,263.08,284.9,313.07,344.52,358.7,362.37,332.12,,
Z77,XSES,Singapore Telecommunications Ltd Shs Board lot 10,Communication Services,Telecom Services,,SGD,Cash Conversion Cycle,,-248.62,-190.11,-162.35,-170.18,-212.7,-246.77,-280.81,-290.9,-292.94,-267.5,,
Z77,XSES,Singapore Telecommunications Ltd Shs Board lot 10,Communication Services,Telecom Services,,SGD,Recieveables Turnover,,6.42,5.45,4.44,5.4,7.33,7.68,8.41,8.76,8.99,9.44,,
Z77,XSES,Singapore Telecommunications Ltd Shs Board lot 10,Communication Services,Telecom Services,,SGD,Inventory Turnover,,12.08,13.49,13.72,14.41,16.3,19.44,17.97,13.98,12.66,14.08,,
Z77,XSES,Singapore Telecommunications Ltd Shs Board lot 10,Communication Services,Telecom Services,,SGD,Fixed Assets Turnover,,1.55,1.45,1.48,1.52,1.41,1.2,1.1,1.06,1.08,1.09,,
Z77,XSES,Singapore Telecommunications Ltd Shs Board lot 10,Communication Services,Telecom Services,,SGD,Asset Turnover,,0.4,0.36,0.36,0.36,0.34,0.32,0.32,0.31,0.3,0.3,,
ZB9,XSES,Union Steel Holdings Ltd,Industrials,Waste Management,,SGD,Return on Asset %,,-12.93,1.19,0.81,-4.24,-7.27,7.07,5.67,7.39,8.05,5.64,,
ZB9,XSES,Union Steel Holdings Ltd,Industrials,Waste Management,,SGD,Return on Equity %,,-23.02,2.17,1.46,-7.31,-13.24,13.19,11.0,15.21,15.33,10.32,,
ZB9,XSES,Union Steel Holdings Ltd,Industrials,Waste Management,,SGD,Return on Invested Capital %,,-13.37,2.3,1.65,-3.9,-6.53,9.04,7.56,10.76,11.52,8.23,,
ZB9,XSES,Union Steel Holdings Ltd,Industrials,Waste Management,,SGD,Days Sales Outstanding,,51.27,45.68,59.26,58.42,50.88,41.46,52.74,59.55,79.07,78.58,,
ZB9,XSES,Union Steel Holdings Ltd,Industrials,Waste Management,,SGD,Days Inventory,,102.6,111.12,163.89,144.26,173.77,142.84,151.23,125.0,111.27,119.42,,
ZB9,XSES,Union Steel Holdings Ltd,Industrials,Waste Management,,SGD,Payables Period,,19.07,15.09,29.51,29.41,21.58,25.16,38.72,43.49,49.4,38.68,,
ZB9,XSES,Union Steel Holdings Ltd,Industrials,Waste Management,,SGD,Cash Conversion Cycle,,134.8,141.71,193.63,173.27,203.07,159.14,165.26,141.06,140.95,159.32,,
ZB9,XSES,Union Steel Holdings Ltd,Industrials,Waste Management,,SGD,Recieveables Turnover,,7.12,7.99,6.16,6.25,7.17,8.8,6.92,6.13,4.62,4.65,,
ZB9,XSES,Union Steel Holdings Ltd,Industrials,Waste Management,,SGD,Inventory Turnover,,3.56,3.28,2.23,2.53,2.1,2.56,2.41,2.92,3.28,3.06,,
ZB9,XSES,Union Steel Holdings Ltd,Industrials,Waste Management,,SGD,Fixed Assets Turnover,,2.14,1.91,1.7,1.83,1.45,1.73,1.57,1.78,1.84,1.47,,
ZB9,XSES,Union Steel Holdings Ltd,Industrials,Waste Management,,SGD,Asset Turnover,,0.67,0.66,0.58,0.62,0.57,0.72,0.64,0.72,0.73,0.63,,
ZKX,XSES,Ever Glory United Holdings Ltd,Industrials,Engineering & Construction,,SGD,Return on Asset %,,-,-,-,-,10.00,6.81,16.51,36.22,24.52,18.38,,
ZKX,XSES,Ever Glory United Holdings Ltd,Industrials,Engineering & Construction,,SGD,Return on Equity %,,-,-,-,-,57.74,43.48,85.02,95.96,59.16,52.11,,
ZKX,XSES,Ever Glory United Holdings Ltd,Industrials,Engineering & Construction,,SGD,Return on Invested Capital %,,-,-,-,-,39.26,29.50,62.76,81.81,49.49,33.76,,
ZKX,XSES,Ever Glory United Holdings Ltd,Industrials,Engineering & Construction,,SGD,Days Sales Outstanding,,-,-,-,-,110.04,94.83,79.03,59.21,66.23,86.35,,
ZKX,XSES,Ever Glory United Holdings Ltd,Industrials,Engineering & Construction,,SGD,Days Inventory,,-,-,-,-,-,-,-,-,0.43,0.44,,
ZKX,XSES,Ever Glory United Holdings Ltd,Industrials,Engineering & Construction,,SGD,Payables Period,,-,-,-,-,33.03,38.59,44.28,51.26,57.09,105.24,,
ZKX,XSES,Ever Glory United Holdings Ltd,Industrials,Engineering & Construction,,SGD,Cash Conversion Cycle,,-,-,-,-,-,-,-,-,9.57,-18.45,,
ZKX,XSES,Ever Glory United Holdings Ltd,Industrials,Engineering & Construction,,SGD,Recieveables Turnover,,-,-,-,-,3.32,3.85,4.62,6.16,5.51,4.23,,
ZKX,XSES,Ever Glory United Holdings Ltd,Industrials,Engineering & Construction,,SGD,Inventory Turnover,,-,-,-,-,-,-,-,-,846.81,838.61,,
ZKX,XSES,Ever Glory United Holdings Ltd,Industrials,Engineering & Construction,,SGD,Fixed Assets Turnover,,-,-,-,-,80.58,90.43,136.70,145.76,128.08,8.17,,
ZKX,XSES,Ever Glory United Holdings Ltd,Industrials,Engineering & Construction,,SGD,Asset Turnover,,-,-,-,-,1.79,2.11,2.61,2.52,2.04,1.06,,
ZQM,XSES,Soilbuild Construction Group Ltd,Industrials,Engineering & Construction,,SGD,Return on Asset %,,5.55,-3.10,-1.54,-3.65,-11.09,-1.07,-12.97,2.93,9.08,17.16,,
ZQM,XSES,Soilbuild Construction Group Ltd,Industrials,Engineering & Construction,,SGD,Return on Equity %,,12.57,-6.96,-4.00,-11.38,-42.61,-5.09,-93.7,23.4,41.57,57.02,,
ZQM,XSES,Soilbuild Construction Group Ltd,Industrials,Engineering & Construction,,SGD,Return on Invested Capital %,,12.56,-6.17,-2.44,-4.59,-18.32,-0.78,-22.67,8.43,20.2,36.89,,
ZQM,XSES,Soilbuild Construction Group Ltd,Industrials,Engineering & Construction,,SGD,Days Sales Outstanding,,26.02,37.01,23.37,41.29,65.84,16.62,18.95,43.48,77.99,72.09,,
ZQM,XSES,Soilbuild Construction Group Ltd,Industrials,Engineering & Construction,,SGD,Days Inventory,,-,-,-,2.88,9.95,12.1,8.77,11.08,11.47,6.1,,
ZQM,XSES,Soilbuild Construction Group Ltd,Industrials,Engineering & Construction,,SGD,Payables Period,,87.04,140.56,87.70,88.51,110.02,65.21,55.68,62.41,50.27,48.09,,
ZQM,XSES,Soilbuild Construction Group Ltd,Industrials,Engineering & Construction,,SGD,Cash Conversion Cycle,,-,-,-,-44.35,-34.24,-36.49,-27.95,-7.85,39.19,30.1,,
ZQM,XSES,Soilbuild Construction Group Ltd,Industrials,Engineering & Construction,,SGD,Recieveables Turnover,,14.03,9.86,15.62,8.84,5.54,21.96,19.26,8.39,4.68,5.06,,
ZQM,XSES,Soilbuild Construction Group Ltd,Industrials,Engineering & Construction,,SGD,Inventory Turnover,,-,-,-,126.79,36.69,30.18,41.62,32.95,31.83,59.82,,
ZQM,XSES,Soilbuild Construction Group Ltd,Industrials,Engineering & Construction,,SGD,Fixed Assets Turnover,,19.64,5.16,2.19,1.76,1.09,1.9,1.95,2.01,3.25,5.18,,
ZQM,XSES,Soilbuild Construction Group Ltd,Industrials,Engineering & Construction,,SGD,Asset Turnover,,1.87,0.99,0.99,0.95,0.58,1.05,1.02,0.99,1.34,1.59,,
